2026-07-26 06:09:24 | INFO | __main__:_proximity_arm_loop:1948 | proximity-arm activated | {'symbol': 'RIFUSDT', 'level': 0.0783, 'type': 'pump_base', 'strength': 5, 'dist_atr': 1.19}
2026-07-26 06:09:24 | INFO | __main__:_run_phase1:414 | Pump degraded, skipping monitoring | {'symbol': 'RIFUSDT', 'health': 40, 'broken': 0, 'correction': '97%'}
2026-07-26 06:11:29 | INFO | __main__:_auto_screener_loop:306 | Auto screener completed | {'total': 2, 'new': 0}
2026-07-26 06:16:54 | INFO | __main__:_proximity_arm_loop:1948 | proximity-arm activated | {'symbol': 'ESPORTSUSDT', 'level': 0.03701, 'type': 'pump_base', 'strength': 5, 'dist_atr': 1.19}
2026-07-26 06:16:54 | INFO | __main__:_run_phase1:414 | Pump degraded, skipping monitoring | {'symbol': 'ESPORTSUSDT', 'health': 40, 'broken': 0, 'correction': '96%'}
2026-07-26 06:21:31 | INFO | __main__:_auto_screener_loop:306 | Auto screener completed | {'total': 2, 'new': 0}
2026-07-26 06:22:24 | INFO | __main__:_proximity_arm_loop:1948 | proximity-arm activated | {'symbol': 'DEXEUSDT', 'level': 3.105, 'type': 'pump_base', 'strength': 5, 'dist_atr': 1.05}
2026-07-26 06:22:24 | INFO | __main__:_run_phase1:414 | Pump degraded, skipping monitoring | {'symbol': 'DEXEUSDT', 'health': 25, 'broken': 0, 'correction': '109%'}
2026-07-26 06:26:24 | INFO | __main__:_proximity_arm_loop:1948 | proximity-arm activated | {'symbol': 'BANKUSDT', 'level': 0.35555, 'type': 'pump_base', 'strength': 5, 'dist_atr': 2.32}
2026-07-26 06:26:25 | INFO | __main__:_run_phase1:652 | Level monitoring started | {'symbol': 'BANKUSDT', 'level': 0.35555, 'strength': 5}
2026-07-26 06:26:25 | INFO | trading.strategy2_signal_filter:check:533 | S2 skip: approach>=block (G3, level exhausted) | {'symbol': 'BANKUSDT', 'level': 0.35555, 'approach_count': 6, 'block_threshold': 4}
2026-07-26 06:26:25 | INFO | trading.strategy2_signal_filter:check:545 | S2: level marked dead, monitor will stop sending proximity | {'symbol': 'BANKUSDT', 'level': 0.35555, 'approach_count': 6}
2026-07-26 06:26:28 | INFO | __main__:_proximity_loop:1258 | Proximity alert sent | {'symbol': 'BANKUSDT', 'level': 0.35555, 'distance_pct': 1.8495514147688168}
2026-07-26 06:26:28 | INFO | trading.strategy2_signal_filter:check:533 | S2 skip: approach>=block (G3, level exhausted) | {'symbol': 'BANKUSDT', 'level': 0.35555, 'approach_count': 6, 'block_threshold': 4}
2026-07-26 06:26:43 | INFO | trading.strategy2_signal_filter:check:533 | S2 skip: approach>=block (G3, level exhausted) | {'symbol': 'BANKUSDT', 'level': 0.35555, 'approach_count': 6, 'block_threshold': 4}
2026-07-26 06:26:59 | INFO | trading.strategy2_signal_filter:check:533 | S2 skip: approach>=block (G3, level exhausted) | {'symbol': 'BANKUSDT', 'level': 0.35555, 'approach_count': 6, 'block_threshold': 4}
2026-07-26 06:27:14 | INFO | trading.strategy2_signal_filter:check:533 | S2 skip: approach>=block (G3, level exhausted) | {'symbol': 'BANKUSDT', 'level': 0.35555, 'approach_count': 6, 'block_threshold': 4}
2026-07-26 06:27:30 | INFO | trading.strategy2_signal_filter:check:533 | S2 skip: approach>=block (G3, level exhausted) | {'symbol': 'BANKUSDT', 'level': 0.35555, 'approach_count': 6, 'block_threshold': 4}
2026-07-26 06:27:45 | INFO | trading.strategy2_signal_filter:check:533 | S2 skip: approach>=block (G3, level exhausted) | {'symbol': 'BANKUSDT', 'level': 0.35555, 'approach_count': 6, 'block_threshold': 4}
2026-07-26 06:28:01 | INFO | trading.strategy2_signal_filter:check:533 | S2 skip: approach>=block (G3, level exhausted) | {'symbol': 'BANKUSDT', 'level': 0.35555, 'approach_count': 6, 'block_threshold': 4}
2026-07-26 06:28:16 | INFO | trading.strategy2_signal_filter:check:533 | S2 skip: approach>=block (G3, level exhausted) | {'symbol': 'BANKUSDT', 'level': 0.35555, 'approach_count': 6, 'block_threshold': 4}
2026-07-26 06:28:32 | INFO | trading.strategy2_signal_filter:check:533 | S2 skip: approach>=block (G3, level exhausted) | {'symbol': 'BANKUSDT', 'level': 0.35555, 'approach_count': 6, 'block_threshold': 4}
2026-07-26 06:30:54 | INFO | __main__:_proximity_arm_loop:1948 | proximity-arm activated | {'symbol': 'EULUSDT', 'level': 2.4147, 'type': 'pump_base', 'strength': 5, 'dist_atr': 1.54}
2026-07-26 06:30:55 | INFO | __main__:_run_phase1:601 | Level broken in recent candles, skipping monitor | {'symbol': 'EULUSDT', 'level': 2.4147, 'close_below': 21}
2026-07-26 06:31:34 | INFO | __main__:_auto_screener_loop:306 | Auto screener completed | {'total': 2, 'new': 0}
2026-07-26 06:33:24 | INFO | __main__:_proximity_arm_loop:1948 | proximity-arm activated | {'symbol': 'AKEUSDT', 'level': 0.0030002, 'type': 'pump_base', 'strength': 5, 'dist_atr': 3.23}
2026-07-26 06:33:25 | INFO | __main__:_run_phase1:652 | Level monitoring started | {'symbol': 'AKEUSDT', 'level': 0.0030002, 'strength': 5}
2026-07-26 06:33:46 | INFO | __main__:_proximity_loop:1258 | Proximity alert sent | {'symbol': 'AKEUSDT', 'level': 0.0030002, 'distance_pct': 1.9766720031365304}
2026-07-26 06:33:46 | INFO | trading.strategy2_signal_filter:check:681 | S2 market phase | {'symbol': 'AKEUSDT', 'phase': 'drop_tradeable', 'note': 'drop_tradeable:bq=0.54'}
2026-07-26 06:33:55 | INFO | trading.strategy2_signal_filter:check:681 | S2 market phase | {'symbol': 'AKEUSDT', 'phase': 'drop_tradeable', 'note': 'drop_tradeable:bq=0.54'}
2026-07-26 06:33:55 | INFO | trading.strategy2_signal_filter:check:988 | S2 signal passed all filters | {'symbol': 'AKEUSDT', 'level': 0.0030002, 'level_type': 'pump_base', 'strength': 5, 'p_bounce': 0.927, 'sl': 0.00296292, 'tp1': 0.0030272, 'tp2': 0.00310299, 'rr': 0.72, 'phase': 'drop_tradeable', 'pos_struct_pct': 14.2, 'pos_local_pct': -25.3, 'struct_range': [0.0029196, 0.0034869], 'approach_speed_pct': -1.2473, 'red_candles_streak': 4, 'phase_streak_checks': 2, 'phase_streak_seconds': 8.6, 'bleed_in_last_12': 10, 'seconds_since_bleed': 3303.8, 'phase_seq': 'bbbbbbbbbbdd', 'hours_since_pump_peak': 15.8, 'vol_decay': 0.66, 'natr_now_pct': 2.99, 'natr_1m': 0.698, 'natr_5m': 1.937, 'natr_15m': 3.165, 'candle_staleness_sec': 55.3, 'bot_version': '2026-07-18.1'}
2026-07-26 06:33:56 | INFO | trading.strategy2_live:_open_grid:784 | S2Live: SL order placed | {'trade_id': '61ffbbd3-8433-4065-b2e7-40a58009b32a', 'symbol': 'AKEUSDT', 'sl_order_id': '9f20721f-ce10-4a49-8f35-dd74b6fd1539', 'trigger': 0.0029629, 'qty': 66700.0}
2026-07-26 06:33:56 | INFO | bot.telegram:send_close_with_chart:1480 | chart candles available: AKEUSDT 300 | {}
2026-07-26 06:33:56 | INFO | trading.strategy2_live:_open_grid:817 | S2Live grid opened | {'trade_id': '61ffbbd3-8433-4065-b2e7-40a58009b32a', 'symbol': 'AKEUSDT', 'orders': 2}
2026-07-26 06:35:19 | INFO | trading.strategy2_signal_filter:check:533 | S2 skip: approach>=block (G3, level exhausted) | {'symbol': 'BANKUSDT', 'level': 0.35555, 'approach_count': 6, 'block_threshold': 4}
2026-07-26 06:35:35 | INFO | trading.strategy2_signal_filter:check:533 | S2 skip: approach>=block (G3, level exhausted) | {'symbol': 'BANKUSDT', 'level': 0.35555, 'approach_count': 6, 'block_threshold': 4}
2026-07-26 06:35:50 | INFO | trading.strategy2_signal_filter:check:533 | S2 skip: approach>=block (G3, level exhausted) | {'symbol': 'BANKUSDT', 'level': 0.35555, 'approach_count': 6, 'block_threshold': 4}
2026-07-26 06:36:31 | INFO | trading.strategy2_signal_filter:check:533 | S2 skip: approach>=block (G3, level exhausted) | {'symbol': 'BANKUSDT', 'level': 0.35555, 'approach_count': 6, 'block_threshold': 4}
2026-07-26 06:36:47 | INFO | trading.strategy2_signal_filter:check:533 | S2 skip: approach>=block (G3, level exhausted) | {'symbol': 'BANKUSDT', 'level': 0.35555, 'approach_count': 6, 'block_threshold': 4}
2026-07-26 06:37:02 | INFO | trading.strategy2_signal_filter:check:533 | S2 skip: approach>=block (G3, level exhausted) | {'symbol': 'BANKUSDT', 'level': 0.35555, 'approach_count': 6, 'block_threshold': 4}
2026-07-26 06:37:18 | INFO | trading.strategy2_signal_filter:check:533 | S2 skip: approach>=block (G3, level exhausted) | {'symbol': 'BANKUSDT', 'level': 0.35555, 'approach_count': 6, 'block_threshold': 4}
2026-07-26 06:37:54 | INFO | trading.strategy2_signal_filter:check:533 | S2 skip: approach>=block (G3, level exhausted) | {'symbol': 'BANKUSDT', 'level': 0.35555, 'approach_count': 6, 'block_threshold': 4}
2026-07-26 06:40:13 | INFO | trading.strategy2_signal_filter:check:533 | S2 skip: approach>=block (G3, level exhausted) | {'symbol': 'BANKUSDT', 'level': 0.35555, 'approach_count': 6, 'block_threshold': 4}
2026-07-26 06:40:29 | INFO | trading.strategy2_signal_filter:check:533 | S2 skip: approach>=block (G3, level exhausted) | {'symbol': 'BANKUSDT', 'level': 0.35555, 'approach_count': 6, 'block_threshold': 4}
2026-07-26 06:40:55 | INFO | trading.strategy2_signal_filter:check:533 | S2 skip: approach>=block (G3, level exhausted) | {'symbol': 'BANKUSDT', 'level': 0.35555, 'approach_count': 6, 'block_threshold': 4}
2026-07-26 06:41:10 | INFO | trading.strategy2_signal_filter:check:533 | S2 skip: approach>=block (G3, level exhausted) | {'symbol': 'BANKUSDT', 'level': 0.35555, 'approach_count': 6, 'block_threshold': 4}
2026-07-26 06:41:26 | INFO | trading.strategy2_signal_filter:check:533 | S2 skip: approach>=block (G3, level exhausted) | {'symbol': 'BANKUSDT', 'level': 0.35555, 'approach_count': 6, 'block_threshold': 4}
2026-07-26 06:41:35 | INFO | __main__:_auto_screener_loop:306 | Auto screener completed | {'total': 1, 'new': 0}
2026-07-26 06:41:41 | INFO | trading.strategy2_signal_filter:check:533 | S2 skip: approach>=block (G3, level exhausted) | {'symbol': 'BANKUSDT', 'level': 0.35555, 'approach_count': 6, 'block_threshold': 4}
2026-07-26 06:41:57 | INFO | trading.strategy2_signal_filter:check:533 | S2 skip: approach>=block (G3, level exhausted) | {'symbol': 'BANKUSDT', 'level': 0.35555, 'approach_count': 6, 'block_threshold': 4}
2026-07-26 06:42:12 | INFO | trading.strategy2_signal_filter:check:533 | S2 skip: approach>=block (G3, level exhausted) | {'symbol': 'BANKUSDT', 'level': 0.35555, 'approach_count': 6, 'block_threshold': 4}
2026-07-26 06:42:27 | INFO | trading.strategy2_signal_filter:check:533 | S2 skip: approach>=block (G3, level exhausted) | {'symbol': 'BANKUSDT', 'level': 0.35555, 'approach_count': 6, 'block_threshold': 4}
2026-07-26 06:42:43 | INFO | trading.strategy2_signal_filter:check:533 | S2 skip: approach>=block (G3, level exhausted) | {'symbol': 'BANKUSDT', 'level': 0.35555, 'approach_count': 6, 'block_threshold': 4}
2026-07-26 06:42:58 | INFO | trading.strategy2_signal_filter:check:533 | S2 skip: approach>=block (G3, level exhausted) | {'symbol': 'BANKUSDT', 'level': 0.35555, 'approach_count': 6, 'block_threshold': 4}
2026-07-26 06:43:14 | INFO | trading.strategy2_signal_filter:check:533 | S2 skip: approach>=block (G3, level exhausted) | {'symbol': 'BANKUSDT', 'level': 0.35555, 'approach_count': 6, 'block_threshold': 4}
2026-07-26 06:43:29 | INFO | trading.strategy2_signal_filter:check:533 | S2 skip: approach>=block (G3, level exhausted) | {'symbol': 'BANKUSDT', 'level': 0.35555, 'approach_count': 6, 'block_threshold': 4}
2026-07-26 06:43:45 | INFO | trading.strategy2_signal_filter:check:533 | S2 skip: approach>=block (G3, level exhausted) | {'symbol': 'BANKUSDT', 'level': 0.35555, 'approach_count': 6, 'block_threshold': 4}
2026-07-26 06:44:00 | INFO | trading.strategy2_signal_filter:check:533 | S2 skip: approach>=block (G3, level exhausted) | {'symbol': 'BANKUSDT', 'level': 0.35555, 'approach_count': 6, 'block_threshold': 4}
2026-07-26 06:44:16 | INFO | trading.strategy2_signal_filter:check:533 | S2 skip: approach>=block (G3, level exhausted) | {'symbol': 'BANKUSDT', 'level': 0.35555, 'approach_count': 6, 'block_threshold': 4}
2026-07-26 06:44:31 | INFO | trading.strategy2_signal_filter:check:533 | S2 skip: approach>=block (G3, level exhausted) | {'symbol': 'BANKUSDT', 'level': 0.35555, 'approach_count': 6, 'block_threshold': 4}
2026-07-26 06:44:47 | INFO | trading.strategy2_signal_filter:check:533 | S2 skip: approach>=block (G3, level exhausted) | {'symbol': 'BANKUSDT', 'level': 0.35555, 'approach_count': 6, 'block_threshold': 4}
2026-07-26 06:44:52 | INFO | bot.telegram:send_close_with_chart:1480 | chart candles available: AKEUSDT 300 | {}
2026-07-26 06:44:52 | INFO | trading.strategy2_live:_reconcile_one:1289 | S2Live reconcile: no position, no fills — closed | {'trade_id': '61ffbbd3-8433-4065-b2e7-40a58009b32a', 'symbol': 'AKEUSDT'}
2026-07-26 06:44:54 | INFO | __main__:_proximity_arm_loop:1948 | proximity-arm activated | {'symbol': 'RIFUSDT', 'level': 0.08216, 'type': 'pump_base', 'strength': 5, 'dist_atr': 1.04}
2026-07-26 06:44:54 | INFO | __main__:_run_phase1:414 | Pump degraded, skipping monitoring | {'symbol': 'RIFUSDT', 'health': 40, 'broken': 0, 'correction': '81%'}
2026-07-26 06:45:02 | INFO | trading.strategy2_signal_filter:check:533 | S2 skip: approach>=block (G3, level exhausted) | {'symbol': 'BANKUSDT', 'level': 0.35555, 'approach_count': 6, 'block_threshold': 4}
2026-07-26 06:45:13 | INFO | __main__:_trigger_loop:357 | Trigger activated | {'symbol': 'DEXEUSDT'}
2026-07-26 06:45:13 | INFO | __main__:_run_phase1:414 | Pump degraded, skipping monitoring | {'symbol': 'DEXEUSDT', 'health': 40, 'broken': 0, 'correction': '124%'}
2026-07-26 06:45:18 | INFO | trading.strategy2_signal_filter:check:533 | S2 skip: approach>=block (G3, level exhausted) | {'symbol': 'BANKUSDT', 'level': 0.35555, 'approach_count': 6, 'block_threshold': 4}
2026-07-26 06:45:33 | INFO | trading.strategy2_signal_filter:check:533 | S2 skip: approach>=block (G3, level exhausted) | {'symbol': 'BANKUSDT', 'level': 0.35555, 'approach_count': 6, 'block_threshold': 4}
2026-07-26 06:45:59 | INFO | trading.strategy2_signal_filter:check:533 | S2 skip: approach>=block (G3, level exhausted) | {'symbol': 'BANKUSDT', 'level': 0.35555, 'approach_count': 6, 'block_threshold': 4}
2026-07-26 06:46:15 | INFO | trading.strategy2_signal_filter:check:533 | S2 skip: approach>=block (G3, level exhausted) | {'symbol': 'BANKUSDT', 'level': 0.35555, 'approach_count': 6, 'block_threshold': 4}
2026-07-26 06:46:30 | INFO | trading.strategy2_signal_filter:check:533 | S2 skip: approach>=block (G3, level exhausted) | {'symbol': 'BANKUSDT', 'level': 0.35555, 'approach_count': 6, 'block_threshold': 4}
2026-07-26 06:46:45 | INFO | __main__:_trigger_loop:357 | Trigger activated | {'symbol': 'RIFUSDT'}
2026-07-26 06:46:45 | INFO | __main__:_run_phase1:414 | Pump degraded, skipping monitoring | {'symbol': 'RIFUSDT', 'health': 40, 'broken': 0, 'correction': '83%'}
2026-07-26 06:46:46 | INFO | trading.strategy2_signal_filter:check:533 | S2 skip: approach>=block (G3, level exhausted) | {'symbol': 'BANKUSDT', 'level': 0.35555, 'approach_count': 6, 'block_threshold': 4}
2026-07-26 06:47:01 | INFO | trading.strategy2_signal_filter:check:533 | S2 skip: approach>=block (G3, level exhausted) | {'symbol': 'BANKUSDT', 'level': 0.35555, 'approach_count': 6, 'block_threshold': 4}
2026-07-26 06:47:17 | INFO | trading.strategy2_signal_filter:check:533 | S2 skip: approach>=block (G3, level exhausted) | {'symbol': 'BANKUSDT', 'level': 0.35555, 'approach_count': 6, 'block_threshold': 4}
2026-07-26 06:47:32 | INFO | trading.strategy2_signal_filter:check:533 | S2 skip: approach>=block (G3, level exhausted) | {'symbol': 'BANKUSDT', 'level': 0.35555, 'approach_count': 6, 'block_threshold': 4}
2026-07-26 06:47:47 | INFO | trading.strategy2_signal_filter:check:533 | S2 skip: approach>=block (G3, level exhausted) | {'symbol': 'BANKUSDT', 'level': 0.35555, 'approach_count': 6, 'block_threshold': 4}
2026-07-26 06:48:03 | INFO | trading.strategy2_signal_filter:check:533 | S2 skip: approach>=block (G3, level exhausted) | {'symbol': 'BANKUSDT', 'level': 0.35555, 'approach_count': 6, 'block_threshold': 4}
2026-07-26 06:48:18 | INFO | trading.strategy2_signal_filter:check:533 | S2 skip: approach>=block (G3, level exhausted) | {'symbol': 'BANKUSDT', 'level': 0.35555, 'approach_count': 6, 'block_threshold': 4}
2026-07-26 06:48:34 | INFO | trading.strategy2_signal_filter:check:533 | S2 skip: approach>=block (G3, level exhausted) | {'symbol': 'BANKUSDT', 'level': 0.35555, 'approach_count': 6, 'block_threshold': 4}
2026-07-26 06:48:49 | INFO | trading.strategy2_signal_filter:check:533 | S2 skip: approach>=block (G3, level exhausted) | {'symbol': 'BANKUSDT', 'level': 0.35555, 'approach_count': 6, 'block_threshold': 4}
2026-07-26 06:49:05 | INFO | trading.strategy2_signal_filter:check:533 | S2 skip: approach>=block (G3, level exhausted) | {'symbol': 'BANKUSDT', 'level': 0.35555, 'approach_count': 6, 'block_threshold': 4}
2026-07-26 06:50:17 | INFO | analysis.monitor:start_monitor:126 | monitor: skip level with non-positive p_bounce (won't pass entry filter) | {'symbol': 'BANKUSDT', 'level': 0.36046620689655173, 'level_type': 'wick_level', 'p_bounce': 0.0, 'expected_depth': 0.0}
2026-07-26 06:50:17 | INFO | __main__:_monitored:798 | Monitor cancelled | {'symbol': 'BANKUSDT', 'level': 0.35555}
2026-07-26 06:50:17 | INFO | trading.strategy2_signal_filter:check:533 | S2 skip: approach>=block (G3, level exhausted) | {'symbol': 'BANKUSDT', 'level': 0.35555, 'approach_count': 7, 'block_threshold': 4}
2026-07-26 06:50:17 | INFO | trading.strategy2_signal_filter:check:545 | S2: level marked dead, monitor will stop sending proximity | {'symbol': 'BANKUSDT', 'level': 0.35555, 'approach_count': 7}
2026-07-26 06:50:17 | INFO | __main__:_start_resistance_after_bounce:1116 | Resistance monitor started | {'symbol': 'BANKUSDT', 'resistance': 0.36046620689655173, 'from_support': 0.35555}
2026-07-26 06:50:17 | INFO | __main__:_monitored:787 | Level outcome saved | {'symbol': 'BANKUSDT', 'level': 0.36046620689655173, 'result': 'отбой', 'outcome': None, 'duration': 0.0}
2026-07-26 06:51:37 | INFO | __main__:_auto_screener_loop:306 | Auto screener completed | {'total': 1, 'new': 0}
2026-07-26 06:52:16 | INFO | __main__:_trigger_loop:357 | Trigger activated | {'symbol': 'ESPORTSUSDT'}
2026-07-26 06:52:16 | INFO | __main__:_run_phase1:414 | Pump degraded, skipping monitoring | {'symbol': 'ESPORTSUSDT', 'health': 40, 'broken': 0, 'correction': '100%'}
2026-07-26 06:52:25 | INFO | __main__:_proximity_arm_loop:1948 | proximity-arm activated | {'symbol': 'DEXEUSDT', 'level': 2.769, 'type': 'pump_base', 'strength': 5, 'dist_atr': 1.88}
2026-07-26 06:52:25 | INFO | __main__:_run_phase1:414 | Pump degraded, skipping monitoring | {'symbol': 'DEXEUSDT', 'health': 40, 'broken': 0, 'correction': '129%'}
2026-07-26 06:56:03 | INFO | __main__:_trigger_loop:357 | Trigger activated | {'symbol': 'EULUSDT'}
2026-07-26 06:56:03 | INFO | __main__:_run_phase1:652 | Level monitoring started | {'symbol': 'EULUSDT', 'level': 2.398, 'strength': 3}
2026-07-26 06:56:18 | INFO | __main__:_proximity_loop:1258 | Proximity alert sent | {'symbol': 'EULUSDT', 'level': 2.398, 'distance_pct': 1.068525929287513}
2026-07-26 06:56:18 | INFO | trading.strategy2_signal_filter:check:533 | S2 skip: approach>=block (G3, level exhausted) | {'symbol': 'EULUSDT', 'level': 2.398, 'approach_count': 4, 'block_threshold': 4}
2026-07-26 06:56:18 | INFO | trading.strategy2_signal_filter:check:545 | S2: level marked dead, monitor will stop sending proximity | {'symbol': 'EULUSDT', 'level': 2.398, 'approach_count': 4}
2026-07-26 06:56:34 | INFO | trading.strategy2_signal_filter:check:533 | S2 skip: approach>=block (G3, level exhausted) | {'symbol': 'EULUSDT', 'level': 2.398, 'approach_count': 4, 'block_threshold': 4}
2026-07-26 06:56:49 | INFO | trading.strategy2_signal_filter:check:533 | S2 skip: approach>=block (G3, level exhausted) | {'symbol': 'EULUSDT', 'level': 2.398, 'approach_count': 4, 'block_threshold': 4}
2026-07-26 06:57:15 | INFO | trading.strategy2_signal_filter:check:533 | S2 skip: approach>=block (G3, level exhausted) | {'symbol': 'EULUSDT', 'level': 2.398, 'approach_count': 4, 'block_threshold': 4}
2026-07-26 06:57:31 | INFO | trading.strategy2_signal_filter:check:681 | S2 market phase | {'symbol': 'EULUSDT', 'phase': 'drop_tradeable', 'note': 'drop_tradeable:bq=1.00'}
2026-07-26 06:57:46 | INFO | trading.strategy2_signal_filter:check:681 | S2 market phase | {'symbol': 'EULUSDT', 'phase': 'drop_tradeable', 'note': 'drop_tradeable:bq=1.00'}
2026-07-26 06:58:02 | INFO | trading.strategy2_signal_filter:check:681 | S2 market phase | {'symbol': 'EULUSDT', 'phase': 'drop_tradeable', 'note': 'drop_tradeable:bq=1.00'}
2026-07-26 06:58:17 | INFO | trading.strategy2_signal_filter:check:533 | S2 skip: approach>=block (G3, level exhausted) | {'symbol': 'EULUSDT', 'level': 2.398, 'approach_count': 4, 'block_threshold': 4}
2026-07-26 06:58:33 | INFO | trading.strategy2_signal_filter:check:681 | S2 market phase | {'symbol': 'EULUSDT', 'phase': 'drop_tradeable', 'note': 'drop_tradeable:bq=1.00'}
2026-07-26 06:58:48 | INFO | trading.strategy2_signal_filter:check:681 | S2 market phase | {'symbol': 'EULUSDT', 'phase': 'drop_tradeable', 'note': 'drop_tradeable:bq=1.00'}
2026-07-26 06:59:03 | INFO | trading.strategy2_signal_filter:check:681 | S2 market phase | {'symbol': 'EULUSDT', 'phase': 'drop_tradeable', 'note': 'drop_tradeable:bq=1.00'}
2026-07-26 06:59:09 | INFO | analysis.monitor:start_monitor:126 | monitor: skip level with non-positive p_bounce (won't pass entry filter) | {'symbol': 'EULUSDT', 'level': 2.466671794871795, 'level_type': 'wick_level', 'p_bounce': 0.0, 'expected_depth': 0.0}
2026-07-26 06:59:09 | INFO | __main__:_monitored:798 | Monitor cancelled | {'symbol': 'EULUSDT', 'level': 2.398}
2026-07-26 06:59:09 | INFO | __main__:_start_resistance_after_bounce:1116 | Resistance monitor started | {'symbol': 'EULUSDT', 'resistance': 2.466671794871795, 'from_support': 2.398}
2026-07-26 06:59:09 | INFO | __main__:_monitored:787 | Level outcome saved | {'symbol': 'EULUSDT', 'level': 2.466671794871795, 'result': 'отбой', 'outcome': None, 'duration': 0.0}
2026-07-26 07:01:25 | INFO | __main__:_proximity_arm_loop:1948 | proximity-arm activated | {'symbol': 'ESPORTSUSDT', 'level': 0.03701, 'type': 'pump_base', 'strength': 5, 'dist_atr': 1.03}
2026-07-26 07:01:25 | INFO | __main__:_run_phase1:414 | Pump degraded, skipping monitoring | {'symbol': 'ESPORTSUSDT', 'health': 40, 'broken': 0, 'correction': '95%'}
2026-07-26 07:01:28 | INFO | __main__:_trigger_loop:357 | Trigger activated | {'symbol': 'AKEUSDT'}
2026-07-26 07:01:28 | INFO | __main__:_run_phase1:575 | Replaced old monitor with closer level | {'symbol': 'AKEUSDT', 'old': 0.0030002, 'new': 0.00311815}
2026-07-26 07:01:28 | INFO | __main__:_monitored:798 | Monitor cancelled | {'symbol': 'AKEUSDT', 'level': 0.0030002}
2026-07-26 07:01:28 | INFO | __main__:_run_phase1:601 | Level broken in recent candles, skipping monitor | {'symbol': 'AKEUSDT', 'level': 0.00311815, 'close_below': 5}
2026-07-26 07:01:39 | INFO | __main__:_auto_screener_loop:306 | Auto screener completed | {'total': 1, 'new': 0}
2026-07-26 07:02:55 | INFO | __main__:_proximity_arm_loop:1948 | proximity-arm activated | {'symbol': 'BANKUSDT', 'level': 0.34016, 'type': 'pump_base', 'strength': 5, 'dist_atr': 3.88}
2026-07-26 07:02:56 | INFO | __main__:_run_phase1:652 | Level monitoring started | {'symbol': 'BANKUSDT', 'level': 0.34016, 'strength': 5}
2026-07-26 07:03:53 | INFO | __main__:_proximity_loop:1258 | Proximity alert sent | {'symbol': 'BANKUSDT', 'level': 0.34016, 'distance_pct': 1.650909301182523}
2026-07-26 07:03:53 | INFO | trading.strategy2_signal_filter:check:681 | S2 market phase | {'symbol': 'BANKUSDT', 'phase': 'drop_tradeable', 'note': 'drop_tradeable:bq=0.59'}
2026-07-26 07:03:56 | INFO | trading.strategy2_signal_filter:check:681 | S2 market phase | {'symbol': 'BANKUSDT', 'phase': 'drop_tradeable', 'note': 'drop_tradeable:bq=0.59'}
2026-07-26 07:04:01 | INFO | trading.strategy2_signal_filter:check:681 | S2 market phase | {'symbol': 'BANKUSDT', 'phase': 'drop_tradeable', 'note': 'drop_tradeable:bq=0.59'}
2026-07-26 07:04:06 | INFO | trading.strategy2_signal_filter:check:681 | S2 market phase | {'symbol': 'BANKUSDT', 'phase': 'drop_tradeable', 'note': 'drop_tradeable:bq=0.59'}
2026-07-26 07:04:08 | INFO | trading.strategy2_signal_filter:check:681 | S2 market phase | {'symbol': 'BANKUSDT', 'phase': 'drop_tradeable', 'note': 'drop_tradeable:bq=0.59'}
2026-07-26 07:04:11 | INFO | trading.strategy2_signal_filter:check:681 | S2 market phase | {'symbol': 'BANKUSDT', 'phase': 'drop_tradeable', 'note': 'drop_tradeable:bq=0.59'}
2026-07-26 07:04:16 | INFO | trading.strategy2_signal_filter:check:681 | S2 market phase | {'symbol': 'BANKUSDT', 'phase': 'drop_tradeable', 'note': 'drop_tradeable:bq=0.59'}
2026-07-26 07:04:21 | INFO | trading.strategy2_signal_filter:check:681 | S2 market phase | {'symbol': 'BANKUSDT', 'phase': 'drop_tradeable', 'note': 'drop_tradeable:bq=0.59'}
2026-07-26 07:04:55 | INFO | __main__:_proximity_arm_loop:1948 | proximity-arm activated | {'symbol': 'EULUSDT', 'level': 2.4235, 'type': 'pump_base', 'strength': 5, 'dist_atr': 1.14}
2026-07-26 07:04:56 | INFO | __main__:_run_phase1:652 | Level monitoring started | {'symbol': 'EULUSDT', 'level': 2.4002, 'strength': 3}
2026-07-26 07:05:11 | INFO | __main__:_proximity_loop:1258 | Proximity alert sent | {'symbol': 'EULUSDT', 'level': 2.4002, 'distance_pct': 1.96863257637641}
2026-07-26 07:05:11 | INFO | trading.strategy2_signal_filter:check:533 | S2 skip: approach>=block (G3, level exhausted) | {'symbol': 'EULUSDT', 'level': 2.4002, 'approach_count': 4, 'block_threshold': 4}
2026-07-26 07:05:11 | INFO | trading.strategy2_signal_filter:check:545 | S2: level marked dead, monitor will stop sending proximity | {'symbol': 'EULUSDT', 'level': 2.4002, 'approach_count': 4}
2026-07-26 07:05:26 | INFO | trading.strategy2_signal_filter:check:681 | S2 market phase | {'symbol': 'BANKUSDT', 'phase': 'bleed', 'note': 'bleed:bq=0.41,dir_eff=0.31'}
2026-07-26 07:05:26 | INFO | trading.strategy2_signal_filter:check:681 | S2 market phase | {'symbol': 'BANKUSDT', 'phase': 'bleed', 'note': 'bleed:bq=0.41,dir_eff=0.31'}
2026-07-26 07:05:31 | INFO | trading.strategy2_signal_filter:check:533 | S2 skip: approach>=block (G3, level exhausted) | {'symbol': 'EULUSDT', 'level': 2.4002, 'approach_count': 4, 'block_threshold': 4}
2026-07-26 07:05:31 | INFO | trading.strategy2_signal_filter:check:681 | S2 market phase | {'symbol': 'BANKUSDT', 'phase': 'bleed', 'note': 'bleed:bq=0.41,dir_eff=0.31'}
2026-07-26 07:05:36 | INFO | trading.strategy2_signal_filter:check:681 | S2 market phase | {'symbol': 'BANKUSDT', 'phase': 'bleed', 'note': 'bleed:bq=0.41,dir_eff=0.31'}
2026-07-26 07:05:41 | INFO | trading.strategy2_signal_filter:check:681 | S2 market phase | {'symbol': 'BANKUSDT', 'phase': 'bleed', 'note': 'bleed:bq=0.41,dir_eff=0.31'}
2026-07-26 07:05:42 | INFO | trading.strategy2_signal_filter:check:681 | S2 market phase | {'symbol': 'BANKUSDT', 'phase': 'bleed', 'note': 'bleed:bq=0.41,dir_eff=0.31'}
2026-07-26 07:05:47 | INFO | trading.strategy2_signal_filter:check:533 | S2 skip: approach>=block (G3, level exhausted) | {'symbol': 'EULUSDT', 'level': 2.4002, 'approach_count': 4, 'block_threshold': 4}
2026-07-26 07:05:47 | INFO | trading.strategy2_signal_filter:check:681 | S2 market phase | {'symbol': 'BANKUSDT', 'phase': 'bleed', 'note': 'bleed:bq=0.41,dir_eff=0.31'}
2026-07-26 07:05:52 | INFO | trading.strategy2_signal_filter:check:681 | S2 market phase | {'symbol': 'BANKUSDT', 'phase': 'bleed', 'note': 'bleed:bq=0.41,dir_eff=0.31'}
2026-07-26 07:05:57 | INFO | trading.strategy2_signal_filter:check:681 | S2 market phase | {'symbol': 'BANKUSDT', 'phase': 'bleed', 'note': 'bleed:bq=0.41,dir_eff=0.31'}
2026-07-26 07:05:57 | INFO | trading.strategy2_signal_filter:check:681 | S2 market phase | {'symbol': 'BANKUSDT', 'phase': 'bleed', 'note': 'bleed:bq=0.41,dir_eff=0.31'}
2026-07-26 07:06:02 | INFO | trading.strategy2_signal_filter:check:681 | S2 market phase | {'symbol': 'BANKUSDT', 'phase': 'bleed', 'note': 'bleed:bq=0.41,dir_eff=0.31'}
2026-07-26 07:06:07 | INFO | trading.strategy2_signal_filter:check:681 | S2 market phase | {'symbol': 'BANKUSDT', 'phase': 'bleed', 'note': 'bleed:bq=0.41,dir_eff=0.33'}
2026-07-26 07:06:12 | INFO | trading.strategy2_signal_filter:check:681 | S2 market phase | {'symbol': 'BANKUSDT', 'phase': 'bleed', 'note': 'bleed:bq=0.41,dir_eff=0.33'}
2026-07-26 07:06:12 | INFO | trading.strategy2_signal_filter:check:681 | S2 market phase | {'symbol': 'BANKUSDT', 'phase': 'bleed', 'note': 'bleed:bq=0.41,dir_eff=0.33'}
2026-07-26 07:06:18 | INFO | trading.strategy2_signal_filter:check:681 | S2 market phase | {'symbol': 'BANKUSDT', 'phase': 'bleed', 'note': 'bleed:bq=0.41,dir_eff=0.32'}
2026-07-26 07:06:23 | INFO | trading.strategy2_signal_filter:check:681 | S2 market phase | {'symbol': 'BANKUSDT', 'phase': 'bleed', 'note': 'bleed:bq=0.41,dir_eff=0.32'}
2026-07-26 07:06:28 | INFO | trading.strategy2_signal_filter:check:681 | S2 market phase | {'symbol': 'BANKUSDT', 'phase': 'bleed', 'note': 'bleed:bq=0.41,dir_eff=0.32'}
2026-07-26 07:06:28 | INFO | trading.strategy2_signal_filter:check:681 | S2 market phase | {'symbol': 'BANKUSDT', 'phase': 'bleed', 'note': 'bleed:bq=0.41,dir_eff=0.32'}
2026-07-26 07:06:33 | INFO | trading.strategy2_signal_filter:check:681 | S2 market phase | {'symbol': 'BANKUSDT', 'phase': 'bleed', 'note': 'bleed:bq=0.41,dir_eff=0.32'}
2026-07-26 07:06:43 | INFO | trading.strategy2_signal_filter:check:681 | S2 market phase | {'symbol': 'BANKUSDT', 'phase': 'bleed', 'note': 'bleed:bq=0.41,dir_eff=0.32'}
2026-07-26 07:06:43 | INFO | trading.strategy2_signal_filter:check:533 | S2 skip: approach>=block (G3, level exhausted) | {'symbol': 'EULUSDT', 'level': 2.4002, 'approach_count': 6, 'block_threshold': 4}
2026-07-26 07:06:55 | INFO | __main__:_proximity_arm_loop:1948 | proximity-arm activated | {'symbol': 'AKEUSDT', 'level': 0.0031414, 'type': 'pump_base', 'strength': 5, 'dist_atr': 1.09}
2026-07-26 07:06:55 | INFO | __main__:_run_phase1:535 | No strong levels found | {'symbol': 'AKEUSDT', 'total_levels': 1}
2026-07-26 07:06:59 | INFO | trading.strategy2_signal_filter:check:681 | S2 market phase | {'symbol': 'BANKUSDT', 'phase': 'bleed', 'note': 'bleed:bq=0.41,dir_eff=0.32'}
2026-07-26 07:06:59 | INFO | trading.strategy2_signal_filter:check:533 | S2 skip: approach>=block (G3, level exhausted) | {'symbol': 'EULUSDT', 'level': 2.4002, 'approach_count': 6, 'block_threshold': 4}
2026-07-26 07:06:59 | INFO | trading.strategy2_signal_filter:check:681 | S2 market phase | {'symbol': 'BANKUSDT', 'phase': 'bleed', 'note': 'bleed:bq=0.41,dir_eff=0.32'}
2026-07-26 07:07:04 | INFO | trading.strategy2_signal_filter:check:681 | S2 market phase | {'symbol': 'BANKUSDT', 'phase': 'bleed', 'note': 'bleed:bq=0.41,dir_eff=0.32'}
2026-07-26 07:07:09 | INFO | trading.strategy2_signal_filter:check:681 | S2 market phase | {'symbol': 'BANKUSDT', 'phase': 'bleed', 'note': 'bleed:bq=0.41,dir_eff=0.34'}
2026-07-26 07:07:14 | INFO | trading.strategy2_signal_filter:check:681 | S2 market phase | {'symbol': 'BANKUSDT', 'phase': 'bleed', 'note': 'bleed:bq=0.41,dir_eff=0.34'}
2026-07-26 07:07:14 | INFO | trading.strategy2_signal_filter:check:681 | S2 market phase | {'symbol': 'BANKUSDT', 'phase': 'bleed', 'note': 'bleed:bq=0.41,dir_eff=0.34'}
2026-07-26 07:07:20 | INFO | trading.strategy2_signal_filter:check:681 | S2 market phase | {'symbol': 'BANKUSDT', 'phase': 'bleed', 'note': 'bleed:bq=0.41,dir_eff=0.34'}
2026-07-26 07:07:25 | INFO | trading.strategy2_signal_filter:check:533 | S2 skip: approach>=block (G3, level exhausted) | {'symbol': 'EULUSDT', 'level': 2.4002, 'approach_count': 7, 'block_threshold': 4}
2026-07-26 07:07:25 | INFO | trading.strategy2_signal_filter:check:681 | S2 market phase | {'symbol': 'BANKUSDT', 'phase': 'bleed', 'note': 'bleed:bq=0.41,dir_eff=0.34'}
2026-07-26 07:07:30 | INFO | trading.strategy2_signal_filter:check:681 | S2 market phase | {'symbol': 'BANKUSDT', 'phase': 'bleed', 'note': 'bleed:bq=0.41,dir_eff=0.34'}
2026-07-26 07:07:30 | INFO | trading.strategy2_signal_filter:check:681 | S2 market phase | {'symbol': 'BANKUSDT', 'phase': 'bleed', 'note': 'bleed:bq=0.41,dir_eff=0.34'}
2026-07-26 07:07:35 | INFO | trading.strategy2_signal_filter:check:681 | S2 market phase | {'symbol': 'BANKUSDT', 'phase': 'bleed', 'note': 'bleed:bq=0.41,dir_eff=0.34'}
2026-07-26 07:07:40 | INFO | trading.strategy2_signal_filter:check:681 | S2 market phase | {'symbol': 'BANKUSDT', 'phase': 'bleed', 'note': 'bleed:bq=0.41,dir_eff=0.34'}
2026-07-26 07:07:45 | INFO | trading.strategy2_signal_filter:check:681 | S2 market phase | {'symbol': 'BANKUSDT', 'phase': 'bleed', 'note': 'bleed:bq=0.41,dir_eff=0.34'}
2026-07-26 07:07:45 | INFO | trading.strategy2_signal_filter:check:681 | S2 market phase | {'symbol': 'BANKUSDT', 'phase': 'bleed', 'note': 'bleed:bq=0.41,dir_eff=0.34'}
2026-07-26 07:07:51 | INFO | trading.strategy2_signal_filter:check:681 | S2 market phase | {'symbol': 'BANKUSDT', 'phase': 'bleed', 'note': 'bleed:bq=0.41,dir_eff=0.34'}
2026-07-26 07:07:56 | INFO | trading.strategy2_signal_filter:check:681 | S2 market phase | {'symbol': 'BANKUSDT', 'phase': 'bleed', 'note': 'bleed:bq=0.41,dir_eff=0.34'}
2026-07-26 07:08:01 | INFO | trading.strategy2_signal_filter:check:681 | S2 market phase | {'symbol': 'BANKUSDT', 'phase': 'bleed', 'note': 'bleed:bq=0.41,dir_eff=0.35'}
2026-07-26 07:08:01 | INFO | trading.strategy2_signal_filter:check:533 | S2 skip: approach>=block (G3, level exhausted) | {'symbol': 'EULUSDT', 'level': 2.4002, 'approach_count': 7, 'block_threshold': 4}
2026-07-26 07:08:01 | INFO | trading.strategy2_signal_filter:check:681 | S2 market phase | {'symbol': 'BANKUSDT', 'phase': 'bleed', 'note': 'bleed:bq=0.41,dir_eff=0.35'}
2026-07-26 07:08:06 | INFO | trading.strategy2_signal_filter:check:681 | S2 market phase | {'symbol': 'BANKUSDT', 'phase': 'bleed', 'note': 'bleed:bq=0.41,dir_eff=0.35'}
2026-07-26 07:08:11 | INFO | trading.strategy2_signal_filter:check:681 | S2 market phase | {'symbol': 'BANKUSDT', 'phase': 'bleed', 'note': 'bleed:bq=0.41,dir_eff=0.34'}
2026-07-26 07:08:16 | INFO | trading.strategy2_signal_filter:check:681 | S2 market phase | {'symbol': 'BANKUSDT', 'phase': 'bleed', 'note': 'bleed:bq=0.41,dir_eff=0.34'}
2026-07-26 07:08:16 | INFO | trading.strategy2_signal_filter:check:533 | S2 skip: approach>=block (G3, level exhausted) | {'symbol': 'EULUSDT', 'level': 2.4002, 'approach_count': 8, 'block_threshold': 4}
2026-07-26 07:08:16 | INFO | trading.strategy2_signal_filter:check:681 | S2 market phase | {'symbol': 'BANKUSDT', 'phase': 'bleed', 'note': 'bleed:bq=0.41,dir_eff=0.34'}
2026-07-26 07:08:22 | INFO | trading.strategy2_signal_filter:check:681 | S2 market phase | {'symbol': 'BANKUSDT', 'phase': 'bleed', 'note': 'bleed:bq=0.41,dir_eff=0.34'}
2026-07-26 07:08:27 | INFO | trading.strategy2_signal_filter:check:681 | S2 market phase | {'symbol': 'BANKUSDT', 'phase': 'bleed', 'note': 'bleed:bq=0.41,dir_eff=0.34'}
2026-07-26 07:08:32 | INFO | trading.strategy2_signal_filter:check:681 | S2 market phase | {'symbol': 'BANKUSDT', 'phase': 'bleed', 'note': 'bleed:bq=0.41,dir_eff=0.35'}
2026-07-26 07:08:32 | INFO | trading.strategy2_signal_filter:check:533 | S2 skip: approach>=block (G3, level exhausted) | {'symbol': 'EULUSDT', 'level': 2.4002, 'approach_count': 8, 'block_threshold': 4}
2026-07-26 07:08:47 | INFO | trading.strategy2_signal_filter:check:681 | S2 market phase | {'symbol': 'BANKUSDT', 'phase': 'bleed', 'note': 'bleed:bq=0.41,dir_eff=0.36'}
2026-07-26 07:08:47 | INFO | trading.strategy2_signal_filter:check:533 | S2 skip: approach>=block (G3, level exhausted) | {'symbol': 'EULUSDT', 'level': 2.4002, 'approach_count': 8, 'block_threshold': 4}
2026-07-26 07:09:03 | INFO | trading.strategy2_signal_filter:check:681 | S2 market phase | {'symbol': 'BANKUSDT', 'phase': 'bleed', 'note': 'bleed:bq=0.41,dir_eff=0.36'}
2026-07-26 07:09:03 | INFO | trading.strategy2_signal_filter:check:533 | S2 skip: approach>=block (G3, level exhausted) | {'symbol': 'EULUSDT', 'level': 2.4002, 'approach_count': 8, 'block_threshold': 4}
2026-07-26 07:09:13 | INFO | analysis.monitor:start_monitor:126 | monitor: skip level with non-positive p_bounce (won't pass entry filter) | {'symbol': 'BANKUSDT', 'level': 0.3443766666666666, 'level_type': 'wick_level', 'p_bounce': 0.0, 'expected_depth': 0.0}
2026-07-26 07:09:13 | INFO | __main__:_monitored:798 | Monitor cancelled | {'symbol': 'BANKUSDT', 'level': 0.34016}
2026-07-26 07:09:13 | INFO | __main__:_start_resistance_after_bounce:1116 | Resistance monitor started | {'symbol': 'BANKUSDT', 'resistance': 0.3443766666666666, 'from_support': 0.34016}
2026-07-26 07:09:14 | INFO | __main__:_monitored:787 | Level outcome saved | {'symbol': 'BANKUSDT', 'level': 0.3443766666666666, 'result': 'отбой', 'outcome': None, 'duration': 0.0}
2026-07-26 07:09:18 | INFO | trading.strategy2_signal_filter:check:533 | S2 skip: approach>=block (G3, level exhausted) | {'symbol': 'EULUSDT', 'level': 2.4002, 'approach_count': 8, 'block_threshold': 4}
2026-07-26 07:09:34 | INFO | trading.strategy2_signal_filter:check:533 | S2 skip: approach>=block (G3, level exhausted) | {'symbol': 'EULUSDT', 'level': 2.4002, 'approach_count': 8, 'block_threshold': 4}
2026-07-26 07:09:49 | INFO | trading.strategy2_signal_filter:check:533 | S2 skip: approach>=block (G3, level exhausted) | {'symbol': 'EULUSDT', 'level': 2.4002, 'approach_count': 7, 'block_threshold': 4}
2026-07-26 07:10:05 | INFO | trading.strategy2_signal_filter:check:533 | S2 skip: approach>=block (G3, level exhausted) | {'symbol': 'EULUSDT', 'level': 2.4002, 'approach_count': 8, 'block_threshold': 4}
2026-07-26 07:10:20 | INFO | trading.strategy2_signal_filter:check:533 | S2 skip: approach>=block (G3, level exhausted) | {'symbol': 'EULUSDT', 'level': 2.4002, 'approach_count': 8, 'block_threshold': 4}
2026-07-26 07:10:36 | INFO | trading.strategy2_signal_filter:check:533 | S2 skip: approach>=block (G3, level exhausted) | {'symbol': 'EULUSDT', 'level': 2.4002, 'approach_count': 8, 'block_threshold': 4}
2026-07-26 07:10:51 | INFO | trading.strategy2_signal_filter:check:533 | S2 skip: approach>=block (G3, level exhausted) | {'symbol': 'EULUSDT', 'level': 2.4002, 'approach_count': 8, 'block_threshold': 4}
2026-07-26 07:11:07 | INFO | trading.strategy2_signal_filter:check:533 | S2 skip: approach>=block (G3, level exhausted) | {'symbol': 'EULUSDT', 'level': 2.4002, 'approach_count': 8, 'block_threshold': 4}
2026-07-26 07:11:22 | INFO | trading.strategy2_signal_filter:check:533 | S2 skip: approach>=block (G3, level exhausted) | {'symbol': 'EULUSDT', 'level': 2.4002, 'approach_count': 8, 'block_threshold': 4}
2026-07-26 07:11:26 | INFO | trading.strategy5_live:_finalize_closed:316 | S5Live executions raw | {'trade_id': '62362dd7-26fe-409b-8bd0-104a41fba192', 'symbol': 'EULUSDT', 'exec_count': 2, 'exec_err': None, 'attempts': 2, 'start_ms': 1785043318908, 'sides': ['Sell', 'Buy'], 'qtys': ['41', '41']}
2026-07-26 07:11:26 | INFO | trading.strategy5_live:_finalize_closed:350 | S5Live CLOSED | {'trade_id': '62362dd7-26fe-409b-8bd0-104a41fba192', 'symbol': 'EULUSDT', 'reason': 'sl_exchange', 'pnl': -4.6194, 'qty_mismatch': False}
2026-07-26 07:11:41 | INFO | __main__:_auto_screener_loop:306 | Auto screener completed | {'total': 1, 'new': 0}
2026-07-26 07:12:50 | INFO | __main__:_monitored:787 | Level outcome saved | {'symbol': 'EULUSDT', 'level': 2.4002, 'result': 'пробой', 'outcome': 'breakout', 'duration': 474.6}
2026-07-26 07:12:50 | INFO | analysis.monitor:start_monitor:126 | monitor: skip level with non-positive p_bounce (won't pass entry filter) | {'symbol': 'EULUSDT', 'level': 1.8926, 'level_type': 'body_level', 'p_bounce': 0.0, 'expected_depth': 0.0}
2026-07-26 07:12:51 | INFO | __main__:_start_next_level_after_breakout:886 | Previous level started after breakout | {'symbol': 'EULUSDT', 'level': 1.8926}
2026-07-26 07:12:51 | INFO | __main__:_start_next_level_after_breakout:933 | Next level from cache started | {'symbol': 'EULUSDT', 'level': 2.1735}
2026-07-26 07:12:51 | INFO | __main__:_monitored:787 | Level outcome saved | {'symbol': 'EULUSDT', 'level': 1.8926, 'result': 'отбой', 'outcome': None, 'duration': 0.0}
2026-07-26 07:14:52 | INFO | trading.live_price_tracker:_save_post_exit_range:226 | live_post_exit_tracker saved | {'trade_id': '61ffbbd3-8433-4065-b2e7-40a58009b32a', 'high': 0.0032091, 'low': 0.0031233}
2026-07-26 07:14:55 | INFO | __main__:_proximity_arm_loop:1948 | proximity-arm activated | {'symbol': 'RIFUSDT', 'level': 0.083155, 'type': 'pump_base', 'strength': 5, 'dist_atr': 1.34}
2026-07-26 07:14:55 | INFO | __main__:_run_phase1:414 | Pump degraded, skipping monitoring | {'symbol': 'RIFUSDT', 'health': 40, 'broken': 0, 'correction': '74%'}
2026-07-26 07:21:44 | INFO | config:add:68 | Token added | {'symbol': 'DIAUSDT'}
2026-07-26 07:21:44 | INFO | __main__:_auto_screener_loop:192 | Auto-added new symbol from screener | {'symbol': 'DIAUSDT'}
2026-07-26 07:21:45 | INFO | analysis.claude_strength:calculate_strength_with_claude:174 | Claude input levels | {'symbol': 'DIAUSDT', 'levels': [{'price': 0.11701, 'candle_count': 62, 'hourly_open_bonus': 0, 'round_number_bonus': 0, 'poc_aligned': False, 'position': 'impulse', 'volume_at_level': 163706.0, 'type': 'body_level'}, {'price': 0.11848, 'candle_count': 50, 'hourly_open_bonus': 0, 'round_number_bonus': 0, 'poc_aligned': False, 'position': 'impulse', 'volume_at_level': 164654.0, 'type': 'body_level'}, {'price': 0.1257, 'candle_count': 1, 'hourly_open_bonus': 0, 'round_number_bonus': 0, 'poc_aligned': False, 'position': 'impulse', 'volume_at_level': 35793902.0, 'type': 'pump_base'}]}
2026-07-26 07:21:47 | INFO | analysis.claude_strength:calculate_strength_with_claude:298 | Claude strength assigned | {'symbol': 'DIAUSDT', 'level': 0.11701, 'strength': 4, 'p_bounce_claude': 93, 'reason': 'Body_level impulse, 62 свечей в зоне'}
2026-07-26 07:21:47 | INFO | analysis.claude_strength:calculate_strength_with_claude:298 | Claude strength assigned | {'symbol': 'DIAUSDT', 'level': 0.11848, 'strength': 4, 'p_bounce_claude': 94, 'reason': 'Body_level impulse, 50 свечей в зоне'}
2026-07-26 07:21:47 | INFO | analysis.claude_strength:calculate_strength_with_claude:298 | Claude strength assigned | {'symbol': 'DIAUSDT', 'level': 0.1257, 'strength': 5, 'p_bounce_claude': 96, 'reason': 'Pump_base, объём 5.7x, позиция impulse'}
2026-07-26 07:21:47 | INFO | __main__:_auto_screener_loop:298 | Auto monitoring started | {'symbol': 'DIAUSDT', 'level': 0.1257}
2026-07-26 07:21:47 | INFO | __main__:_auto_screener_loop:306 | Auto screener completed | {'total': 3, 'new': 1}
2026-07-26 07:21:47 | INFO | __main__:_trigger_loop:357 | Trigger activated | {'symbol': 'DIAUSDT'}
2026-07-26 07:24:26 | INFO | __main__:_proximity_arm_loop:1948 | proximity-arm activated | {'symbol': 'DEXEUSDT', 'level': 2.913, 'type': 'pump_base', 'strength': 5, 'dist_atr': 2.58}
2026-07-26 07:24:26 | INFO | __main__:_run_phase1:414 | Pump degraded, skipping monitoring | {'symbol': 'DEXEUSDT', 'health': 40, 'broken': 0, 'correction': '116%'}
2026-07-26 07:31:26 | INFO | __main__:_proximity_arm_loop:1948 | proximity-arm activated | {'symbol': 'ESPORTSUSDT', 'level': 0.045, 'type': 'pump_base', 'strength': 5, 'dist_atr': 1.12}
2026-07-26 07:31:26 | INFO | __main__:_run_phase1:414 | Pump degraded, skipping monitoring | {'symbol': 'ESPORTSUSDT', 'health': 40, 'broken': 0, 'correction': '69%'}
2026-07-26 07:31:49 | INFO | __main__:_auto_screener_loop:306 | Auto screener completed | {'total': 2, 'new': 0}
2026-07-26 07:32:56 | INFO | __main__:_proximity_arm_loop:1948 | proximity-arm activated | {'symbol': 'BANKUSDT', 'level': 0.34016, 'type': 'pump_base', 'strength': 5, 'dist_atr': 3.55}
2026-07-26 07:40:26 | INFO | __main__:_proximity_arm_loop:1948 | proximity-arm activated | {'symbol': 'AKEUSDT', 'level': 0.0030002, 'type': 'pump_base', 'strength': 5, 'dist_atr': 3.57}
2026-07-26 07:40:26 | INFO | __main__:_run_phase1:414 | Pump degraded, skipping monitoring | {'symbol': 'AKEUSDT', 'health': 25, 'broken': 0, 'correction': '74%'}
2026-07-26 07:41:53 | INFO | config:add:68 | Token added | {'symbol': 'PIEVERSEUSDT'}
2026-07-26 07:41:53 | INFO | __main__:_auto_screener_loop:192 | Auto-added new symbol from screener | {'symbol': 'PIEVERSEUSDT'}
2026-07-26 07:41:54 | INFO | analysis.claude_strength:calculate_strength_with_claude:174 | Claude input levels | {'symbol': 'PIEVERSEUSDT', 'levels': [{'price': 0.88931, 'candle_count': 29, 'hourly_open_bonus': 0, 'round_number_bonus': 2, 'poc_aligned': False, 'position': 'mid_move', 'volume_at_level': 219040.0, 'type': 'body_level'}, {'price': 0.9274, 'candle_count': 2, 'hourly_open_bonus': 2, 'round_number_bonus': 2, 'poc_aligned': False, 'position': 'mid_move', 'volume_at_level': 8171718.0, 'type': 'pump_base'}]}
2026-07-26 07:41:56 | INFO | __main__:_proximity_arm_loop:1948 | proximity-arm activated | {'symbol': 'PIEVERSEUSDT', 'level': 0.9524, 'type': 'pump_base', 'strength': 5, 'dist_atr': 1.03}
2026-07-26 07:41:56 | INFO | __main__:_run_phase1:652 | Level monitoring started | {'symbol': 'PIEVERSEUSDT', 'level': 0.9274, 'strength': 5}
2026-07-26 07:41:56 | INFO | analysis.claude_strength:calculate_strength_with_claude:298 | Claude strength assigned | {'symbol': 'PIEVERSEUSDT', 'level': 0.88931, 'strength': 4, 'p_bounce_claude': 93, 'reason': 'Body_level, 29 свечей в зоне, исторический успех 100%'}
2026-07-26 07:41:56 | INFO | analysis.claude_strength:calculate_strength_with_claude:298 | Claude strength assigned | {'symbol': 'PIEVERSEUSDT', 'level': 0.9274, 'strength': 4, 'p_bounce_claude': 94, 'reason': 'Пампбаза, объём 8.9x, открытие 1h'}
2026-07-26 07:41:56 | INFO | __main__:_auto_screener_loop:306 | Auto screener completed | {'total': 4, 'new': 1}
2026-07-26 07:41:58 | INFO | __main__:_trigger_loop:357 | Trigger activated | {'symbol': 'PIEVERSEUSDT'}
2026-07-26 07:44:56 | INFO | __main__:_proximity_arm_loop:1948 | proximity-arm activated | {'symbol': 'RIFUSDT', 'level': 0.08565, 'type': 'pump_base', 'strength': 5, 'dist_atr': 2.62}
2026-07-26 07:44:56 | INFO | __main__:_run_phase1:601 | Level broken in recent candles, skipping monitor | {'symbol': 'RIFUSDT', 'level': 0.08565, 'close_below': 24}
2026-07-26 07:45:20 | INFO | __main__:_trigger_loop:357 | Trigger activated | {'symbol': 'DEXEUSDT'}
2026-07-26 07:45:20 | INFO | __main__:_run_phase1:414 | Pump degraded, skipping monitoring | {'symbol': 'DEXEUSDT', 'health': 40, 'broken': 0, 'correction': '115%'}
2026-07-26 07:50:46 | INFO | __main__:_trigger_loop:357 | Trigger activated | {'symbol': 'RIFUSDT'}
2026-07-26 07:50:47 | INFO | __main__:_run_phase1:601 | Level broken in recent candles, skipping monitor | {'symbol': 'RIFUSDT', 'level': 0.08568, 'close_below': 18}
2026-07-26 07:52:00 | INFO | __main__:_auto_screener_loop:306 | Auto screener completed | {'total': 3, 'new': 0}
2026-07-26 07:53:11 | INFO | __main__:_trigger_loop:357 | Trigger activated | {'symbol': 'ESPORTSUSDT'}
2026-07-26 07:53:11 | INFO | __main__:_run_phase1:414 | Pump degraded, skipping monitoring | {'symbol': 'ESPORTSUSDT', 'health': 40, 'broken': 0, 'correction': '70%'}
2026-07-26 07:56:56 | INFO | __main__:_proximity_arm_loop:1948 | proximity-arm activated | {'symbol': 'DEXEUSDT', 'level': 3.275, 'type': 'pump_base', 'strength': 5, 'dist_atr': 1.95}
2026-07-26 07:56:56 | INFO | __main__:_run_phase1:414 | Pump degraded, skipping monitoring | {'symbol': 'DEXEUSDT', 'health': 40, 'broken': 0, 'correction': '93%'}
2026-07-26 08:00:11 | INFO | __main__:_trigger_loop:357 | Trigger activated | {'symbol': 'EULUSDT'}
2026-07-26 08:00:42 | INFO | __main__:_trigger_loop:357 | Trigger activated | {'symbol': 'BANKUSDT'}
2026-07-26 08:00:42 | INFO | __main__:_run_phase1:535 | No strong levels found | {'symbol': 'BANKUSDT', 'total_levels': 1}
2026-07-26 08:01:26 | INFO | __main__:_proximity_arm_loop:1948 | proximity-arm activated | {'symbol': 'ESPORTSUSDT', 'level': 0.04692, 'type': 'pump_base', 'strength': 5, 'dist_atr': 1.44}
2026-07-26 08:01:26 | INFO | __main__:_run_phase1:652 | Level monitoring started | {'symbol': 'ESPORTSUSDT', 'level': 0.039935, 'strength': 5}
2026-07-26 08:01:39 | INFO | __main__:_trigger_loop:357 | Trigger activated | {'symbol': 'AKEUSDT'}
2026-07-26 08:01:39 | INFO | __main__:_run_phase1:535 | No strong levels found | {'symbol': 'AKEUSDT', 'total_levels': 2}
2026-07-26 08:02:03 | INFO | __main__:_auto_screener_loop:306 | Auto screener completed | {'total': 3, 'new': 0}
2026-07-26 08:02:07 | INFO | __main__:_stale_monitor_loop:1179 | Stale monitor cancelled — rebuilding | {'symbol': 'ESPORTSUSDT', 'level': 0.039935, 'current': 0.04964, 'distance_pct': 19.6}
2026-07-26 08:02:07 | INFO | __main__:_monitored:798 | Monitor cancelled | {'symbol': 'ESPORTSUSDT', 'level': 0.039935}
2026-07-26 08:02:08 | INFO | __main__:_run_phase1:601 | Level broken in recent candles, skipping monitor | {'symbol': 'ESPORTSUSDT', 'level': 0.04692, 'close_below': 11}
2026-07-26 08:03:26 | INFO | __main__:_proximity_arm_loop:1948 | proximity-arm activated | {'symbol': 'BANKUSDT', 'level': 0.35555, 'type': 'pump_base', 'strength': 5, 'dist_atr': 1.54}
2026-07-26 08:04:20 | INFO | trading.strategy2_signal_filter:check:681 | S2 market phase | {'symbol': 'PIEVERSEUSDT', 'phase': 'drop_tradeable', 'note': 'drop_tradeable:bq=1.00'}
2026-07-26 08:04:20 | INFO | __main__:_proximity_loop:1258 | Proximity alert sent | {'symbol': 'PIEVERSEUSDT', 'level': 0.9274, 'distance_pct': 1.6855719283366928}
2026-07-26 08:04:25 | INFO | trading.strategy2_signal_filter:check:681 | S2 market phase | {'symbol': 'PIEVERSEUSDT', 'phase': 'drop_tradeable', 'note': 'drop_tradeable:bq=1.00'}
2026-07-26 08:04:40 | INFO | trading.strategy2_signal_filter:check:681 | S2 market phase | {'symbol': 'PIEVERSEUSDT', 'phase': 'drop_tradeable', 'note': 'drop_tradeable:bq=1.00'}
2026-07-26 08:04:45 | INFO | trading.strategy2_signal_filter:check:681 | S2 market phase | {'symbol': 'PIEVERSEUSDT', 'phase': 'drop_tradeable', 'note': 'drop_tradeable:bq=1.00'}
2026-07-26 08:04:51 | INFO | trading.strategy2_signal_filter:check:681 | S2 market phase | {'symbol': 'PIEVERSEUSDT', 'phase': 'drop_tradeable', 'note': 'drop_tradeable:bq=1.00'}
2026-07-26 08:04:56 | INFO | trading.strategy2_signal_filter:check:681 | S2 market phase | {'symbol': 'PIEVERSEUSDT', 'phase': 'drop_tradeable', 'note': 'drop_tradeable:bq=1.00'}
2026-07-26 08:05:01 | INFO | trading.strategy2_signal_filter:check:681 | S2 market phase | {'symbol': 'PIEVERSEUSDT', 'phase': 'drop_tradeable', 'note': 'drop_tradeable:bq=1.00'}
2026-07-26 08:05:06 | INFO | trading.strategy2_signal_filter:check:681 | S2 market phase | {'symbol': 'PIEVERSEUSDT', 'phase': 'drop_tradeable', 'note': 'drop_tradeable:bq=1.00'}
2026-07-26 08:05:11 | INFO | trading.strategy2_signal_filter:check:681 | S2 market phase | {'symbol': 'PIEVERSEUSDT', 'phase': 'drop_tradeable', 'note': 'drop_tradeable:bq=1.00'}
2026-07-26 08:05:17 | INFO | trading.strategy2_signal_filter:check:681 | S2 market phase | {'symbol': 'PIEVERSEUSDT', 'phase': 'drop_tradeable', 'note': 'drop_tradeable:bq=1.00'}
2026-07-26 08:05:22 | INFO | trading.strategy2_signal_filter:check:681 | S2 market phase | {'symbol': 'PIEVERSEUSDT', 'phase': 'drop_tradeable', 'note': 'drop_tradeable:bq=1.00'}
2026-07-26 08:05:27 | INFO | trading.strategy2_signal_filter:check:681 | S2 market phase | {'symbol': 'PIEVERSEUSDT', 'phase': 'drop_tradeable', 'note': 'drop_tradeable:bq=1.00'}
2026-07-26 08:05:32 | INFO | trading.strategy2_signal_filter:check:681 | S2 market phase | {'symbol': 'PIEVERSEUSDT', 'phase': 'drop_tradeable', 'note': 'drop_tradeable:bq=1.00'}
2026-07-26 08:05:37 | INFO | trading.strategy2_signal_filter:check:681 | S2 market phase | {'symbol': 'PIEVERSEUSDT', 'phase': 'drop_tradeable', 'note': 'drop_tradeable:bq=1.00'}
2026-07-26 08:05:42 | INFO | trading.strategy2_signal_filter:check:681 | S2 market phase | {'symbol': 'PIEVERSEUSDT', 'phase': 'drop_tradeable', 'note': 'drop_tradeable:bq=1.00'}
2026-07-26 08:05:48 | INFO | trading.strategy2_signal_filter:check:681 | S2 market phase | {'symbol': 'PIEVERSEUSDT', 'phase': 'drop_tradeable', 'note': 'drop_tradeable:bq=1.00'}
2026-07-26 08:05:53 | INFO | trading.strategy2_signal_filter:check:681 | S2 market phase | {'symbol': 'PIEVERSEUSDT', 'phase': 'drop_tradeable', 'note': 'drop_tradeable:bq=1.00'}
2026-07-26 08:05:58 | INFO | trading.strategy2_signal_filter:check:681 | S2 market phase | {'symbol': 'PIEVERSEUSDT', 'phase': 'drop_tradeable', 'note': 'drop_tradeable:bq=1.00'}
2026-07-26 08:06:03 | INFO | trading.strategy2_signal_filter:check:681 | S2 market phase | {'symbol': 'PIEVERSEUSDT', 'phase': 'drop_tradeable', 'note': 'drop_tradeable:bq=1.00'}
2026-07-26 08:06:08 | INFO | trading.strategy2_signal_filter:check:681 | S2 market phase | {'symbol': 'PIEVERSEUSDT', 'phase': 'drop_tradeable', 'note': 'drop_tradeable:bq=1.00'}
2026-07-26 08:06:39 | INFO | trading.strategy2_signal_filter:check:681 | S2 market phase | {'symbol': 'PIEVERSEUSDT', 'phase': 'drop_tradeable', 'note': 'drop_tradeable:bq=1.00'}
2026-07-26 08:06:45 | INFO | trading.strategy2_signal_filter:check:681 | S2 market phase | {'symbol': 'PIEVERSEUSDT', 'phase': 'drop_tradeable', 'note': 'drop_tradeable:bq=1.00'}
2026-07-26 08:07:16 | INFO | trading.strategy2_signal_filter:check:681 | S2 market phase | {'symbol': 'PIEVERSEUSDT', 'phase': 'drop_tradeable', 'note': 'drop_tradeable:bq=1.00'}
2026-07-26 08:07:21 | INFO | trading.strategy2_signal_filter:check:681 | S2 market phase | {'symbol': 'PIEVERSEUSDT', 'phase': 'drop_tradeable', 'note': 'drop_tradeable:bq=1.00'}
2026-07-26 08:12:07 | INFO | __main__:_auto_screener_loop:306 | Auto screener completed | {'total': 3, 'new': 0}
2026-07-26 08:12:07 | INFO | __main__:_stale_monitor_loop:1179 | Stale monitor cancelled — rebuilding | {'symbol': 'EULUSDT', 'level': 2.1735, 'current': 2.4606, 'distance_pct': 11.7}
2026-07-26 08:12:07 | INFO | __main__:_monitored:798 | Monitor cancelled | {'symbol': 'EULUSDT', 'level': 2.1735}
2026-07-26 08:12:08 | INFO | __main__:_run_phase1:601 | Level broken in recent candles, skipping monitor | {'symbol': 'EULUSDT', 'level': 2.4002, 'close_below': 23}
2026-07-26 08:13:56 | INFO | __main__:_proximity_arm_loop:1948 | proximity-arm activated | {'symbol': 'EULUSDT', 'level': 2.438, 'type': 'pump_base', 'strength': 5, 'dist_atr': 1.72}
2026-07-26 08:13:57 | INFO | __main__:_run_phase1:601 | Level broken in recent candles, skipping monitor | {'symbol': 'EULUSDT', 'level': 2.438, 'close_below': 27}
2026-07-26 08:14:56 | INFO | __main__:_proximity_arm_loop:1948 | proximity-arm activated | {'symbol': 'RIFUSDT', 'level': 0.08958, 'type': 'pump_base', 'strength': 5, 'dist_atr': 1.71}
2026-07-26 08:14:57 | INFO | __main__:_run_phase1:601 | Level broken in recent candles, skipping monitor | {'symbol': 'RIFUSDT', 'level': 0.08958, 'close_below': 16}
2026-07-26 08:15:56 | INFO | __main__:_proximity_arm_loop:1948 | proximity-arm activated | {'symbol': 'AKEUSDT', 'level': 0.0031825, 'type': 'pump_base', 'strength': 5, 'dist_atr': 1.3}
2026-07-26 08:15:56 | INFO | __main__:_run_phase1:535 | No strong levels found | {'symbol': 'AKEUSDT', 'total_levels': 1}
2026-07-26 08:19:11 | INFO | trading.strategy2_signal_filter:check:681 | S2 market phase | {'symbol': 'PIEVERSEUSDT', 'phase': 'drop_tradeable', 'note': 'drop_tradeable:bq=0.86'}
2026-07-26 08:19:16 | INFO | trading.strategy2_signal_filter:check:681 | S2 market phase | {'symbol': 'PIEVERSEUSDT', 'phase': 'drop_tradeable', 'note': 'drop_tradeable:bq=0.86'}
2026-07-26 08:19:21 | INFO | trading.strategy2_signal_filter:check:681 | S2 market phase | {'symbol': 'PIEVERSEUSDT', 'phase': 'drop_tradeable', 'note': 'drop_tradeable:bq=0.86'}
2026-07-26 08:19:26 | INFO | trading.strategy2_signal_filter:check:681 | S2 market phase | {'symbol': 'PIEVERSEUSDT', 'phase': 'drop_tradeable', 'note': 'drop_tradeable:bq=0.86'}
2026-07-26 08:19:32 | INFO | trading.strategy2_signal_filter:check:681 | S2 market phase | {'symbol': 'PIEVERSEUSDT', 'phase': 'drop_tradeable', 'note': 'drop_tradeable:bq=0.86'}
2026-07-26 08:19:37 | INFO | trading.strategy2_signal_filter:check:681 | S2 market phase | {'symbol': 'PIEVERSEUSDT', 'phase': 'drop_tradeable', 'note': 'drop_tradeable:bq=0.86'}
2026-07-26 08:19:42 | INFO | trading.strategy2_signal_filter:check:681 | S2 market phase | {'symbol': 'PIEVERSEUSDT', 'phase': 'drop_tradeable', 'note': 'drop_tradeable:bq=0.86'}
2026-07-26 08:21:51 | INFO | __main__:_trigger_loop:357 | Trigger activated | {'symbol': 'DIAUSDT'}
2026-07-26 08:21:52 | INFO | __main__:_run_phase1:575 | Replaced old monitor with closer level | {'symbol': 'DIAUSDT', 'old': 0.1257, 'new': 0.1374}
2026-07-26 08:21:52 | INFO | __main__:_monitored:798 | Monitor cancelled | {'symbol': 'DIAUSDT', 'level': 0.1257}
2026-07-26 08:21:52 | INFO | __main__:_run_phase1:601 | Level broken in recent candles, skipping monitor | {'symbol': 'DIAUSDT', 'level': 0.1374, 'close_below': 13}
2026-07-26 08:22:11 | INFO | __main__:_auto_screener_loop:306 | Auto screener completed | {'total': 4, 'new': 0}
2026-07-26 08:23:26 | INFO | __main__:_proximity_arm_loop:1948 | proximity-arm activated | {'symbol': 'DIAUSDT', 'level': 0.1374, 'type': 'pump_base', 'strength': 5, 'dist_atr': 2.6}
2026-07-26 08:30:26 | INFO | __main__:_proximity_arm_loop:1948 | proximity-arm activated | {'symbol': 'DEXEUSDT', 'level': 3.26, 'type': 'pump_base', 'strength': 5, 'dist_atr': 2.25}
2026-07-26 08:30:26 | INFO | __main__:_run_phase1:414 | Pump degraded, skipping monitoring | {'symbol': 'DEXEUSDT', 'health': 40, 'broken': 0, 'correction': '170%'}
2026-07-26 08:32:14 | INFO | __main__:_auto_screener_loop:306 | Auto screener completed | {'total': 4, 'new': 0}
2026-07-26 08:34:57 | INFO | __main__:_proximity_arm_loop:1948 | proximity-arm activated | {'symbol': 'ESPORTSUSDT', 'level': 0.05704, 'type': 'pump_base', 'strength': 5, 'dist_atr': 1.22}
2026-07-26 08:39:57 | INFO | __main__:_proximity_arm_loop:1948 | proximity-arm activated | {'symbol': 'BANKUSDT', 'level': 0.37049, 'type': 'pump_base', 'strength': 5, 'dist_atr': 1.09}
2026-07-26 08:39:57 | INFO | __main__:_run_phase1:652 | Level monitoring started | {'symbol': 'BANKUSDT', 'level': 0.34919, 'strength': 5}
2026-07-26 08:42:18 | INFO | __main__:_auto_screener_loop:306 | Auto screener completed | {'total': 4, 'new': 0}
2026-07-26 08:44:57 | INFO | __main__:_proximity_arm_loop:1948 | proximity-arm activated | {'symbol': 'EULUSDT', 'level': 2.2914, 'type': 'pump_base', 'strength': 5, 'dist_atr': 1.26}
2026-07-26 08:44:57 | INFO | __main__:_run_phase1:652 | Level monitoring started | {'symbol': 'EULUSDT', 'level': 2.2147, 'strength': 4}
2026-07-26 08:45:27 | INFO | __main__:_proximity_arm_loop:1948 | proximity-arm activated | {'symbol': 'RIFUSDT', 'level': 0.08602, 'type': 'pump_base', 'strength': 5, 'dist_atr': 2.76}
2026-07-26 08:45:28 | INFO | __main__:_run_phase1:652 | Level monitoring started | {'symbol': 'RIFUSDT', 'level': 0.08602, 'strength': 5}
2026-07-26 08:46:07 | INFO | __main__:_trigger_loop:357 | Trigger activated | {'symbol': 'DEXEUSDT'}
2026-07-26 08:46:07 | INFO | __main__:_run_phase1:414 | Pump degraded, skipping monitoring | {'symbol': 'DEXEUSDT', 'health': 40, 'broken': 0, 'correction': '138%'}
2026-07-26 08:50:51 | INFO | __main__:_trigger_loop:357 | Trigger activated | {'symbol': 'RIFUSDT'}
2026-07-26 08:51:53 | INFO | trading.strategy2_signal_filter:check:681 | S2 market phase | {'symbol': 'PIEVERSEUSDT', 'phase': 'drop_tradeable', 'note': 'drop_tradeable:bq=0.82'}
2026-07-26 08:51:58 | INFO | trading.strategy2_signal_filter:check:681 | S2 market phase | {'symbol': 'PIEVERSEUSDT', 'phase': 'drop_tradeable', 'note': 'drop_tradeable:bq=0.82'}
2026-07-26 08:52:04 | INFO | trading.strategy2_signal_filter:check:681 | S2 market phase | {'symbol': 'PIEVERSEUSDT', 'phase': 'drop_tradeable', 'note': 'drop_tradeable:bq=0.82'}
2026-07-26 08:52:09 | INFO | trading.strategy2_signal_filter:check:681 | S2 market phase | {'symbol': 'PIEVERSEUSDT', 'phase': 'drop_tradeable', 'note': 'drop_tradeable:bq=0.82'}
2026-07-26 08:52:14 | INFO | trading.strategy2_signal_filter:check:681 | S2 market phase | {'symbol': 'PIEVERSEUSDT', 'phase': 'drop_tradeable', 'note': 'drop_tradeable:bq=0.82'}
2026-07-26 08:52:19 | INFO | trading.strategy2_signal_filter:check:681 | S2 market phase | {'symbol': 'PIEVERSEUSDT', 'phase': 'drop_tradeable', 'note': 'drop_tradeable:bq=0.82'}
2026-07-26 08:52:22 | INFO | __main__:_auto_screener_loop:306 | Auto screener completed | {'total': 4, 'new': 0}
2026-07-26 08:52:24 | INFO | trading.strategy2_signal_filter:check:681 | S2 market phase | {'symbol': 'PIEVERSEUSDT', 'phase': 'drop_tradeable', 'note': 'drop_tradeable:bq=0.82'}
2026-07-26 08:52:40 | INFO | trading.strategy2_signal_filter:check:681 | S2 market phase | {'symbol': 'PIEVERSEUSDT', 'phase': 'drop_tradeable', 'note': 'drop_tradeable:bq=0.82'}
2026-07-26 08:52:45 | INFO | trading.strategy2_signal_filter:check:681 | S2 market phase | {'symbol': 'PIEVERSEUSDT', 'phase': 'drop_tradeable', 'note': 'drop_tradeable:bq=0.82'}
2026-07-26 08:52:50 | INFO | trading.strategy2_signal_filter:check:681 | S2 market phase | {'symbol': 'PIEVERSEUSDT', 'phase': 'drop_tradeable', 'note': 'drop_tradeable:bq=0.82'}
2026-07-26 08:52:55 | INFO | trading.strategy2_signal_filter:check:681 | S2 market phase | {'symbol': 'PIEVERSEUSDT', 'phase': 'drop_tradeable', 'note': 'drop_tradeable:bq=0.82'}
2026-07-26 08:53:01 | INFO | trading.strategy2_signal_filter:check:681 | S2 market phase | {'symbol': 'PIEVERSEUSDT', 'phase': 'drop_tradeable', 'note': 'drop_tradeable:bq=0.82'}
2026-07-26 08:53:06 | INFO | trading.strategy2_signal_filter:check:681 | S2 market phase | {'symbol': 'PIEVERSEUSDT', 'phase': 'drop_tradeable', 'note': 'drop_tradeable:bq=0.82'}
2026-07-26 08:53:11 | INFO | trading.strategy2_signal_filter:check:681 | S2 market phase | {'symbol': 'PIEVERSEUSDT', 'phase': 'drop_tradeable', 'note': 'drop_tradeable:bq=0.82'}
2026-07-26 08:53:16 | INFO | __main__:_trigger_loop:357 | Trigger activated | {'symbol': 'ESPORTSUSDT'}
2026-07-26 08:53:16 | INFO | __main__:_run_phase1:535 | No strong levels found | {'symbol': 'ESPORTSUSDT', 'total_levels': 2}
2026-07-26 08:53:16 | INFO | trading.strategy2_signal_filter:check:681 | S2 market phase | {'symbol': 'PIEVERSEUSDT', 'phase': 'drop_tradeable', 'note': 'drop_tradeable:bq=0.82'}
2026-07-26 08:53:21 | INFO | trading.strategy2_signal_filter:check:681 | S2 market phase | {'symbol': 'PIEVERSEUSDT', 'phase': 'drop_tradeable', 'note': 'drop_tradeable:bq=0.82'}
2026-07-26 08:53:26 | INFO | trading.strategy2_signal_filter:check:681 | S2 market phase | {'symbol': 'PIEVERSEUSDT', 'phase': 'drop_tradeable', 'note': 'drop_tradeable:bq=0.82'}
2026-07-26 08:53:27 | INFO | __main__:_proximity_arm_loop:1948 | proximity-arm activated | {'symbol': 'DIAUSDT', 'level': 0.1372, 'type': 'pump_base', 'strength': 5, 'dist_atr': 1.2}
2026-07-26 08:53:27 | INFO | __main__:_run_phase1:535 | No strong levels found | {'symbol': 'DIAUSDT', 'total_levels': 1}
2026-07-26 08:53:32 | INFO | trading.strategy2_signal_filter:check:681 | S2 market phase | {'symbol': 'PIEVERSEUSDT', 'phase': 'drop_tradeable', 'note': 'drop_tradeable:bq=0.82'}
2026-07-26 08:53:37 | INFO | trading.strategy2_signal_filter:check:681 | S2 market phase | {'symbol': 'PIEVERSEUSDT', 'phase': 'drop_tradeable', 'note': 'drop_tradeable:bq=0.82'}
2026-07-26 08:53:42 | INFO | trading.strategy2_signal_filter:check:681 | S2 market phase | {'symbol': 'PIEVERSEUSDT', 'phase': 'drop_tradeable', 'note': 'drop_tradeable:bq=0.82'}
2026-07-26 08:54:03 | INFO | trading.strategy2_signal_filter:check:681 | S2 market phase | {'symbol': 'PIEVERSEUSDT', 'phase': 'drop_tradeable', 'note': 'drop_tradeable:bq=0.82'}
2026-07-26 08:54:08 | INFO | trading.strategy2_signal_filter:check:681 | S2 market phase | {'symbol': 'PIEVERSEUSDT', 'phase': 'drop_tradeable', 'note': 'drop_tradeable:bq=0.82'}
2026-07-26 08:54:13 | INFO | trading.strategy2_signal_filter:check:681 | S2 market phase | {'symbol': 'PIEVERSEUSDT', 'phase': 'drop_tradeable', 'note': 'drop_tradeable:bq=0.82'}
2026-07-26 08:54:23 | INFO | trading.strategy2_signal_filter:check:681 | S2 market phase | {'symbol': 'PIEVERSEUSDT', 'phase': 'drop_tradeable', 'note': 'drop_tradeable:bq=0.82'}
2026-07-26 08:54:29 | INFO | trading.strategy2_signal_filter:check:681 | S2 market phase | {'symbol': 'PIEVERSEUSDT', 'phase': 'drop_tradeable', 'note': 'drop_tradeable:bq=0.82'}
2026-07-26 08:54:34 | INFO | trading.strategy2_signal_filter:check:681 | S2 market phase | {'symbol': 'PIEVERSEUSDT', 'phase': 'drop_tradeable', 'note': 'drop_tradeable:bq=0.82'}
2026-07-26 08:59:29 | INFO | trading.strategy2_signal_filter:check:681 | S2 market phase | {'symbol': 'PIEVERSEUSDT', 'phase': 'drop_tradeable', 'note': 'drop_tradeable:bq=0.82'}
2026-07-26 08:59:34 | INFO | trading.strategy2_signal_filter:check:681 | S2 market phase | {'symbol': 'PIEVERSEUSDT', 'phase': 'drop_tradeable', 'note': 'drop_tradeable:bq=0.82'}
2026-07-26 08:59:39 | INFO | trading.strategy2_signal_filter:check:681 | S2 market phase | {'symbol': 'PIEVERSEUSDT', 'phase': 'drop_tradeable', 'note': 'drop_tradeable:bq=0.82'}
2026-07-26 08:59:44 | INFO | trading.strategy2_signal_filter:check:681 | S2 market phase | {'symbol': 'PIEVERSEUSDT', 'phase': 'drop_tradeable', 'note': 'drop_tradeable:bq=0.82'}
2026-07-26 08:59:49 | INFO | trading.strategy2_signal_filter:check:681 | S2 market phase | {'symbol': 'PIEVERSEUSDT', 'phase': 'drop_tradeable', 'note': 'drop_tradeable:bq=0.82'}
2026-07-26 08:59:55 | INFO | trading.strategy2_signal_filter:check:681 | S2 market phase | {'symbol': 'PIEVERSEUSDT', 'phase': 'drop_tradeable', 'note': 'drop_tradeable:bq=0.82'}
2026-07-26 09:00:00 | INFO | trading.strategy2_signal_filter:check:681 | S2 market phase | {'symbol': 'PIEVERSEUSDT', 'phase': 'drop_tradeable', 'note': 'drop_tradeable:bq=0.82'}
2026-07-26 09:00:05 | INFO | trading.strategy2_signal_filter:check:681 | S2 market phase | {'symbol': 'PIEVERSEUSDT', 'phase': 'drop_tradeable', 'note': 'drop_tradeable:bq=0.82'}
2026-07-26 09:00:10 | INFO | trading.strategy2_signal_filter:check:681 | S2 market phase | {'symbol': 'PIEVERSEUSDT', 'phase': 'drop_tradeable', 'note': 'drop_tradeable:bq=0.82'}
2026-07-26 09:00:15 | INFO | trading.strategy2_signal_filter:check:681 | S2 market phase | {'symbol': 'PIEVERSEUSDT', 'phase': 'drop_tradeable', 'note': 'drop_tradeable:bq=0.82'}
2026-07-26 09:00:20 | INFO | __main__:_trigger_loop:357 | Trigger activated | {'symbol': 'EULUSDT'}
2026-07-26 09:00:21 | INFO | trading.strategy2_signal_filter:check:681 | S2 market phase | {'symbol': 'PIEVERSEUSDT', 'phase': 'drop_tradeable', 'note': 'drop_tradeable:bq=0.82'}
2026-07-26 09:00:26 | INFO | trading.strategy2_signal_filter:check:681 | S2 market phase | {'symbol': 'PIEVERSEUSDT', 'phase': 'drop_tradeable', 'note': 'drop_tradeable:bq=0.82'}
2026-07-26 09:00:31 | INFO | trading.strategy2_signal_filter:check:681 | S2 market phase | {'symbol': 'PIEVERSEUSDT', 'phase': 'drop_tradeable', 'note': 'drop_tradeable:bq=0.82'}
2026-07-26 09:00:36 | INFO | trading.strategy2_signal_filter:check:681 | S2 market phase | {'symbol': 'PIEVERSEUSDT', 'phase': 'drop_tradeable', 'note': 'drop_tradeable:bq=0.82'}
2026-07-26 09:00:41 | INFO | trading.strategy2_signal_filter:check:681 | S2 market phase | {'symbol': 'PIEVERSEUSDT', 'phase': 'drop_tradeable', 'note': 'drop_tradeable:bq=0.82'}
2026-07-26 09:00:46 | INFO | trading.strategy2_signal_filter:check:681 | S2 market phase | {'symbol': 'PIEVERSEUSDT', 'phase': 'drop_tradeable', 'note': 'drop_tradeable:bq=0.82'}
2026-07-26 09:00:52 | INFO | trading.strategy2_signal_filter:check:681 | S2 market phase | {'symbol': 'PIEVERSEUSDT', 'phase': 'drop_tradeable', 'note': 'drop_tradeable:bq=0.82'}
2026-07-26 09:01:07 | INFO | trading.strategy2_signal_filter:check:681 | S2 market phase | {'symbol': 'PIEVERSEUSDT', 'phase': 'drop_tradeable', 'note': 'drop_tradeable:bq=0.82'}
2026-07-26 09:01:12 | INFO | trading.strategy2_signal_filter:check:681 | S2 market phase | {'symbol': 'PIEVERSEUSDT', 'phase': 'drop_tradeable', 'note': 'drop_tradeable:bq=0.82'}
2026-07-26 09:01:17 | INFO | __main__:_trigger_loop:357 | Trigger activated | {'symbol': 'BANKUSDT'}
2026-07-26 09:01:18 | INFO | __main__:_run_phase1:575 | Replaced old monitor with closer level | {'symbol': 'BANKUSDT', 'old': 0.34919, 'new': 0.35555}
2026-07-26 09:01:18 | INFO | __main__:_monitored:798 | Monitor cancelled | {'symbol': 'BANKUSDT', 'level': 0.34919}
2026-07-26 09:01:18 | INFO | trading.strategy2_signal_filter:check:681 | S2 market phase | {'symbol': 'PIEVERSEUSDT', 'phase': 'drop_tradeable', 'note': 'drop_tradeable:bq=0.82'}
2026-07-26 09:01:18 | INFO | __main__:_run_phase1:652 | Level monitoring started | {'symbol': 'BANKUSDT', 'level': 0.35555, 'strength': 5}
2026-07-26 09:01:23 | INFO | trading.strategy2_signal_filter:check:681 | S2 market phase | {'symbol': 'PIEVERSEUSDT', 'phase': 'drop_tradeable', 'note': 'drop_tradeable:bq=0.82'}
2026-07-26 09:01:28 | INFO | trading.strategy2_signal_filter:check:681 | S2 market phase | {'symbol': 'PIEVERSEUSDT', 'phase': 'drop_tradeable', 'note': 'drop_tradeable:bq=0.82'}
2026-07-26 09:01:33 | INFO | trading.strategy2_signal_filter:check:681 | S2 market phase | {'symbol': 'PIEVERSEUSDT', 'phase': 'drop_tradeable', 'note': 'drop_tradeable:bq=0.82'}
2026-07-26 09:01:38 | INFO | trading.strategy2_signal_filter:check:681 | S2 market phase | {'symbol': 'PIEVERSEUSDT', 'phase': 'drop_tradeable', 'note': 'drop_tradeable:bq=0.82'}
2026-07-26 09:01:43 | INFO | trading.strategy2_signal_filter:check:681 | S2 market phase | {'symbol': 'PIEVERSEUSDT', 'phase': 'drop_tradeable', 'note': 'drop_tradeable:bq=0.82'}
2026-07-26 09:01:48 | INFO | trading.strategy2_signal_filter:check:681 | S2 market phase | {'symbol': 'PIEVERSEUSDT', 'phase': 'drop_tradeable', 'note': 'drop_tradeable:bq=0.82'}
2026-07-26 09:01:54 | INFO | trading.strategy2_signal_filter:check:681 | S2 market phase | {'symbol': 'PIEVERSEUSDT', 'phase': 'drop_tradeable', 'note': 'drop_tradeable:bq=0.82'}
2026-07-26 09:01:59 | INFO | trading.strategy2_signal_filter:check:681 | S2 market phase | {'symbol': 'PIEVERSEUSDT', 'phase': 'drop_tradeable', 'note': 'drop_tradeable:bq=0.82'}
2026-07-26 09:02:04 | INFO | trading.strategy2_signal_filter:check:681 | S2 market phase | {'symbol': 'PIEVERSEUSDT', 'phase': 'drop_tradeable', 'note': 'drop_tradeable:bq=0.82'}
2026-07-26 09:02:09 | INFO | trading.strategy2_signal_filter:check:681 | S2 market phase | {'symbol': 'PIEVERSEUSDT', 'phase': 'drop_tradeable', 'note': 'drop_tradeable:bq=0.82'}
2026-07-26 09:02:14 | INFO | trading.strategy2_signal_filter:check:681 | S2 market phase | {'symbol': 'PIEVERSEUSDT', 'phase': 'drop_tradeable', 'note': 'drop_tradeable:bq=0.82'}
2026-07-26 09:02:25 | INFO | __main__:_auto_screener_loop:306 | Auto screener completed | {'total': 3, 'new': 0}
2026-07-26 09:02:45 | INFO | analysis.monitor:start_monitor:126 | monitor: skip level with non-positive p_bounce (won't pass entry filter) | {'symbol': 'PIEVERSEUSDT', 'level': 0.9451999999999999, 'level_type': 'wick_level', 'p_bounce': 0.0, 'expected_depth': 0.0}
2026-07-26 09:02:45 | INFO | __main__:_monitored:798 | Monitor cancelled | {'symbol': 'PIEVERSEUSDT', 'level': 0.9274}
2026-07-26 09:02:46 | INFO | __main__:_start_resistance_after_bounce:1116 | Resistance monitor started | {'symbol': 'PIEVERSEUSDT', 'resistance': 0.9451999999999999, 'from_support': 0.9274}
2026-07-26 09:02:46 | INFO | __main__:_monitored:787 | Level outcome saved | {'symbol': 'PIEVERSEUSDT', 'level': 0.9451999999999999, 'result': 'отбой', 'outcome': None, 'duration': 0.0}
2026-07-26 09:03:27 | INFO | __main__:_proximity_arm_loop:1948 | proximity-arm activated | {'symbol': 'DEXEUSDT', 'level': 3.636, 'type': 'pump_base', 'strength': 5, 'dist_atr': 1.18}
2026-07-26 09:03:27 | INFO | __main__:_run_phase1:414 | Pump degraded, skipping monitoring | {'symbol': 'DEXEUSDT', 'health': 40, 'broken': 0, 'correction': '106%'}
2026-07-26 09:03:57 | INFO | __main__:_proximity_arm_loop:1948 | proximity-arm activated | {'symbol': 'PIEVERSEUSDT', 'level': 0.89425, 'type': 'pump_base', 'strength': 5, 'dist_atr': 1.96}
2026-07-26 09:03:58 | INFO | __main__:_run_phase1:652 | Level monitoring started | {'symbol': 'PIEVERSEUSDT', 'level': 0.89425, 'strength': 5}
2026-07-26 09:04:58 | INFO | __main__:_proximity_arm_loop:1948 | proximity-arm activated | {'symbol': 'ESPORTSUSDT', 'level': 0.04113, 'type': 'pump_base', 'strength': 5, 'dist_atr': 1.41}
2026-07-26 09:04:58 | INFO | __main__:_run_phase1:414 | Pump degraded, skipping monitoring | {'symbol': 'ESPORTSUSDT', 'health': 40, 'broken': 0, 'correction': '94%'}
2026-07-26 09:05:16 | INFO | __main__:_proximity_loop:1258 | Proximity alert sent | {'symbol': 'PIEVERSEUSDT', 'level': 0.89425, 'distance_pct': 1.7199692273876306}
2026-07-26 09:05:16 | INFO | trading.strategy2_signal_filter:check:681 | S2 market phase | {'symbol': 'PIEVERSEUSDT', 'phase': 'drop_tradeable', 'note': 'drop_tradeable:bq=0.66'}
2026-07-26 09:05:18 | INFO | trading.strategy2_signal_filter:check:681 | S2 market phase | {'symbol': 'PIEVERSEUSDT', 'phase': 'drop_tradeable', 'note': 'drop_tradeable:bq=0.66'}
2026-07-26 09:05:23 | INFO | trading.strategy2_signal_filter:check:681 | S2 market phase | {'symbol': 'PIEVERSEUSDT', 'phase': 'drop_tradeable', 'note': 'drop_tradeable:bq=0.66'}
2026-07-26 09:05:28 | INFO | trading.strategy2_signal_filter:check:681 | S2 market phase | {'symbol': 'PIEVERSEUSDT', 'phase': 'drop_tradeable', 'note': 'drop_tradeable:bq=0.66'}
2026-07-26 09:05:31 | INFO | trading.strategy2_signal_filter:check:681 | S2 market phase | {'symbol': 'PIEVERSEUSDT', 'phase': 'drop_tradeable', 'note': 'drop_tradeable:bq=0.66'}
2026-07-26 09:05:33 | INFO | trading.strategy2_signal_filter:check:681 | S2 market phase | {'symbol': 'PIEVERSEUSDT', 'phase': 'drop_tradeable', 'note': 'drop_tradeable:bq=0.66'}
2026-07-26 09:08:01 | INFO | trading.strategy2_signal_filter:check:681 | S2 market phase | {'symbol': 'PIEVERSEUSDT', 'phase': 'drop_tradeable', 'note': 'drop_tradeable:bq=0.66'}
2026-07-26 09:08:48 | INFO | trading.strategy2_signal_filter:check:681 | S2 market phase | {'symbol': 'PIEVERSEUSDT', 'phase': 'drop_tradeable', 'note': 'drop_tradeable:bq=0.66'}
2026-07-26 09:09:04 | INFO | trading.strategy2_signal_filter:check:681 | S2 market phase | {'symbol': 'PIEVERSEUSDT', 'phase': 'drop_tradeable', 'note': 'drop_tradeable:bq=0.66'}
2026-07-26 09:09:55 | INFO | trading.strategy2_signal_filter:check:681 | S2 market phase | {'symbol': 'PIEVERSEUSDT', 'phase': 'drop_tradeable', 'note': 'drop_tradeable:bq=0.66'}
2026-07-26 09:09:55 | INFO | trading.strategy2_signal_filter:check:681 | S2 market phase | {'symbol': 'PIEVERSEUSDT', 'phase': 'drop_tradeable', 'note': 'drop_tradeable:bq=0.66'}
2026-07-26 09:10:01 | INFO | trading.strategy2_signal_filter:check:681 | S2 market phase | {'symbol': 'PIEVERSEUSDT', 'phase': 'drop_tradeable', 'note': 'drop_tradeable:bq=0.66'}
2026-07-26 09:10:06 | INFO | trading.strategy2_signal_filter:check:681 | S2 market phase | {'symbol': 'PIEVERSEUSDT', 'phase': 'drop_tradeable', 'note': 'drop_tradeable:bq=0.66'}
2026-07-26 09:10:11 | INFO | trading.strategy2_signal_filter:check:681 | S2 market phase | {'symbol': 'PIEVERSEUSDT', 'phase': 'drop_tradeable', 'note': 'drop_tradeable:bq=0.66'}
2026-07-26 09:10:11 | INFO | trading.strategy2_signal_filter:check:681 | S2 market phase | {'symbol': 'PIEVERSEUSDT', 'phase': 'drop_tradeable', 'note': 'drop_tradeable:bq=0.66'}
2026-07-26 09:10:16 | INFO | trading.strategy2_signal_filter:check:681 | S2 market phase | {'symbol': 'PIEVERSEUSDT', 'phase': 'drop_tradeable', 'note': 'drop_tradeable:bq=0.66'}
2026-07-26 09:10:42 | INFO | trading.strategy2_signal_filter:check:681 | S2 market phase | {'symbol': 'PIEVERSEUSDT', 'phase': 'drop_tradeable', 'note': 'drop_tradeable:bq=0.66'}
2026-07-26 09:10:42 | INFO | trading.strategy2_signal_filter:check:681 | S2 market phase | {'symbol': 'PIEVERSEUSDT', 'phase': 'drop_tradeable', 'note': 'drop_tradeable:bq=0.66'}
2026-07-26 09:10:47 | INFO | trading.strategy2_signal_filter:check:681 | S2 market phase | {'symbol': 'PIEVERSEUSDT', 'phase': 'drop_tradeable', 'note': 'drop_tradeable:bq=0.66'}
2026-07-26 09:10:52 | INFO | trading.strategy2_signal_filter:check:681 | S2 market phase | {'symbol': 'PIEVERSEUSDT', 'phase': 'drop_tradeable', 'note': 'drop_tradeable:bq=0.66'}
2026-07-26 09:10:58 | INFO | trading.strategy2_signal_filter:check:681 | S2 market phase | {'symbol': 'PIEVERSEUSDT', 'phase': 'drop_tradeable', 'note': 'drop_tradeable:bq=0.66'}
2026-07-26 09:10:58 | INFO | trading.strategy2_signal_filter:check:681 | S2 market phase | {'symbol': 'PIEVERSEUSDT', 'phase': 'drop_tradeable', 'note': 'drop_tradeable:bq=0.66'}
2026-07-26 09:11:03 | INFO | trading.strategy2_signal_filter:check:681 | S2 market phase | {'symbol': 'PIEVERSEUSDT', 'phase': 'drop_tradeable', 'note': 'drop_tradeable:bq=0.66'}
2026-07-26 09:11:08 | INFO | trading.strategy2_signal_filter:check:681 | S2 market phase | {'symbol': 'PIEVERSEUSDT', 'phase': 'drop_tradeable', 'note': 'drop_tradeable:bq=0.66'}
2026-07-26 09:11:13 | INFO | trading.strategy2_signal_filter:check:681 | S2 market phase | {'symbol': 'PIEVERSEUSDT', 'phase': 'drop_tradeable', 'note': 'drop_tradeable:bq=0.66'}
2026-07-26 09:11:13 | INFO | trading.strategy2_signal_filter:check:681 | S2 market phase | {'symbol': 'PIEVERSEUSDT', 'phase': 'drop_tradeable', 'note': 'drop_tradeable:bq=0.66'}
2026-07-26 09:11:29 | INFO | trading.strategy2_signal_filter:check:681 | S2 market phase | {'symbol': 'PIEVERSEUSDT', 'phase': 'drop_tradeable', 'note': 'drop_tradeable:bq=0.66'}
2026-07-26 09:11:44 | INFO | trading.strategy2_signal_filter:check:681 | S2 market phase | {'symbol': 'PIEVERSEUSDT', 'phase': 'drop_tradeable', 'note': 'drop_tradeable:bq=0.66'}
2026-07-26 09:12:00 | INFO | trading.strategy2_signal_filter:check:681 | S2 market phase | {'symbol': 'PIEVERSEUSDT', 'phase': 'drop_tradeable', 'note': 'drop_tradeable:bq=0.66'}
2026-07-26 09:12:15 | INFO | trading.strategy2_signal_filter:check:681 | S2 market phase | {'symbol': 'PIEVERSEUSDT', 'phase': 'drop_tradeable', 'note': 'drop_tradeable:bq=0.66'}
2026-07-26 09:12:28 | INFO | __main__:_auto_screener_loop:306 | Auto screener completed | {'total': 2, 'new': 0}
2026-07-26 09:13:07 | INFO | trading.strategy2_signal_filter:check:681 | S2 market phase | {'symbol': 'PIEVERSEUSDT', 'phase': 'drop_tradeable', 'note': 'drop_tradeable:bq=0.66'}
2026-07-26 09:13:28 | INFO | analysis.monitor:start_monitor:126 | monitor: skip level with non-positive p_bounce (won't pass entry filter) | {'symbol': 'PIEVERSEUSDT', 'level': 0.9121206896551723, 'level_type': 'wick_level', 'p_bounce': 0.0, 'expected_depth': 0.0}
2026-07-26 09:13:28 | INFO | __main__:_monitored:798 | Monitor cancelled | {'symbol': 'PIEVERSEUSDT', 'level': 0.89425}
2026-07-26 09:13:28 | INFO | trading.strategy2_signal_filter:check:681 | S2 market phase | {'symbol': 'PIEVERSEUSDT', 'phase': 'drop_tradeable', 'note': 'drop_tradeable:bq=0.66'}
2026-07-26 09:13:28 | INFO | __main__:_start_resistance_after_bounce:1116 | Resistance monitor started | {'symbol': 'PIEVERSEUSDT', 'resistance': 0.9121206896551723, 'from_support': 0.89425}
2026-07-26 09:13:28 | INFO | __main__:_monitored:787 | Level outcome saved | {'symbol': 'PIEVERSEUSDT', 'level': 0.9121206896551723, 'result': 'отбой', 'outcome': None, 'duration': 0.0}
2026-07-26 09:22:21 | INFO | __main__:_trigger_loop:357 | Trigger activated | {'symbol': 'DIAUSDT'}
2026-07-26 09:22:22 | INFO | __main__:_run_phase1:652 | Level monitoring started | {'symbol': 'DIAUSDT', 'level': 0.1372, 'strength': 4}
2026-07-26 09:22:31 | INFO | __main__:_auto_screener_loop:306 | Auto screener completed | {'total': 3, 'new': 0}
2026-07-26 09:22:32 | INFO | trading.strategy2_signal_filter:check:533 | S2 skip: approach>=block (G3, level exhausted) | {'symbol': 'DIAUSDT', 'level': 0.1372, 'approach_count': 19, 'block_threshold': 4}
2026-07-26 09:22:32 | INFO | trading.strategy2_signal_filter:check:545 | S2: level marked dead, monitor will stop sending proximity | {'symbol': 'DIAUSDT', 'level': 0.1372, 'approach_count': 19}
2026-07-26 09:22:32 | INFO | __main__:_proximity_loop:1258 | Proximity alert sent | {'symbol': 'DIAUSDT', 'level': 0.1372, 'distance_pct': 1.010101010101019}
2026-07-26 09:22:32 | INFO | trading.strategy2_signal_filter:check:533 | S2 skip: approach>=block (G3, level exhausted) | {'symbol': 'DIAUSDT', 'level': 0.1372, 'approach_count': 19, 'block_threshold': 4}
2026-07-26 09:22:47 | INFO | trading.strategy2_signal_filter:check:533 | S2 skip: approach>=block (G3, level exhausted) | {'symbol': 'DIAUSDT', 'level': 0.1372, 'approach_count': 19, 'block_threshold': 4}
2026-07-26 09:23:03 | INFO | trading.strategy2_signal_filter:check:533 | S2 skip: approach>=block (G3, level exhausted) | {'symbol': 'DIAUSDT', 'level': 0.1372, 'approach_count': 19, 'block_threshold': 4}
2026-07-26 09:23:18 | INFO | trading.strategy2_signal_filter:check:533 | S2 skip: approach>=block (G3, level exhausted) | {'symbol': 'DIAUSDT', 'level': 0.1372, 'approach_count': 19, 'block_threshold': 4}
2026-07-26 09:23:34 | INFO | trading.strategy2_signal_filter:check:533 | S2 skip: approach>=block (G3, level exhausted) | {'symbol': 'DIAUSDT', 'level': 0.1372, 'approach_count': 19, 'block_threshold': 4}
2026-07-26 09:23:49 | INFO | trading.strategy2_signal_filter:check:533 | S2 skip: approach>=block (G3, level exhausted) | {'symbol': 'DIAUSDT', 'level': 0.1372, 'approach_count': 19, 'block_threshold': 4}
2026-07-26 09:24:05 | INFO | trading.strategy2_signal_filter:check:533 | S2 skip: approach>=block (G3, level exhausted) | {'symbol': 'DIAUSDT', 'level': 0.1372, 'approach_count': 19, 'block_threshold': 4}
2026-07-26 09:24:21 | INFO | trading.strategy2_signal_filter:check:533 | S2 skip: approach>=block (G3, level exhausted) | {'symbol': 'DIAUSDT', 'level': 0.1372, 'approach_count': 19, 'block_threshold': 4}
2026-07-26 09:24:36 | INFO | trading.strategy2_signal_filter:check:533 | S2 skip: approach>=block (G3, level exhausted) | {'symbol': 'DIAUSDT', 'level': 0.1372, 'approach_count': 19, 'block_threshold': 4}
2026-07-26 09:24:52 | INFO | trading.strategy2_signal_filter:check:533 | S2 skip: approach>=block (G3, level exhausted) | {'symbol': 'DIAUSDT', 'level': 0.1372, 'approach_count': 19, 'block_threshold': 4}
2026-07-26 09:25:28 | INFO | trading.strategy2_signal_filter:check:533 | S2 skip: approach>=block (G3, level exhausted) | {'symbol': 'DIAUSDT', 'level': 0.1372, 'approach_count': 19, 'block_threshold': 4}
2026-07-26 09:25:43 | INFO | trading.strategy2_signal_filter:check:533 | S2 skip: approach>=block (G3, level exhausted) | {'symbol': 'DIAUSDT', 'level': 0.1372, 'approach_count': 19, 'block_threshold': 4}
2026-07-26 09:25:59 | INFO | trading.strategy2_signal_filter:check:533 | S2 skip: approach>=block (G3, level exhausted) | {'symbol': 'DIAUSDT', 'level': 0.1372, 'approach_count': 19, 'block_threshold': 4}
2026-07-26 09:26:14 | INFO | trading.strategy2_signal_filter:check:533 | S2 skip: approach>=block (G3, level exhausted) | {'symbol': 'DIAUSDT', 'level': 0.1372, 'approach_count': 19, 'block_threshold': 4}
2026-07-26 09:26:28 | INFO | __main__:_proximity_arm_loop:1948 | proximity-arm activated | {'symbol': 'AKEUSDT', 'level': 0.0031695, 'type': 'pump_base', 'strength': 5, 'dist_atr': 1.34}
2026-07-26 09:26:29 | INFO | __main__:_run_phase1:652 | Level monitoring started | {'symbol': 'AKEUSDT', 'level': 0.0030516, 'strength': 5}
2026-07-26 09:26:30 | INFO | trading.strategy2_signal_filter:check:533 | S2 skip: approach>=block (G3, level exhausted) | {'symbol': 'DIAUSDT', 'level': 0.1372, 'approach_count': 20, 'block_threshold': 4}
2026-07-26 09:26:46 | INFO | trading.strategy2_signal_filter:check:533 | S2 skip: approach>=block (G3, level exhausted) | {'symbol': 'DIAUSDT', 'level': 0.1372, 'approach_count': 20, 'block_threshold': 4}
2026-07-26 09:27:01 | INFO | trading.strategy2_signal_filter:check:533 | S2 skip: approach>=block (G3, level exhausted) | {'symbol': 'DIAUSDT', 'level': 0.1372, 'approach_count': 20, 'block_threshold': 4}
2026-07-26 09:27:17 | INFO | trading.strategy2_signal_filter:check:533 | S2 skip: approach>=block (G3, level exhausted) | {'symbol': 'DIAUSDT', 'level': 0.1372, 'approach_count': 20, 'block_threshold': 4}
2026-07-26 09:27:32 | INFO | trading.strategy2_signal_filter:check:533 | S2 skip: approach>=block (G3, level exhausted) | {'symbol': 'DIAUSDT', 'level': 0.1372, 'approach_count': 22, 'block_threshold': 4}
2026-07-26 09:27:48 | INFO | trading.strategy2_signal_filter:check:533 | S2 skip: approach>=block (G3, level exhausted) | {'symbol': 'DIAUSDT', 'level': 0.1372, 'approach_count': 22, 'block_threshold': 4}
2026-07-26 09:28:03 | INFO | trading.strategy2_signal_filter:check:533 | S2 skip: approach>=block (G3, level exhausted) | {'symbol': 'DIAUSDT', 'level': 0.1372, 'approach_count': 22, 'block_threshold': 4}
2026-07-26 09:28:24 | INFO | analysis.monitor:start_monitor:126 | monitor: skip level with non-positive p_bounce (won't pass entry filter) | {'symbol': 'DIAUSDT', 'level': 0.1397080808080808, 'level_type': 'wick_level', 'p_bounce': 0.0, 'expected_depth': 0.0}
2026-07-26 09:28:24 | INFO | __main__:_monitored:798 | Monitor cancelled | {'symbol': 'DIAUSDT', 'level': 0.1372}
2026-07-26 09:28:24 | INFO | __main__:_proximity_loop:1381 | Weak level touch resolved | {'symbol': 'DIAUSDT', 'level': 0.13617, 'event': 'bounce', 'fill_depth': 0.0}
2026-07-26 09:28:24 | INFO | trading.strategy2_signal_filter:check:533 | S2 skip: approach>=block (G3, level exhausted) | {'symbol': 'DIAUSDT', 'level': 0.1372, 'approach_count': 20, 'block_threshold': 4}
2026-07-26 09:28:24 | INFO | trading.strategy2_signal_filter:check:545 | S2: level marked dead, monitor will stop sending proximity | {'symbol': 'DIAUSDT', 'level': 0.1372, 'approach_count': 20}
2026-07-26 09:28:24 | INFO | __main__:_start_resistance_after_bounce:1116 | Resistance monitor started | {'symbol': 'DIAUSDT', 'resistance': 0.1397080808080808, 'from_support': 0.1372}
2026-07-26 09:28:24 | INFO | __main__:_monitored:787 | Level outcome saved | {'symbol': 'DIAUSDT', 'level': 0.1397080808080808, 'result': 'отбой', 'outcome': None, 'duration': 0.0}
2026-07-26 09:31:58 | INFO | __main__:_proximity_arm_loop:1948 | proximity-arm activated | {'symbol': 'DIAUSDT', 'level': 0.1372, 'type': 'pump_base', 'strength': 5, 'dist_atr': 1.28}
2026-07-26 09:31:59 | INFO | __main__:_run_phase1:652 | Level monitoring started | {'symbol': 'DIAUSDT', 'level': 0.1125, 'strength': 5}
2026-07-26 09:32:08 | INFO | __main__:_stale_monitor_loop:1179 | Stale monitor cancelled — rebuilding | {'symbol': 'EULUSDT', 'level': 2.2147, 'current': 2.4936, 'distance_pct': 11.2}
2026-07-26 09:32:08 | INFO | __main__:_stale_monitor_loop:1179 | Stale monitor cancelled — rebuilding | {'symbol': 'DIAUSDT', 'level': 0.1125, 'current': 0.1397, 'distance_pct': 19.5}
2026-07-26 09:32:08 | INFO | __main__:_monitored:798 | Monitor cancelled | {'symbol': 'EULUSDT', 'level': 2.2147}
2026-07-26 09:32:08 | INFO | __main__:_monitored:798 | Monitor cancelled | {'symbol': 'DIAUSDT', 'level': 0.1125}
2026-07-26 09:32:08 | INFO | __main__:_run_phase1:601 | Level broken in recent candles, skipping monitor | {'symbol': 'EULUSDT', 'level': 2.4235, 'close_below': 17}
2026-07-26 09:32:28 | INFO | __main__:_proximity_arm_loop:1948 | proximity-arm activated | {'symbol': 'EULUSDT', 'level': 2.4645, 'type': 'pump_base', 'strength': 5, 'dist_atr': 1.12}
2026-07-26 09:32:35 | INFO | __main__:_auto_screener_loop:306 | Auto screener completed | {'total': 4, 'new': 0}
2026-07-26 09:36:28 | INFO | __main__:_proximity_arm_loop:1948 | proximity-arm activated | {'symbol': 'ESPORTSUSDT', 'level': 0.04321, 'type': 'pump_base', 'strength': 5, 'dist_atr': 1.5}
2026-07-26 09:36:28 | INFO | __main__:_run_phase1:414 | Pump degraded, skipping monitoring | {'symbol': 'ESPORTSUSDT', 'health': 40, 'broken': 0, 'correction': '85%'}
2026-07-26 09:38:29 | INFO | __main__:_proximity_arm_loop:1948 | proximity-arm activated | {'symbol': 'PIEVERSEUSDT', 'level': 0.89425, 'type': 'pump_base', 'strength': 5, 'dist_atr': 2.73}
2026-07-26 09:38:29 | INFO | __main__:_run_phase1:535 | No strong levels found | {'symbol': 'PIEVERSEUSDT', 'total_levels': 1}
2026-07-26 09:42:38 | INFO | __main__:_auto_screener_loop:306 | Auto screener completed | {'total': 4, 'new': 0}
2026-07-26 09:46:06 | INFO | __main__:_trigger_loop:357 | Trigger activated | {'symbol': 'PIEVERSEUSDT'}
2026-07-26 09:46:11 | INFO | __main__:_trigger_loop:357 | Trigger activated | {'symbol': 'DEXEUSDT'}
2026-07-26 09:46:11 | INFO | __main__:_run_phase1:414 | Pump degraded, skipping monitoring | {'symbol': 'DEXEUSDT', 'health': 40, 'broken': 0, 'correction': '154%'}
2026-07-26 09:48:59 | INFO | __main__:_proximity_arm_loop:1948 | proximity-arm activated | {'symbol': 'DEXEUSDT', 'level': 3.279, 'type': 'pump_base', 'strength': 5, 'dist_atr': 1.15}
2026-07-26 09:48:59 | INFO | __main__:_run_phase1:414 | Pump degraded, skipping monitoring | {'symbol': 'DEXEUSDT', 'health': 40, 'broken': 0, 'correction': '171%'}
2026-07-26 09:50:56 | INFO | __main__:_trigger_loop:357 | Trigger activated | {'symbol': 'RIFUSDT'}
2026-07-26 09:50:56 | INFO | __main__:_run_phase1:575 | Replaced old monitor with closer level | {'symbol': 'RIFUSDT', 'old': 0.08602, 'new': 0.08958}
2026-07-26 09:50:56 | INFO | __main__:_monitored:798 | Monitor cancelled | {'symbol': 'RIFUSDT', 'level': 0.08602}
2026-07-26 09:50:57 | INFO | __main__:_run_phase1:652 | Level monitoring started | {'symbol': 'RIFUSDT', 'level': 0.08958, 'strength': 5}
2026-07-26 09:52:41 | INFO | __main__:_auto_screener_loop:306 | Auto screener completed | {'total': 3, 'new': 0}
2026-07-26 10:01:08 | INFO | __main__:_trigger_loop:357 | Trigger activated | {'symbol': 'EULUSDT'}
2026-07-26 10:01:08 | INFO | __main__:_run_phase1:652 | Level monitoring started | {'symbol': 'EULUSDT', 'level': 2.4019, 'strength': 5}
2026-07-26 10:02:10 | INFO | trading.strategy2_signal_filter:check:533 | S2 skip: approach>=block (G3, level exhausted) | {'symbol': 'EULUSDT', 'level': 2.4019, 'approach_count': 7, 'block_threshold': 4}
2026-07-26 10:02:10 | INFO | trading.strategy2_signal_filter:check:545 | S2: level marked dead, monitor will stop sending proximity | {'symbol': 'EULUSDT', 'level': 2.4019, 'approach_count': 7}
2026-07-26 10:02:10 | INFO | __main__:_proximity_loop:1258 | Proximity alert sent | {'symbol': 'EULUSDT', 'level': 2.4019, 'distance_pct': 1.8551056266089112}
2026-07-26 10:02:10 | INFO | trading.strategy2_signal_filter:check:533 | S2 skip: approach>=block (G3, level exhausted) | {'symbol': 'EULUSDT', 'level': 2.4019, 'approach_count': 7, 'block_threshold': 4}
2026-07-26 10:02:26 | INFO | trading.strategy2_signal_filter:check:533 | S2 skip: approach>=block (G3, level exhausted) | {'symbol': 'EULUSDT', 'level': 2.4019, 'approach_count': 7, 'block_threshold': 4}
2026-07-26 10:02:41 | INFO | trading.strategy2_signal_filter:check:533 | S2 skip: approach>=block (G3, level exhausted) | {'symbol': 'EULUSDT', 'level': 2.4019, 'approach_count': 7, 'block_threshold': 4}
2026-07-26 10:02:45 | INFO | __main__:_auto_screener_loop:306 | Auto screener completed | {'total': 4, 'new': 0}
2026-07-26 10:02:57 | INFO | trading.strategy2_signal_filter:check:533 | S2 skip: approach>=block (G3, level exhausted) | {'symbol': 'EULUSDT', 'level': 2.4019, 'approach_count': 7, 'block_threshold': 4}
2026-07-26 10:03:12 | INFO | trading.strategy2_signal_filter:check:533 | S2 skip: approach>=block (G3, level exhausted) | {'symbol': 'EULUSDT', 'level': 2.4019, 'approach_count': 7, 'block_threshold': 4}
2026-07-26 10:03:17 | INFO | __main__:_trigger_loop:357 | Trigger activated | {'symbol': 'ESPORTSUSDT'}
2026-07-26 10:03:18 | INFO | __main__:_run_phase1:535 | No strong levels found | {'symbol': 'ESPORTSUSDT', 'total_levels': 2}
2026-07-26 10:03:28 | INFO | trading.strategy2_signal_filter:check:533 | S2 skip: approach>=block (G3, level exhausted) | {'symbol': 'EULUSDT', 'level': 2.4019, 'approach_count': 7, 'block_threshold': 4}
2026-07-26 10:03:43 | INFO | trading.strategy2_signal_filter:check:533 | S2 skip: approach>=block (G3, level exhausted) | {'symbol': 'EULUSDT', 'level': 2.4019, 'approach_count': 7, 'block_threshold': 4}
2026-07-26 10:03:59 | INFO | trading.strategy2_signal_filter:check:533 | S2 skip: approach>=block (G3, level exhausted) | {'symbol': 'EULUSDT', 'level': 2.4019, 'approach_count': 8, 'block_threshold': 4}
2026-07-26 10:04:14 | INFO | trading.strategy2_signal_filter:check:533 | S2 skip: approach>=block (G3, level exhausted) | {'symbol': 'EULUSDT', 'level': 2.4019, 'approach_count': 8, 'block_threshold': 4}
2026-07-26 10:04:29 | INFO | __main__:_proximity_arm_loop:1948 | proximity-arm activated | {'symbol': 'DIAUSDT', 'level': 0.1404, 'type': 'pump_base', 'strength': 5, 'dist_atr': 3.83}
2026-07-26 10:04:29 | INFO | __main__:_run_phase1:601 | Level broken in recent candles, skipping monitor | {'symbol': 'DIAUSDT', 'level': 0.1404, 'close_below': 2}
2026-07-26 10:04:30 | INFO | __main__:_trigger_loop:357 | Trigger activated | {'symbol': 'BANKUSDT'}
2026-07-26 10:04:30 | INFO | __main__:_run_phase1:575 | Replaced old monitor with closer level | {'symbol': 'BANKUSDT', 'old': 0.35555, 'new': 0.37121}
2026-07-26 10:04:30 | INFO | __main__:_monitored:798 | Monitor cancelled | {'symbol': 'BANKUSDT', 'level': 0.35555}
2026-07-26 10:04:31 | INFO | __main__:_run_phase1:652 | Level monitoring started | {'symbol': 'BANKUSDT', 'level': 0.37121, 'strength': 5}
2026-07-26 10:05:32 | INFO | __main__:_proximity_loop:1381 | Weak level touch resolved | {'symbol': 'EULUSDT', 'level': 2.3465, 'event': 'bounce', 'fill_depth': 0.0}
2026-07-26 10:07:29 | INFO | __main__:_proximity_arm_loop:1948 | proximity-arm activated | {'symbol': 'ESPORTSUSDT', 'level': 0.04692, 'type': 'pump_base', 'strength': 5, 'dist_atr': 1.47}
2026-07-26 10:08:29 | INFO | __main__:_proximity_arm_loop:1948 | proximity-arm activated | {'symbol': 'PIEVERSEUSDT', 'level': 0.89425, 'type': 'pump_base', 'strength': 5, 'dist_atr': 1.52}
2026-07-26 10:08:29 | INFO | __main__:_run_phase1:652 | Level monitoring started | {'symbol': 'PIEVERSEUSDT', 'level': 0.73715, 'strength': 4}
2026-07-26 10:10:48 | INFO | __main__:_proximity_loop:1381 | Weak level touch resolved | {'symbol': 'EULUSDT', 'level': 2.3682, 'event': 'zakol', 'fill_depth': 0.5827210539650288}
2026-07-26 10:12:08 | INFO | __main__:_stale_monitor_loop:1179 | Stale monitor cancelled — rebuilding | {'symbol': 'PIEVERSEUSDT', 'level': 0.73715, 'current': 0.9009, 'distance_pct': 18.2}
2026-07-26 10:12:08 | INFO | __main__:_monitored:798 | Monitor cancelled | {'symbol': 'PIEVERSEUSDT', 'level': 0.73715}
2026-07-26 10:12:09 | INFO | __main__:_run_phase1:652 | Level monitoring started | {'symbol': 'PIEVERSEUSDT', 'level': 0.8751, 'strength': 5}
2026-07-26 10:12:49 | INFO | __main__:_auto_screener_loop:306 | Auto screener completed | {'total': 4, 'new': 0}
2026-07-26 10:18:59 | INFO | __main__:_proximity_arm_loop:1948 | proximity-arm activated | {'symbol': 'DEXEUSDT', 'level': 3.513, 'type': 'pump_base', 'strength': 5, 'dist_atr': 1.66}
2026-07-26 10:19:00 | INFO | __main__:_run_phase1:601 | Level broken in recent candles, skipping monitor | {'symbol': 'DEXEUSDT', 'level': 3.513, 'close_below': 21}
2026-07-26 10:22:52 | INFO | __main__:_auto_screener_loop:306 | Auto screener completed | {'total': 4, 'new': 0}
2026-07-26 10:23:15 | INFO | __main__:_trigger_loop:357 | Trigger activated | {'symbol': 'DIAUSDT'}
2026-07-26 10:23:16 | INFO | __main__:_run_phase1:652 | Level monitoring started | {'symbol': 'DIAUSDT', 'level': 0.1405, 'strength': 5}
2026-07-26 10:26:11 | INFO | analysis.monitor:start_monitor:126 | monitor: skip level with non-positive p_bounce (won't pass entry filter) | {'symbol': 'EULUSDT', 'level': 2.4114689655172414, 'level_type': 'wick_level', 'p_bounce': 0.0, 'expected_depth': 0.0}
2026-07-26 10:26:11 | INFO | __main__:_monitored:798 | Monitor cancelled | {'symbol': 'EULUSDT', 'level': 2.4019}
2026-07-26 10:26:11 | INFO | trading.strategy2_signal_filter:check:533 | S2 skip: approach>=block (G3, level exhausted) | {'symbol': 'EULUSDT', 'level': 2.4019, 'approach_count': 10, 'block_threshold': 4}
2026-07-26 10:26:11 | INFO | trading.strategy2_signal_filter:check:545 | S2: level marked dead, monitor will stop sending proximity | {'symbol': 'EULUSDT', 'level': 2.4019, 'approach_count': 10}
2026-07-26 10:26:11 | INFO | __main__:_start_resistance_after_bounce:1116 | Resistance monitor started | {'symbol': 'EULUSDT', 'resistance': 2.4114689655172414, 'from_support': 2.4019}
2026-07-26 10:26:11 | INFO | __main__:_monitored:787 | Level outcome saved | {'symbol': 'EULUSDT', 'level': 2.4114689655172414, 'result': 'отбой', 'outcome': None, 'duration': 0.0}
2026-07-26 10:26:16 | INFO | __main__:_proximity_loop:1381 | Weak level touch resolved | {'symbol': 'EULUSDT', 'level': 2.3465, 'event': 'zakol', 'fill_depth': 1.5981248668229129}
2026-07-26 10:32:55 | INFO | __main__:_auto_screener_loop:306 | Auto screener completed | {'total': 3, 'new': 0}
2026-07-26 10:33:52 | INFO | trading.strategy2_signal_filter:check:533 | S2 skip: approach>=block (G3, level exhausted) | {'symbol': 'BANKUSDT', 'level': 0.37121, 'approach_count': 13, 'block_threshold': 4}
2026-07-26 10:33:52 | INFO | trading.strategy2_signal_filter:check:545 | S2: level marked dead, monitor will stop sending proximity | {'symbol': 'BANKUSDT', 'level': 0.37121, 'approach_count': 13}
2026-07-26 10:33:52 | INFO | __main__:_proximity_loop:1258 | Proximity alert sent | {'symbol': 'BANKUSDT', 'level': 0.37121, 'distance_pct': 1.959696801626928}
2026-07-26 10:33:52 | INFO | trading.strategy2_signal_filter:check:533 | S2 skip: approach>=block (G3, level exhausted) | {'symbol': 'BANKUSDT', 'level': 0.37121, 'approach_count': 12, 'block_threshold': 4}
2026-07-26 10:34:39 | INFO | trading.strategy2_signal_filter:check:533 | S2 skip: approach>=block (G3, level exhausted) | {'symbol': 'BANKUSDT', 'level': 0.37121, 'approach_count': 12, 'block_threshold': 4}
2026-07-26 10:34:54 | INFO | trading.strategy2_signal_filter:check:533 | S2 skip: approach>=block (G3, level exhausted) | {'symbol': 'BANKUSDT', 'level': 0.37121, 'approach_count': 11, 'block_threshold': 4}
2026-07-26 10:35:10 | INFO | trading.strategy2_signal_filter:check:533 | S2 skip: approach>=block (G3, level exhausted) | {'symbol': 'BANKUSDT', 'level': 0.37121, 'approach_count': 11, 'block_threshold': 4}
2026-07-26 10:35:15 | INFO | __main__:_proximity_loop:1381 | Weak level touch resolved | {'symbol': 'EULUSDT', 'level': 2.3465, 'event': 'bounce', 'fill_depth': 0.0}
2026-07-26 10:37:30 | INFO | __main__:_proximity_arm_loop:1948 | proximity-arm activated | {'symbol': 'ESPORTSUSDT', 'level': 0.045, 'type': 'pump_base', 'strength': 5, 'dist_atr': 1.39}
2026-07-26 10:37:30 | INFO | __main__:_run_phase1:652 | Level monitoring started | {'symbol': 'ESPORTSUSDT', 'level': 0.03701, 'strength': 5}
2026-07-26 10:42:09 | INFO | __main__:_stale_monitor_loop:1179 | Stale monitor cancelled — rebuilding | {'symbol': 'ESPORTSUSDT', 'level': 0.03701, 'current': 0.04794, 'distance_pct': 22.8}
2026-07-26 10:42:09 | INFO | __main__:_monitored:798 | Monitor cancelled | {'symbol': 'ESPORTSUSDT', 'level': 0.03701}
2026-07-26 10:42:09 | INFO | __main__:_run_phase1:601 | Level broken in recent candles, skipping monitor | {'symbol': 'ESPORTSUSDT', 'level': 0.046345, 'close_below': 17}
2026-07-26 10:43:04 | INFO | __main__:_auto_screener_loop:306 | Auto screener completed | {'total': 3, 'new': 0}
2026-07-26 10:46:13 | INFO | __main__:_trigger_loop:357 | Trigger activated | {'symbol': 'DEXEUSDT'}
2026-07-26 10:46:14 | INFO | __main__:_run_phase1:652 | Level monitoring started | {'symbol': 'DEXEUSDT', 'level': 3.0187, 'strength': 5}
2026-07-26 10:47:09 | INFO | __main__:_stale_monitor_loop:1179 | Stale monitor cancelled — rebuilding | {'symbol': 'DEXEUSDT', 'level': 3.0187, 'current': 3.442, 'distance_pct': 12.3}
2026-07-26 10:47:09 | INFO | __main__:_monitored:798 | Monitor cancelled | {'symbol': 'DEXEUSDT', 'level': 3.0187}
2026-07-26 10:50:58 | INFO | __main__:_trigger_loop:357 | Trigger activated | {'symbol': 'RIFUSDT'}
2026-07-26 10:50:59 | INFO | __main__:_run_phase1:575 | Replaced old monitor with closer level | {'symbol': 'RIFUSDT', 'old': 0.08958, 'new': 0.09329}
2026-07-26 10:50:59 | INFO | __main__:_monitored:798 | Monitor cancelled | {'symbol': 'RIFUSDT', 'level': 0.08958}
2026-07-26 10:50:59 | INFO | __main__:_run_phase1:652 | Level monitoring started | {'symbol': 'RIFUSDT', 'level': 0.09329, 'strength': 4}
2026-07-26 10:50:59 | INFO | trading.strategy2_signal_filter:check:533 | S2 skip: approach>=block (G3, level exhausted) | {'symbol': 'RIFUSDT', 'level': 0.09329, 'approach_count': 6, 'block_threshold': 4}
2026-07-26 10:50:59 | INFO | trading.strategy2_signal_filter:check:545 | S2: level marked dead, monitor will stop sending proximity | {'symbol': 'RIFUSDT', 'level': 0.09329, 'approach_count': 6}
2026-07-26 10:51:04 | INFO | __main__:_proximity_loop:1258 | Proximity alert sent | {'symbol': 'RIFUSDT', 'level': 0.09329, 'distance_pct': 1.2177043625582362}
2026-07-26 10:51:04 | INFO | trading.strategy2_signal_filter:check:533 | S2 skip: approach>=block (G3, level exhausted) | {'symbol': 'RIFUSDT', 'level': 0.09329, 'approach_count': 6, 'block_threshold': 4}
2026-07-26 10:51:19 | INFO | trading.strategy2_signal_filter:check:533 | S2 skip: approach>=block (G3, level exhausted) | {'symbol': 'RIFUSDT', 'level': 0.09329, 'approach_count': 6, 'block_threshold': 4}
2026-07-26 10:51:35 | INFO | trading.strategy2_signal_filter:check:533 | S2 skip: approach>=block (G3, level exhausted) | {'symbol': 'RIFUSDT', 'level': 0.09329, 'approach_count': 6, 'block_threshold': 4}
2026-07-26 10:51:50 | INFO | trading.strategy2_signal_filter:check:533 | S2 skip: approach>=block (G3, level exhausted) | {'symbol': 'RIFUSDT', 'level': 0.09329, 'approach_count': 6, 'block_threshold': 4}
2026-07-26 10:52:01 | INFO | trading.strategy2_signal_filter:check:533 | S2 skip: approach>=block (G3, level exhausted) | {'symbol': 'BANKUSDT', 'level': 0.37121, 'approach_count': 11, 'block_threshold': 4}
2026-07-26 10:52:06 | INFO | trading.strategy2_signal_filter:check:533 | S2 skip: approach>=block (G3, level exhausted) | {'symbol': 'RIFUSDT', 'level': 0.09329, 'approach_count': 6, 'block_threshold': 4}
2026-07-26 10:52:16 | INFO | trading.strategy2_signal_filter:check:533 | S2 skip: approach>=block (G3, level exhausted) | {'symbol': 'BANKUSDT', 'level': 0.37121, 'approach_count': 10, 'block_threshold': 4}
2026-07-26 10:53:09 | INFO | __main__:_auto_screener_loop:306 | Auto screener completed | {'total': 3, 'new': 0}
2026-07-26 10:53:39 | INFO | trading.strategy2_signal_filter:check:533 | S2 skip: approach>=block (G3, level exhausted) | {'symbol': 'RIFUSDT', 'level': 0.09329, 'approach_count': 6, 'block_threshold': 4}
2026-07-26 10:53:55 | INFO | trading.strategy2_signal_filter:check:533 | S2 skip: approach>=block (G3, level exhausted) | {'symbol': 'RIFUSDT', 'level': 0.09329, 'approach_count': 6, 'block_threshold': 4}
2026-07-26 10:54:10 | INFO | trading.strategy2_signal_filter:check:533 | S2 skip: approach>=block (G3, level exhausted) | {'symbol': 'RIFUSDT', 'level': 0.09329, 'approach_count': 6, 'block_threshold': 4}
2026-07-26 10:54:26 | INFO | trading.strategy2_signal_filter:check:533 | S2 skip: approach>=block (G3, level exhausted) | {'symbol': 'RIFUSDT', 'level': 0.09329, 'approach_count': 6, 'block_threshold': 4}
2026-07-26 10:54:41 | INFO | trading.strategy2_signal_filter:check:533 | S2 skip: approach>=block (G3, level exhausted) | {'symbol': 'RIFUSDT', 'level': 0.09329, 'approach_count': 6, 'block_threshold': 4}
2026-07-26 10:55:30 | INFO | __main__:_proximity_arm_loop:1948 | proximity-arm activated | {'symbol': 'EULUSDT', 'level': 2.2914, 'type': 'pump_base', 'strength': 5, 'dist_atr': 2.57}
2026-07-26 10:55:31 | INFO | __main__:_run_phase1:652 | Level monitoring started | {'symbol': 'EULUSDT', 'level': 2.2914, 'strength': 5}
2026-07-26 10:57:00 | INFO | __main__:_proximity_arm_loop:1948 | proximity-arm activated | {'symbol': 'DEXEUSDT', 'level': 3.452, 'type': 'pump_base', 'strength': 5, 'dist_atr': 1.12}
2026-07-26 10:57:01 | INFO | __main__:_run_phase1:652 | Level monitoring started | {'symbol': 'DEXEUSDT', 'level': 3.0288, 'strength': 5}
2026-07-26 10:57:09 | INFO | __main__:_stale_monitor_loop:1179 | Stale monitor cancelled — rebuilding | {'symbol': 'DEXEUSDT', 'level': 3.0288, 'current': 3.484, 'distance_pct': 13.1}
2026-07-26 10:57:09 | INFO | __main__:_monitored:798 | Monitor cancelled | {'symbol': 'DEXEUSDT', 'level': 3.0288}
2026-07-26 10:57:10 | INFO | __main__:_run_phase1:535 | No strong levels found | {'symbol': 'DEXEUSDT', 'total_levels': 1}
2026-07-26 10:57:43 | INFO | trading.strategy2_signal_filter:check:533 | S2 skip: approach>=block (G3, level exhausted) | {'symbol': 'BANKUSDT', 'level': 0.37121, 'approach_count': 10, 'block_threshold': 4}
2026-07-26 10:57:58 | INFO | trading.strategy2_signal_filter:check:533 | S2 skip: approach>=block (G3, level exhausted) | {'symbol': 'BANKUSDT', 'level': 0.37121, 'approach_count': 10, 'block_threshold': 4}
2026-07-26 10:58:14 | INFO | trading.strategy2_signal_filter:check:533 | S2 skip: approach>=block (G3, level exhausted) | {'symbol': 'BANKUSDT', 'level': 0.37121, 'approach_count': 9, 'block_threshold': 4}
2026-07-26 10:58:29 | INFO | trading.strategy2_signal_filter:check:533 | S2 skip: approach>=block (G3, level exhausted) | {'symbol': 'BANKUSDT', 'level': 0.37121, 'approach_count': 10, 'block_threshold': 4}
2026-07-26 10:58:45 | INFO | trading.strategy2_signal_filter:check:533 | S2 skip: approach>=block (G3, level exhausted) | {'symbol': 'BANKUSDT', 'level': 0.37121, 'approach_count': 10, 'block_threshold': 4}
2026-07-26 10:59:06 | INFO | trading.strategy2_signal_filter:check:533 | S2 skip: approach>=block (G3, level exhausted) | {'symbol': 'BANKUSDT', 'level': 0.37121, 'approach_count': 10, 'block_threshold': 4}
2026-07-26 10:59:21 | INFO | trading.strategy2_signal_filter:check:533 | S2 skip: approach>=block (G3, level exhausted) | {'symbol': 'BANKUSDT', 'level': 0.37121, 'approach_count': 9, 'block_threshold': 4}
2026-07-26 11:00:24 | INFO | __main__:_trigger_loop:357 | Trigger activated | {'symbol': 'PIEVERSEUSDT'}
2026-07-26 11:00:24 | INFO | __main__:_run_phase1:575 | Replaced old monitor with closer level | {'symbol': 'PIEVERSEUSDT', 'old': 0.8751, 'new': 0.8997}
2026-07-26 11:00:24 | INFO | __main__:_monitored:798 | Monitor cancelled | {'symbol': 'PIEVERSEUSDT', 'level': 0.8751}
2026-07-26 11:00:24 | INFO | __main__:_run_phase1:652 | Level monitoring started | {'symbol': 'PIEVERSEUSDT', 'level': 0.8997, 'strength': 4}
2026-07-26 11:00:24 | INFO | trading.strategy2_signal_filter:check:533 | S2 skip: approach>=block (G3, level exhausted) | {'symbol': 'PIEVERSEUSDT', 'level': 0.8997, 'approach_count': 8, 'block_threshold': 4}
2026-07-26 11:00:24 | INFO | trading.strategy2_signal_filter:check:545 | S2: level marked dead, monitor will stop sending proximity | {'symbol': 'PIEVERSEUSDT', 'level': 0.8997, 'approach_count': 8}
2026-07-26 11:00:29 | INFO | __main__:_proximity_loop:1258 | Proximity alert sent | {'symbol': 'PIEVERSEUSDT', 'level': 0.8997, 'distance_pct': 1.4891054418044396}
2026-07-26 11:00:29 | INFO | trading.strategy2_signal_filter:check:533 | S2 skip: approach>=block (G3, level exhausted) | {'symbol': 'PIEVERSEUSDT', 'level': 0.8997, 'approach_count': 8, 'block_threshold': 4}
2026-07-26 11:00:44 | INFO | trading.strategy2_signal_filter:check:533 | S2 skip: approach>=block (G3, level exhausted) | {'symbol': 'PIEVERSEUSDT', 'level': 0.8997, 'approach_count': 8, 'block_threshold': 4}
2026-07-26 11:01:00 | INFO | trading.strategy2_signal_filter:check:533 | S2 skip: approach>=block (G3, level exhausted) | {'symbol': 'PIEVERSEUSDT', 'level': 0.8997, 'approach_count': 7, 'block_threshold': 4}
2026-07-26 11:01:05 | INFO | trading.strategy2_signal_filter:check:533 | S2 skip: approach>=block (G3, level exhausted) | {'symbol': 'BANKUSDT', 'level': 0.37121, 'approach_count': 8, 'block_threshold': 4}
2026-07-26 11:01:15 | INFO | trading.strategy2_signal_filter:check:533 | S2 skip: approach>=block (G3, level exhausted) | {'symbol': 'PIEVERSEUSDT', 'level': 0.8997, 'approach_count': 8, 'block_threshold': 4}
2026-07-26 11:01:21 | INFO | trading.strategy2_signal_filter:check:533 | S2 skip: approach>=block (G3, level exhausted) | {'symbol': 'BANKUSDT', 'level': 0.37121, 'approach_count': 8, 'block_threshold': 4}
2026-07-26 11:02:08 | INFO | __main__:_monitored:787 | Level outcome saved | {'symbol': 'PIEVERSEUSDT', 'level': 0.8997, 'result': 'пробой', 'outcome': 'breakout', 'duration': 103.4}
2026-07-26 11:02:08 | INFO | __main__:_start_next_level_after_breakout:911 | Cached level degraded after recalc, skipping | {'symbol': 'PIEVERSEUSDT', 'level': 0.73715, 'strength': 1}
2026-07-26 11:02:08 | INFO | __main__:_start_next_level_after_breakout:982 | Next level rebuilt and started | {'symbol': 'PIEVERSEUSDT', 'level': 0.73715}
2026-07-26 11:02:10 | INFO | __main__:_stale_monitor_loop:1179 | Stale monitor cancelled — rebuilding | {'symbol': 'PIEVERSEUSDT', 'level': 0.73715, 'current': 0.8851, 'distance_pct': 16.7}
2026-07-26 11:02:10 | INFO | __main__:_monitored:798 | Monitor cancelled | {'symbol': 'PIEVERSEUSDT', 'level': 0.73715}
2026-07-26 11:02:10 | INFO | __main__:_run_phase1:652 | Level monitoring started | {'symbol': 'PIEVERSEUSDT', 'level': 0.711, 'strength': 4}
2026-07-26 11:02:18 | INFO | trading.strategy2_signal_filter:check:533 | S2 skip: approach>=block (G3, level exhausted) | {'symbol': 'RIFUSDT', 'level': 0.09329, 'approach_count': 6, 'block_threshold': 4}
2026-07-26 11:02:33 | INFO | trading.strategy2_signal_filter:check:533 | S2 skip: approach>=block (G3, level exhausted) | {'symbol': 'RIFUSDT', 'level': 0.09329, 'approach_count': 6, 'block_threshold': 4}
2026-07-26 11:02:49 | INFO | trading.strategy2_signal_filter:check:533 | S2 skip: approach>=block (G3, level exhausted) | {'symbol': 'RIFUSDT', 'level': 0.09329, 'approach_count': 6, 'block_threshold': 4}
2026-07-26 11:03:04 | INFO | trading.strategy2_signal_filter:check:533 | S2 skip: approach>=block (G3, level exhausted) | {'symbol': 'RIFUSDT', 'level': 0.09329, 'approach_count': 5, 'block_threshold': 4}
2026-07-26 11:03:12 | INFO | __main__:_auto_screener_loop:306 | Auto screener completed | {'total': 3, 'new': 0}
2026-07-26 11:03:20 | INFO | trading.strategy2_signal_filter:check:533 | S2 skip: approach>=block (G3, level exhausted) | {'symbol': 'RIFUSDT', 'level': 0.09329, 'approach_count': 5, 'block_threshold': 4}
2026-07-26 11:03:35 | INFO | trading.strategy2_signal_filter:check:533 | S2 skip: approach>=block (G3, level exhausted) | {'symbol': 'RIFUSDT', 'level': 0.09329, 'approach_count': 5, 'block_threshold': 4}
2026-07-26 11:03:41 | INFO | __main__:_trigger_loop:357 | Trigger activated | {'symbol': 'ESPORTSUSDT'}
2026-07-26 11:03:51 | INFO | trading.strategy2_signal_filter:check:533 | S2 skip: approach>=block (G3, level exhausted) | {'symbol': 'RIFUSDT', 'level': 0.09329, 'approach_count': 5, 'block_threshold': 4}
2026-07-26 11:04:07 | INFO | trading.strategy2_signal_filter:check:533 | S2 skip: approach>=block (G3, level exhausted) | {'symbol': 'RIFUSDT', 'level': 0.09329, 'approach_count': 5, 'block_threshold': 4}
2026-07-26 11:07:10 | INFO | __main__:_stale_monitor_loop:1179 | Stale monitor cancelled — rebuilding | {'symbol': 'PIEVERSEUSDT', 'level': 0.711, 'current': 0.8719, 'distance_pct': 18.5}
2026-07-26 11:07:10 | INFO | __main__:_monitored:798 | Monitor cancelled | {'symbol': 'PIEVERSEUSDT', 'level': 0.711}
2026-07-26 11:07:31 | INFO | __main__:_proximity_arm_loop:1948 | proximity-arm activated | {'symbol': 'ESPORTSUSDT', 'level': 0.04321, 'type': 'pump_base', 'strength': 5, 'dist_atr': 1.65}
2026-07-26 11:11:12 | INFO | trading.strategy2_signal_filter:check:533 | S2 skip: approach>=block (G3, level exhausted) | {'symbol': 'RIFUSDT', 'level': 0.09329, 'approach_count': 6, 'block_threshold': 4}
2026-07-26 11:11:27 | INFO | trading.strategy2_signal_filter:check:533 | S2 skip: approach>=block (G3, level exhausted) | {'symbol': 'RIFUSDT', 'level': 0.09329, 'approach_count': 6, 'block_threshold': 4}
2026-07-26 11:11:43 | INFO | trading.strategy2_signal_filter:check:533 | S2 skip: approach>=block (G3, level exhausted) | {'symbol': 'RIFUSDT', 'level': 0.09329, 'approach_count': 6, 'block_threshold': 4}
2026-07-26 11:11:58 | INFO | trading.strategy2_signal_filter:check:533 | S2 skip: approach>=block (G3, level exhausted) | {'symbol': 'RIFUSDT', 'level': 0.09329, 'approach_count': 6, 'block_threshold': 4}
2026-07-26 11:12:14 | INFO | trading.strategy2_signal_filter:check:533 | S2 skip: approach>=block (G3, level exhausted) | {'symbol': 'RIFUSDT', 'level': 0.09329, 'approach_count': 6, 'block_threshold': 4}
2026-07-26 11:12:30 | INFO | trading.strategy2_signal_filter:check:533 | S2 skip: approach>=block (G3, level exhausted) | {'symbol': 'RIFUSDT', 'level': 0.09329, 'approach_count': 6, 'block_threshold': 4}
2026-07-26 11:12:45 | INFO | trading.strategy2_signal_filter:check:533 | S2 skip: approach>=block (G3, level exhausted) | {'symbol': 'RIFUSDT', 'level': 0.09329, 'approach_count': 6, 'block_threshold': 4}
2026-07-26 11:13:01 | INFO | trading.strategy2_signal_filter:check:533 | S2 skip: approach>=block (G3, level exhausted) | {'symbol': 'RIFUSDT', 'level': 0.09329, 'approach_count': 6, 'block_threshold': 4}
2026-07-26 11:13:11 | INFO | trading.strategy2_signal_filter:check:533 | S2 skip: approach>=block (G3, level exhausted) | {'symbol': 'DIAUSDT', 'level': 0.1405, 'approach_count': 11, 'block_threshold': 4}
2026-07-26 11:13:11 | INFO | trading.strategy2_signal_filter:check:545 | S2: level marked dead, monitor will stop sending proximity | {'symbol': 'DIAUSDT', 'level': 0.1405, 'approach_count': 11}
2026-07-26 11:13:11 | INFO | __main__:_proximity_loop:1258 | Proximity alert sent | {'symbol': 'DIAUSDT', 'level': 0.1405, 'distance_pct': 1.6106442577030786}
2026-07-26 11:13:11 | INFO | trading.strategy2_signal_filter:check:533 | S2 skip: approach>=block (G3, level exhausted) | {'symbol': 'DIAUSDT', 'level': 0.1405, 'approach_count': 11, 'block_threshold': 4}
2026-07-26 11:13:16 | INFO | __main__:_auto_screener_loop:306 | Auto screener completed | {'total': 4, 'new': 0}
2026-07-26 11:13:27 | INFO | trading.strategy2_signal_filter:check:533 | S2 skip: approach>=block (G3, level exhausted) | {'symbol': 'DIAUSDT', 'level': 0.1405, 'approach_count': 15, 'block_threshold': 4}
2026-07-26 11:13:42 | INFO | trading.strategy2_signal_filter:check:533 | S2 skip: approach>=block (G3, level exhausted) | {'symbol': 'DIAUSDT', 'level': 0.1405, 'approach_count': 15, 'block_threshold': 4}
2026-07-26 11:13:58 | INFO | trading.strategy2_signal_filter:check:533 | S2 skip: approach>=block (G3, level exhausted) | {'symbol': 'DIAUSDT', 'level': 0.1405, 'approach_count': 15, 'block_threshold': 4}
2026-07-26 11:15:05 | INFO | trading.strategy2_signal_filter:check:533 | S2 skip: approach>=block (G3, level exhausted) | {'symbol': 'BANKUSDT', 'level': 0.37121, 'approach_count': 7, 'block_threshold': 4}
2026-07-26 11:15:47 | INFO | analysis.monitor:start_monitor:126 | monitor: skip level with non-positive p_bounce (won't pass entry filter) | {'symbol': 'DIAUSDT', 'level': 0.14306708860759496, 'level_type': 'wick_level', 'p_bounce': 0.0, 'expected_depth': 0.0}
2026-07-26 11:15:47 | INFO | __main__:_monitored:798 | Monitor cancelled | {'symbol': 'DIAUSDT', 'level': 0.1405}
2026-07-26 11:15:47 | INFO | trading.strategy2_signal_filter:check:533 | S2 skip: approach>=block (G3, level exhausted) | {'symbol': 'DIAUSDT', 'level': 0.1405, 'approach_count': 16, 'block_threshold': 4}
2026-07-26 11:15:47 | INFO | trading.strategy2_signal_filter:check:545 | S2: level marked dead, monitor will stop sending proximity | {'symbol': 'DIAUSDT', 'level': 0.1405, 'approach_count': 16}
2026-07-26 11:15:47 | INFO | __main__:_start_resistance_after_bounce:1116 | Resistance monitor started | {'symbol': 'DIAUSDT', 'resistance': 0.14306708860759496, 'from_support': 0.1405}
2026-07-26 11:15:47 | INFO | __main__:_monitored:787 | Level outcome saved | {'symbol': 'DIAUSDT', 'level': 0.14306708860759496, 'result': 'отбой', 'outcome': None, 'duration': 0.0}
2026-07-26 11:17:15 | INFO | trading.strategy2_signal_filter:check:533 | S2 skip: approach>=block (G3, level exhausted) | {'symbol': 'BANKUSDT', 'level': 0.37121, 'approach_count': 7, 'block_threshold': 4}
2026-07-26 11:17:30 | INFO | trading.strategy2_signal_filter:check:533 | S2 skip: approach>=block (G3, level exhausted) | {'symbol': 'BANKUSDT', 'level': 0.37121, 'approach_count': 7, 'block_threshold': 4}
2026-07-26 11:17:46 | INFO | trading.strategy2_signal_filter:check:533 | S2 skip: approach>=block (G3, level exhausted) | {'symbol': 'BANKUSDT', 'level': 0.37121, 'approach_count': 7, 'block_threshold': 4}
2026-07-26 11:18:02 | INFO | trading.strategy2_signal_filter:check:533 | S2 skip: approach>=block (G3, level exhausted) | {'symbol': 'BANKUSDT', 'level': 0.37121, 'approach_count': 7, 'block_threshold': 4}
2026-07-26 11:18:17 | INFO | trading.strategy2_signal_filter:check:533 | S2 skip: approach>=block (G3, level exhausted) | {'symbol': 'BANKUSDT', 'level': 0.37121, 'approach_count': 7, 'block_threshold': 4}
2026-07-26 11:18:33 | INFO | trading.strategy2_signal_filter:check:533 | S2 skip: approach>=block (G3, level exhausted) | {'symbol': 'BANKUSDT', 'level': 0.37121, 'approach_count': 7, 'block_threshold': 4}
2026-07-26 11:18:48 | INFO | trading.strategy2_signal_filter:check:533 | S2 skip: approach>=block (G3, level exhausted) | {'symbol': 'BANKUSDT', 'level': 0.37121, 'approach_count': 7, 'block_threshold': 4}
2026-07-26 11:19:04 | INFO | trading.strategy2_signal_filter:check:533 | S2 skip: approach>=block (G3, level exhausted) | {'symbol': 'BANKUSDT', 'level': 0.37121, 'approach_count': 7, 'block_threshold': 4}
2026-07-26 11:19:19 | INFO | trading.strategy2_signal_filter:check:533 | S2 skip: approach>=block (G3, level exhausted) | {'symbol': 'BANKUSDT', 'level': 0.37121, 'approach_count': 7, 'block_threshold': 4}
2026-07-26 11:19:35 | INFO | trading.strategy2_signal_filter:check:533 | S2 skip: approach>=block (G3, level exhausted) | {'symbol': 'BANKUSDT', 'level': 0.37121, 'approach_count': 7, 'block_threshold': 4}
2026-07-26 11:19:50 | INFO | __main__:_proximity_loop:1381 | Weak level touch resolved | {'symbol': 'BANKUSDT', 'level': 0.37412, 'event': 'bounce', 'fill_depth': 0.0026729391639073027}
2026-07-26 11:19:50 | INFO | trading.strategy2_signal_filter:check:533 | S2 skip: approach>=block (G3, level exhausted) | {'symbol': 'BANKUSDT', 'level': 0.37121, 'approach_count': 7, 'block_threshold': 4}
2026-07-26 11:20:06 | INFO | trading.strategy2_signal_filter:check:533 | S2 skip: approach>=block (G3, level exhausted) | {'symbol': 'BANKUSDT', 'level': 0.37121, 'approach_count': 7, 'block_threshold': 4}
2026-07-26 11:20:16 | INFO | __main__:_proximity_loop:1381 | Weak level touch resolved | {'symbol': 'BANKUSDT', 'level': 0.37412, 'event': 'bounce', 'fill_depth': 0.0026729391639073027}
2026-07-26 11:20:22 | INFO | trading.strategy2_signal_filter:check:533 | S2 skip: approach>=block (G3, level exhausted) | {'symbol': 'BANKUSDT', 'level': 0.37121, 'approach_count': 7, 'block_threshold': 4}
2026-07-26 11:21:13 | INFO | trading.strategy2_signal_filter:check:533 | S2 skip: approach>=block (G3, level exhausted) | {'symbol': 'BANKUSDT', 'level': 0.37121, 'approach_count': 7, 'block_threshold': 4}
2026-07-26 11:21:29 | INFO | trading.strategy2_signal_filter:check:533 | S2 skip: approach>=block (G3, level exhausted) | {'symbol': 'BANKUSDT', 'level': 0.37121, 'approach_count': 7, 'block_threshold': 4}
2026-07-26 11:21:45 | INFO | trading.strategy2_signal_filter:check:533 | S2 skip: approach>=block (G3, level exhausted) | {'symbol': 'BANKUSDT', 'level': 0.37121, 'approach_count': 7, 'block_threshold': 4}
2026-07-26 11:22:00 | INFO | trading.strategy2_signal_filter:check:533 | S2 skip: approach>=block (G3, level exhausted) | {'symbol': 'BANKUSDT', 'level': 0.37121, 'approach_count': 7, 'block_threshold': 4}
2026-07-26 11:22:16 | INFO | trading.strategy2_signal_filter:check:533 | S2 skip: approach>=block (G3, level exhausted) | {'symbol': 'BANKUSDT', 'level': 0.37121, 'approach_count': 7, 'block_threshold': 4}
2026-07-26 11:22:31 | INFO | trading.strategy2_signal_filter:check:533 | S2 skip: approach>=block (G3, level exhausted) | {'symbol': 'BANKUSDT', 'level': 0.37121, 'approach_count': 7, 'block_threshold': 4}
2026-07-26 11:22:47 | INFO | trading.strategy2_signal_filter:check:533 | S2 skip: approach>=block (G3, level exhausted) | {'symbol': 'BANKUSDT', 'level': 0.37121, 'approach_count': 7, 'block_threshold': 4}
2026-07-26 11:23:02 | INFO | trading.strategy2_signal_filter:check:533 | S2 skip: approach>=block (G3, level exhausted) | {'symbol': 'BANKUSDT', 'level': 0.37121, 'approach_count': 7, 'block_threshold': 4}
2026-07-26 11:23:18 | INFO | trading.strategy2_signal_filter:check:533 | S2 skip: approach>=block (G3, level exhausted) | {'symbol': 'BANKUSDT', 'level': 0.37121, 'approach_count': 7, 'block_threshold': 4}
2026-07-26 11:23:20 | INFO | __main__:_auto_screener_loop:306 | Auto screener completed | {'total': 3, 'new': 0}
2026-07-26 11:23:33 | INFO | trading.strategy2_signal_filter:check:533 | S2 skip: approach>=block (G3, level exhausted) | {'symbol': 'BANKUSDT', 'level': 0.37121, 'approach_count': 7, 'block_threshold': 4}
2026-07-26 11:23:49 | INFO | trading.strategy2_signal_filter:check:533 | S2 skip: approach>=block (G3, level exhausted) | {'symbol': 'BANKUSDT', 'level': 0.37121, 'approach_count': 7, 'block_threshold': 4}
2026-07-26 11:24:04 | INFO | trading.strategy2_signal_filter:check:533 | S2 skip: approach>=block (G3, level exhausted) | {'symbol': 'BANKUSDT', 'level': 0.37121, 'approach_count': 7, 'block_threshold': 4}
2026-07-26 11:24:20 | INFO | trading.strategy2_signal_filter:check:533 | S2 skip: approach>=block (G3, level exhausted) | {'symbol': 'BANKUSDT', 'level': 0.37121, 'approach_count': 7, 'block_threshold': 4}
2026-07-26 11:24:25 | INFO | __main__:_trigger_loop:357 | Trigger activated | {'symbol': 'EULUSDT'}
2026-07-26 11:24:25 | INFO | __main__:_run_phase1:575 | Replaced old monitor with closer level | {'symbol': 'EULUSDT', 'old': 2.2914, 'new': 2.4019}
2026-07-26 11:24:25 | INFO | __main__:_monitored:798 | Monitor cancelled | {'symbol': 'EULUSDT', 'level': 2.2914}
2026-07-26 11:24:26 | INFO | __main__:_run_phase1:601 | Level broken in recent candles, skipping monitor | {'symbol': 'EULUSDT', 'level': 2.4019, 'close_below': 19}
2026-07-26 11:24:26 | INFO | __main__:_trigger_loop:357 | Trigger activated | {'symbol': 'DIAUSDT'}
2026-07-26 11:24:26 | INFO | __main__:_run_phase1:535 | No strong levels found | {'symbol': 'DIAUSDT', 'total_levels': 1}
2026-07-26 11:24:36 | INFO | trading.strategy2_signal_filter:check:533 | S2 skip: approach>=block (G3, level exhausted) | {'symbol': 'BANKUSDT', 'level': 0.37121, 'approach_count': 7, 'block_threshold': 4}
2026-07-26 11:24:51 | INFO | trading.strategy2_signal_filter:check:533 | S2 skip: approach>=block (G3, level exhausted) | {'symbol': 'BANKUSDT', 'level': 0.37121, 'approach_count': 7, 'block_threshold': 4}
2026-07-26 11:25:07 | INFO | trading.strategy2_signal_filter:check:533 | S2 skip: approach>=block (G3, level exhausted) | {'symbol': 'BANKUSDT', 'level': 0.37121, 'approach_count': 7, 'block_threshold': 4}
2026-07-26 11:25:22 | INFO | trading.strategy2_signal_filter:check:533 | S2 skip: approach>=block (G3, level exhausted) | {'symbol': 'BANKUSDT', 'level': 0.37121, 'approach_count': 7, 'block_threshold': 4}
2026-07-26 11:25:38 | INFO | trading.strategy2_signal_filter:check:533 | S2 skip: approach>=block (G3, level exhausted) | {'symbol': 'BANKUSDT', 'level': 0.37121, 'approach_count': 7, 'block_threshold': 4}
2026-07-26 11:25:53 | INFO | trading.strategy2_signal_filter:check:533 | S2 skip: approach>=block (G3, level exhausted) | {'symbol': 'BANKUSDT', 'level': 0.37121, 'approach_count': 7, 'block_threshold': 4}
2026-07-26 11:26:09 | INFO | trading.strategy2_signal_filter:check:533 | S2 skip: approach>=block (G3, level exhausted) | {'symbol': 'BANKUSDT', 'level': 0.37121, 'approach_count': 7, 'block_threshold': 4}
2026-07-26 11:26:24 | INFO | trading.strategy2_signal_filter:check:533 | S2 skip: approach>=block (G3, level exhausted) | {'symbol': 'BANKUSDT', 'level': 0.37121, 'approach_count': 7, 'block_threshold': 4}
2026-07-26 11:26:40 | INFO | trading.strategy2_signal_filter:check:533 | S2 skip: approach>=block (G3, level exhausted) | {'symbol': 'BANKUSDT', 'level': 0.37121, 'approach_count': 7, 'block_threshold': 4}
2026-07-26 11:26:55 | INFO | trading.strategy2_signal_filter:check:533 | S2 skip: approach>=block (G3, level exhausted) | {'symbol': 'BANKUSDT', 'level': 0.37121, 'approach_count': 7, 'block_threshold': 4}
2026-07-26 11:27:11 | INFO | trading.strategy2_signal_filter:check:533 | S2 skip: approach>=block (G3, level exhausted) | {'symbol': 'BANKUSDT', 'level': 0.37121, 'approach_count': 7, 'block_threshold': 4}
2026-07-26 11:27:16 | INFO | __main__:_proximity_loop:1381 | Weak level touch resolved | {'symbol': 'BANKUSDT', 'level': 0.37412, 'event': 'bounce', 'fill_depth': 0.09889874906446633}
2026-07-26 11:27:26 | INFO | trading.strategy2_signal_filter:check:533 | S2 skip: approach>=block (G3, level exhausted) | {'symbol': 'BANKUSDT', 'level': 0.37121, 'approach_count': 7, 'block_threshold': 4}
2026-07-26 11:27:42 | INFO | trading.strategy2_signal_filter:check:533 | S2 skip: approach>=block (G3, level exhausted) | {'symbol': 'BANKUSDT', 'level': 0.37121, 'approach_count': 7, 'block_threshold': 4}
2026-07-26 11:27:58 | INFO | trading.strategy2_signal_filter:check:533 | S2 skip: approach>=block (G3, level exhausted) | {'symbol': 'BANKUSDT', 'level': 0.37121, 'approach_count': 7, 'block_threshold': 4}
2026-07-26 11:28:13 | INFO | trading.strategy2_signal_filter:check:533 | S2 skip: approach>=block (G3, level exhausted) | {'symbol': 'BANKUSDT', 'level': 0.37121, 'approach_count': 7, 'block_threshold': 4}
2026-07-26 11:28:29 | INFO | trading.strategy2_signal_filter:check:533 | S2 skip: approach>=block (G3, level exhausted) | {'symbol': 'BANKUSDT', 'level': 0.37121, 'approach_count': 7, 'block_threshold': 4}
2026-07-26 11:28:31 | INFO | __main__:_proximity_arm_loop:1948 | proximity-arm activated | {'symbol': 'DIAUSDT', 'level': 0.1421, 'type': 'pump_base', 'strength': 5, 'dist_atr': 1.2}
2026-07-26 11:28:32 | INFO | __main__:_run_phase1:652 | Level monitoring started | {'symbol': 'DIAUSDT', 'level': 0.13921, 'strength': 3}
2026-07-26 11:28:44 | INFO | trading.strategy2_signal_filter:check:533 | S2 skip: approach>=block (G3, level exhausted) | {'symbol': 'BANKUSDT', 'level': 0.37121, 'approach_count': 7, 'block_threshold': 4}
2026-07-26 11:29:00 | INFO | trading.strategy2_signal_filter:check:533 | S2 skip: approach>=block (G3, level exhausted) | {'symbol': 'BANKUSDT', 'level': 0.37121, 'approach_count': 7, 'block_threshold': 4}
2026-07-26 11:29:15 | INFO | trading.strategy2_signal_filter:check:533 | S2 skip: approach>=block (G3, level exhausted) | {'symbol': 'BANKUSDT', 'level': 0.37121, 'approach_count': 7, 'block_threshold': 4}
2026-07-26 11:29:31 | INFO | trading.strategy2_signal_filter:check:533 | S2 skip: approach>=block (G3, level exhausted) | {'symbol': 'BANKUSDT', 'level': 0.37121, 'approach_count': 7, 'block_threshold': 4}
2026-07-26 11:29:46 | INFO | trading.strategy2_signal_filter:check:533 | S2 skip: approach>=block (G3, level exhausted) | {'symbol': 'BANKUSDT', 'level': 0.37121, 'approach_count': 7, 'block_threshold': 4}
2026-07-26 11:30:02 | INFO | trading.strategy2_signal_filter:check:533 | S2 skip: approach>=block (G3, level exhausted) | {'symbol': 'BANKUSDT', 'level': 0.37121, 'approach_count': 7, 'block_threshold': 4}
2026-07-26 11:30:17 | INFO | trading.strategy2_signal_filter:check:533 | S2 skip: approach>=block (G3, level exhausted) | {'symbol': 'BANKUSDT', 'level': 0.37121, 'approach_count': 7, 'block_threshold': 4}
2026-07-26 11:30:33 | INFO | trading.strategy2_signal_filter:check:533 | S2 skip: approach>=block (G3, level exhausted) | {'symbol': 'BANKUSDT', 'level': 0.37121, 'approach_count': 7, 'block_threshold': 4}
2026-07-26 11:30:49 | INFO | trading.strategy2_signal_filter:check:533 | S2 skip: approach>=block (G3, level exhausted) | {'symbol': 'BANKUSDT', 'level': 0.37121, 'approach_count': 7, 'block_threshold': 4}
2026-07-26 11:31:01 | INFO | __main__:_proximity_arm_loop:1948 | proximity-arm activated | {'symbol': 'DEXEUSDT', 'level': 3.301, 'type': 'pump_base', 'strength': 5, 'dist_atr': 2.29}
2026-07-26 11:31:02 | INFO | __main__:_run_phase1:652 | Level monitoring started | {'symbol': 'DEXEUSDT', 'level': 3.301, 'strength': 5}
2026-07-26 11:31:04 | INFO | trading.strategy2_signal_filter:check:533 | S2 skip: approach>=block (G3, level exhausted) | {'symbol': 'BANKUSDT', 'level': 0.37121, 'approach_count': 7, 'block_threshold': 4}
2026-07-26 11:31:12 | INFO | trading.strategy2_signal_filter:check:681 | S2 market phase | {'symbol': 'DEXEUSDT', 'phase': 'drop_tradeable', 'note': 'drop_tradeable:bq=0.82'}
2026-07-26 11:31:14 | INFO | __main__:_proximity_loop:1258 | Proximity alert sent | {'symbol': 'DEXEUSDT', 'level': 3.301, 'distance_pct': 1.8435920309247646}
2026-07-26 11:31:14 | INFO | trading.strategy2_signal_filter:check:681 | S2 market phase | {'symbol': 'DEXEUSDT', 'phase': 'drop_tradeable', 'note': 'drop_tradeable:bq=0.82'}
2026-07-26 11:31:17 | INFO | trading.strategy2_signal_filter:check:681 | S2 market phase | {'symbol': 'DEXEUSDT', 'phase': 'drop_tradeable', 'note': 'drop_tradeable:bq=0.82'}
2026-07-26 11:31:20 | INFO | trading.strategy2_signal_filter:check:533 | S2 skip: approach>=block (G3, level exhausted) | {'symbol': 'BANKUSDT', 'level': 0.37121, 'approach_count': 7, 'block_threshold': 4}
2026-07-26 11:31:22 | INFO | trading.strategy2_signal_filter:check:681 | S2 market phase | {'symbol': 'DEXEUSDT', 'phase': 'drop_tradeable', 'note': 'drop_tradeable:bq=0.82'}
2026-07-26 11:31:35 | INFO | trading.strategy2_signal_filter:check:533 | S2 skip: approach>=block (G3, level exhausted) | {'symbol': 'BANKUSDT', 'level': 0.37121, 'approach_count': 7, 'block_threshold': 4}
2026-07-26 11:31:51 | INFO | trading.strategy2_signal_filter:check:533 | S2 skip: approach>=block (G3, level exhausted) | {'symbol': 'BANKUSDT', 'level': 0.37121, 'approach_count': 7, 'block_threshold': 4}
2026-07-26 11:32:06 | INFO | trading.strategy2_signal_filter:check:533 | S2 skip: approach>=block (G3, level exhausted) | {'symbol': 'BANKUSDT', 'level': 0.37121, 'approach_count': 7, 'block_threshold': 4}
2026-07-26 11:32:22 | INFO | trading.strategy2_signal_filter:check:533 | S2 skip: approach>=block (G3, level exhausted) | {'symbol': 'BANKUSDT', 'level': 0.37121, 'approach_count': 7, 'block_threshold': 4}
2026-07-26 11:32:37 | INFO | trading.strategy2_signal_filter:check:533 | S2 skip: approach>=block (G3, level exhausted) | {'symbol': 'BANKUSDT', 'level': 0.37121, 'approach_count': 7, 'block_threshold': 4}
2026-07-26 11:32:53 | INFO | trading.strategy2_signal_filter:check:533 | S2 skip: approach>=block (G3, level exhausted) | {'symbol': 'BANKUSDT', 'level': 0.37121, 'approach_count': 7, 'block_threshold': 4}
2026-07-26 11:32:59 | INFO | __main__:_monitored:787 | Level outcome saved | {'symbol': 'DEXEUSDT', 'level': 3.301, 'result': 'пробой', 'outcome': 'breakout', 'duration': 116.6}
2026-07-26 11:32:59 | INFO | __main__:_start_next_level_after_breakout:911 | Cached level degraded after recalc, skipping | {'symbol': 'DEXEUSDT', 'level': 2.735, 'strength': 1}
2026-07-26 11:32:59 | INFO | __main__:_start_next_level_after_breakout:982 | Next level rebuilt and started | {'symbol': 'DEXEUSDT', 'level': 2.913}
2026-07-26 11:33:09 | INFO | trading.strategy2_signal_filter:check:533 | S2 skip: approach>=block (G3, level exhausted) | {'symbol': 'BANKUSDT', 'level': 0.37121, 'approach_count': 7, 'block_threshold': 4}
2026-07-26 11:33:23 | INFO | __main__:_auto_screener_loop:306 | Auto screener completed | {'total': 2, 'new': 0}
2026-07-26 11:33:24 | INFO | trading.strategy2_signal_filter:check:533 | S2 skip: approach>=block (G3, level exhausted) | {'symbol': 'BANKUSDT', 'level': 0.37121, 'approach_count': 7, 'block_threshold': 4}
2026-07-26 11:33:40 | INFO | __main__:_proximity_loop:1381 | Weak level touch resolved | {'symbol': 'BANKUSDT', 'level': 0.37412, 'event': 'bounce', 'fill_depth': 0.0}
2026-07-26 11:33:40 | INFO | trading.strategy2_signal_filter:check:533 | S2 skip: approach>=block (G3, level exhausted) | {'symbol': 'BANKUSDT', 'level': 0.37121, 'approach_count': 7, 'block_threshold': 4}
2026-07-26 11:33:55 | INFO | trading.strategy2_signal_filter:check:533 | S2 skip: approach>=block (G3, level exhausted) | {'symbol': 'BANKUSDT', 'level': 0.37121, 'approach_count': 7, 'block_threshold': 4}
2026-07-26 11:34:01 | INFO | __main__:_proximity_arm_loop:1948 | proximity-arm activated | {'symbol': 'EULUSDT', 'level': 2.4312, 'type': 'pump_base', 'strength': 5, 'dist_atr': 1.03}
2026-07-26 11:34:02 | INFO | __main__:_run_phase1:601 | Level broken in recent candles, skipping monitor | {'symbol': 'EULUSDT', 'level': 2.4096, 'close_below': 11}
2026-07-26 11:34:11 | INFO | trading.strategy2_signal_filter:check:533 | S2 skip: approach>=block (G3, level exhausted) | {'symbol': 'BANKUSDT', 'level': 0.37121, 'approach_count': 7, 'block_threshold': 4}
2026-07-26 11:34:26 | INFO | trading.strategy2_signal_filter:check:533 | S2 skip: approach>=block (G3, level exhausted) | {'symbol': 'BANKUSDT', 'level': 0.37121, 'approach_count': 7, 'block_threshold': 4}
2026-07-26 11:34:42 | INFO | trading.strategy2_signal_filter:check:533 | S2 skip: approach>=block (G3, level exhausted) | {'symbol': 'BANKUSDT', 'level': 0.37121, 'approach_count': 7, 'block_threshold': 4}
2026-07-26 11:38:02 | INFO | __main__:_proximity_arm_loop:1948 | proximity-arm activated | {'symbol': 'ESPORTSUSDT', 'level': 0.03903, 'type': 'pump_base', 'strength': 5, 'dist_atr': 1.02}
2026-07-26 11:38:02 | INFO | __main__:_run_phase1:535 | No strong levels found | {'symbol': 'ESPORTSUSDT', 'total_levels': 2}
2026-07-26 11:38:30 | INFO | __main__:_proximity_loop:1258 | Proximity alert sent | {'symbol': 'DIAUSDT', 'level': 0.13921, 'distance_pct': 1.9647887323943574}
2026-07-26 11:38:30 | INFO | trading.strategy2_signal_filter:check:533 | S2 skip: approach>=block (G3, level exhausted) | {'symbol': 'DIAUSDT', 'level': 0.13921, 'approach_count': 14, 'block_threshold': 4}
2026-07-26 11:38:30 | INFO | trading.strategy2_signal_filter:check:545 | S2: level marked dead, monitor will stop sending proximity | {'symbol': 'DIAUSDT', 'level': 0.13921, 'approach_count': 14}
2026-07-26 11:38:45 | INFO | trading.strategy2_signal_filter:check:533 | S2 skip: approach>=block (G3, level exhausted) | {'symbol': 'DIAUSDT', 'level': 0.13921, 'approach_count': 14, 'block_threshold': 4}
2026-07-26 11:39:01 | INFO | trading.strategy2_signal_filter:check:533 | S2 skip: approach>=block (G3, level exhausted) | {'symbol': 'DIAUSDT', 'level': 0.13921, 'approach_count': 14, 'block_threshold': 4}
2026-07-26 11:39:17 | INFO | trading.strategy2_signal_filter:check:533 | S2 skip: approach>=block (G3, level exhausted) | {'symbol': 'DIAUSDT', 'level': 0.13921, 'approach_count': 14, 'block_threshold': 4}
2026-07-26 11:39:32 | INFO | trading.strategy2_signal_filter:check:533 | S2 skip: approach>=block (G3, level exhausted) | {'symbol': 'DIAUSDT', 'level': 0.13921, 'approach_count': 14, 'block_threshold': 4}
2026-07-26 11:39:48 | INFO | trading.strategy2_signal_filter:check:533 | S2 skip: approach>=block (G3, level exhausted) | {'symbol': 'DIAUSDT', 'level': 0.13921, 'approach_count': 14, 'block_threshold': 4}
2026-07-26 11:40:08 | INFO | trading.strategy2_signal_filter:check:533 | S2 skip: approach>=block (G3, level exhausted) | {'symbol': 'DIAUSDT', 'level': 0.13921, 'approach_count': 13, 'block_threshold': 4}
2026-07-26 11:40:55 | INFO | analysis.monitor:start_monitor:126 | monitor: skip level with non-positive p_bounce (won't pass entry filter) | {'symbol': 'DIAUSDT', 'level': 0.14063, 'level_type': 'body_level', 'p_bounce': 0.0, 'expected_depth': 0.0}
2026-07-26 11:40:55 | INFO | __main__:_monitored:798 | Monitor cancelled | {'symbol': 'DIAUSDT', 'level': 0.13921}
2026-07-26 11:40:55 | INFO | __main__:_start_resistance_after_bounce:1116 | Resistance monitor started | {'symbol': 'DIAUSDT', 'resistance': 0.14063, 'from_support': 0.13921}
2026-07-26 11:40:55 | INFO | trading.strategy2_signal_filter:check:533 | S2 skip: approach>=block (G3, level exhausted) | {'symbol': 'DIAUSDT', 'level': 0.13921, 'approach_count': 13, 'block_threshold': 4}
2026-07-26 11:40:55 | INFO | trading.strategy2_signal_filter:check:545 | S2: level marked dead, monitor will stop sending proximity | {'symbol': 'DIAUSDT', 'level': 0.13921, 'approach_count': 13}
2026-07-26 11:40:56 | INFO | __main__:_monitored:787 | Level outcome saved | {'symbol': 'DIAUSDT', 'level': 0.14063, 'result': 'отбой', 'outcome': None, 'duration': 0.0}
2026-07-26 11:41:05 | INFO | __main__:_proximity_loop:1381 | Weak level touch resolved | {'symbol': 'DIAUSDT', 'level': 0.14063, 'event': 'bounce', 'fill_depth': 0.0}
2026-07-26 11:42:10 | INFO | __main__:_stale_monitor_loop:1179 | Stale monitor cancelled — rebuilding | {'symbol': 'DEXEUSDT', 'level': 2.913, 'current': 3.248, 'distance_pct': 10.3}
2026-07-26 11:42:10 | INFO | __main__:_monitored:798 | Monitor cancelled | {'symbol': 'DEXEUSDT', 'level': 2.913}
2026-07-26 11:42:11 | INFO | __main__:_run_phase1:652 | Level monitoring started | {'symbol': 'DEXEUSDT', 'level': 2.913, 'strength': 4}
2026-07-26 11:43:26 | INFO | __main__:_auto_screener_loop:306 | Auto screener completed | {'total': 2, 'new': 0}
2026-07-26 11:47:10 | INFO | __main__:_stale_monitor_loop:1179 | Stale monitor cancelled — rebuilding | {'symbol': 'DEXEUSDT', 'level': 2.913, 'current': 3.277, 'distance_pct': 11.1}
2026-07-26 11:47:10 | INFO | __main__:_monitored:798 | Monitor cancelled | {'symbol': 'DEXEUSDT', 'level': 2.913}
2026-07-26 11:47:11 | INFO | __main__:_run_phase1:652 | Level monitoring started | {'symbol': 'DEXEUSDT', 'level': 3.019, 'strength': 5}
2026-07-26 11:47:39 | INFO | __main__:_proximity_loop:1381 | Weak level touch resolved | {'symbol': 'DIAUSDT', 'level': 0.14063, 'event': 'bounce', 'fill_depth': 0.021332574841785003}
2026-07-26 11:50:51 | INFO | trading.strategy2_signal_filter:check:533 | S2 skip: approach>=block (G3, level exhausted) | {'symbol': 'BANKUSDT', 'level': 0.37121, 'approach_count': 7, 'block_threshold': 4}
2026-07-26 11:51:06 | INFO | trading.strategy2_signal_filter:check:533 | S2 skip: approach>=block (G3, level exhausted) | {'symbol': 'BANKUSDT', 'level': 0.37121, 'approach_count': 7, 'block_threshold': 4}
2026-07-26 11:53:11 | INFO | __main__:_trigger_loop:357 | Trigger activated | {'symbol': 'RIFUSDT'}
2026-07-26 11:53:11 | INFO | __main__:_run_phase1:575 | Replaced old monitor with closer level | {'symbol': 'RIFUSDT', 'old': 0.09329, 'new': 0.099546}
2026-07-26 11:53:11 | INFO | __main__:_monitored:798 | Monitor cancelled | {'symbol': 'RIFUSDT', 'level': 0.09329}
2026-07-26 11:53:11 | INFO | __main__:_run_phase1:601 | Level broken in recent candles, skipping monitor | {'symbol': 'RIFUSDT', 'level': 0.099546, 'close_below': 19}
2026-07-26 11:53:21 | INFO | trading.strategy2_signal_filter:check:533 | S2 skip: approach>=block (G3, level exhausted) | {'symbol': 'BANKUSDT', 'level': 0.37121, 'approach_count': 7, 'block_threshold': 4}
2026-07-26 11:53:29 | INFO | __main__:_auto_screener_loop:306 | Auto screener completed | {'total': 2, 'new': 0}
2026-07-26 11:53:37 | INFO | trading.strategy2_signal_filter:check:533 | S2 skip: approach>=block (G3, level exhausted) | {'symbol': 'BANKUSDT', 'level': 0.37121, 'approach_count': 7, 'block_threshold': 4}
2026-07-26 11:53:52 | INFO | trading.strategy2_signal_filter:check:533 | S2 skip: approach>=block (G3, level exhausted) | {'symbol': 'BANKUSDT', 'level': 0.37121, 'approach_count': 7, 'block_threshold': 4}
2026-07-26 11:54:08 | INFO | trading.strategy2_signal_filter:check:533 | S2 skip: approach>=block (G3, level exhausted) | {'symbol': 'BANKUSDT', 'level': 0.37121, 'approach_count': 7, 'block_threshold': 4}
2026-07-26 11:54:23 | INFO | trading.strategy2_signal_filter:check:533 | S2 skip: approach>=block (G3, level exhausted) | {'symbol': 'BANKUSDT', 'level': 0.37121, 'approach_count': 7, 'block_threshold': 4}
2026-07-26 11:54:32 | INFO | __main__:_proximity_arm_loop:1948 | proximity-arm activated | {'symbol': 'RIFUSDT', 'level': 0.09804, 'type': 'pump_base', 'strength': 5, 'dist_atr': 2.51}
2026-07-26 11:54:32 | INFO | __main__:_run_phase1:652 | Level monitoring started | {'symbol': 'RIFUSDT', 'level': 0.095063, 'strength': 4}
2026-07-26 11:54:39 | INFO | trading.strategy2_signal_filter:check:533 | S2 skip: approach>=block (G3, level exhausted) | {'symbol': 'BANKUSDT', 'level': 0.37121, 'approach_count': 7, 'block_threshold': 4}
2026-07-26 11:54:54 | INFO | trading.strategy2_signal_filter:check:533 | S2 skip: approach>=block (G3, level exhausted) | {'symbol': 'BANKUSDT', 'level': 0.37121, 'approach_count': 7, 'block_threshold': 4}
2026-07-26 11:55:10 | INFO | trading.strategy2_signal_filter:check:533 | S2 skip: approach>=block (G3, level exhausted) | {'symbol': 'BANKUSDT', 'level': 0.37121, 'approach_count': 6, 'block_threshold': 4}
2026-07-26 11:55:25 | INFO | trading.strategy2_signal_filter:check:533 | S2 skip: approach>=block (G3, level exhausted) | {'symbol': 'BANKUSDT', 'level': 0.37121, 'approach_count': 7, 'block_threshold': 4}
2026-07-26 11:55:41 | INFO | trading.strategy2_signal_filter:check:533 | S2 skip: approach>=block (G3, level exhausted) | {'symbol': 'BANKUSDT', 'level': 0.37121, 'approach_count': 7, 'block_threshold': 4}
2026-07-26 11:55:42 | INFO | trading.strategy2_signal_filter:check:681 | S2 market phase | {'symbol': 'RIFUSDT', 'phase': 'unknown', 'note': 'unknown:range=8.6%,dir_eff=0.01'}
2026-07-26 11:55:42 | INFO | trading.strategy2_signal_filter:check:770 | S2 skip: body_level in active fall (H6) | {'symbol': 'RIFUSDT', 'level': 0.095063, 'current_price': 0.09631, 'drop_pct': -3.7, 'vol_spike': 2.5, 'drop_thresh': -1.2, 'spike_thresh': 1.5}
2026-07-26 11:55:46 | INFO | __main__:_proximity_loop:1258 | Proximity alert sent | {'symbol': 'RIFUSDT', 'level': 0.095063, 'distance_pct': 1.2947772816945404}
2026-07-26 11:55:46 | INFO | trading.strategy2_signal_filter:check:681 | S2 market phase | {'symbol': 'RIFUSDT', 'phase': 'unknown', 'note': 'unknown:range=8.6%,dir_eff=0.01'}
2026-07-26 11:55:46 | INFO | trading.strategy2_signal_filter:check:770 | S2 skip: body_level in active fall (H6) | {'symbol': 'RIFUSDT', 'level': 0.095063, 'current_price': 0.09631, 'drop_pct': -3.7, 'vol_spike': 2.5, 'drop_thresh': -1.2, 'spike_thresh': 1.5}
2026-07-26 11:55:47 | INFO | trading.strategy2_signal_filter:check:681 | S2 market phase | {'symbol': 'RIFUSDT', 'phase': 'unknown', 'note': 'unknown:range=8.6%,dir_eff=0.01'}
2026-07-26 11:55:47 | INFO | trading.strategy2_signal_filter:check:770 | S2 skip: body_level in active fall (H6) | {'symbol': 'RIFUSDT', 'level': 0.095063, 'current_price': 0.09631, 'drop_pct': -3.7, 'vol_spike': 2.5, 'drop_thresh': -1.2, 'spike_thresh': 1.5}
2026-07-26 11:55:52 | INFO | trading.strategy2_signal_filter:check:681 | S2 market phase | {'symbol': 'RIFUSDT', 'phase': 'unknown', 'note': 'unknown:range=8.6%,dir_eff=0.01'}
2026-07-26 11:55:52 | INFO | trading.strategy2_signal_filter:check:770 | S2 skip: body_level in active fall (H6) | {'symbol': 'RIFUSDT', 'level': 0.095063, 'current_price': 0.09631, 'drop_pct': -3.7, 'vol_spike': 2.5, 'drop_thresh': -1.2, 'spike_thresh': 1.5}
2026-07-26 11:55:56 | INFO | trading.strategy2_signal_filter:check:533 | S2 skip: approach>=block (G3, level exhausted) | {'symbol': 'BANKUSDT', 'level': 0.37121, 'approach_count': 7, 'block_threshold': 4}
2026-07-26 11:55:57 | INFO | trading.strategy2_signal_filter:check:681 | S2 market phase | {'symbol': 'RIFUSDT', 'phase': 'unknown', 'note': 'unknown:range=8.6%,dir_eff=0.00'}
2026-07-26 11:55:57 | INFO | trading.strategy2_signal_filter:check:770 | S2 skip: body_level in active fall (H6) | {'symbol': 'RIFUSDT', 'level': 0.095063, 'current_price': 0.09622, 'drop_pct': -3.79, 'vol_spike': 2.91, 'drop_thresh': -1.2, 'spike_thresh': 1.5}
2026-07-26 11:56:02 | INFO | trading.strategy2_signal_filter:check:681 | S2 market phase | {'symbol': 'RIFUSDT', 'phase': 'unknown', 'note': 'unknown:range=8.6%,dir_eff=0.00'}
2026-07-26 11:56:02 | INFO | trading.strategy2_signal_filter:check:770 | S2 skip: body_level in active fall (H6) | {'symbol': 'RIFUSDT', 'level': 0.095063, 'current_price': 0.09622, 'drop_pct': -3.79, 'vol_spike': 2.91, 'drop_thresh': -1.2, 'spike_thresh': 1.5}
2026-07-26 11:56:02 | INFO | trading.strategy2_signal_filter:check:681 | S2 market phase | {'symbol': 'RIFUSDT', 'phase': 'unknown', 'note': 'unknown:range=8.6%,dir_eff=0.00'}
2026-07-26 11:56:02 | INFO | trading.strategy2_signal_filter:check:770 | S2 skip: body_level in active fall (H6) | {'symbol': 'RIFUSDT', 'level': 0.095063, 'current_price': 0.09622, 'drop_pct': -3.79, 'vol_spike': 2.91, 'drop_thresh': -1.2, 'spike_thresh': 1.5}
2026-07-26 11:56:07 | INFO | trading.strategy2_signal_filter:check:681 | S2 market phase | {'symbol': 'RIFUSDT', 'phase': 'unknown', 'note': 'unknown:range=8.6%,dir_eff=0.01'}
2026-07-26 11:56:07 | INFO | trading.strategy2_signal_filter:check:770 | S2 skip: body_level in active fall (H6) | {'symbol': 'RIFUSDT', 'level': 0.095063, 'current_price': 0.09606, 'drop_pct': -4.84, 'vol_spike': 2.17, 'drop_thresh': -1.2, 'spike_thresh': 1.5}
2026-07-26 11:56:12 | INFO | trading.strategy2_signal_filter:check:533 | S2 skip: approach>=block (G3, level exhausted) | {'symbol': 'BANKUSDT', 'level': 0.37121, 'approach_count': 7, 'block_threshold': 4}
2026-07-26 11:56:13 | INFO | trading.strategy2_signal_filter:check:681 | S2 market phase | {'symbol': 'RIFUSDT', 'phase': 'unknown', 'note': 'unknown:range=8.6%,dir_eff=0.01'}
2026-07-26 11:56:13 | INFO | trading.strategy2_signal_filter:check:770 | S2 skip: body_level in active fall (H6) | {'symbol': 'RIFUSDT', 'level': 0.095063, 'current_price': 0.09606, 'drop_pct': -4.84, 'vol_spike': 2.17, 'drop_thresh': -1.2, 'spike_thresh': 1.5}
2026-07-26 11:56:17 | INFO | trading.strategy2_signal_filter:check:681 | S2 market phase | {'symbol': 'RIFUSDT', 'phase': 'unknown', 'note': 'unknown:range=8.6%,dir_eff=0.01'}
2026-07-26 11:56:17 | INFO | trading.strategy2_signal_filter:check:770 | S2 skip: body_level in active fall (H6) | {'symbol': 'RIFUSDT', 'level': 0.095063, 'current_price': 0.09606, 'drop_pct': -4.84, 'vol_spike': 2.17, 'drop_thresh': -1.2, 'spike_thresh': 1.5}
2026-07-26 11:56:17 | INFO | trading.strategy2_signal_filter:check:681 | S2 market phase | {'symbol': 'RIFUSDT', 'phase': 'unknown', 'note': 'unknown:range=8.6%,dir_eff=0.01'}
2026-07-26 11:56:17 | INFO | trading.strategy2_signal_filter:check:770 | S2 skip: body_level in active fall (H6) | {'symbol': 'RIFUSDT', 'level': 0.095063, 'current_price': 0.09606, 'drop_pct': -4.84, 'vol_spike': 2.17, 'drop_thresh': -1.2, 'spike_thresh': 1.5}
2026-07-26 11:56:23 | INFO | trading.strategy2_signal_filter:check:681 | S2 market phase | {'symbol': 'RIFUSDT', 'phase': 'drop_tradeable', 'note': 'drop_tradeable:bq=1.00'}
2026-07-26 11:56:28 | INFO | trading.strategy2_signal_filter:check:681 | S2 market phase | {'symbol': 'RIFUSDT', 'phase': 'drop_tradeable', 'note': 'drop_tradeable:bq=1.00'}
2026-07-26 11:56:53 | INFO | trading.strategy2_signal_filter:check:533 | S2 skip: approach>=block (G3, level exhausted) | {'symbol': 'BANKUSDT', 'level': 0.37121, 'approach_count': 7, 'block_threshold': 4}
2026-07-26 11:56:53 | INFO | trading.strategy2_signal_filter:check:681 | S2 market phase | {'symbol': 'RIFUSDT', 'phase': 'drop_tradeable', 'note': 'drop_tradeable:bq=1.00'}
2026-07-26 11:56:59 | INFO | trading.strategy2_signal_filter:check:681 | S2 market phase | {'symbol': 'RIFUSDT', 'phase': 'drop_tradeable', 'note': 'drop_tradeable:bq=1.00'}
2026-07-26 11:57:04 | INFO | trading.strategy2_signal_filter:check:681 | S2 market phase | {'symbol': 'RIFUSDT', 'phase': 'drop_tradeable', 'note': 'drop_tradeable:bq=1.00'}
2026-07-26 11:57:09 | INFO | trading.strategy2_signal_filter:check:533 | S2 skip: approach>=block (G3, level exhausted) | {'symbol': 'BANKUSDT', 'level': 0.37121, 'approach_count': 7, 'block_threshold': 4}
2026-07-26 11:57:09 | INFO | trading.strategy2_signal_filter:check:681 | S2 market phase | {'symbol': 'RIFUSDT', 'phase': 'drop_tradeable', 'note': 'drop_tradeable:bq=1.00'}
2026-07-26 11:57:11 | INFO | __main__:_stale_monitor_loop:1179 | Stale monitor cancelled — rebuilding | {'symbol': 'DEXEUSDT', 'level': 3.019, 'current': 3.359, 'distance_pct': 10.1}
2026-07-26 11:57:11 | INFO | __main__:_monitored:798 | Monitor cancelled | {'symbol': 'DEXEUSDT', 'level': 3.019}
2026-07-26 11:57:11 | INFO | __main__:_run_phase1:601 | Level broken in recent candles, skipping monitor | {'symbol': 'DEXEUSDT', 'level': 3.301, 'close_below': 16}
2026-07-26 11:57:14 | INFO | trading.strategy2_signal_filter:check:681 | S2 market phase | {'symbol': 'RIFUSDT', 'phase': 'drop_tradeable', 'note': 'drop_tradeable:bq=1.00'}
2026-07-26 11:57:19 | INFO | trading.strategy2_signal_filter:check:681 | S2 market phase | {'symbol': 'RIFUSDT', 'phase': 'drop_tradeable', 'note': 'drop_tradeable:bq=1.00'}
2026-07-26 11:57:24 | INFO | trading.strategy2_signal_filter:check:681 | S2 market phase | {'symbol': 'RIFUSDT', 'phase': 'drop_tradeable', 'note': 'drop_tradeable:bq=1.00'}
2026-07-26 11:57:30 | INFO | trading.strategy2_signal_filter:check:681 | S2 market phase | {'symbol': 'RIFUSDT', 'phase': 'drop_tradeable', 'note': 'drop_tradeable:bq=1.00'}
2026-07-26 11:57:35 | INFO | trading.strategy2_signal_filter:check:681 | S2 market phase | {'symbol': 'RIFUSDT', 'phase': 'drop_tradeable', 'note': 'drop_tradeable:bq=1.00'}
2026-07-26 11:57:40 | INFO | trading.strategy2_signal_filter:check:681 | S2 market phase | {'symbol': 'RIFUSDT', 'phase': 'drop_tradeable', 'note': 'drop_tradeable:bq=1.00'}
2026-07-26 11:57:45 | INFO | __main__:_monitored:787 | Level outcome saved | {'symbol': 'RIFUSDT', 'level': 0.095063, 'result': 'пробой', 'outcome': 'breakout', 'duration': 192.7}
2026-07-26 11:57:46 | INFO | __main__:_start_next_level_after_breakout:933 | Next level from cache started | {'symbol': 'RIFUSDT', 'level': 0.089463}
2026-07-26 11:58:06 | INFO | trading.strategy2_signal_filter:check:533 | S2 skip: approach>=block (G3, level exhausted) | {'symbol': 'BANKUSDT', 'level': 0.37121, 'approach_count': 7, 'block_threshold': 4}
2026-07-26 11:59:13 | INFO | trading.strategy2_signal_filter:check:533 | S2 skip: approach>=block (G3, level exhausted) | {'symbol': 'BANKUSDT', 'level': 0.37121, 'approach_count': 7, 'block_threshold': 4}
2026-07-26 11:59:29 | INFO | trading.strategy2_signal_filter:check:533 | S2 skip: approach>=block (G3, level exhausted) | {'symbol': 'BANKUSDT', 'level': 0.37121, 'approach_count': 7, 'block_threshold': 4}
2026-07-26 11:59:44 | INFO | trading.strategy2_signal_filter:check:533 | S2 skip: approach>=block (G3, level exhausted) | {'symbol': 'BANKUSDT', 'level': 0.37121, 'approach_count': 7, 'block_threshold': 4}
2026-07-26 12:00:00 | INFO | trading.strategy2_signal_filter:check:533 | S2 skip: approach>=block (G3, level exhausted) | {'symbol': 'BANKUSDT', 'level': 0.37121, 'approach_count': 7, 'block_threshold': 4}
2026-07-26 12:00:26 | INFO | __main__:_trigger_loop:357 | Trigger activated | {'symbol': 'PIEVERSEUSDT'}
2026-07-26 12:00:26 | INFO | __main__:_run_phase1:601 | Level broken in recent candles, skipping monitor | {'symbol': 'PIEVERSEUSDT', 'level': 0.8751, 'close_below': 28}
2026-07-26 12:00:26 | INFO | trading.strategy2_signal_filter:check:533 | S2 skip: approach>=block (G3, level exhausted) | {'symbol': 'BANKUSDT', 'level': 0.37121, 'approach_count': 7, 'block_threshold': 4}
2026-07-26 12:00:32 | INFO | __main__:_proximity_arm_loop:1948 | proximity-arm activated | {'symbol': 'DIAUSDT', 'level': 0.1423, 'type': 'pump_base', 'strength': 5, 'dist_atr': 1.83}
2026-07-26 12:00:32 | INFO | __main__:_proximity_arm_loop:1948 | proximity-arm activated | {'symbol': 'PIEVERSEUSDT', 'level': 0.8751, 'type': 'pump_base', 'strength': 5, 'dist_atr': 2.0}
2026-07-26 12:00:32 | INFO | __main__:_run_phase1:601 | Level broken in recent candles, skipping monitor | {'symbol': 'DIAUSDT', 'level': 0.1423, 'close_below': 7}
2026-07-26 12:00:41 | INFO | trading.strategy2_signal_filter:check:533 | S2 skip: approach>=block (G3, level exhausted) | {'symbol': 'BANKUSDT', 'level': 0.37121, 'approach_count': 7, 'block_threshold': 4}
2026-07-26 12:00:57 | INFO | trading.strategy2_signal_filter:check:533 | S2 skip: approach>=block (G3, level exhausted) | {'symbol': 'BANKUSDT', 'level': 0.37121, 'approach_count': 7, 'block_threshold': 4}
2026-07-26 12:01:02 | INFO | __main__:_proximity_arm_loop:1948 | proximity-arm activated | {'symbol': 'DEXEUSDT', 'level': 3.26, 'type': 'pump_base', 'strength': 5, 'dist_atr': 1.27}
2026-07-26 12:01:02 | INFO | __main__:_run_phase1:535 | No strong levels found | {'symbol': 'DEXEUSDT', 'total_levels': 1}
2026-07-26 12:01:12 | INFO | trading.strategy2_signal_filter:check:533 | S2 skip: approach>=block (G3, level exhausted) | {'symbol': 'BANKUSDT', 'level': 0.37121, 'approach_count': 7, 'block_threshold': 4}
2026-07-26 12:01:28 | INFO | trading.strategy2_signal_filter:check:533 | S2 skip: approach>=block (G3, level exhausted) | {'symbol': 'BANKUSDT', 'level': 0.37121, 'approach_count': 7, 'block_threshold': 4}
2026-07-26 12:01:43 | INFO | trading.strategy2_signal_filter:check:533 | S2 skip: approach>=block (G3, level exhausted) | {'symbol': 'BANKUSDT', 'level': 0.37121, 'approach_count': 7, 'block_threshold': 4}
2026-07-26 12:01:59 | INFO | trading.strategy2_signal_filter:check:533 | S2 skip: approach>=block (G3, level exhausted) | {'symbol': 'BANKUSDT', 'level': 0.37121, 'approach_count': 7, 'block_threshold': 4}
2026-07-26 12:02:14 | INFO | trading.strategy2_signal_filter:check:533 | S2 skip: approach>=block (G3, level exhausted) | {'symbol': 'BANKUSDT', 'level': 0.37121, 'approach_count': 7, 'block_threshold': 4}
2026-07-26 12:02:30 | INFO | trading.strategy2_signal_filter:check:533 | S2 skip: approach>=block (G3, level exhausted) | {'symbol': 'BANKUSDT', 'level': 0.37121, 'approach_count': 7, 'block_threshold': 4}
2026-07-26 12:02:46 | INFO | trading.strategy2_signal_filter:check:533 | S2 skip: approach>=block (G3, level exhausted) | {'symbol': 'BANKUSDT', 'level': 0.37121, 'approach_count': 7, 'block_threshold': 4}
2026-07-26 12:03:01 | INFO | trading.strategy2_signal_filter:check:533 | S2 skip: approach>=block (G3, level exhausted) | {'symbol': 'BANKUSDT', 'level': 0.37121, 'approach_count': 7, 'block_threshold': 4}
2026-07-26 12:03:11 | INFO | trading.strategy2_signal_filter:check:681 | S2 market phase | {'symbol': 'AKEUSDT', 'phase': 'flat', 'note': 'flat:range=4.0%,dir_eff=0.21'}
2026-07-26 12:03:11 | INFO | trading.strategy2_signal_filter:check:896 | S2: SL adjusted to minimum distance | {'symbol': 'AKEUSDT', 'min_dist_pct': 0.483, 'stop_loss': 0.00303686}
2026-07-26 12:03:11 | INFO | trading.strategy2_signal_filter:check:912 | S2: SL moved below grid_bottom (was inside grid) | {'symbol': 'AKEUSDT', 'grid_bottom': 0.00302414, 'stop_loss': 0.00301492}
2026-07-26 12:03:11 | INFO | trading.strategy2_signal_filter:check:988 | S2 signal passed all filters | {'symbol': 'AKEUSDT', 'level': 0.0030516, 'level_type': 'pump_base', 'strength': 5, 'p_bounce': 0.927, 'sl': 0.00301492, 'tp1': 0.00307906, 'tp2': 0.00314374, 'rr': 0.75, 'phase': 'flat', 'pos_struct_pct': 23.3, 'pos_local_pct': -24.9, 'struct_range': [0.0029196, 0.0034869], 'approach_speed_pct': -2.32, 'red_candles_streak': 7, 'phase_streak_checks': 1, 'phase_streak_seconds': 0.0, 'bleed_in_last_12': 9, 'seconds_since_bleed': 23060.4, 'phase_seq': 'bbbbbbbbbddf', 'hours_since_pump_peak': 21.3, 'vol_decay': 0.41, 'natr_now_pct': 1.86, 'natr_1m': 0.536, 'natr_5m': 0.957, 'natr_15m': 1.868, 'candle_staleness_sec': 11.9, 'bot_version': '2026-07-18.1'}
2026-07-26 12:03:12 | INFO | __main__:_proximity_loop:1258 | Proximity alert sent | {'symbol': 'AKEUSDT', 'level': 0.0030516, 'distance_pct': 1.2555009060315911}
2026-07-26 12:03:12 | INFO | trading.strategy2_live:_open_grid:784 | S2Live: SL order placed | {'trade_id': '5e6bbdc7-0f33-4391-8b58-5f65d730e21a', 'symbol': 'AKEUSDT', 'sl_order_id': 'b2ad1d5f-abde-4f34-beb8-ffee8c9d83b9', 'trigger': 0.0030149, 'qty': 65500.0}
2026-07-26 12:03:12 | INFO | bot.telegram:send_close_with_chart:1480 | chart candles available: AKEUSDT 300 | {}
2026-07-26 12:03:13 | INFO | trading.strategy2_live:_open_grid:817 | S2Live grid opened | {'trade_id': '5e6bbdc7-0f33-4391-8b58-5f65d730e21a', 'symbol': 'AKEUSDT', 'orders': 2}
2026-07-26 12:03:17 | INFO | trading.strategy2_signal_filter:check:533 | S2 skip: approach>=block (G3, level exhausted) | {'symbol': 'BANKUSDT', 'level': 0.37121, 'approach_count': 7, 'block_threshold': 4}
2026-07-26 12:03:32 | INFO | trading.strategy2_signal_filter:check:533 | S2 skip: approach>=block (G3, level exhausted) | {'symbol': 'BANKUSDT', 'level': 0.37121, 'approach_count': 7, 'block_threshold': 4}
2026-07-26 12:03:33 | INFO | __main__:_auto_screener_loop:306 | Auto screener completed | {'total': 3, 'new': 0}
2026-07-26 12:03:48 | INFO | trading.strategy2_signal_filter:check:533 | S2 skip: approach>=block (G3, level exhausted) | {'symbol': 'BANKUSDT', 'level': 0.37121, 'approach_count': 7, 'block_threshold': 4}
2026-07-26 12:04:03 | INFO | trading.strategy2_signal_filter:check:533 | S2 skip: approach>=block (G3, level exhausted) | {'symbol': 'BANKUSDT', 'level': 0.37121, 'approach_count': 7, 'block_threshold': 4}
2026-07-26 12:04:19 | INFO | trading.strategy2_signal_filter:check:533 | S2 skip: approach>=block (G3, level exhausted) | {'symbol': 'BANKUSDT', 'level': 0.37121, 'approach_count': 7, 'block_threshold': 4}
2026-07-26 12:04:24 | INFO | __main__:_proximity_loop:1381 | Weak level touch resolved | {'symbol': 'AKEUSDT', 'level': 0.00311097, 'event': 'zakol', 'fill_depth': 1.2526639601153249}
2026-07-26 12:04:32 | INFO | __main__:_proximity_arm_loop:1948 | proximity-arm activated | {'symbol': 'EULUSDT', 'level': 2.4846, 'type': 'pump_base', 'strength': 5, 'dist_atr': 1.6}
2026-07-26 12:04:33 | INFO | __main__:_run_phase1:652 | Level monitoring started | {'symbol': 'EULUSDT', 'level': 2.4846, 'strength': 5}
2026-07-26 12:04:34 | INFO | trading.strategy2_signal_filter:check:533 | S2 skip: approach>=block (G3, level exhausted) | {'symbol': 'BANKUSDT', 'level': 0.37121, 'approach_count': 7, 'block_threshold': 4}
2026-07-26 12:04:48 | INFO | trading.strategy2_signal_filter:check:533 | S2 skip: approach>=block (G3, level exhausted) | {'symbol': 'EULUSDT', 'level': 2.4846, 'approach_count': 8, 'block_threshold': 4}
2026-07-26 12:04:48 | INFO | trading.strategy2_signal_filter:check:545 | S2: level marked dead, monitor will stop sending proximity | {'symbol': 'EULUSDT', 'level': 2.4846, 'approach_count': 8}
2026-07-26 12:04:50 | INFO | trading.strategy2_signal_filter:check:533 | S2 skip: approach>=block (G3, level exhausted) | {'symbol': 'BANKUSDT', 'level': 0.37121, 'approach_count': 7, 'block_threshold': 4}
2026-07-26 12:04:50 | INFO | __main__:_proximity_loop:1258 | Proximity alert sent | {'symbol': 'EULUSDT', 'level': 2.4846, 'distance_pct': 1.4164980359481125}
2026-07-26 12:04:50 | INFO | trading.strategy2_signal_filter:check:533 | S2 skip: approach>=block (G3, level exhausted) | {'symbol': 'EULUSDT', 'level': 2.4846, 'approach_count': 8, 'block_threshold': 4}
2026-07-26 12:05:05 | INFO | trading.strategy2_signal_filter:check:533 | S2 skip: approach>=block (G3, level exhausted) | {'symbol': 'BANKUSDT', 'level': 0.37121, 'approach_count': 7, 'block_threshold': 4}
2026-07-26 12:05:21 | INFO | trading.strategy2_signal_filter:check:533 | S2 skip: approach>=block (G3, level exhausted) | {'symbol': 'BANKUSDT', 'level': 0.37121, 'approach_count': 7, 'block_threshold': 4}
2026-07-26 12:05:36 | INFO | trading.strategy2_signal_filter:check:533 | S2 skip: approach>=block (G3, level exhausted) | {'symbol': 'BANKUSDT', 'level': 0.37121, 'approach_count': 7, 'block_threshold': 4}
2026-07-26 12:05:52 | INFO | trading.strategy2_signal_filter:check:533 | S2 skip: approach>=block (G3, level exhausted) | {'symbol': 'BANKUSDT', 'level': 0.37121, 'approach_count': 7, 'block_threshold': 4}
2026-07-26 12:05:57 | INFO | __main__:_proximity_loop:1381 | Weak level touch resolved | {'symbol': 'AKEUSDT', 'level': 0.0030815, 'event': 'zakol', 'fill_depth': 0.3407431445724515}
2026-07-26 12:06:07 | INFO | trading.strategy2_signal_filter:check:533 | S2 skip: approach>=block (G3, level exhausted) | {'symbol': 'BANKUSDT', 'level': 0.37121, 'approach_count': 7, 'block_threshold': 4}
2026-07-26 12:06:08 | INFO | trading.strategy2_signal_filter:check:533 | S2 skip: approach>=block (G3, level exhausted) | {'symbol': 'EULUSDT', 'level': 2.4846, 'approach_count': 8, 'block_threshold': 4}
2026-07-26 12:06:23 | INFO | trading.strategy2_signal_filter:check:533 | S2 skip: approach>=block (G3, level exhausted) | {'symbol': 'BANKUSDT', 'level': 0.37121, 'approach_count': 7, 'block_threshold': 4}
2026-07-26 12:06:23 | INFO | trading.strategy2_signal_filter:check:533 | S2 skip: approach>=block (G3, level exhausted) | {'symbol': 'EULUSDT', 'level': 2.4846, 'approach_count': 8, 'block_threshold': 4}
2026-07-26 12:06:39 | INFO | trading.strategy2_signal_filter:check:533 | S2 skip: approach>=block (G3, level exhausted) | {'symbol': 'BANKUSDT', 'level': 0.37121, 'approach_count': 7, 'block_threshold': 4}
2026-07-26 12:06:39 | INFO | trading.strategy2_signal_filter:check:533 | S2 skip: approach>=block (G3, level exhausted) | {'symbol': 'EULUSDT', 'level': 2.4846, 'approach_count': 8, 'block_threshold': 4}
2026-07-26 12:06:54 | INFO | trading.strategy2_signal_filter:check:533 | S2 skip: approach>=block (G3, level exhausted) | {'symbol': 'BANKUSDT', 'level': 0.37121, 'approach_count': 7, 'block_threshold': 4}
2026-07-26 12:06:54 | INFO | trading.strategy2_signal_filter:check:533 | S2 skip: approach>=block (G3, level exhausted) | {'symbol': 'EULUSDT', 'level': 2.4846, 'approach_count': 8, 'block_threshold': 4}
2026-07-26 12:07:10 | INFO | trading.strategy2_signal_filter:check:533 | S2 skip: approach>=block (G3, level exhausted) | {'symbol': 'BANKUSDT', 'level': 0.37121, 'approach_count': 7, 'block_threshold': 4}
2026-07-26 12:07:10 | INFO | trading.strategy2_signal_filter:check:533 | S2 skip: approach>=block (G3, level exhausted) | {'symbol': 'EULUSDT', 'level': 2.4846, 'approach_count': 8, 'block_threshold': 4}
2026-07-26 12:07:20 | INFO | __main__:_proximity_loop:1381 | Weak level touch resolved | {'symbol': 'BANKUSDT', 'level': 0.37412, 'event': 'bounce', 'fill_depth': 0.0}
2026-07-26 12:07:25 | INFO | trading.strategy2_signal_filter:check:533 | S2 skip: approach>=block (G3, level exhausted) | {'symbol': 'BANKUSDT', 'level': 0.37121, 'approach_count': 7, 'block_threshold': 4}
2026-07-26 12:07:25 | INFO | trading.strategy2_signal_filter:check:533 | S2 skip: approach>=block (G3, level exhausted) | {'symbol': 'EULUSDT', 'level': 2.4846, 'approach_count': 9, 'block_threshold': 4}
2026-07-26 12:07:41 | INFO | trading.strategy2_signal_filter:check:533 | S2 skip: approach>=block (G3, level exhausted) | {'symbol': 'BANKUSDT', 'level': 0.37121, 'approach_count': 7, 'block_threshold': 4}
2026-07-26 12:07:41 | INFO | trading.strategy2_signal_filter:check:533 | S2 skip: approach>=block (G3, level exhausted) | {'symbol': 'EULUSDT', 'level': 2.4846, 'approach_count': 9, 'block_threshold': 4}
2026-07-26 12:07:46 | INFO | analysis.monitor:start_monitor:126 | monitor: skip level with non-positive p_bounce (won't pass entry filter) | {'symbol': 'EULUSDT', 'level': 2.545815625, 'level_type': 'wick_level', 'p_bounce': 0.0, 'expected_depth': 0.0}
2026-07-26 12:07:46 | INFO | __main__:_monitored:798 | Monitor cancelled | {'symbol': 'EULUSDT', 'level': 2.4846}
2026-07-26 12:07:46 | INFO | __main__:_start_resistance_after_bounce:1116 | Resistance monitor started | {'symbol': 'EULUSDT', 'resistance': 2.545815625, 'from_support': 2.4846}
2026-07-26 12:07:46 | INFO | __main__:_monitored:787 | Level outcome saved | {'symbol': 'EULUSDT', 'level': 2.545815625, 'result': 'отбой', 'outcome': None, 'duration': 0.0}
2026-07-26 12:07:56 | INFO | trading.strategy2_signal_filter:check:533 | S2 skip: approach>=block (G3, level exhausted) | {'symbol': 'BANKUSDT', 'level': 0.37121, 'approach_count': 7, 'block_threshold': 4}
2026-07-26 12:08:12 | INFO | trading.strategy2_signal_filter:check:533 | S2 skip: approach>=block (G3, level exhausted) | {'symbol': 'BANKUSDT', 'level': 0.37121, 'approach_count': 7, 'block_threshold': 4}
2026-07-26 12:08:27 | INFO | trading.strategy2_signal_filter:check:533 | S2 skip: approach>=block (G3, level exhausted) | {'symbol': 'BANKUSDT', 'level': 0.37121, 'approach_count': 7, 'block_threshold': 4}
2026-07-26 12:08:43 | INFO | trading.strategy2_signal_filter:check:533 | S2 skip: approach>=block (G3, level exhausted) | {'symbol': 'BANKUSDT', 'level': 0.37121, 'approach_count': 7, 'block_threshold': 4}
2026-07-26 12:08:58 | INFO | trading.strategy2_signal_filter:check:533 | S2 skip: approach>=block (G3, level exhausted) | {'symbol': 'BANKUSDT', 'level': 0.37121, 'approach_count': 7, 'block_threshold': 4}
2026-07-26 12:09:14 | INFO | trading.strategy2_signal_filter:check:533 | S2 skip: approach>=block (G3, level exhausted) | {'symbol': 'BANKUSDT', 'level': 0.37121, 'approach_count': 7, 'block_threshold': 4}
2026-07-26 12:09:29 | INFO | trading.strategy2_signal_filter:check:533 | S2 skip: approach>=block (G3, level exhausted) | {'symbol': 'BANKUSDT', 'level': 0.37121, 'approach_count': 7, 'block_threshold': 4}
2026-07-26 12:09:45 | INFO | trading.strategy2_signal_filter:check:533 | S2 skip: approach>=block (G3, level exhausted) | {'symbol': 'BANKUSDT', 'level': 0.37121, 'approach_count': 7, 'block_threshold': 4}
2026-07-26 12:10:00 | INFO | trading.strategy2_signal_filter:check:533 | S2 skip: approach>=block (G3, level exhausted) | {'symbol': 'BANKUSDT', 'level': 0.37121, 'approach_count': 7, 'block_threshold': 4}
2026-07-26 12:10:16 | INFO | trading.strategy2_signal_filter:check:533 | S2 skip: approach>=block (G3, level exhausted) | {'symbol': 'BANKUSDT', 'level': 0.37121, 'approach_count': 7, 'block_threshold': 4}
2026-07-26 12:10:31 | INFO | trading.strategy2_signal_filter:check:533 | S2 skip: approach>=block (G3, level exhausted) | {'symbol': 'BANKUSDT', 'level': 0.37121, 'approach_count': 7, 'block_threshold': 4}
2026-07-26 12:10:47 | INFO | trading.strategy2_signal_filter:check:533 | S2 skip: approach>=block (G3, level exhausted) | {'symbol': 'BANKUSDT', 'level': 0.37121, 'approach_count': 7, 'block_threshold': 4}
2026-07-26 12:11:02 | INFO | trading.strategy2_signal_filter:check:533 | S2 skip: approach>=block (G3, level exhausted) | {'symbol': 'BANKUSDT', 'level': 0.37121, 'approach_count': 7, 'block_threshold': 4}
2026-07-26 12:11:18 | INFO | trading.strategy2_signal_filter:check:533 | S2 skip: approach>=block (G3, level exhausted) | {'symbol': 'BANKUSDT', 'level': 0.37121, 'approach_count': 7, 'block_threshold': 4}
2026-07-26 12:11:33 | INFO | trading.strategy2_signal_filter:check:533 | S2 skip: approach>=block (G3, level exhausted) | {'symbol': 'BANKUSDT', 'level': 0.37121, 'approach_count': 7, 'block_threshold': 4}
2026-07-26 12:11:49 | INFO | trading.strategy2_signal_filter:check:533 | S2 skip: approach>=block (G3, level exhausted) | {'symbol': 'BANKUSDT', 'level': 0.37121, 'approach_count': 7, 'block_threshold': 4}
2026-07-26 12:12:04 | INFO | trading.strategy2_signal_filter:check:533 | S2 skip: approach>=block (G3, level exhausted) | {'symbol': 'BANKUSDT', 'level': 0.37121, 'approach_count': 7, 'block_threshold': 4}
2026-07-26 12:12:20 | INFO | trading.strategy2_signal_filter:check:533 | S2 skip: approach>=block (G3, level exhausted) | {'symbol': 'BANKUSDT', 'level': 0.37121, 'approach_count': 7, 'block_threshold': 4}
2026-07-26 12:12:36 | INFO | trading.strategy2_signal_filter:check:533 | S2 skip: approach>=block (G3, level exhausted) | {'symbol': 'BANKUSDT', 'level': 0.37121, 'approach_count': 7, 'block_threshold': 4}
2026-07-26 12:12:51 | INFO | trading.strategy2_signal_filter:check:533 | S2 skip: approach>=block (G3, level exhausted) | {'symbol': 'BANKUSDT', 'level': 0.37121, 'approach_count': 7, 'block_threshold': 4}
2026-07-26 12:13:07 | INFO | trading.strategy2_signal_filter:check:533 | S2 skip: approach>=block (G3, level exhausted) | {'symbol': 'BANKUSDT', 'level': 0.37121, 'approach_count': 6, 'block_threshold': 4}
2026-07-26 12:13:22 | INFO | trading.strategy2_signal_filter:check:533 | S2 skip: approach>=block (G3, level exhausted) | {'symbol': 'BANKUSDT', 'level': 0.37121, 'approach_count': 7, 'block_threshold': 4}
2026-07-26 12:13:37 | INFO | __main__:_auto_screener_loop:306 | Auto screener completed | {'total': 2, 'new': 0}
2026-07-26 12:13:38 | INFO | trading.strategy2_signal_filter:check:533 | S2 skip: approach>=block (G3, level exhausted) | {'symbol': 'BANKUSDT', 'level': 0.37121, 'approach_count': 7, 'block_threshold': 4}
2026-07-26 12:13:53 | INFO | trading.strategy2_signal_filter:check:533 | S2 skip: approach>=block (G3, level exhausted) | {'symbol': 'BANKUSDT', 'level': 0.37121, 'approach_count': 7, 'block_threshold': 4}
2026-07-26 12:13:57 | INFO | trading.strategy2_live:_sync_grid_fills:1629 | S2Live: grid order filled | {'trade_id': '5e6bbdc7-0f33-4391-8b58-5f65d730e21a', 'symbol': 'AKEUSDT', 'index': 1, 'fill_price': 0.0030699}
2026-07-26 12:13:57 | INFO | trading.strategy2_live:_recalculate_params:2191 | S2Live: params recalculated | {'trade_id': '5e6bbdc7-0f33-4391-8b58-5f65d730e21a', 'sl': 0.00301493, 'tp1': 0.00307906, 'tp2': 0.00314374, 'full_grid_tp': None, 'fill_count': 1}
2026-07-26 12:13:59 | INFO | trading.strategy2_live:_partial_close_tp1:2347 | S2Live: partial TP1 — 50% closed, trailing remainder | {'trade_id': '5e6bbdc7-0f33-4391-8b58-5f65d730e21a', 'symbol': 'AKEUSDT', 'closed_qty': 16200.0, 'remainder': 16300.0, 'order_id': '1d6e5228-885c-4ea8-998c-45db2cbd96ba'}
2026-07-26 12:13:59 | INFO | trading.strategy2_live:_check_tp_trailing:2436 | S2Live: TP1 hit — trailing activated | {'trade_id': '5e6bbdc7-0f33-4391-8b58-5f65d730e21a', 'symbol': 'AKEUSDT', 'peak': 0.003111, 'trailing_stop': 0.00309257}
2026-07-26 12:14:09 | INFO | trading.strategy2_signal_filter:check:533 | S2 skip: approach>=block (G3, level exhausted) | {'symbol': 'BANKUSDT', 'level': 0.37121, 'approach_count': 7, 'block_threshold': 4}
2026-07-26 12:14:24 | INFO | trading.strategy2_signal_filter:check:533 | S2 skip: approach>=block (G3, level exhausted) | {'symbol': 'BANKUSDT', 'level': 0.37121, 'approach_count': 7, 'block_threshold': 4}
2026-07-26 12:14:40 | INFO | trading.strategy2_signal_filter:check:533 | S2 skip: approach>=block (G3, level exhausted) | {'symbol': 'BANKUSDT', 'level': 0.37121, 'approach_count': 7, 'block_threshold': 4}
2026-07-26 12:14:55 | INFO | __main__:_proximity_loop:1381 | Weak level touch resolved | {'symbol': 'AKEUSDT', 'level': 0.0030815, 'event': 'zakol', 'fill_depth': 0.6977121531721646}
2026-07-26 12:14:55 | INFO | trading.strategy2_signal_filter:check:533 | S2 skip: approach>=block (G3, level exhausted) | {'symbol': 'BANKUSDT', 'level': 0.37121, 'approach_count': 7, 'block_threshold': 4}
2026-07-26 12:15:11 | INFO | trading.strategy2_signal_filter:check:533 | S2 skip: approach>=block (G3, level exhausted) | {'symbol': 'BANKUSDT', 'level': 0.37121, 'approach_count': 7, 'block_threshold': 4}
2026-07-26 12:15:16 | INFO | __main__:_trigger_loop:357 | Trigger activated | {'symbol': 'BANKUSDT'}
2026-07-26 12:15:16 | INFO | __main__:_run_phase1:575 | Replaced old monitor with closer level | {'symbol': 'BANKUSDT', 'old': 0.37121, 'new': 0.37413}
2026-07-26 12:15:16 | INFO | __main__:_monitored:798 | Monitor cancelled | {'symbol': 'BANKUSDT', 'level': 0.37121}
2026-07-26 12:15:17 | INFO | __main__:_run_phase1:652 | Level monitoring started | {'symbol': 'BANKUSDT', 'level': 0.37413, 'strength': 4}
2026-07-26 12:15:17 | INFO | __main__:_trigger_loop:357 | Trigger activated | {'symbol': 'ESPORTSUSDT'}
2026-07-26 12:15:17 | INFO | __main__:_run_phase1:414 | Pump degraded, skipping monitoring | {'symbol': 'ESPORTSUSDT', 'health': 45, 'broken': 0, 'correction': '83%'}
2026-07-26 12:15:17 | INFO | trading.strategy2_signal_filter:check:533 | S2 skip: approach>=block (G3, level exhausted) | {'symbol': 'BANKUSDT', 'level': 0.37413, 'approach_count': 10, 'block_threshold': 4}
2026-07-26 12:15:17 | INFO | trading.strategy2_signal_filter:check:545 | S2: level marked dead, monitor will stop sending proximity | {'symbol': 'BANKUSDT', 'level': 0.37413, 'approach_count': 10}
2026-07-26 12:15:21 | INFO | __main__:_proximity_loop:1258 | Proximity alert sent | {'symbol': 'BANKUSDT', 'level': 0.37413, 'distance_pct': 0.6400382429489477}
2026-07-26 12:15:21 | INFO | trading.strategy2_signal_filter:check:533 | S2 skip: approach>=block (G3, level exhausted) | {'symbol': 'BANKUSDT', 'level': 0.37413, 'approach_count': 10, 'block_threshold': 4}
2026-07-26 12:15:37 | INFO | trading.strategy2_signal_filter:check:533 | S2 skip: approach>=block (G3, level exhausted) | {'symbol': 'BANKUSDT', 'level': 0.37413, 'approach_count': 11, 'block_threshold': 4}
2026-07-26 12:15:52 | INFO | trading.strategy2_signal_filter:check:533 | S2 skip: approach>=block (G3, level exhausted) | {'symbol': 'BANKUSDT', 'level': 0.37413, 'approach_count': 11, 'block_threshold': 4}
2026-07-26 12:16:08 | INFO | trading.strategy2_signal_filter:check:533 | S2 skip: approach>=block (G3, level exhausted) | {'symbol': 'BANKUSDT', 'level': 0.37413, 'approach_count': 11, 'block_threshold': 4}
2026-07-26 12:16:23 | INFO | trading.strategy2_signal_filter:check:533 | S2 skip: approach>=block (G3, level exhausted) | {'symbol': 'BANKUSDT', 'level': 0.37413, 'approach_count': 11, 'block_threshold': 4}
2026-07-26 12:16:39 | INFO | trading.strategy2_signal_filter:check:533 | S2 skip: approach>=block (G3, level exhausted) | {'symbol': 'BANKUSDT', 'level': 0.37413, 'approach_count': 12, 'block_threshold': 4}
2026-07-26 12:16:54 | INFO | trading.strategy2_signal_filter:check:533 | S2 skip: approach>=block (G3, level exhausted) | {'symbol': 'BANKUSDT', 'level': 0.37413, 'approach_count': 12, 'block_threshold': 4}
2026-07-26 12:17:00 | INFO | trading.strategy2_live:_check_tp_trailing:2461 | S2Live: trailing stop hit | {'trade_id': '5e6bbdc7-0f33-4391-8b58-5f65d730e21a', 'symbol': 'AKEUSDT', 'trailing_stop': 0.00312877, 'current_price': 0.0031239}
2026-07-26 12:17:01 | INFO | trading.strategy2_live:_limit_then_market_sell:909 | S2Live[H1]: limit close placed | {'trade_id': '5e6bbdc7-0f33-4391-8b58-5f65d730e21a', 'symbol': 'AKEUSDT', 'attempt': 1, 'price': 0.0031283, 'qty': 16300.0, 'reason': 'trailing_stop'}
2026-07-26 12:17:03 | WARNING | trading.bybit_client:cancel_order:247 | bybit cancel_order unexpected response | {'symbol': 'AKEUSDT', 'order_id': 'a4945ad2-0f7c-45c0-a027-5d827e690d15', 'resp': {'retCode': 110001, 'retMsg': 'order not exists or too late to cancel', 'result': {}, 'retExtInfo': {}, 'time': 1785068223374}}
2026-07-26 12:17:05 | INFO | analysis.monitor:start_monitor:126 | monitor: skip level with non-positive p_bounce (won't pass entry filter) | {'symbol': 'BANKUSDT', 'level': 0.37838690140845066, 'level_type': 'wick_level', 'p_bounce': 0.0, 'expected_depth': 0.0}
2026-07-26 12:17:05 | INFO | __main__:_monitored:798 | Monitor cancelled | {'symbol': 'BANKUSDT', 'level': 0.37413}
2026-07-26 12:17:05 | INFO | __main__:_start_resistance_after_bounce:1116 | Resistance monitor started | {'symbol': 'BANKUSDT', 'resistance': 0.37838690140845066, 'from_support': 0.37413}
2026-07-26 12:17:05 | INFO | __main__:_monitored:787 | Level outcome saved | {'symbol': 'BANKUSDT', 'level': 0.37838690140845066, 'result': 'отбой', 'outcome': None, 'duration': 0.0}
2026-07-26 12:17:10 | INFO | bot.telegram:send_close_with_chart:1480 | chart candles available: AKEUSDT 300 | {}
2026-07-26 12:18:02 | INFO | __main__:_proximity_arm_loop:1948 | proximity-arm activated | {'symbol': 'BANKUSDT', 'level': 0.37413, 'type': 'pump_base', 'strength': 5, 'dist_atr': 1.26}
2026-07-26 12:18:03 | INFO | __main__:_run_phase1:652 | Level monitoring started | {'symbol': 'BANKUSDT', 'level': 0.35087, 'strength': 3}
2026-07-26 12:21:08 | INFO | __main__:_proximity_loop:1381 | Weak level touch resolved | {'symbol': 'AKEUSDT', 'level': 0.0030815, 'event': 'bounce', 'fill_depth': 0.24014278760343516}
2026-07-26 12:22:10 | INFO | trading.strategy2_signal_filter:check:681 | S2 market phase | {'symbol': 'AKEUSDT', 'phase': 'drop_tradeable', 'note': 'drop_tradeable:bq=0.89'}
2026-07-26 12:22:15 | INFO | trading.strategy2_signal_filter:check:681 | S2 market phase | {'symbol': 'AKEUSDT', 'phase': 'drop_tradeable', 'note': 'drop_tradeable:bq=0.89'}
2026-07-26 12:22:15 | INFO | trading.strategy2_signal_filter:check:681 | S2 market phase | {'symbol': 'AKEUSDT', 'phase': 'drop_tradeable', 'note': 'drop_tradeable:bq=0.89'}
2026-07-26 12:22:21 | INFO | trading.strategy2_signal_filter:check:681 | S2 market phase | {'symbol': 'AKEUSDT', 'phase': 'drop_tradeable', 'note': 'drop_tradeable:bq=0.89'}
2026-07-26 12:22:26 | INFO | trading.strategy2_signal_filter:check:681 | S2 market phase | {'symbol': 'AKEUSDT', 'phase': 'drop_tradeable', 'note': 'drop_tradeable:bq=0.89'}
2026-07-26 12:22:31 | INFO | trading.strategy2_signal_filter:check:681 | S2 market phase | {'symbol': 'AKEUSDT', 'phase': 'drop_tradeable', 'note': 'drop_tradeable:bq=0.89'}
2026-07-26 12:22:31 | INFO | trading.strategy2_signal_filter:check:681 | S2 market phase | {'symbol': 'AKEUSDT', 'phase': 'drop_tradeable', 'note': 'drop_tradeable:bq=0.89'}
2026-07-26 12:22:36 | INFO | trading.strategy2_signal_filter:check:681 | S2 market phase | {'symbol': 'AKEUSDT', 'phase': 'drop_tradeable', 'note': 'drop_tradeable:bq=0.89'}
2026-07-26 12:22:41 | INFO | trading.strategy2_signal_filter:check:681 | S2 market phase | {'symbol': 'AKEUSDT', 'phase': 'drop_tradeable', 'note': 'drop_tradeable:bq=0.89'}
2026-07-26 12:22:46 | INFO | trading.strategy2_signal_filter:check:681 | S2 market phase | {'symbol': 'AKEUSDT', 'phase': 'drop_tradeable', 'note': 'drop_tradeable:bq=0.89'}
2026-07-26 12:22:46 | INFO | trading.strategy2_signal_filter:check:681 | S2 market phase | {'symbol': 'AKEUSDT', 'phase': 'drop_tradeable', 'note': 'drop_tradeable:bq=0.89'}
2026-07-26 12:22:52 | INFO | trading.strategy2_signal_filter:check:681 | S2 market phase | {'symbol': 'AKEUSDT', 'phase': 'drop_tradeable', 'note': 'drop_tradeable:bq=0.89'}
2026-07-26 12:22:57 | INFO | trading.strategy2_signal_filter:check:681 | S2 market phase | {'symbol': 'AKEUSDT', 'phase': 'drop_tradeable', 'note': 'drop_tradeable:bq=0.89'}
2026-07-26 12:23:02 | INFO | trading.strategy2_signal_filter:check:681 | S2 market phase | {'symbol': 'AKEUSDT', 'phase': 'drop_tradeable', 'note': 'drop_tradeable:bq=0.89'}
2026-07-26 12:23:02 | INFO | trading.strategy2_signal_filter:check:681 | S2 market phase | {'symbol': 'AKEUSDT', 'phase': 'drop_tradeable', 'note': 'drop_tradeable:bq=0.89'}
2026-07-26 12:23:07 | INFO | trading.strategy2_signal_filter:check:681 | S2 market phase | {'symbol': 'AKEUSDT', 'phase': 'drop_tradeable', 'note': 'drop_tradeable:bq=0.89'}
2026-07-26 12:23:12 | INFO | trading.strategy2_signal_filter:check:681 | S2 market phase | {'symbol': 'AKEUSDT', 'phase': 'drop_tradeable', 'note': 'drop_tradeable:bq=0.89'}
2026-07-26 12:23:17 | INFO | trading.strategy2_signal_filter:check:681 | S2 market phase | {'symbol': 'AKEUSDT', 'phase': 'drop_tradeable', 'note': 'drop_tradeable:bq=0.89'}
2026-07-26 12:23:17 | INFO | trading.strategy2_signal_filter:check:681 | S2 market phase | {'symbol': 'AKEUSDT', 'phase': 'drop_tradeable', 'note': 'drop_tradeable:bq=0.89'}
2026-07-26 12:23:17 | INFO | trading.strategy2_signal_filter:check:988 | S2 signal passed all filters | {'symbol': 'AKEUSDT', 'level': 0.0030516, 'level_type': 'pump_base', 'strength': 5, 'p_bounce': 0.927, 'sl': 0.00301314, 'tp1': 0.00307906, 'tp2': 0.0031616, 'rr': 0.71, 'phase': 'drop_tradeable', 'pos_struct_pct': 23.3, 'pos_local_pct': -4.3, 'struct_range': [0.0029196, 0.0034869], 'approach_speed_pct': -0.0807, 'red_candles_streak': 1, 'phase_streak_checks': 19, 'phase_streak_seconds': 67.3, 'bleed_in_last_12': 0, 'seconds_since_bleed': 24266.5, 'phase_seq': 'dddddddddddd', 'hours_since_pump_peak': 21.6, 'vol_decay': 0.56, 'natr_now_pct': 2.55, 'natr_1m': 0.71, 'natr_5m': 1.48, 'natr_15m': 1.987, 'candle_staleness_sec': 18.0, 'bot_version': '2026-07-18.1'}
2026-07-26 12:23:19 | INFO | trading.strategy2_live:_open_grid:784 | S2Live: SL order placed | {'trade_id': '138e47a5-085a-4dd6-910f-ecb5c606654f', 'symbol': 'AKEUSDT', 'sl_order_id': '17281600-f53b-4855-87cb-b3622ea014ac', 'trigger': 0.0030131, 'qty': 65500.0}
2026-07-26 12:23:19 | INFO | bot.telegram:send_close_with_chart:1480 | chart candles available: AKEUSDT 300 | {}
2026-07-26 12:23:19 | INFO | trading.strategy2_live:_open_grid:817 | S2Live grid opened | {'trade_id': '138e47a5-085a-4dd6-910f-ecb5c606654f', 'symbol': 'AKEUSDT', 'orders': 2}
2026-07-26 12:23:40 | INFO | __main__:_auto_screener_loop:306 | Auto screener completed | {'total': 2, 'new': 0}
2026-07-26 12:25:06 | INFO | __main__:_trigger_loop:357 | Trigger activated | {'symbol': 'EULUSDT'}
2026-07-26 12:25:07 | INFO | __main__:_run_phase1:601 | Level broken in recent candles, skipping monitor | {'symbol': 'EULUSDT', 'level': 2.48, 'close_below': 7}
2026-07-26 12:26:19 | INFO | __main__:_trigger_loop:357 | Trigger activated | {'symbol': 'DEXEUSDT'}
2026-07-26 12:26:19 | INFO | __main__:_run_phase1:601 | Level broken in recent candles, skipping monitor | {'symbol': 'DEXEUSDT', 'level': 3.307, 'close_below': 10}
2026-07-26 12:31:09 | INFO | trading.strategy2_signal_filter:check:681 | S2 market phase | {'symbol': 'RIFUSDT', 'phase': 'drop_tradeable', 'note': 'drop_tradeable:bq=0.70'}
2026-07-26 12:31:09 | INFO | __main__:_proximity_loop:1258 | Proximity alert sent | {'symbol': 'RIFUSDT', 'level': 0.089463, 'distance_pct': 0.6849467140319633}
2026-07-26 12:31:09 | INFO | trading.strategy2_signal_filter:check:681 | S2 market phase | {'symbol': 'RIFUSDT', 'phase': 'drop_tradeable', 'note': 'drop_tradeable:bq=0.70'}
2026-07-26 12:31:35 | INFO | __main__:_trigger_loop:357 | Trigger activated | {'symbol': 'DIAUSDT'}
2026-07-26 12:31:35 | INFO | __main__:_run_phase1:601 | Level broken in recent candles, skipping monitor | {'symbol': 'DIAUSDT', 'level': 0.1424, 'close_below': 10}
2026-07-26 12:31:35 | INFO | trading.strategy2_signal_filter:check:681 | S2 market phase | {'symbol': 'RIFUSDT', 'phase': 'drop_tradeable', 'note': 'drop_tradeable:bq=0.70'}
2026-07-26 12:31:35 | INFO | trading.strategy2_signal_filter:check:681 | S2 market phase | {'symbol': 'RIFUSDT', 'phase': 'drop_tradeable', 'note': 'drop_tradeable:bq=0.70'}
2026-07-26 12:31:50 | INFO | trading.strategy2_signal_filter:check:681 | S2 market phase | {'symbol': 'RIFUSDT', 'phase': 'drop_tradeable', 'note': 'drop_tradeable:bq=0.70'}
2026-07-26 12:32:06 | INFO | trading.strategy2_signal_filter:check:681 | S2 market phase | {'symbol': 'RIFUSDT', 'phase': 'drop_tradeable', 'note': 'drop_tradeable:bq=0.70'}
2026-07-26 12:32:33 | INFO | __main__:_proximity_arm_loop:1948 | proximity-arm activated | {'symbol': 'DEXEUSDT', 'level': 3.508, 'type': 'pump_base', 'strength': 5, 'dist_atr': 1.22}
2026-07-26 12:32:33 | INFO | __main__:_run_phase1:601 | Level broken in recent candles, skipping monitor | {'symbol': 'DEXEUSDT', 'level': 3.3014, 'close_below': 7}
2026-07-26 12:33:08 | INFO | trading.strategy2_signal_filter:check:681 | S2 market phase | {'symbol': 'RIFUSDT', 'phase': 'drop_tradeable', 'note': 'drop_tradeable:bq=0.70'}
2026-07-26 12:33:13 | INFO | trading.strategy2_signal_filter:check:681 | S2 market phase | {'symbol': 'RIFUSDT', 'phase': 'drop_tradeable', 'note': 'drop_tradeable:bq=0.70'}
2026-07-26 12:33:43 | INFO | __main__:_auto_screener_loop:306 | Auto screener completed | {'total': 2, 'new': 0}
2026-07-26 12:34:02 | INFO | bot.telegram:send_close_with_chart:1480 | chart candles available: AKEUSDT 300 | {}
2026-07-26 12:34:03 | INFO | trading.strategy2_live:_reconcile_one:1289 | S2Live reconcile: no position, no fills — closed | {'trade_id': '138e47a5-085a-4dd6-910f-ecb5c606654f', 'symbol': 'AKEUSDT'}
2026-07-26 12:34:33 | INFO | __main__:_proximity_arm_loop:1948 | proximity-arm activated | {'symbol': 'EULUSDT', 'level': 2.4846, 'type': 'pump_base', 'strength': 5, 'dist_atr': 1.1}
2026-07-26 12:34:33 | INFO | __main__:_run_phase1:652 | Level monitoring started | {'symbol': 'EULUSDT', 'level': 2.4312, 'strength': 4}
2026-07-26 12:34:36 | INFO | __main__:_proximity_loop:1381 | Weak level touch resolved | {'symbol': 'EULUSDT', 'level': 2.4758, 'event': 'zakol', 'fill_depth': 0.4604572259471717}
2026-07-26 12:35:28 | INFO | __main__:_proximity_loop:1258 | Proximity alert sent | {'symbol': 'EULUSDT', 'level': 2.4312, 'distance_pct': 1.9163271069512193}
2026-07-26 12:35:28 | INFO | trading.strategy2_signal_filter:check:533 | S2 skip: approach>=block (G3, level exhausted) | {'symbol': 'EULUSDT', 'level': 2.4312, 'approach_count': 12, 'block_threshold': 4}
2026-07-26 12:35:28 | INFO | trading.strategy2_signal_filter:check:545 | S2: level marked dead, monitor will stop sending proximity | {'symbol': 'EULUSDT', 'level': 2.4312, 'approach_count': 12}
2026-07-26 12:35:33 | INFO | __main__:_proximity_arm_loop:1948 | proximity-arm activated | {'symbol': 'DIAUSDT', 'level': 0.1372, 'type': 'pump_base', 'strength': 5, 'dist_atr': 1.31}
2026-07-26 12:35:33 | INFO | __main__:_run_phase1:652 | Level monitoring started | {'symbol': 'DIAUSDT', 'level': 0.1339, 'strength': 5}
2026-07-26 12:35:44 | INFO | trading.strategy2_signal_filter:check:533 | S2 skip: approach>=block (G3, level exhausted) | {'symbol': 'EULUSDT', 'level': 2.4312, 'approach_count': 12, 'block_threshold': 4}
2026-07-26 12:36:04 | INFO | trading.strategy2_signal_filter:check:533 | S2 skip: approach>=block (G3, level exhausted) | {'symbol': 'EULUSDT', 'level': 2.4312, 'approach_count': 12, 'block_threshold': 4}
2026-07-26 12:36:20 | INFO | trading.strategy2_signal_filter:check:533 | S2 skip: approach>=block (G3, level exhausted) | {'symbol': 'EULUSDT', 'level': 2.4312, 'approach_count': 12, 'block_threshold': 4}
2026-07-26 12:36:35 | INFO | trading.strategy2_signal_filter:check:533 | S2 skip: approach>=block (G3, level exhausted) | {'symbol': 'EULUSDT', 'level': 2.4312, 'approach_count': 12, 'block_threshold': 4}
2026-07-26 12:39:05 | INFO | trading.strategy2_signal_filter:check:681 | S2 market phase | {'symbol': 'AKEUSDT', 'phase': 'drop_tradeable', 'note': 'drop_tradeable:bq=0.74'}
2026-07-26 12:39:05 | INFO | trading.strategy2_signal_filter:check:988 | S2 signal passed all filters | {'symbol': 'AKEUSDT', 'level': 0.0030516, 'level_type': 'pump_base', 'strength': 5, 'p_bounce': 0.927, 'sl': 0.00301912, 'tp1': 0.00307561, 'tp2': 0.00313624, 'rr': 0.74, 'phase': 'drop_tradeable', 'pos_struct_pct': 23.3, 'pos_local_pct': -4.3, 'struct_range': [0.0029196, 0.0034869], 'approach_speed_pct': 0.1034, 'red_candles_streak': 3, 'phase_streak_checks': 20, 'phase_streak_seconds': 1015.1, 'bleed_in_last_12': 0, 'seconds_since_bleed': 25214.3, 'phase_seq': 'dddddddddddd', 'hours_since_pump_peak': 21.9, 'vol_decay': 0.52, 'natr_now_pct': 2.35, 'natr_1m': 0.495, 'natr_5m': 1.557, 'natr_15m': 1.94, 'candle_staleness_sec': 65.8, 'bot_version': '2026-07-18.1'}
2026-07-26 12:39:06 | INFO | trading.strategy2_live:_open_grid:784 | S2Live: SL order placed | {'trade_id': 'f2863c6f-0e35-4680-b47b-64a952f469e6', 'symbol': 'AKEUSDT', 'sl_order_id': '38c6a916-44c7-4809-a42a-fed30ac57a72', 'trigger': 0.0030191, 'qty': 65500.0}
2026-07-26 12:39:06 | INFO | bot.telegram:send_close_with_chart:1480 | chart candles available: AKEUSDT 300 | {}
2026-07-26 12:39:07 | INFO | trading.strategy2_live:_open_grid:817 | S2Live grid opened | {'trade_id': 'f2863c6f-0e35-4680-b47b-64a952f469e6', 'symbol': 'AKEUSDT', 'orders': 2}
2026-07-26 12:39:36 | INFO | trading.strategy2_signal_filter:check:681 | S2 market phase | {'symbol': 'RIFUSDT', 'phase': 'drop_tradeable', 'note': 'drop_tradeable:bq=0.70'}
2026-07-26 12:39:42 | INFO | trading.strategy2_signal_filter:check:681 | S2 market phase | {'symbol': 'RIFUSDT', 'phase': 'drop_tradeable', 'note': 'drop_tradeable:bq=0.70'}
2026-07-26 12:39:57 | INFO | trading.strategy2_signal_filter:check:681 | S2 market phase | {'symbol': 'RIFUSDT', 'phase': 'drop_tradeable', 'note': 'drop_tradeable:bq=0.70'}
2026-07-26 12:40:02 | INFO | trading.strategy2_signal_filter:check:681 | S2 market phase | {'symbol': 'RIFUSDT', 'phase': 'drop_tradeable', 'note': 'drop_tradeable:bq=0.70'}
2026-07-26 12:40:07 | INFO | trading.strategy2_signal_filter:check:681 | S2 market phase | {'symbol': 'RIFUSDT', 'phase': 'drop_tradeable', 'note': 'drop_tradeable:bq=0.70'}
2026-07-26 12:41:56 | INFO | trading.strategy2_signal_filter:check:681 | S2 market phase | {'symbol': 'RIFUSDT', 'phase': 'drop_tradeable', 'note': 'drop_tradeable:bq=0.70'}
2026-07-26 12:42:01 | INFO | trading.strategy2_signal_filter:check:681 | S2 market phase | {'symbol': 'RIFUSDT', 'phase': 'drop_tradeable', 'note': 'drop_tradeable:bq=0.70'}
2026-07-26 12:42:07 | INFO | trading.strategy2_signal_filter:check:681 | S2 market phase | {'symbol': 'RIFUSDT', 'phase': 'drop_tradeable', 'note': 'drop_tradeable:bq=0.70'}
2026-07-26 12:42:12 | INFO | trading.strategy2_signal_filter:check:681 | S2 market phase | {'symbol': 'RIFUSDT', 'phase': 'drop_tradeable', 'note': 'drop_tradeable:bq=0.70'}
2026-07-26 12:42:17 | INFO | trading.strategy2_signal_filter:check:681 | S2 market phase | {'symbol': 'RIFUSDT', 'phase': 'drop_tradeable', 'note': 'drop_tradeable:bq=0.70'}
2026-07-26 12:42:32 | INFO | trading.strategy2_signal_filter:check:681 | S2 market phase | {'symbol': 'RIFUSDT', 'phase': 'drop_tradeable', 'note': 'drop_tradeable:bq=0.70'}
2026-07-26 12:42:38 | INFO | trading.strategy2_signal_filter:check:681 | S2 market phase | {'symbol': 'RIFUSDT', 'phase': 'drop_tradeable', 'note': 'drop_tradeable:bq=0.70'}
2026-07-26 12:42:43 | INFO | trading.strategy2_signal_filter:check:681 | S2 market phase | {'symbol': 'RIFUSDT', 'phase': 'drop_tradeable', 'note': 'drop_tradeable:bq=0.70'}
2026-07-26 12:43:09 | INFO | trading.strategy2_signal_filter:check:533 | S2 skip: approach>=block (G3, level exhausted) | {'symbol': 'EULUSDT', 'level': 2.4312, 'approach_count': 12, 'block_threshold': 4}
2026-07-26 12:43:24 | INFO | trading.strategy2_signal_filter:check:533 | S2 skip: approach>=block (G3, level exhausted) | {'symbol': 'EULUSDT', 'level': 2.4312, 'approach_count': 13, 'block_threshold': 4}
2026-07-26 12:43:33 | INFO | __main__:_proximity_arm_loop:1948 | proximity-arm activated | {'symbol': 'PIEVERSEUSDT', 'level': 0.8309, 'type': 'pump_base', 'strength': 5, 'dist_atr': 1.2}
2026-07-26 12:43:34 | INFO | __main__:_run_phase1:652 | Level monitoring started | {'symbol': 'PIEVERSEUSDT', 'level': 0.8154, 'strength': 5}
2026-07-26 12:43:40 | INFO | trading.strategy2_signal_filter:check:533 | S2 skip: approach>=block (G3, level exhausted) | {'symbol': 'EULUSDT', 'level': 2.4312, 'approach_count': 13, 'block_threshold': 4}
2026-07-26 12:43:47 | INFO | __main__:_auto_screener_loop:306 | Auto screener completed | {'total': 3, 'new': 0}
2026-07-26 12:43:55 | INFO | trading.strategy2_signal_filter:check:533 | S2 skip: approach>=block (G3, level exhausted) | {'symbol': 'EULUSDT', 'level': 2.4312, 'approach_count': 13, 'block_threshold': 4}
2026-07-26 12:44:00 | INFO | trading.strategy2_signal_filter:check:681 | S2 market phase | {'symbol': 'RIFUSDT', 'phase': 'drop_tradeable', 'note': 'drop_tradeable:bq=0.70'}
2026-07-26 12:44:06 | INFO | trading.strategy2_signal_filter:check:681 | S2 market phase | {'symbol': 'RIFUSDT', 'phase': 'drop_tradeable', 'note': 'drop_tradeable:bq=0.70'}
2026-07-26 12:44:37 | INFO | trading.strategy2_signal_filter:check:533 | S2 skip: approach>=block (G3, level exhausted) | {'symbol': 'EULUSDT', 'level': 2.4312, 'approach_count': 13, 'block_threshold': 4}
2026-07-26 12:44:52 | INFO | trading.strategy2_signal_filter:check:533 | S2 skip: approach>=block (G3, level exhausted) | {'symbol': 'EULUSDT', 'level': 2.4312, 'approach_count': 12, 'block_threshold': 4}
2026-07-26 12:45:08 | INFO | trading.strategy2_signal_filter:check:533 | S2 skip: approach>=block (G3, level exhausted) | {'symbol': 'EULUSDT', 'level': 2.4312, 'approach_count': 12, 'block_threshold': 4}
2026-07-26 12:45:23 | INFO | trading.strategy2_signal_filter:check:533 | S2 skip: approach>=block (G3, level exhausted) | {'symbol': 'EULUSDT', 'level': 2.4312, 'approach_count': 12, 'block_threshold': 4}
2026-07-26 12:45:39 | INFO | trading.strategy2_signal_filter:check:533 | S2 skip: approach>=block (G3, level exhausted) | {'symbol': 'EULUSDT', 'level': 2.4312, 'approach_count': 12, 'block_threshold': 4}
2026-07-26 12:46:00 | INFO | trading.strategy2_signal_filter:check:533 | S2 skip: approach>=block (G3, level exhausted) | {'symbol': 'EULUSDT', 'level': 2.4312, 'approach_count': 12, 'block_threshold': 4}
2026-07-26 12:46:20 | INFO | trading.strategy2_signal_filter:check:533 | S2 skip: approach>=block (G3, level exhausted) | {'symbol': 'EULUSDT', 'level': 2.4312, 'approach_count': 12, 'block_threshold': 4}
2026-07-26 12:47:10 | INFO | trading.live_price_tracker:_save_post_exit_range:226 | live_post_exit_tracker saved | {'trade_id': '5e6bbdc7-0f33-4391-8b58-5f65d730e21a', 'high': 0.0031271, 'low': 0.0030644}
2026-07-26 12:47:43 | INFO | trading.strategy2_signal_filter:check:681 | S2 market phase | {'symbol': 'PIEVERSEUSDT', 'phase': 'drop_tradeable', 'note': 'drop_tradeable:bq=0.77'}
2026-07-26 12:47:43 | INFO | __main__:_proximity_loop:1258 | Proximity alert sent | {'symbol': 'PIEVERSEUSDT', 'level': 0.8154, 'distance_pct': 1.9126669072537021}
2026-07-26 12:47:43 | INFO | trading.strategy2_signal_filter:check:681 | S2 market phase | {'symbol': 'PIEVERSEUSDT', 'phase': 'drop_tradeable', 'note': 'drop_tradeable:bq=0.77'}
2026-07-26 12:47:48 | INFO | trading.strategy2_signal_filter:check:681 | S2 market phase | {'symbol': 'PIEVERSEUSDT', 'phase': 'drop_tradeable', 'note': 'drop_tradeable:bq=0.77'}
2026-07-26 12:47:53 | INFO | trading.strategy2_signal_filter:check:681 | S2 market phase | {'symbol': 'PIEVERSEUSDT', 'phase': 'drop_tradeable', 'note': 'drop_tradeable:bq=0.77'}
2026-07-26 12:47:59 | INFO | trading.strategy2_signal_filter:check:681 | S2 market phase | {'symbol': 'PIEVERSEUSDT', 'phase': 'drop_tradeable', 'note': 'drop_tradeable:bq=0.77'}
2026-07-26 12:47:59 | INFO | trading.strategy2_signal_filter:check:681 | S2 market phase | {'symbol': 'PIEVERSEUSDT', 'phase': 'drop_tradeable', 'note': 'drop_tradeable:bq=0.77'}
2026-07-26 12:48:04 | INFO | trading.strategy2_signal_filter:check:681 | S2 market phase | {'symbol': 'PIEVERSEUSDT', 'phase': 'drop_tradeable', 'note': 'drop_tradeable:bq=0.77'}
2026-07-26 12:48:09 | INFO | trading.strategy2_signal_filter:check:681 | S2 market phase | {'symbol': 'PIEVERSEUSDT', 'phase': 'drop_tradeable', 'note': 'drop_tradeable:bq=0.77'}
2026-07-26 12:48:14 | INFO | trading.strategy2_signal_filter:check:681 | S2 market phase | {'symbol': 'PIEVERSEUSDT', 'phase': 'drop_tradeable', 'note': 'drop_tradeable:bq=0.77'}
2026-07-26 12:48:14 | INFO | trading.strategy2_signal_filter:check:681 | S2 market phase | {'symbol': 'PIEVERSEUSDT', 'phase': 'drop_tradeable', 'note': 'drop_tradeable:bq=0.77'}
2026-07-26 12:49:16 | INFO | trading.strategy2_signal_filter:check:533 | S2 skip: approach>=block (G3, level exhausted) | {'symbol': 'EULUSDT', 'level': 2.4312, 'approach_count': 12, 'block_threshold': 4}
2026-07-26 12:49:32 | INFO | trading.strategy2_signal_filter:check:533 | S2 skip: approach>=block (G3, level exhausted) | {'symbol': 'EULUSDT', 'level': 2.4312, 'approach_count': 12, 'block_threshold': 4}
2026-07-26 12:49:48 | INFO | trading.strategy2_signal_filter:check:533 | S2 skip: approach>=block (G3, level exhausted) | {'symbol': 'EULUSDT', 'level': 2.4312, 'approach_count': 12, 'block_threshold': 4}
2026-07-26 12:50:03 | INFO | trading.strategy2_signal_filter:check:533 | S2 skip: approach>=block (G3, level exhausted) | {'symbol': 'EULUSDT', 'level': 2.4312, 'approach_count': 12, 'block_threshold': 4}
2026-07-26 12:50:05 | INFO | trading.strategy2_live:_sync_grid_fills:1629 | S2Live: grid order filled | {'trade_id': 'f2863c6f-0e35-4680-b47b-64a952f469e6', 'symbol': 'AKEUSDT', 'index': 1, 'fill_price': 0.0030699}
2026-07-26 12:50:05 | INFO | trading.strategy2_live:_recalculate_params:2191 | S2Live: params recalculated | {'trade_id': 'f2863c6f-0e35-4680-b47b-64a952f469e6', 'sl': 0.00301913, 'tp1': 0.00307561, 'tp2': 0.00313624, 'full_grid_tp': None, 'fill_count': 1}
2026-07-26 12:50:09 | INFO | trading.strategy2_live:_partial_close_tp1:2347 | S2Live: partial TP1 — 50% closed, trailing remainder | {'trade_id': 'f2863c6f-0e35-4680-b47b-64a952f469e6', 'symbol': 'AKEUSDT', 'closed_qty': 16200.0, 'remainder': 16300.0, 'order_id': 'c89e1047-83aa-44c1-bc1f-5f19b6eb04ea'}
2026-07-26 12:50:09 | INFO | trading.strategy2_live:_check_tp_trailing:2436 | S2Live: TP1 hit — trailing activated | {'trade_id': 'f2863c6f-0e35-4680-b47b-64a952f469e6', 'symbol': 'AKEUSDT', 'peak': 0.0030844, 'trailing_stop': 0.00306747}
2026-07-26 12:50:19 | INFO | trading.strategy2_signal_filter:check:533 | S2 skip: approach>=block (G3, level exhausted) | {'symbol': 'EULUSDT', 'level': 2.4312, 'approach_count': 12, 'block_threshold': 4}
2026-07-26 12:50:34 | INFO | trading.strategy2_signal_filter:check:533 | S2 skip: approach>=block (G3, level exhausted) | {'symbol': 'EULUSDT', 'level': 2.4312, 'approach_count': 12, 'block_threshold': 4}
2026-07-26 12:50:50 | INFO | trading.strategy2_signal_filter:check:533 | S2 skip: approach>=block (G3, level exhausted) | {'symbol': 'EULUSDT', 'level': 2.4312, 'approach_count': 12, 'block_threshold': 4}
2026-07-26 12:51:05 | INFO | trading.strategy2_signal_filter:check:533 | S2 skip: approach>=block (G3, level exhausted) | {'symbol': 'EULUSDT', 'level': 2.4312, 'approach_count': 12, 'block_threshold': 4}
2026-07-26 12:53:20 | INFO | trading.strategy2_live:_check_tp_trailing:2461 | S2Live: trailing stop hit | {'trade_id': 'f2863c6f-0e35-4680-b47b-64a952f469e6', 'symbol': 'AKEUSDT', 'trailing_stop': 0.00307427, 'current_price': 0.0030693}
2026-07-26 12:53:20 | INFO | trading.strategy2_signal_filter:check:533 | S2 skip: approach>=block (G3, level exhausted) | {'symbol': 'EULUSDT', 'level': 2.4312, 'approach_count': 12, 'block_threshold': 4}
2026-07-26 12:53:21 | INFO | trading.strategy2_live:_limit_then_market_sell:909 | S2Live[H1]: limit close placed | {'trade_id': 'f2863c6f-0e35-4680-b47b-64a952f469e6', 'symbol': 'AKEUSDT', 'attempt': 1, 'price': 0.0030693, 'qty': 16300.0, 'reason': 'trailing_stop'}
2026-07-26 12:53:23 | WARNING | trading.bybit_client:cancel_order:247 | bybit cancel_order unexpected response | {'symbol': 'AKEUSDT', 'order_id': '4b9895dc-a8dd-418d-8465-36f80fc38cdf', 'resp': {'retCode': 110001, 'retMsg': 'order not exists or too late to cancel', 'result': {}, 'retExtInfo': {}, 'time': 1785070403586}}
2026-07-26 12:53:27 | INFO | bot.telegram:send_close_with_chart:1480 | chart candles available: AKEUSDT 300 | {}
2026-07-26 12:53:40 | INFO | analysis.monitor:start_monitor:126 | monitor: skip level with non-positive p_bounce (won't pass entry filter) | {'symbol': 'AKEUSDT', 'level': 0.0030815, 'level_type': 'body_level', 'p_bounce': 0.0, 'expected_depth': 0.0}
2026-07-26 12:53:40 | INFO | __main__:_monitored:798 | Monitor cancelled | {'symbol': 'AKEUSDT', 'level': 0.0030516}
2026-07-26 12:53:40 | INFO | __main__:_start_resistance_after_bounce:1116 | Resistance monitor started | {'symbol': 'AKEUSDT', 'resistance': 0.0030815, 'from_support': 0.0030516}
2026-07-26 12:53:41 | INFO | __main__:_monitored:787 | Level outcome saved | {'symbol': 'AKEUSDT', 'level': 0.0030815, 'result': 'отбой', 'outcome': None, 'duration': 0.0}
2026-07-26 12:53:50 | INFO | __main__:_auto_screener_loop:306 | Auto screener completed | {'total': 3, 'new': 0}
2026-07-26 12:54:01 | INFO | trading.strategy2_signal_filter:check:681 | S2 market phase | {'symbol': 'PIEVERSEUSDT', 'phase': 'drop_tradeable', 'note': 'drop_tradeable:bq=0.77'}
2026-07-26 12:54:01 | INFO | trading.strategy2_signal_filter:check:681 | S2 market phase | {'symbol': 'PIEVERSEUSDT', 'phase': 'drop_tradeable', 'note': 'drop_tradeable:bq=0.77'}
2026-07-26 12:54:03 | INFO | __main__:_proximity_arm_loop:1948 | proximity-arm activated | {'symbol': 'AKEUSDT', 'level': 0.0030516, 'type': 'pump_base', 'strength': 5, 'dist_atr': 1.44}
2026-07-26 12:54:04 | INFO | __main__:_run_phase1:652 | Level monitoring started | {'symbol': 'AKEUSDT', 'level': 0.0030052, 'strength': 5}
2026-07-26 12:54:06 | INFO | trading.strategy2_signal_filter:check:681 | S2 market phase | {'symbol': 'PIEVERSEUSDT', 'phase': 'drop_tradeable', 'note': 'drop_tradeable:bq=0.77'}
2026-07-26 12:54:22 | INFO | __main__:_trigger_loop:357 | Trigger activated | {'symbol': 'RIFUSDT'}
2026-07-26 12:54:22 | INFO | __main__:_run_phase1:575 | Replaced old monitor with closer level | {'symbol': 'RIFUSDT', 'old': 0.089463, 'new': 0.0833}
2026-07-26 12:54:22 | INFO | __main__:_monitored:798 | Monitor cancelled | {'symbol': 'RIFUSDT', 'level': 0.089463}
2026-07-26 12:54:22 | INFO | __main__:_run_phase1:652 | Level monitoring started | {'symbol': 'RIFUSDT', 'level': 0.0833, 'strength': 5}
2026-07-26 12:54:32 | INFO | trading.strategy2_signal_filter:check:533 | S2 skip: approach>=block (G3, level exhausted) | {'symbol': 'EULUSDT', 'level': 2.4312, 'approach_count': 12, 'block_threshold': 4}
2026-07-26 12:54:48 | INFO | trading.strategy2_signal_filter:check:681 | S2 market phase | {'symbol': 'PIEVERSEUSDT', 'phase': 'drop_tradeable', 'note': 'drop_tradeable:bq=0.77'}
2026-07-26 12:54:48 | INFO | trading.strategy2_signal_filter:check:533 | S2 skip: approach>=block (G3, level exhausted) | {'symbol': 'EULUSDT', 'level': 2.4312, 'approach_count': 12, 'block_threshold': 4}
2026-07-26 12:54:48 | INFO | trading.strategy2_signal_filter:check:681 | S2 market phase | {'symbol': 'PIEVERSEUSDT', 'phase': 'drop_tradeable', 'note': 'drop_tradeable:bq=0.77'}
2026-07-26 12:54:53 | INFO | trading.strategy2_signal_filter:check:681 | S2 market phase | {'symbol': 'PIEVERSEUSDT', 'phase': 'drop_tradeable', 'note': 'drop_tradeable:bq=0.77'}
2026-07-26 12:54:58 | INFO | trading.strategy2_signal_filter:check:681 | S2 market phase | {'symbol': 'PIEVERSEUSDT', 'phase': 'drop_tradeable', 'note': 'drop_tradeable:bq=0.77'}
2026-07-26 12:55:03 | INFO | trading.strategy2_signal_filter:check:681 | S2 market phase | {'symbol': 'PIEVERSEUSDT', 'phase': 'drop_tradeable', 'note': 'drop_tradeable:bq=0.77'}
2026-07-26 12:55:03 | INFO | trading.strategy2_signal_filter:check:533 | S2 skip: approach>=block (G3, level exhausted) | {'symbol': 'EULUSDT', 'level': 2.4312, 'approach_count': 13, 'block_threshold': 4}
2026-07-26 12:55:03 | INFO | trading.strategy2_signal_filter:check:681 | S2 market phase | {'symbol': 'PIEVERSEUSDT', 'phase': 'drop_tradeable', 'note': 'drop_tradeable:bq=0.77'}
2026-07-26 12:55:08 | INFO | trading.strategy2_signal_filter:check:681 | S2 market phase | {'symbol': 'PIEVERSEUSDT', 'phase': 'bleed', 'note': 'bleed:bq=-0.47,dir_eff=0.17'}
2026-07-26 12:55:14 | INFO | trading.strategy2_signal_filter:check:681 | S2 market phase | {'symbol': 'PIEVERSEUSDT', 'phase': 'bleed', 'note': 'bleed:bq=-0.47,dir_eff=0.17'}
2026-07-26 12:55:19 | INFO | trading.strategy2_signal_filter:check:681 | S2 market phase | {'symbol': 'PIEVERSEUSDT', 'phase': 'bleed', 'note': 'bleed:bq=-0.47,dir_eff=0.17'}
2026-07-26 12:55:19 | INFO | trading.strategy2_signal_filter:check:533 | S2 skip: approach>=block (G3, level exhausted) | {'symbol': 'EULUSDT', 'level': 2.4312, 'approach_count': 12, 'block_threshold': 4}
2026-07-26 12:55:19 | INFO | trading.strategy2_signal_filter:check:681 | S2 market phase | {'symbol': 'PIEVERSEUSDT', 'phase': 'bleed', 'note': 'bleed:bq=-0.47,dir_eff=0.17'}
2026-07-26 12:55:24 | INFO | trading.strategy2_signal_filter:check:681 | S2 market phase | {'symbol': 'PIEVERSEUSDT', 'phase': 'bleed', 'note': 'bleed:bq=-0.47,dir_eff=0.18'}
2026-07-26 12:55:29 | INFO | trading.strategy2_signal_filter:check:681 | S2 market phase | {'symbol': 'PIEVERSEUSDT', 'phase': 'bleed', 'note': 'bleed:bq=-0.47,dir_eff=0.18'}
2026-07-26 12:55:34 | INFO | trading.strategy2_signal_filter:check:681 | S2 market phase | {'symbol': 'PIEVERSEUSDT', 'phase': 'bleed', 'note': 'bleed:bq=-0.47,dir_eff=0.18'}
2026-07-26 12:55:34 | INFO | trading.strategy2_signal_filter:check:533 | S2 skip: approach>=block (G3, level exhausted) | {'symbol': 'EULUSDT', 'level': 2.4312, 'approach_count': 12, 'block_threshold': 4}
2026-07-26 12:55:34 | INFO | trading.strategy2_signal_filter:check:681 | S2 market phase | {'symbol': 'PIEVERSEUSDT', 'phase': 'bleed', 'note': 'bleed:bq=-0.47,dir_eff=0.18'}
2026-07-26 12:55:39 | INFO | trading.strategy2_signal_filter:check:681 | S2 market phase | {'symbol': 'PIEVERSEUSDT', 'phase': 'bleed', 'note': 'bleed:bq=-0.47,dir_eff=0.18'}
2026-07-26 12:55:45 | INFO | trading.strategy2_signal_filter:check:681 | S2 market phase | {'symbol': 'PIEVERSEUSDT', 'phase': 'bleed', 'note': 'bleed:bq=-0.47,dir_eff=0.17'}
2026-07-26 12:55:50 | INFO | trading.strategy2_signal_filter:check:681 | S2 market phase | {'symbol': 'PIEVERSEUSDT', 'phase': 'bleed', 'note': 'bleed:bq=-0.47,dir_eff=0.17'}
2026-07-26 12:55:50 | INFO | trading.strategy2_signal_filter:check:533 | S2 skip: approach>=block (G3, level exhausted) | {'symbol': 'EULUSDT', 'level': 2.4312, 'approach_count': 12, 'block_threshold': 4}
2026-07-26 12:55:50 | INFO | trading.strategy2_signal_filter:check:681 | S2 market phase | {'symbol': 'PIEVERSEUSDT', 'phase': 'bleed', 'note': 'bleed:bq=-0.47,dir_eff=0.17'}
2026-07-26 12:55:55 | INFO | trading.strategy2_signal_filter:check:681 | S2 market phase | {'symbol': 'PIEVERSEUSDT', 'phase': 'bleed', 'note': 'bleed:bq=-0.47,dir_eff=0.18'}
2026-07-26 12:56:00 | INFO | trading.strategy2_signal_filter:check:681 | S2 market phase | {'symbol': 'PIEVERSEUSDT', 'phase': 'bleed', 'note': 'bleed:bq=-0.47,dir_eff=0.18'}
2026-07-26 12:56:05 | INFO | trading.strategy2_signal_filter:check:681 | S2 market phase | {'symbol': 'PIEVERSEUSDT', 'phase': 'bleed', 'note': 'bleed:bq=-0.47,dir_eff=0.18'}
2026-07-26 12:56:05 | INFO | trading.strategy2_signal_filter:check:533 | S2 skip: approach>=block (G3, level exhausted) | {'symbol': 'EULUSDT', 'level': 2.4312, 'approach_count': 13, 'block_threshold': 4}
2026-07-26 12:56:05 | INFO | trading.strategy2_signal_filter:check:681 | S2 market phase | {'symbol': 'PIEVERSEUSDT', 'phase': 'bleed', 'note': 'bleed:bq=-0.47,dir_eff=0.18'}
2026-07-26 12:56:11 | INFO | trading.strategy2_signal_filter:check:681 | S2 market phase | {'symbol': 'PIEVERSEUSDT', 'phase': 'bleed', 'note': 'bleed:bq=-0.47,dir_eff=0.17'}
2026-07-26 12:56:16 | INFO | trading.strategy2_signal_filter:check:681 | S2 market phase | {'symbol': 'PIEVERSEUSDT', 'phase': 'bleed', 'note': 'bleed:bq=-0.47,dir_eff=0.17'}
2026-07-26 12:56:21 | INFO | trading.strategy2_signal_filter:check:681 | S2 market phase | {'symbol': 'PIEVERSEUSDT', 'phase': 'bleed', 'note': 'bleed:bq=-0.47,dir_eff=0.19'}
2026-07-26 12:56:21 | INFO | trading.strategy2_signal_filter:check:681 | S2 market phase | {'symbol': 'PIEVERSEUSDT', 'phase': 'bleed', 'note': 'bleed:bq=-0.47,dir_eff=0.19'}
2026-07-26 12:56:26 | INFO | trading.strategy2_signal_filter:check:681 | S2 market phase | {'symbol': 'PIEVERSEUSDT', 'phase': 'bleed', 'note': 'bleed:bq=-0.47,dir_eff=0.19'}
2026-07-26 12:56:31 | INFO | trading.strategy2_signal_filter:check:681 | S2 market phase | {'symbol': 'PIEVERSEUSDT', 'phase': 'bleed', 'note': 'bleed:bq=-0.47,dir_eff=0.19'}
2026-07-26 12:56:36 | INFO | trading.strategy2_signal_filter:check:681 | S2 market phase | {'symbol': 'PIEVERSEUSDT', 'phase': 'bleed', 'note': 'bleed:bq=-0.47,dir_eff=0.19'}
2026-07-26 12:56:36 | INFO | trading.strategy2_signal_filter:check:681 | S2 market phase | {'symbol': 'PIEVERSEUSDT', 'phase': 'bleed', 'note': 'bleed:bq=-0.47,dir_eff=0.19'}
2026-07-26 12:56:42 | INFO | trading.strategy2_signal_filter:check:681 | S2 market phase | {'symbol': 'PIEVERSEUSDT', 'phase': 'bleed', 'note': 'bleed:bq=-0.47,dir_eff=0.19'}
2026-07-26 12:56:47 | INFO | trading.strategy2_signal_filter:check:681 | S2 market phase | {'symbol': 'PIEVERSEUSDT', 'phase': 'bleed', 'note': 'bleed:bq=-0.47,dir_eff=0.19'}
2026-07-26 12:56:52 | INFO | trading.strategy2_signal_filter:check:681 | S2 market phase | {'symbol': 'PIEVERSEUSDT', 'phase': 'bleed', 'note': 'bleed:bq=-0.47,dir_eff=0.19'}
2026-07-26 12:56:52 | INFO | trading.strategy2_signal_filter:check:681 | S2 market phase | {'symbol': 'PIEVERSEUSDT', 'phase': 'bleed', 'note': 'bleed:bq=-0.47,dir_eff=0.19'}
2026-07-26 12:56:57 | INFO | trading.strategy2_signal_filter:check:681 | S2 market phase | {'symbol': 'PIEVERSEUSDT', 'phase': 'bleed', 'note': 'bleed:bq=-0.47,dir_eff=0.19'}
2026-07-26 12:57:02 | INFO | trading.strategy2_signal_filter:check:681 | S2 market phase | {'symbol': 'PIEVERSEUSDT', 'phase': 'bleed', 'note': 'bleed:bq=-0.47,dir_eff=0.19'}
2026-07-26 12:57:08 | INFO | trading.strategy2_signal_filter:check:681 | S2 market phase | {'symbol': 'PIEVERSEUSDT', 'phase': 'bleed', 'note': 'bleed:bq=-0.47,dir_eff=0.20'}
2026-07-26 12:57:08 | INFO | trading.strategy2_signal_filter:check:533 | S2 skip: approach>=block (G3, level exhausted) | {'symbol': 'EULUSDT', 'level': 2.4312, 'approach_count': 13, 'block_threshold': 4}
2026-07-26 12:57:08 | INFO | trading.strategy2_signal_filter:check:681 | S2 market phase | {'symbol': 'PIEVERSEUSDT', 'phase': 'bleed', 'note': 'bleed:bq=-0.47,dir_eff=0.20'}
2026-07-26 12:57:13 | INFO | trading.strategy2_signal_filter:check:681 | S2 market phase | {'symbol': 'PIEVERSEUSDT', 'phase': 'bleed', 'note': 'bleed:bq=-0.47,dir_eff=0.20'}
2026-07-26 12:57:18 | INFO | trading.strategy2_signal_filter:check:681 | S2 market phase | {'symbol': 'PIEVERSEUSDT', 'phase': 'bleed', 'note': 'bleed:bq=-0.47,dir_eff=0.19'}
2026-07-26 12:57:23 | INFO | trading.strategy2_signal_filter:check:681 | S2 market phase | {'symbol': 'PIEVERSEUSDT', 'phase': 'bleed', 'note': 'bleed:bq=-0.47,dir_eff=0.19'}
2026-07-26 12:57:23 | INFO | trading.strategy2_signal_filter:check:533 | S2 skip: approach>=block (G3, level exhausted) | {'symbol': 'EULUSDT', 'level': 2.4312, 'approach_count': 13, 'block_threshold': 4}
2026-07-26 12:57:23 | INFO | trading.strategy2_signal_filter:check:681 | S2 market phase | {'symbol': 'PIEVERSEUSDT', 'phase': 'bleed', 'note': 'bleed:bq=-0.47,dir_eff=0.19'}
2026-07-26 12:57:28 | INFO | trading.strategy2_signal_filter:check:681 | S2 market phase | {'symbol': 'PIEVERSEUSDT', 'phase': 'bleed', 'note': 'bleed:bq=-0.47,dir_eff=0.20'}
2026-07-26 12:57:33 | INFO | trading.strategy2_signal_filter:check:681 | S2 market phase | {'symbol': 'PIEVERSEUSDT', 'phase': 'bleed', 'note': 'bleed:bq=-0.47,dir_eff=0.20'}
2026-07-26 12:57:39 | INFO | trading.strategy2_signal_filter:check:681 | S2 market phase | {'symbol': 'PIEVERSEUSDT', 'phase': 'bleed', 'note': 'bleed:bq=-0.47,dir_eff=0.20'}
2026-07-26 12:57:39 | INFO | trading.strategy2_signal_filter:check:533 | S2 skip: approach>=block (G3, level exhausted) | {'symbol': 'EULUSDT', 'level': 2.4312, 'approach_count': 13, 'block_threshold': 4}
2026-07-26 12:57:39 | INFO | trading.strategy2_signal_filter:check:681 | S2 market phase | {'symbol': 'PIEVERSEUSDT', 'phase': 'bleed', 'note': 'bleed:bq=-0.47,dir_eff=0.20'}
2026-07-26 12:57:54 | INFO | trading.strategy2_signal_filter:check:533 | S2 skip: approach>=block (G3, level exhausted) | {'symbol': 'EULUSDT', 'level': 2.4312, 'approach_count': 13, 'block_threshold': 4}
2026-07-26 12:57:54 | INFO | trading.strategy2_signal_filter:check:681 | S2 market phase | {'symbol': 'PIEVERSEUSDT', 'phase': 'bleed', 'note': 'bleed:bq=-0.47,dir_eff=0.21'}
2026-07-26 12:57:59 | INFO | __main__:_proximity_loop:1258 | Proximity alert sent | {'symbol': 'AKEUSDT', 'level': 0.0030052, 'distance_pct': 1.96705268308596}
2026-07-26 12:58:10 | INFO | trading.strategy2_signal_filter:check:681 | S2 market phase | {'symbol': 'PIEVERSEUSDT', 'phase': 'bleed', 'note': 'bleed:bq=-0.47,dir_eff=0.39'}
2026-07-26 12:58:25 | INFO | trading.strategy2_signal_filter:check:681 | S2 market phase | {'symbol': 'PIEVERSEUSDT', 'phase': 'bleed', 'note': 'bleed:bq=-0.47,dir_eff=0.39'}
2026-07-26 12:58:41 | INFO | trading.strategy2_signal_filter:check:681 | S2 market phase | {'symbol': 'PIEVERSEUSDT', 'phase': 'bleed', 'note': 'bleed:bq=-0.47,dir_eff=0.39'}
2026-07-26 12:58:56 | INFO | trading.strategy2_signal_filter:check:681 | S2 market phase | {'symbol': 'PIEVERSEUSDT', 'phase': 'bleed', 'note': 'bleed:bq=-0.47,dir_eff=0.40'}
2026-07-26 12:59:12 | INFO | trading.strategy2_signal_filter:check:681 | S2 market phase | {'symbol': 'PIEVERSEUSDT', 'phase': 'bleed', 'note': 'bleed:bq=-0.47,dir_eff=0.37'}
2026-07-26 12:59:27 | INFO | trading.strategy2_signal_filter:check:681 | S2 market phase | {'symbol': 'PIEVERSEUSDT', 'phase': 'bleed', 'note': 'bleed:bq=-0.47,dir_eff=0.37'}
2026-07-26 12:59:43 | INFO | trading.strategy2_signal_filter:check:681 | S2 market phase | {'symbol': 'PIEVERSEUSDT', 'phase': 'bleed', 'note': 'bleed:bq=-0.47,dir_eff=0.35'}
2026-07-26 12:59:43 | INFO | trading.strategy2_signal_filter:check:681 | S2 market phase | {'symbol': 'PIEVERSEUSDT', 'phase': 'bleed', 'note': 'bleed:bq=-0.47,dir_eff=0.35'}
2026-07-26 12:59:48 | INFO | trading.strategy2_signal_filter:check:681 | S2 market phase | {'symbol': 'PIEVERSEUSDT', 'phase': 'bleed', 'note': 'bleed:bq=-0.47,dir_eff=0.35'}
2026-07-26 12:59:53 | INFO | trading.strategy2_signal_filter:check:681 | S2 market phase | {'symbol': 'PIEVERSEUSDT', 'phase': 'bleed', 'note': 'bleed:bq=-0.47,dir_eff=0.33'}
2026-07-26 12:59:58 | INFO | trading.strategy2_signal_filter:check:681 | S2 market phase | {'symbol': 'PIEVERSEUSDT', 'phase': 'bleed', 'note': 'bleed:bq=-0.47,dir_eff=0.33'}
2026-07-26 12:59:58 | INFO | trading.strategy2_signal_filter:check:681 | S2 market phase | {'symbol': 'PIEVERSEUSDT', 'phase': 'bleed', 'note': 'bleed:bq=-0.47,dir_eff=0.33'}
2026-07-26 13:00:04 | INFO | trading.strategy2_signal_filter:check:681 | S2 market phase | {'symbol': 'PIEVERSEUSDT', 'phase': 'bleed', 'note': 'bleed:bq=-0.47,dir_eff=0.33'}
2026-07-26 13:00:09 | INFO | trading.strategy2_signal_filter:check:681 | S2 market phase | {'symbol': 'PIEVERSEUSDT', 'phase': 'bleed', 'note': 'bleed:bq=-0.47,dir_eff=0.30'}
2026-07-26 13:00:14 | INFO | trading.strategy2_signal_filter:check:681 | S2 market phase | {'symbol': 'PIEVERSEUSDT', 'phase': 'bleed', 'note': 'bleed:bq=-0.47,dir_eff=0.30'}
2026-07-26 13:00:14 | INFO | trading.strategy2_signal_filter:check:681 | S2 market phase | {'symbol': 'PIEVERSEUSDT', 'phase': 'bleed', 'note': 'bleed:bq=-0.47,dir_eff=0.30'}
2026-07-26 13:01:32 | INFO | trading.strategy2_signal_filter:check:681 | S2 market phase | {'symbol': 'PIEVERSEUSDT', 'phase': 'bleed', 'note': 'bleed:bq=-0.47,dir_eff=0.29'}
2026-07-26 13:01:32 | INFO | trading.strategy2_signal_filter:check:681 | S2 market phase | {'symbol': 'PIEVERSEUSDT', 'phase': 'bleed', 'note': 'bleed:bq=-0.47,dir_eff=0.29'}
2026-07-26 13:01:37 | INFO | trading.strategy2_signal_filter:check:681 | S2 market phase | {'symbol': 'PIEVERSEUSDT', 'phase': 'bleed', 'note': 'bleed:bq=-0.47,dir_eff=0.29'}
2026-07-26 13:01:42 | INFO | trading.strategy2_signal_filter:check:681 | S2 market phase | {'symbol': 'PIEVERSEUSDT', 'phase': 'bleed', 'note': 'bleed:bq=-0.47,dir_eff=0.30'}
2026-07-26 13:01:42 | INFO | trading.strategy2_signal_filter:check:533 | S2 skip: approach>=block (G3, level exhausted) | {'symbol': 'EULUSDT', 'level': 2.4312, 'approach_count': 12, 'block_threshold': 4}
2026-07-26 13:01:47 | INFO | trading.strategy2_signal_filter:check:681 | S2 market phase | {'symbol': 'PIEVERSEUSDT', 'phase': 'bleed', 'note': 'bleed:bq=-0.47,dir_eff=0.30'}
2026-07-26 13:01:47 | INFO | trading.strategy2_signal_filter:check:681 | S2 market phase | {'symbol': 'PIEVERSEUSDT', 'phase': 'bleed', 'note': 'bleed:bq=-0.47,dir_eff=0.30'}
2026-07-26 13:01:52 | INFO | trading.strategy2_signal_filter:check:681 | S2 market phase | {'symbol': 'PIEVERSEUSDT', 'phase': 'bleed', 'note': 'bleed:bq=-0.47,dir_eff=0.30'}
2026-07-26 13:01:58 | INFO | trading.strategy2_signal_filter:check:681 | S2 market phase | {'symbol': 'PIEVERSEUSDT', 'phase': 'bleed', 'note': 'bleed:bq=-0.47,dir_eff=0.30'}
2026-07-26 13:01:58 | INFO | trading.strategy2_signal_filter:check:533 | S2 skip: approach>=block (G3, level exhausted) | {'symbol': 'EULUSDT', 'level': 2.4312, 'approach_count': 12, 'block_threshold': 4}
2026-07-26 13:02:03 | INFO | trading.strategy2_signal_filter:check:681 | S2 market phase | {'symbol': 'PIEVERSEUSDT', 'phase': 'bleed', 'note': 'bleed:bq=-0.47,dir_eff=0.30'}
2026-07-26 13:02:03 | INFO | trading.strategy2_signal_filter:check:681 | S2 market phase | {'symbol': 'PIEVERSEUSDT', 'phase': 'bleed', 'note': 'bleed:bq=-0.47,dir_eff=0.30'}
2026-07-26 13:02:08 | INFO | trading.strategy2_signal_filter:check:681 | S2 market phase | {'symbol': 'PIEVERSEUSDT', 'phase': 'bleed', 'note': 'bleed:bq=-0.47,dir_eff=0.33'}
2026-07-26 13:02:13 | INFO | trading.strategy2_signal_filter:check:681 | S2 market phase | {'symbol': 'PIEVERSEUSDT', 'phase': 'bleed', 'note': 'bleed:bq=-0.47,dir_eff=0.33'}
2026-07-26 13:02:13 | INFO | trading.strategy2_signal_filter:check:533 | S2 skip: approach>=block (G3, level exhausted) | {'symbol': 'EULUSDT', 'level': 2.4312, 'approach_count': 12, 'block_threshold': 4}
2026-07-26 13:02:18 | INFO | trading.strategy2_signal_filter:check:681 | S2 market phase | {'symbol': 'PIEVERSEUSDT', 'phase': 'bleed', 'note': 'bleed:bq=-0.47,dir_eff=0.34'}
2026-07-26 13:02:18 | INFO | trading.strategy2_signal_filter:check:681 | S2 market phase | {'symbol': 'PIEVERSEUSDT', 'phase': 'bleed', 'note': 'bleed:bq=-0.47,dir_eff=0.34'}
2026-07-26 13:02:23 | INFO | trading.strategy2_signal_filter:check:681 | S2 market phase | {'symbol': 'PIEVERSEUSDT', 'phase': 'bleed', 'note': 'bleed:bq=-0.47,dir_eff=0.34'}
2026-07-26 13:02:29 | INFO | trading.strategy2_signal_filter:check:681 | S2 market phase | {'symbol': 'PIEVERSEUSDT', 'phase': 'bleed', 'note': 'bleed:bq=-0.47,dir_eff=0.34'}
2026-07-26 13:02:29 | INFO | trading.strategy2_signal_filter:check:533 | S2 skip: approach>=block (G3, level exhausted) | {'symbol': 'EULUSDT', 'level': 2.4312, 'approach_count': 12, 'block_threshold': 4}
2026-07-26 13:02:33 | INFO | __main__:_proximity_arm_loop:1948 | proximity-arm activated | {'symbol': 'DEXEUSDT', 'level': 3.636, 'type': 'pump_base', 'strength': 5, 'dist_atr': 2.03}
2026-07-26 13:02:34 | INFO | __main__:_run_phase1:652 | Level monitoring started | {'symbol': 'DEXEUSDT', 'level': 3.636, 'strength': 4}
2026-07-26 13:02:34 | INFO | trading.strategy2_signal_filter:check:681 | S2 market phase | {'symbol': 'PIEVERSEUSDT', 'phase': 'bleed', 'note': 'bleed:bq=-0.47,dir_eff=0.34'}
2026-07-26 13:02:34 | INFO | trading.strategy2_signal_filter:check:681 | S2 market phase | {'symbol': 'PIEVERSEUSDT', 'phase': 'bleed', 'note': 'bleed:bq=-0.47,dir_eff=0.34'}
2026-07-26 13:02:39 | INFO | trading.strategy2_signal_filter:check:681 | S2 market phase | {'symbol': 'PIEVERSEUSDT', 'phase': 'bleed', 'note': 'bleed:bq=-0.47,dir_eff=0.34'}
2026-07-26 13:02:44 | INFO | trading.strategy2_signal_filter:check:681 | S2 market phase | {'symbol': 'PIEVERSEUSDT', 'phase': 'bleed', 'note': 'bleed:bq=-0.47,dir_eff=0.34'}
2026-07-26 13:02:44 | INFO | trading.strategy2_signal_filter:check:533 | S2 skip: approach>=block (G3, level exhausted) | {'symbol': 'EULUSDT', 'level': 2.4312, 'approach_count': 12, 'block_threshold': 4}
2026-07-26 13:02:50 | INFO | trading.strategy2_signal_filter:check:681 | S2 market phase | {'symbol': 'PIEVERSEUSDT', 'phase': 'bleed', 'note': 'bleed:bq=-0.47,dir_eff=0.34'}
2026-07-26 13:02:50 | INFO | trading.strategy2_signal_filter:check:681 | S2 market phase | {'symbol': 'PIEVERSEUSDT', 'phase': 'bleed', 'note': 'bleed:bq=-0.47,dir_eff=0.34'}
2026-07-26 13:02:55 | INFO | trading.strategy2_signal_filter:check:681 | S2 market phase | {'symbol': 'PIEVERSEUSDT', 'phase': 'bleed', 'note': 'bleed:bq=-0.47,dir_eff=0.33'}
2026-07-26 13:03:00 | INFO | trading.strategy2_signal_filter:check:681 | S2 market phase | {'symbol': 'PIEVERSEUSDT', 'phase': 'bleed', 'note': 'bleed:bq=-0.47,dir_eff=0.33'}
2026-07-26 13:03:05 | INFO | trading.strategy2_signal_filter:check:681 | S2 market phase | {'symbol': 'PIEVERSEUSDT', 'phase': 'bleed', 'note': 'bleed:bq=-0.47,dir_eff=0.35'}
2026-07-26 13:03:05 | INFO | trading.strategy2_signal_filter:check:681 | S2 market phase | {'symbol': 'PIEVERSEUSDT', 'phase': 'bleed', 'note': 'bleed:bq=-0.47,dir_eff=0.35'}
2026-07-26 13:03:10 | INFO | trading.strategy2_signal_filter:check:681 | S2 market phase | {'symbol': 'PIEVERSEUSDT', 'phase': 'bleed', 'note': 'bleed:bq=-0.47,dir_eff=0.35'}
2026-07-26 13:03:15 | INFO | trading.strategy2_signal_filter:check:681 | S2 market phase | {'symbol': 'PIEVERSEUSDT', 'phase': 'bleed', 'note': 'bleed:bq=-0.47,dir_eff=0.36'}
2026-07-26 13:03:15 | INFO | trading.strategy2_signal_filter:check:533 | S2 skip: approach>=block (G3, level exhausted) | {'symbol': 'EULUSDT', 'level': 2.4312, 'approach_count': 12, 'block_threshold': 4}
2026-07-26 13:03:21 | INFO | trading.strategy2_signal_filter:check:681 | S2 market phase | {'symbol': 'PIEVERSEUSDT', 'phase': 'bleed', 'note': 'bleed:bq=-0.47,dir_eff=0.36'}
2026-07-26 13:03:21 | INFO | trading.strategy2_signal_filter:check:681 | S2 market phase | {'symbol': 'PIEVERSEUSDT', 'phase': 'bleed', 'note': 'bleed:bq=-0.47,dir_eff=0.36'}
2026-07-26 13:03:26 | INFO | trading.strategy2_signal_filter:check:681 | S2 market phase | {'symbol': 'PIEVERSEUSDT', 'phase': 'bleed', 'note': 'bleed:bq=-0.47,dir_eff=0.36'}
2026-07-26 13:03:36 | INFO | trading.strategy2_signal_filter:check:681 | S2 market phase | {'symbol': 'PIEVERSEUSDT', 'phase': 'bleed', 'note': 'bleed:bq=-0.47,dir_eff=0.39'}
2026-07-26 13:03:53 | INFO | __main__:_auto_screener_loop:306 | Auto screener completed | {'total': 3, 'new': 0}
2026-07-26 13:04:02 | INFO | trading.live_price_tracker:_save_post_exit_range:226 | live_post_exit_tracker saved | {'trade_id': '138e47a5-085a-4dd6-910f-ecb5c606654f', 'high': 0.0031193, 'low': 0.0030554}
2026-07-26 13:05:04 | INFO | trading.strategy2_signal_filter:check:533 | S2 skip: approach>=block (G3, level exhausted) | {'symbol': 'EULUSDT', 'level': 2.4312, 'approach_count': 12, 'block_threshold': 4}
2026-07-26 13:05:20 | INFO | trading.strategy2_signal_filter:check:533 | S2 skip: approach>=block (G3, level exhausted) | {'symbol': 'EULUSDT', 'level': 2.4312, 'approach_count': 13, 'block_threshold': 4}
2026-07-26 13:05:25 | INFO | trading.strategy2_signal_filter:check:681 | S2 market phase | {'symbol': 'PIEVERSEUSDT', 'phase': 'bleed', 'note': 'bleed:bq=-0.47,dir_eff=0.52'}
2026-07-26 13:05:30 | INFO | trading.strategy2_signal_filter:check:681 | S2 market phase | {'symbol': 'PIEVERSEUSDT', 'phase': 'bleed', 'note': 'bleed:bq=-0.47,dir_eff=0.52'}
2026-07-26 13:05:35 | INFO | trading.strategy2_signal_filter:check:533 | S2 skip: approach>=block (G3, level exhausted) | {'symbol': 'EULUSDT', 'level': 2.4312, 'approach_count': 13, 'block_threshold': 4}
2026-07-26 13:05:35 | INFO | trading.strategy2_signal_filter:check:681 | S2 market phase | {'symbol': 'PIEVERSEUSDT', 'phase': 'bleed', 'note': 'bleed:bq=-0.47,dir_eff=0.52'}
2026-07-26 13:05:41 | INFO | trading.strategy2_signal_filter:check:681 | S2 market phase | {'symbol': 'PIEVERSEUSDT', 'phase': 'bleed', 'note': 'bleed:bq=-0.47,dir_eff=0.53'}
2026-07-26 13:05:46 | INFO | trading.strategy2_signal_filter:check:681 | S2 market phase | {'symbol': 'PIEVERSEUSDT', 'phase': 'bleed', 'note': 'bleed:bq=-0.47,dir_eff=0.53'}
2026-07-26 13:05:51 | INFO | trading.strategy2_signal_filter:check:533 | S2 skip: approach>=block (G3, level exhausted) | {'symbol': 'EULUSDT', 'level': 2.4312, 'approach_count': 13, 'block_threshold': 4}
2026-07-26 13:05:51 | INFO | trading.strategy2_signal_filter:check:681 | S2 market phase | {'symbol': 'PIEVERSEUSDT', 'phase': 'bleed', 'note': 'bleed:bq=-0.47,dir_eff=0.53'}
2026-07-26 13:05:56 | INFO | trading.strategy2_signal_filter:check:681 | S2 market phase | {'symbol': 'PIEVERSEUSDT', 'phase': 'bleed', 'note': 'bleed:bq=-0.47,dir_eff=0.53'}
2026-07-26 13:06:01 | INFO | trading.strategy2_signal_filter:check:681 | S2 market phase | {'symbol': 'PIEVERSEUSDT', 'phase': 'bleed', 'note': 'bleed:bq=-0.47,dir_eff=0.53'}
2026-07-26 13:06:06 | INFO | trading.strategy2_signal_filter:check:533 | S2 skip: approach>=block (G3, level exhausted) | {'symbol': 'EULUSDT', 'level': 2.4312, 'approach_count': 13, 'block_threshold': 4}
2026-07-26 13:06:06 | INFO | trading.strategy2_signal_filter:check:681 | S2 market phase | {'symbol': 'PIEVERSEUSDT', 'phase': 'bleed', 'note': 'bleed:bq=-0.47,dir_eff=0.53'}
2026-07-26 13:06:12 | INFO | trading.strategy2_signal_filter:check:681 | S2 market phase | {'symbol': 'PIEVERSEUSDT', 'phase': 'bleed', 'note': 'bleed:bq=-0.47,dir_eff=0.48'}
2026-07-26 13:06:17 | INFO | trading.strategy2_signal_filter:check:681 | S2 market phase | {'symbol': 'PIEVERSEUSDT', 'phase': 'bleed', 'note': 'bleed:bq=-0.47,dir_eff=0.48'}
2026-07-26 13:06:22 | INFO | trading.strategy2_signal_filter:check:681 | S2 market phase | {'symbol': 'PIEVERSEUSDT', 'phase': 'bleed', 'note': 'bleed:bq=-0.47,dir_eff=0.48'}
2026-07-26 13:06:27 | INFO | trading.strategy2_signal_filter:check:681 | S2 market phase | {'symbol': 'PIEVERSEUSDT', 'phase': 'bleed', 'note': 'bleed:bq=-0.47,dir_eff=0.49'}
2026-07-26 13:06:32 | INFO | trading.strategy2_signal_filter:check:681 | S2 market phase | {'symbol': 'PIEVERSEUSDT', 'phase': 'bleed', 'note': 'bleed:bq=-0.47,dir_eff=0.49'}
2026-07-26 13:06:32 | INFO | __main__:_proximity_loop:1258 | Proximity alert sent | {'symbol': 'DEXEUSDT', 'level': 3.636, 'distance_pct': 1.649986475520691}
2026-07-26 13:06:32 | INFO | trading.strategy2_signal_filter:check:533 | S2 skip: approach>=block (G3, level exhausted) | {'symbol': 'DEXEUSDT', 'level': 3.636, 'approach_count': 9, 'block_threshold': 4}
2026-07-26 13:06:32 | INFO | trading.strategy2_signal_filter:check:545 | S2: level marked dead, monitor will stop sending proximity | {'symbol': 'DEXEUSDT', 'level': 3.636, 'approach_count': 9}
2026-07-26 13:06:37 | INFO | trading.strategy2_signal_filter:check:681 | S2 market phase | {'symbol': 'PIEVERSEUSDT', 'phase': 'bleed', 'note': 'bleed:bq=-0.47,dir_eff=0.49'}
2026-07-26 13:06:43 | INFO | trading.strategy2_signal_filter:check:681 | S2 market phase | {'symbol': 'PIEVERSEUSDT', 'phase': 'bleed', 'note': 'bleed:bq=-0.47,dir_eff=0.49'}
2026-07-26 13:06:48 | INFO | trading.strategy2_signal_filter:check:681 | S2 market phase | {'symbol': 'PIEVERSEUSDT', 'phase': 'bleed', 'note': 'bleed:bq=-0.47,dir_eff=0.50'}
2026-07-26 13:06:53 | INFO | trading.strategy2_signal_filter:check:681 | S2 market phase | {'symbol': 'PIEVERSEUSDT', 'phase': 'bleed', 'note': 'bleed:bq=-0.47,dir_eff=0.50'}
2026-07-26 13:06:58 | INFO | trading.strategy2_signal_filter:check:681 | S2 market phase | {'symbol': 'PIEVERSEUSDT', 'phase': 'bleed', 'note': 'bleed:bq=-0.47,dir_eff=0.50'}
2026-07-26 13:06:58 | INFO | trading.strategy2_signal_filter:check:533 | S2 skip: approach>=block (G3, level exhausted) | {'symbol': 'EULUSDT', 'level': 2.4312, 'approach_count': 13, 'block_threshold': 4}
2026-07-26 13:06:58 | INFO | __main__:_proximity_loop:1258 | Proximity alert sent | {'symbol': 'DIAUSDT', 'level': 0.1339, 'distance_pct': 1.9765739385065946}
2026-07-26 13:06:58 | INFO | trading.strategy2_signal_filter:check:681 | S2 market phase | {'symbol': 'DIAUSDT', 'phase': 'drop_tradeable', 'note': 'drop_tradeable:bq=0.61'}
2026-07-26 13:07:03 | INFO | trading.strategy2_signal_filter:check:681 | S2 market phase | {'symbol': 'PIEVERSEUSDT', 'phase': 'bleed', 'note': 'bleed:bq=-0.47,dir_eff=0.50'}
2026-07-26 13:07:08 | INFO | trading.strategy2_signal_filter:check:681 | S2 market phase | {'symbol': 'PIEVERSEUSDT', 'phase': 'bleed', 'note': 'bleed:bq=-0.47,dir_eff=0.50'}
2026-07-26 13:07:14 | INFO | trading.strategy2_signal_filter:check:681 | S2 market phase | {'symbol': 'PIEVERSEUSDT', 'phase': 'bleed', 'note': 'bleed:bq=-0.47,dir_eff=0.45'}
2026-07-26 13:07:14 | INFO | trading.strategy2_signal_filter:check:533 | S2 skip: approach>=block (G3, level exhausted) | {'symbol': 'EULUSDT', 'level': 2.4312, 'approach_count': 13, 'block_threshold': 4}
2026-07-26 13:07:19 | INFO | trading.strategy2_signal_filter:check:681 | S2 market phase | {'symbol': 'PIEVERSEUSDT', 'phase': 'bleed', 'note': 'bleed:bq=-0.47,dir_eff=0.45'}
2026-07-26 13:07:24 | INFO | trading.strategy2_signal_filter:check:681 | S2 market phase | {'symbol': 'PIEVERSEUSDT', 'phase': 'bleed', 'note': 'bleed:bq=-0.47,dir_eff=0.45'}
2026-07-26 13:07:29 | INFO | trading.strategy2_signal_filter:check:681 | S2 market phase | {'symbol': 'PIEVERSEUSDT', 'phase': 'bleed', 'note': 'bleed:bq=-0.47,dir_eff=0.45'}
2026-07-26 13:07:34 | INFO | trading.strategy2_signal_filter:check:681 | S2 market phase | {'symbol': 'DIAUSDT', 'phase': 'drop_tradeable', 'note': 'drop_tradeable:bq=0.61'}
2026-07-26 13:07:34 | INFO | trading.strategy2_signal_filter:check:681 | S2 market phase | {'symbol': 'PIEVERSEUSDT', 'phase': 'bleed', 'note': 'bleed:bq=-0.47,dir_eff=0.45'}
2026-07-26 13:07:34 | INFO | trading.strategy2_signal_filter:check:681 | S2 market phase | {'symbol': 'DIAUSDT', 'phase': 'drop_tradeable', 'note': 'drop_tradeable:bq=0.61'}
2026-07-26 13:07:40 | INFO | trading.strategy2_signal_filter:check:681 | S2 market phase | {'symbol': 'DIAUSDT', 'phase': 'drop_tradeable', 'note': 'drop_tradeable:bq=0.61'}
2026-07-26 13:07:40 | INFO | trading.strategy2_signal_filter:check:681 | S2 market phase | {'symbol': 'PIEVERSEUSDT', 'phase': 'bleed', 'note': 'bleed:bq=-0.47,dir_eff=0.45'}
2026-07-26 13:07:44 | WARNING | data.collector:_stream_agg_trades:180 | Failed to create aggTrades client | {'symbol': 'DEXEUSDT', 'error': 'Cannot connect to host api.binance.com:443 ssl:default [Connection reset by peer]'}
2026-07-26 13:07:45 | INFO | trading.strategy2_signal_filter:check:681 | S2 market phase | {'symbol': 'DIAUSDT', 'phase': 'drop_tradeable', 'note': 'drop_tradeable:bq=0.61'}
2026-07-26 13:07:45 | INFO | trading.strategy2_signal_filter:check:681 | S2 market phase | {'symbol': 'PIEVERSEUSDT', 'phase': 'bleed', 'note': 'bleed:bq=-0.47,dir_eff=0.45'}
2026-07-26 13:07:50 | INFO | trading.strategy2_signal_filter:check:681 | S2 market phase | {'symbol': 'DIAUSDT', 'phase': 'drop_tradeable', 'note': 'drop_tradeable:bq=0.61'}
2026-07-26 13:07:50 | INFO | trading.strategy2_signal_filter:check:681 | S2 market phase | {'symbol': 'PIEVERSEUSDT', 'phase': 'bleed', 'note': 'bleed:bq=-0.47,dir_eff=0.45'}
2026-07-26 13:07:50 | INFO | trading.strategy2_signal_filter:check:681 | S2 market phase | {'symbol': 'DIAUSDT', 'phase': 'drop_tradeable', 'note': 'drop_tradeable:bq=0.61'}
2026-07-26 13:07:55 | INFO | trading.strategy2_signal_filter:check:681 | S2 market phase | {'symbol': 'DIAUSDT', 'phase': 'drop_tradeable', 'note': 'drop_tradeable:bq=0.61'}
2026-07-26 13:07:55 | INFO | trading.strategy2_signal_filter:check:681 | S2 market phase | {'symbol': 'PIEVERSEUSDT', 'phase': 'bleed', 'note': 'bleed:bq=-0.47,dir_eff=0.45'}
2026-07-26 13:08:00 | INFO | trading.strategy2_signal_filter:check:681 | S2 market phase | {'symbol': 'DIAUSDT', 'phase': 'drop_tradeable', 'note': 'drop_tradeable:bq=0.61'}
2026-07-26 13:08:00 | INFO | trading.strategy2_signal_filter:check:681 | S2 market phase | {'symbol': 'PIEVERSEUSDT', 'phase': 'bleed', 'note': 'bleed:bq=-0.47,dir_eff=0.46'}
2026-07-26 13:08:06 | INFO | trading.strategy2_signal_filter:check:681 | S2 market phase | {'symbol': 'DIAUSDT', 'phase': 'drop_tradeable', 'note': 'drop_tradeable:bq=0.61'}
2026-07-26 13:08:06 | INFO | trading.strategy2_signal_filter:check:681 | S2 market phase | {'symbol': 'PIEVERSEUSDT', 'phase': 'bleed', 'note': 'bleed:bq=-0.47,dir_eff=0.46'}
2026-07-26 13:08:06 | INFO | trading.strategy2_signal_filter:check:681 | S2 market phase | {'symbol': 'DIAUSDT', 'phase': 'drop_tradeable', 'note': 'drop_tradeable:bq=0.61'}
2026-07-26 13:08:11 | INFO | trading.strategy2_signal_filter:check:681 | S2 market phase | {'symbol': 'DIAUSDT', 'phase': 'drop_tradeable', 'note': 'drop_tradeable:bq=0.61'}
2026-07-26 13:08:11 | INFO | trading.strategy2_signal_filter:check:681 | S2 market phase | {'symbol': 'PIEVERSEUSDT', 'phase': 'bleed', 'note': 'bleed:bq=-0.47,dir_eff=0.46'}
2026-07-26 13:08:11 | INFO | trading.strategy2_signal_filter:check:533 | S2 skip: approach>=block (G3, level exhausted) | {'symbol': 'DEXEUSDT', 'level': 3.636, 'approach_count': 9, 'block_threshold': 4}
2026-07-26 13:08:16 | INFO | trading.strategy2_signal_filter:check:681 | S2 market phase | {'symbol': 'DIAUSDT', 'phase': 'drop_tradeable', 'note': 'drop_tradeable:bq=0.61'}
2026-07-26 13:08:16 | INFO | trading.strategy2_signal_filter:check:681 | S2 market phase | {'symbol': 'PIEVERSEUSDT', 'phase': 'bleed', 'note': 'bleed:bq=-0.47,dir_eff=0.46'}
2026-07-26 13:08:21 | INFO | trading.strategy2_signal_filter:check:681 | S2 market phase | {'symbol': 'PIEVERSEUSDT', 'phase': 'bleed', 'note': 'bleed:bq=-0.47,dir_eff=0.46'}
2026-07-26 13:08:26 | INFO | trading.strategy2_signal_filter:check:681 | S2 market phase | {'symbol': 'PIEVERSEUSDT', 'phase': 'bleed', 'note': 'bleed:bq=-0.47,dir_eff=0.46'}
2026-07-26 13:08:26 | INFO | trading.strategy2_signal_filter:check:533 | S2 skip: approach>=block (G3, level exhausted) | {'symbol': 'DEXEUSDT', 'level': 3.636, 'approach_count': 9, 'block_threshold': 4}
2026-07-26 13:08:31 | INFO | trading.strategy2_signal_filter:check:681 | S2 market phase | {'symbol': 'PIEVERSEUSDT', 'phase': 'bleed', 'note': 'bleed:bq=-0.47,dir_eff=0.46'}
2026-07-26 13:08:37 | INFO | trading.strategy2_signal_filter:check:681 | S2 market phase | {'symbol': 'DIAUSDT', 'phase': 'drop_tradeable', 'note': 'drop_tradeable:bq=0.61'}
2026-07-26 13:08:37 | INFO | trading.strategy2_signal_filter:check:681 | S2 market phase | {'symbol': 'PIEVERSEUSDT', 'phase': 'bleed', 'note': 'bleed:bq=-0.47,dir_eff=0.46'}
2026-07-26 13:08:37 | INFO | trading.strategy2_signal_filter:check:681 | S2 market phase | {'symbol': 'DIAUSDT', 'phase': 'drop_tradeable', 'note': 'drop_tradeable:bq=0.61'}
2026-07-26 13:08:42 | INFO | trading.strategy2_signal_filter:check:681 | S2 market phase | {'symbol': 'DIAUSDT', 'phase': 'drop_tradeable', 'note': 'drop_tradeable:bq=0.61'}
2026-07-26 13:08:42 | INFO | trading.strategy2_signal_filter:check:681 | S2 market phase | {'symbol': 'PIEVERSEUSDT', 'phase': 'bleed', 'note': 'bleed:bq=-0.47,dir_eff=0.46'}
2026-07-26 13:08:47 | INFO | trading.strategy2_signal_filter:check:681 | S2 market phase | {'symbol': 'DIAUSDT', 'phase': 'drop_tradeable', 'note': 'drop_tradeable:bq=0.61'}
2026-07-26 13:08:47 | INFO | trading.strategy2_signal_filter:check:681 | S2 market phase | {'symbol': 'PIEVERSEUSDT', 'phase': 'bleed', 'note': 'bleed:bq=-0.47,dir_eff=0.46'}
2026-07-26 13:08:52 | INFO | trading.strategy2_signal_filter:check:681 | S2 market phase | {'symbol': 'DIAUSDT', 'phase': 'drop_tradeable', 'note': 'drop_tradeable:bq=0.61'}
2026-07-26 13:08:52 | INFO | trading.strategy2_signal_filter:check:681 | S2 market phase | {'symbol': 'PIEVERSEUSDT', 'phase': 'bleed', 'note': 'bleed:bq=-0.47,dir_eff=0.46'}
2026-07-26 13:08:52 | INFO | trading.strategy2_signal_filter:check:681 | S2 market phase | {'symbol': 'DIAUSDT', 'phase': 'drop_tradeable', 'note': 'drop_tradeable:bq=0.61'}
2026-07-26 13:08:57 | INFO | trading.strategy2_signal_filter:check:681 | S2 market phase | {'symbol': 'PIEVERSEUSDT', 'phase': 'bleed', 'note': 'bleed:bq=-0.47,dir_eff=0.46'}
2026-07-26 13:09:02 | INFO | trading.strategy2_signal_filter:check:681 | S2 market phase | {'symbol': 'PIEVERSEUSDT', 'phase': 'bleed', 'note': 'bleed:bq=-0.47,dir_eff=0.46'}
2026-07-26 13:09:08 | INFO | trading.strategy2_signal_filter:check:681 | S2 market phase | {'symbol': 'PIEVERSEUSDT', 'phase': 'bleed', 'note': 'bleed:bq=-0.47,dir_eff=0.46'}
2026-07-26 13:09:08 | INFO | trading.strategy2_signal_filter:check:533 | S2 skip: approach>=block (G3, level exhausted) | {'symbol': 'DEXEUSDT', 'level': 3.636, 'approach_count': 9, 'block_threshold': 4}
2026-07-26 13:09:08 | INFO | trading.strategy2_signal_filter:check:681 | S2 market phase | {'symbol': 'DIAUSDT', 'phase': 'drop_tradeable', 'note': 'drop_tradeable:bq=0.61'}
2026-07-26 13:09:13 | INFO | trading.strategy2_signal_filter:check:681 | S2 market phase | {'symbol': 'PIEVERSEUSDT', 'phase': 'bleed', 'note': 'bleed:bq=-0.47,dir_eff=0.47'}
2026-07-26 13:09:18 | INFO | trading.strategy2_signal_filter:check:681 | S2 market phase | {'symbol': 'PIEVERSEUSDT', 'phase': 'bleed', 'note': 'bleed:bq=-0.47,dir_eff=0.47'}
2026-07-26 13:09:23 | INFO | trading.strategy2_signal_filter:check:681 | S2 market phase | {'symbol': 'PIEVERSEUSDT', 'phase': 'bleed', 'note': 'bleed:bq=-0.47,dir_eff=0.47'}
2026-07-26 13:09:23 | INFO | trading.strategy2_signal_filter:check:533 | S2 skip: approach>=block (G3, level exhausted) | {'symbol': 'DEXEUSDT', 'level': 3.636, 'approach_count': 9, 'block_threshold': 4}
2026-07-26 13:09:28 | INFO | trading.strategy2_signal_filter:check:681 | S2 market phase | {'symbol': 'PIEVERSEUSDT', 'phase': 'bleed', 'note': 'bleed:bq=-0.47,dir_eff=0.47'}
2026-07-26 13:09:33 | INFO | trading.strategy2_signal_filter:check:681 | S2 market phase | {'symbol': 'PIEVERSEUSDT', 'phase': 'bleed', 'note': 'bleed:bq=-0.47,dir_eff=0.47'}
2026-07-26 13:09:39 | INFO | trading.strategy2_signal_filter:check:681 | S2 market phase | {'symbol': 'PIEVERSEUSDT', 'phase': 'bleed', 'note': 'bleed:bq=-0.47,dir_eff=0.47'}
2026-07-26 13:09:39 | INFO | trading.strategy2_signal_filter:check:533 | S2 skip: approach>=block (G3, level exhausted) | {'symbol': 'DEXEUSDT', 'level': 3.636, 'approach_count': 9, 'block_threshold': 4}
2026-07-26 13:09:44 | INFO | trading.strategy2_signal_filter:check:681 | S2 market phase | {'symbol': 'PIEVERSEUSDT', 'phase': 'bleed', 'note': 'bleed:bq=-0.47,dir_eff=0.47'}
2026-07-26 13:09:49 | INFO | trading.strategy2_signal_filter:check:681 | S2 market phase | {'symbol': 'PIEVERSEUSDT', 'phase': 'bleed', 'note': 'bleed:bq=-0.47,dir_eff=0.47'}
2026-07-26 13:09:54 | INFO | trading.strategy2_signal_filter:check:681 | S2 market phase | {'symbol': 'PIEVERSEUSDT', 'phase': 'bleed', 'note': 'bleed:bq=-0.47,dir_eff=0.47'}
2026-07-26 13:09:54 | INFO | trading.strategy2_signal_filter:check:533 | S2 skip: approach>=block (G3, level exhausted) | {'symbol': 'DEXEUSDT', 'level': 3.636, 'approach_count': 10, 'block_threshold': 4}
2026-07-26 13:09:59 | INFO | trading.strategy2_signal_filter:check:681 | S2 market phase | {'symbol': 'PIEVERSEUSDT', 'phase': 'bleed', 'note': 'bleed:bq=-0.47,dir_eff=0.47'}
2026-07-26 13:10:05 | INFO | trading.strategy2_signal_filter:check:681 | S2 market phase | {'symbol': 'PIEVERSEUSDT', 'phase': 'bleed', 'note': 'bleed:bq=-0.47,dir_eff=0.47'}
2026-07-26 13:10:10 | INFO | trading.strategy2_signal_filter:check:681 | S2 market phase | {'symbol': 'PIEVERSEUSDT', 'phase': 'bleed', 'note': 'bleed:bq=-0.47,dir_eff=0.44'}
2026-07-26 13:10:10 | INFO | trading.strategy2_signal_filter:check:533 | S2 skip: approach>=block (G3, level exhausted) | {'symbol': 'DEXEUSDT', 'level': 3.636, 'approach_count': 9, 'block_threshold': 4}
2026-07-26 13:10:15 | INFO | trading.strategy2_signal_filter:check:681 | S2 market phase | {'symbol': 'PIEVERSEUSDT', 'phase': 'bleed', 'note': 'bleed:bq=-0.47,dir_eff=0.44'}
2026-07-26 13:10:20 | INFO | trading.strategy2_signal_filter:check:681 | S2 market phase | {'symbol': 'PIEVERSEUSDT', 'phase': 'bleed', 'note': 'bleed:bq=-0.47,dir_eff=0.44'}
2026-07-26 13:10:25 | INFO | trading.strategy2_signal_filter:check:681 | S2 market phase | {'symbol': 'PIEVERSEUSDT', 'phase': 'bleed', 'note': 'bleed:bq=-0.47,dir_eff=0.44'}
2026-07-26 13:10:25 | INFO | trading.strategy2_signal_filter:check:533 | S2 skip: approach>=block (G3, level exhausted) | {'symbol': 'DEXEUSDT', 'level': 3.636, 'approach_count': 9, 'block_threshold': 4}
2026-07-26 13:10:30 | INFO | trading.strategy2_signal_filter:check:681 | S2 market phase | {'symbol': 'PIEVERSEUSDT', 'phase': 'bleed', 'note': 'bleed:bq=-0.47,dir_eff=0.44'}
2026-07-26 13:10:36 | INFO | trading.strategy2_signal_filter:check:681 | S2 market phase | {'symbol': 'PIEVERSEUSDT', 'phase': 'bleed', 'note': 'bleed:bq=-0.47,dir_eff=0.43'}
2026-07-26 13:10:41 | INFO | trading.strategy2_signal_filter:check:681 | S2 market phase | {'symbol': 'PIEVERSEUSDT', 'phase': 'bleed', 'note': 'bleed:bq=-0.47,dir_eff=0.43'}
2026-07-26 13:10:41 | INFO | trading.strategy2_signal_filter:check:533 | S2 skip: approach>=block (G3, level exhausted) | {'symbol': 'DEXEUSDT', 'level': 3.636, 'approach_count': 10, 'block_threshold': 4}
2026-07-26 13:10:56 | INFO | trading.strategy2_signal_filter:check:533 | S2 skip: approach>=block (G3, level exhausted) | {'symbol': 'DEXEUSDT', 'level': 3.636, 'approach_count': 10, 'block_threshold': 4}
2026-07-26 13:11:12 | INFO | trading.strategy2_signal_filter:check:533 | S2 skip: approach>=block (G3, level exhausted) | {'symbol': 'DEXEUSDT', 'level': 3.636, 'approach_count': 10, 'block_threshold': 4}
2026-07-26 13:11:27 | INFO | trading.strategy2_signal_filter:check:533 | S2 skip: approach>=block (G3, level exhausted) | {'symbol': 'DEXEUSDT', 'level': 3.636, 'approach_count': 10, 'block_threshold': 4}
2026-07-26 13:11:43 | INFO | trading.strategy2_signal_filter:check:533 | S2 skip: approach>=block (G3, level exhausted) | {'symbol': 'DEXEUSDT', 'level': 3.636, 'approach_count': 10, 'block_threshold': 4}
2026-07-26 13:11:58 | INFO | trading.strategy2_signal_filter:check:533 | S2 skip: approach>=block (G3, level exhausted) | {'symbol': 'DEXEUSDT', 'level': 3.636, 'approach_count': 10, 'block_threshold': 4}
2026-07-26 13:12:14 | INFO | trading.strategy2_signal_filter:check:533 | S2 skip: approach>=block (G3, level exhausted) | {'symbol': 'DEXEUSDT', 'level': 3.636, 'approach_count': 10, 'block_threshold': 4}
2026-07-26 13:12:19 | INFO | trading.strategy2_signal_filter:check:681 | S2 market phase | {'symbol': 'PIEVERSEUSDT', 'phase': 'bleed', 'note': 'bleed:bq=-0.47,dir_eff=0.43'}
2026-07-26 13:12:24 | INFO | trading.strategy2_signal_filter:check:681 | S2 market phase | {'symbol': 'PIEVERSEUSDT', 'phase': 'bleed', 'note': 'bleed:bq=-0.47,dir_eff=0.43'}
2026-07-26 13:12:30 | INFO | trading.strategy2_signal_filter:check:681 | S2 market phase | {'symbol': 'PIEVERSEUSDT', 'phase': 'bleed', 'note': 'bleed:bq=-0.47,dir_eff=0.43'}
2026-07-26 13:12:30 | INFO | trading.strategy2_signal_filter:check:533 | S2 skip: approach>=block (G3, level exhausted) | {'symbol': 'DEXEUSDT', 'level': 3.636, 'approach_count': 10, 'block_threshold': 4}
2026-07-26 13:12:45 | INFO | trading.strategy2_signal_filter:check:533 | S2 skip: approach>=block (G3, level exhausted) | {'symbol': 'DEXEUSDT', 'level': 3.636, 'approach_count': 10, 'block_threshold': 4}
2026-07-26 13:13:01 | INFO | trading.strategy2_signal_filter:check:533 | S2 skip: approach>=block (G3, level exhausted) | {'symbol': 'DEXEUSDT', 'level': 3.636, 'approach_count': 10, 'block_threshold': 4}
2026-07-26 13:13:06 | INFO | trading.strategy2_signal_filter:check:533 | S2 skip: approach>=block (G3, level exhausted) | {'symbol': 'EULUSDT', 'level': 2.4312, 'approach_count': 13, 'block_threshold': 4}
2026-07-26 13:13:11 | INFO | trading.strategy2_signal_filter:check:681 | S2 market phase | {'symbol': 'PIEVERSEUSDT', 'phase': 'bleed', 'note': 'bleed:bq=-0.47,dir_eff=0.43'}
2026-07-26 13:13:16 | INFO | analysis.monitor:start_monitor:126 | monitor: skip level with non-positive p_bounce (won't pass entry filter) | {'symbol': 'DEXEUSDT', 'level': 3.751596774193548, 'level_type': 'wick_level', 'p_bounce': 0.0, 'expected_depth': 0.0}
2026-07-26 13:13:16 | INFO | trading.strategy2_signal_filter:check:681 | S2 market phase | {'symbol': 'PIEVERSEUSDT', 'phase': 'bleed', 'note': 'bleed:bq=-0.47,dir_eff=0.43'}
2026-07-26 13:13:16 | INFO | trading.strategy2_signal_filter:check:533 | S2 skip: approach>=block (G3, level exhausted) | {'symbol': 'DEXEUSDT', 'level': 3.636, 'approach_count': 10, 'block_threshold': 4}
2026-07-26 13:13:16 | INFO | __main__:_start_resistance_after_bounce:1116 | Resistance monitor started | {'symbol': 'DEXEUSDT', 'resistance': 3.751596774193548, 'from_support': 3.636}
2026-07-26 13:13:17 | INFO | __main__:_monitored:787 | Level outcome saved | {'symbol': 'DEXEUSDT', 'level': 3.751596774193548, 'result': 'отбой', 'outcome': None, 'duration': 0.0}
2026-07-26 13:13:21 | INFO | trading.strategy2_signal_filter:check:533 | S2 skip: approach>=block (G3, level exhausted) | {'symbol': 'EULUSDT', 'level': 2.4312, 'approach_count': 13, 'block_threshold': 4}
2026-07-26 13:13:32 | INFO | trading.strategy2_signal_filter:check:533 | S2 skip: approach>=block (G3, level exhausted) | {'symbol': 'DEXEUSDT', 'level': 3.636, 'approach_count': 10, 'block_threshold': 4}
2026-07-26 13:13:37 | INFO | trading.strategy2_signal_filter:check:533 | S2 skip: approach>=block (G3, level exhausted) | {'symbol': 'EULUSDT', 'level': 2.4312, 'approach_count': 14, 'block_threshold': 4}
2026-07-26 13:13:47 | INFO | trading.strategy2_signal_filter:check:533 | S2 skip: approach>=block (G3, level exhausted) | {'symbol': 'DEXEUSDT', 'level': 3.636, 'approach_count': 11, 'block_threshold': 4}
2026-07-26 13:13:52 | INFO | trading.strategy2_signal_filter:check:533 | S2 skip: approach>=block (G3, level exhausted) | {'symbol': 'EULUSDT', 'level': 2.4312, 'approach_count': 14, 'block_threshold': 4}
2026-07-26 13:13:56 | INFO | __main__:_auto_screener_loop:306 | Auto screener completed | {'total': 3, 'new': 0}
2026-07-26 13:14:03 | INFO | trading.strategy2_signal_filter:check:533 | S2 skip: approach>=block (G3, level exhausted) | {'symbol': 'DEXEUSDT', 'level': 3.636, 'approach_count': 11, 'block_threshold': 4}
2026-07-26 13:14:08 | INFO | analysis.monitor:start_monitor:126 | monitor: skip level with non-positive p_bounce (won't pass entry filter) | {'symbol': 'EULUSDT', 'level': 2.4496, 'level_type': 'body_level', 'p_bounce': 0.0, 'expected_depth': 0.0}
2026-07-26 13:14:08 | INFO | __main__:_monitored:798 | Monitor cancelled | {'symbol': 'EULUSDT', 'level': 2.4312}
2026-07-26 13:14:08 | INFO | __main__:_start_resistance_after_bounce:1116 | Resistance monitor started | {'symbol': 'EULUSDT', 'resistance': 2.4496, 'from_support': 2.4312}
2026-07-26 13:14:08 | INFO | trading.strategy2_signal_filter:check:533 | S2 skip: approach>=block (G3, level exhausted) | {'symbol': 'EULUSDT', 'level': 2.4312, 'approach_count': 13, 'block_threshold': 4}
2026-07-26 13:14:08 | INFO | trading.strategy2_signal_filter:check:545 | S2: level marked dead, monitor will stop sending proximity | {'symbol': 'EULUSDT', 'level': 2.4312, 'approach_count': 13}
2026-07-26 13:14:08 | INFO | __main__:_monitored:787 | Level outcome saved | {'symbol': 'EULUSDT', 'level': 2.4496, 'result': 'отбой', 'outcome': None, 'duration': 0.0}
2026-07-26 13:14:18 | INFO | trading.strategy2_signal_filter:check:533 | S2 skip: approach>=block (G3, level exhausted) | {'symbol': 'DEXEUSDT', 'level': 3.636, 'approach_count': 10, 'block_threshold': 4}
2026-07-26 13:14:34 | INFO | __main__:_proximity_arm_loop:1948 | proximity-arm activated | {'symbol': 'EULUSDT', 'level': 2.4019, 'type': 'pump_base', 'strength': 5, 'dist_atr': 1.67}
2026-07-26 13:14:34 | INFO | __main__:_run_phase1:652 | Level monitoring started | {'symbol': 'EULUSDT', 'level': 2.3816, 'strength': 3}
2026-07-26 13:14:34 | INFO | trading.strategy2_signal_filter:check:533 | S2 skip: approach>=block (G3, level exhausted) | {'symbol': 'DEXEUSDT', 'level': 3.636, 'approach_count': 10, 'block_threshold': 4}
2026-07-26 13:14:50 | INFO | trading.strategy2_signal_filter:check:533 | S2 skip: approach>=block (G3, level exhausted) | {'symbol': 'DEXEUSDT', 'level': 3.636, 'approach_count': 10, 'block_threshold': 4}
2026-07-26 13:15:05 | INFO | trading.strategy2_signal_filter:check:533 | S2 skip: approach>=block (G3, level exhausted) | {'symbol': 'DEXEUSDT', 'level': 3.636, 'approach_count': 10, 'block_threshold': 4}
2026-07-26 13:15:16 | INFO | trading.strategy2_signal_filter:check:533 | S2 skip: approach>=block (G3, level exhausted) | {'symbol': 'EULUSDT', 'level': 2.3816, 'approach_count': 15, 'block_threshold': 4}
2026-07-26 13:15:16 | INFO | trading.strategy2_signal_filter:check:545 | S2: level marked dead, monitor will stop sending proximity | {'symbol': 'EULUSDT', 'level': 2.3816, 'approach_count': 15}
2026-07-26 13:15:16 | INFO | __main__:_proximity_loop:1258 | Proximity alert sent | {'symbol': 'EULUSDT', 'level': 2.3816, 'distance_pct': 1.6761621666253808}
2026-07-26 13:15:16 | INFO | trading.strategy2_signal_filter:check:533 | S2 skip: approach>=block (G3, level exhausted) | {'symbol': 'EULUSDT', 'level': 2.3816, 'approach_count': 15, 'block_threshold': 4}
2026-07-26 13:15:21 | INFO | __main__:_trigger_loop:357 | Trigger activated | {'symbol': 'ESPORTSUSDT'}
2026-07-26 13:15:21 | INFO | __main__:_run_phase1:414 | Pump degraded, skipping monitoring | {'symbol': 'ESPORTSUSDT', 'health': 40, 'broken': 0, 'correction': '78%'}
2026-07-26 13:15:21 | INFO | trading.strategy2_signal_filter:check:533 | S2 skip: approach>=block (G3, level exhausted) | {'symbol': 'DEXEUSDT', 'level': 3.636, 'approach_count': 10, 'block_threshold': 4}
2026-07-26 13:15:31 | INFO | trading.strategy2_signal_filter:check:533 | S2 skip: approach>=block (G3, level exhausted) | {'symbol': 'EULUSDT', 'level': 2.3816, 'approach_count': 16, 'block_threshold': 4}
2026-07-26 13:15:47 | INFO | trading.strategy2_signal_filter:check:533 | S2 skip: approach>=block (G3, level exhausted) | {'symbol': 'EULUSDT', 'level': 2.3816, 'approach_count': 16, 'block_threshold': 4}
2026-07-26 13:15:52 | INFO | trading.strategy2_signal_filter:check:533 | S2 skip: approach>=block (G3, level exhausted) | {'symbol': 'DEXEUSDT', 'level': 3.636, 'approach_count': 10, 'block_threshold': 4}
2026-07-26 13:16:07 | INFO | trading.strategy2_signal_filter:check:533 | S2 skip: approach>=block (G3, level exhausted) | {'symbol': 'DEXEUSDT', 'level': 3.636, 'approach_count': 10, 'block_threshold': 4}
2026-07-26 13:16:23 | INFO | trading.strategy2_signal_filter:check:533 | S2 skip: approach>=block (G3, level exhausted) | {'symbol': 'DEXEUSDT', 'level': 3.636, 'approach_count': 10, 'block_threshold': 4}
2026-07-26 13:16:38 | INFO | trading.strategy2_signal_filter:check:533 | S2 skip: approach>=block (G3, level exhausted) | {'symbol': 'DEXEUSDT', 'level': 3.636, 'approach_count': 10, 'block_threshold': 4}
2026-07-26 13:16:54 | INFO | analysis.monitor:start_monitor:126 | monitor: skip level with non-positive p_bounce (won't pass entry filter) | {'symbol': 'PIEVERSEUSDT', 'level': 0.8254428571428571, 'level_type': 'wick_level', 'p_bounce': 0.0, 'expected_depth': 0.0}
2026-07-26 13:16:54 | INFO | __main__:_monitored:798 | Monitor cancelled | {'symbol': 'PIEVERSEUSDT', 'level': 0.8154}
2026-07-26 13:16:54 | INFO | trading.strategy2_signal_filter:check:533 | S2 skip: approach>=block (G3, level exhausted) | {'symbol': 'DEXEUSDT', 'level': 3.636, 'approach_count': 10, 'block_threshold': 4}
2026-07-26 13:16:54 | INFO | __main__:_start_resistance_after_bounce:1116 | Resistance monitor started | {'symbol': 'PIEVERSEUSDT', 'resistance': 0.8254428571428571, 'from_support': 0.8154}
2026-07-26 13:16:54 | INFO | __main__:_monitored:787 | Level outcome saved | {'symbol': 'PIEVERSEUSDT', 'level': 0.8254428571428571, 'result': 'отбой', 'outcome': None, 'duration': 0.0}
2026-07-26 13:17:09 | INFO | trading.strategy2_signal_filter:check:533 | S2 skip: approach>=block (G3, level exhausted) | {'symbol': 'DEXEUSDT', 'level': 3.636, 'approach_count': 10, 'block_threshold': 4}
2026-07-26 13:17:25 | INFO | trading.strategy2_signal_filter:check:533 | S2 skip: approach>=block (G3, level exhausted) | {'symbol': 'DEXEUSDT', 'level': 3.636, 'approach_count': 10, 'block_threshold': 4}
2026-07-26 13:17:41 | INFO | trading.strategy2_signal_filter:check:533 | S2 skip: approach>=block (G3, level exhausted) | {'symbol': 'DEXEUSDT', 'level': 3.636, 'approach_count': 10, 'block_threshold': 4}
2026-07-26 13:17:56 | INFO | trading.strategy2_signal_filter:check:533 | S2 skip: approach>=block (G3, level exhausted) | {'symbol': 'DEXEUSDT', 'level': 3.636, 'approach_count': 10, 'block_threshold': 4}
2026-07-26 13:18:12 | INFO | trading.strategy2_signal_filter:check:533 | S2 skip: approach>=block (G3, level exhausted) | {'symbol': 'DEXEUSDT', 'level': 3.636, 'approach_count': 10, 'block_threshold': 4}
2026-07-26 13:18:27 | INFO | trading.strategy2_signal_filter:check:533 | S2 skip: approach>=block (G3, level exhausted) | {'symbol': 'DEXEUSDT', 'level': 3.636, 'approach_count': 10, 'block_threshold': 4}
2026-07-26 13:18:43 | INFO | trading.strategy2_signal_filter:check:533 | S2 skip: approach>=block (G3, level exhausted) | {'symbol': 'DEXEUSDT', 'level': 3.636, 'approach_count': 10, 'block_threshold': 4}
2026-07-26 13:18:58 | INFO | trading.strategy2_signal_filter:check:533 | S2 skip: approach>=block (G3, level exhausted) | {'symbol': 'DEXEUSDT', 'level': 3.636, 'approach_count': 10, 'block_threshold': 4}
2026-07-26 13:19:14 | INFO | trading.strategy2_signal_filter:check:533 | S2 skip: approach>=block (G3, level exhausted) | {'symbol': 'DEXEUSDT', 'level': 3.636, 'approach_count': 10, 'block_threshold': 4}
2026-07-26 13:19:29 | INFO | trading.strategy2_signal_filter:check:533 | S2 skip: approach>=block (G3, level exhausted) | {'symbol': 'DEXEUSDT', 'level': 3.636, 'approach_count': 10, 'block_threshold': 4}
2026-07-26 13:20:31 | INFO | __main__:_proximity_loop:1381 | Weak level touch resolved | {'symbol': 'DEXEUSDT', 'level': 3.5823, 'event': 'bounce', 'fill_depth': 0.2596097479273117}
2026-07-26 13:20:47 | INFO | analysis.monitor:start_monitor:126 | monitor: skip level with non-positive p_bounce (won't pass entry filter) | {'symbol': 'DEXEUSDT', 'level': 3.689953488372093, 'level_type': 'wick_level', 'p_bounce': 0.0, 'expected_depth': 0.0}
2026-07-26 13:20:47 | INFO | __main__:_monitored:798 | Monitor cancelled | {'symbol': 'DEXEUSDT', 'level': 3.636}
2026-07-26 13:20:47 | INFO | __main__:_start_resistance_after_bounce:1116 | Resistance monitor started | {'symbol': 'DEXEUSDT', 'resistance': 3.689953488372093, 'from_support': 3.636}
2026-07-26 13:20:47 | INFO | __main__:_monitored:787 | Level outcome saved | {'symbol': 'DEXEUSDT', 'level': 3.689953488372093, 'result': 'отбой', 'outcome': None, 'duration': 0.0}
2026-07-26 13:23:23 | INFO | trading.strategy2_signal_filter:check:533 | S2 skip: approach>=block (G3, level exhausted) | {'symbol': 'EULUSDT', 'level': 2.3816, 'approach_count': 16, 'block_threshold': 4}
2026-07-26 13:23:27 | INFO | trading.live_price_tracker:_save_post_exit_range:226 | live_post_exit_tracker saved | {'trade_id': 'f2863c6f-0e35-4680-b47b-64a952f469e6', 'high': 0.0031237, 'low': 0.0030554}
2026-07-26 13:24:01 | INFO | __main__:_auto_screener_loop:306 | Auto screener completed | {'total': 3, 'new': 0}
2026-07-26 13:26:55 | INFO | trading.strategy2_signal_filter:check:681 | S2 market phase | {'symbol': 'DIAUSDT', 'phase': 'drop_tradeable', 'note': 'drop_tradeable:bq=0.81'}
2026-07-26 13:27:16 | INFO | trading.strategy2_signal_filter:check:681 | S2 market phase | {'symbol': 'DIAUSDT', 'phase': 'drop_tradeable', 'note': 'drop_tradeable:bq=0.81'}
2026-07-26 13:27:16 | INFO | trading.strategy2_signal_filter:check:988 | S2 signal passed all filters | {'symbol': 'DIAUSDT', 'level': 0.1339, 'level_type': 'pump_base', 'strength': 5, 'p_bounce': 0.902, 'sl': 0.13223061, 'tp1': 0.1351051, 'tp2': 0.13854286, 'rr': 0.72, 'phase': 'drop_tradeable', 'pos_struct_pct': 60.8, 'pos_local_pct': -1.5, 'struct_range': [0.0983, 0.1569], 'approach_speed_pct': -1.2328, 'red_candles_streak': 3, 'phase_streak_checks': 22, 'phase_streak_seconds': 1217.5, 'bleed_in_last_12': 0, 'seconds_since_bleed': None, 'phase_seq': 'dddddddddddd', 'hours_since_pump_peak': 3.7, 'vol_decay': 0.74, 'natr_now_pct': 4.64, 'natr_1m': 0.682, 'natr_5m': 2.502, 'natr_15m': 4.947, 'candle_staleness_sec': 16.2, 'bot_version': '2026-07-18.1'}
2026-07-26 13:27:16 | INFO | trading.strategy2_live:_open_grid:592 | S2Live: leverage clamped to symbol max | {'symbol': 'DIAUSDT', 'requested': 10, 'effective': 5}
2026-07-26 13:27:17 | INFO | trading.strategy2_live:_open_grid:784 | S2Live: SL order placed | {'trade_id': 'fa6bab6a-1e6d-435a-9228-49edb6f93c09', 'symbol': 'DIAUSDT', 'sl_order_id': 'aa086bce-2f67-46bc-9b9b-63ad22e4b49d', 'trigger': 0.13223, 'qty': 1495.0}
2026-07-26 13:27:17 | INFO | bot.telegram:send_close_with_chart:1480 | chart candles available: DIAUSDT 300 | {}
2026-07-26 13:27:18 | INFO | trading.strategy2_live:_open_grid:817 | S2Live grid opened | {'trade_id': 'fa6bab6a-1e6d-435a-9228-49edb6f93c09', 'symbol': 'DIAUSDT', 'orders': 2}
2026-07-26 13:28:13 | INFO | __main__:_trigger_loop:357 | Trigger activated | {'symbol': 'DEXEUSDT'}
2026-07-26 13:28:13 | INFO | __main__:_run_phase1:535 | No strong levels found | {'symbol': 'DEXEUSDT', 'total_levels': 2}
2026-07-26 13:30:01 | INFO | analysis.monitor:start_monitor:126 | monitor: skip level with non-positive p_bounce (won't pass entry filter) | {'symbol': 'DIAUSDT', 'level': 0.13874107142857142, 'level_type': 'wick_level', 'p_bounce': 0.0, 'expected_depth': 0.0}
2026-07-26 13:30:01 | INFO | __main__:_start_resistance_after_bounce:1116 | Resistance monitor started | {'symbol': 'DIAUSDT', 'resistance': 0.13874107142857142, 'from_support': 0.1339}
2026-07-26 13:30:02 | INFO | __main__:_monitored:787 | Level outcome saved | {'symbol': 'DIAUSDT', 'level': 0.13874107142857142, 'result': 'отбой', 'outcome': None, 'duration': 0.0}
2026-07-26 13:30:07 | INFO | analysis.monitor:start_monitor:126 | monitor: skip level with non-positive p_bounce (won't pass entry filter) | {'symbol': 'DIAUSDT', 'level': 0.13874107142857142, 'level_type': 'wick_level', 'p_bounce': 0.0, 'expected_depth': 0.0}
2026-07-26 13:30:07 | INFO | __main__:_start_resistance_after_bounce:1116 | Resistance monitor started | {'symbol': 'DIAUSDT', 'resistance': 0.13874107142857142, 'from_support': 0.1339}
2026-07-26 13:30:07 | INFO | __main__:_monitored:787 | Level outcome saved | {'symbol': 'DIAUSDT', 'level': 0.13874107142857142, 'result': 'отбой', 'outcome': None, 'duration': 0.0}
2026-07-26 13:30:12 | INFO | analysis.monitor:start_monitor:126 | monitor: skip level with non-positive p_bounce (won't pass entry filter) | {'symbol': 'DIAUSDT', 'level': 0.13874107142857142, 'level_type': 'wick_level', 'p_bounce': 0.0, 'expected_depth': 0.0}
2026-07-26 13:30:12 | INFO | __main__:_start_resistance_after_bounce:1116 | Resistance monitor started | {'symbol': 'DIAUSDT', 'resistance': 0.13874107142857142, 'from_support': 0.1339}
2026-07-26 13:30:12 | INFO | __main__:_monitored:787 | Level outcome saved | {'symbol': 'DIAUSDT', 'level': 0.13874107142857142, 'result': 'отбой', 'outcome': None, 'duration': 0.0}
2026-07-26 13:30:34 | INFO | __main__:_proximity_arm_loop:1948 | proximity-arm activated | {'symbol': 'PIEVERSEUSDT', 'level': 0.7833, 'type': 'pump_base', 'strength': 5, 'dist_atr': 1.77}
2026-07-26 13:30:34 | INFO | __main__:_run_phase1:414 | Pump degraded, skipping monitoring | {'symbol': 'PIEVERSEUSDT', 'health': 45, 'broken': 0, 'correction': '56%'}
2026-07-26 13:31:14 | INFO | analysis.monitor:start_monitor:126 | monitor: skip level with non-positive p_bounce (won't pass entry filter) | {'symbol': 'DIAUSDT', 'level': 0.13591666666666666, 'level_type': 'wick_level', 'p_bounce': 0.0, 'expected_depth': 0.0}
2026-07-26 13:31:14 | INFO | __main__:_monitored:798 | Monitor cancelled | {'symbol': 'DIAUSDT', 'level': 0.1339}
2026-07-26 13:31:14 | INFO | __main__:_start_resistance_after_bounce:1116 | Resistance monitor started | {'symbol': 'DIAUSDT', 'resistance': 0.13591666666666666, 'from_support': 0.1339}
2026-07-26 13:31:14 | INFO | __main__:_monitored:787 | Level outcome saved | {'symbol': 'DIAUSDT', 'level': 0.13591666666666666, 'result': 'отбой', 'outcome': None, 'duration': 0.0}
2026-07-26 13:34:05 | INFO | __main__:_auto_screener_loop:306 | Auto screener completed | {'total': 3, 'new': 0}
2026-07-26 13:36:34 | INFO | __main__:_proximity_arm_loop:1948 | proximity-arm activated | {'symbol': 'DEXEUSDT', 'level': 3.604, 'type': 'pump_base', 'strength': 5, 'dist_atr': 1.01}
2026-07-26 13:36:34 | INFO | __main__:_run_phase1:535 | No strong levels found | {'symbol': 'DEXEUSDT', 'total_levels': 2}
2026-07-26 13:37:04 | INFO | __main__:_proximity_arm_loop:1948 | proximity-arm activated | {'symbol': 'DIAUSDT', 'level': 0.1339, 'type': 'pump_base', 'strength': 5, 'dist_atr': 1.37}
2026-07-26 13:37:04 | INFO | __main__:_run_phase1:652 | Level monitoring started | {'symbol': 'DIAUSDT', 'level': 0.1098, 'strength': 5}
2026-07-26 13:37:11 | INFO | __main__:_stale_monitor_loop:1179 | Stale monitor cancelled — rebuilding | {'symbol': 'DIAUSDT', 'level': 0.1098, 'current': 0.136, 'distance_pct': 19.3}
2026-07-26 13:37:11 | INFO | __main__:_monitored:798 | Monitor cancelled | {'symbol': 'DIAUSDT', 'level': 0.1098}
2026-07-26 13:38:11 | INFO | trading.strategy2_live:_sync_grid_fills:1629 | S2Live: grid order filled | {'trade_id': 'fa6bab6a-1e6d-435a-9228-49edb6f93c09', 'symbol': 'DIAUSDT', 'index': 1, 'fill_price': 0.1347}
2026-07-26 13:38:11 | INFO | trading.strategy2_live:_recalculate_params:2191 | S2Live: params recalculated | {'trade_id': 'fa6bab6a-1e6d-435a-9228-49edb6f93c09', 'sl': 0.13223061, 'tp1': 0.1351051, 'tp2': 0.13854286, 'full_grid_tp': None, 'fill_count': 1}
2026-07-26 13:38:14 | INFO | trading.strategy2_live:_partial_close_tp1:2347 | S2Live: partial TP1 — 50% closed, trailing remainder | {'trade_id': 'fa6bab6a-1e6d-435a-9228-49edb6f93c09', 'symbol': 'DIAUSDT', 'closed_qty': 371.0, 'remainder': 371.0, 'order_id': '00dff7fa-ad3c-454e-bd48-6cefa1495fd3'}
2026-07-26 13:38:14 | INFO | trading.strategy2_live:_check_tp_trailing:2436 | S2Live: TP1 hit — trailing activated | {'trade_id': 'fa6bab6a-1e6d-435a-9228-49edb6f93c09', 'symbol': 'DIAUSDT', 'peak': 0.1364, 'trailing_stop': 0.13547143}
2026-07-26 13:40:07 | INFO | __main__:_trigger_loop:357 | Trigger activated | {'symbol': 'EULUSDT'}
2026-07-26 13:40:08 | INFO | __main__:_run_phase1:575 | Replaced old monitor with closer level | {'symbol': 'EULUSDT', 'old': 2.3816, 'new': 2.4846}
2026-07-26 13:40:08 | INFO | __main__:_monitored:798 | Monitor cancelled | {'symbol': 'EULUSDT', 'level': 2.3816}
2026-07-26 13:40:08 | INFO | __main__:_run_phase1:601 | Level broken in recent candles, skipping monitor | {'symbol': 'EULUSDT', 'level': 2.4846, 'close_below': 17}
2026-07-26 13:44:08 | INFO | __main__:_auto_screener_loop:306 | Auto screener completed | {'total': 3, 'new': 0}
2026-07-26 13:44:26 | INFO | trading.strategy2_live:_check_tp_trailing:2461 | S2Live: trailing stop hit | {'trade_id': 'fa6bab6a-1e6d-435a-9228-49edb6f93c09', 'symbol': 'DIAUSDT', 'trailing_stop': 0.13717143, 'current_price': 0.1368}
2026-07-26 13:44:28 | INFO | trading.strategy2_live:_limit_then_market_sell:909 | S2Live[H1]: limit close placed | {'trade_id': 'fa6bab6a-1e6d-435a-9228-49edb6f93c09', 'symbol': 'DIAUSDT', 'attempt': 1, 'price': 0.13672, 'qty': 371.0, 'reason': 'trailing_stop'}
2026-07-26 13:44:30 | WARNING | trading.bybit_client:cancel_order:247 | bybit cancel_order unexpected response | {'symbol': 'DIAUSDT', 'order_id': 'b972f7bf-6630-42f7-b808-ecf6698557d5', 'resp': {'retCode': 110001, 'retMsg': 'order not exists or too late to cancel', 'result': {}, 'retExtInfo': {}, 'time': 1785073470227}}
2026-07-26 13:44:32 | WARNING | trading.strategy2_live:_realized_pnl_from_executions:1888 | S2Live: buy/sell qty mismatch on close — PnL booked on matched qty only, remainder left for reconcile | {'trade_id': 'fa6bab6a-1e6d-435a-9228-49edb6f93c09', 'symbol': 'DIAUSDT', 'buy_qty': 742.0, 'sell_qty': 371.0, 'matched_qty': 371.0}
2026-07-26 13:44:32 | INFO | bot.telegram:send_close_with_chart:1480 | chart candles available: DIAUSDT 300 | {}
2026-07-26 13:45:05 | INFO | __main__:_proximity_arm_loop:1948 | proximity-arm activated | {'symbol': 'EULUSDT', 'level': 2.4384, 'type': 'pump_base', 'strength': 5, 'dist_atr': 1.46}
2026-07-26 13:45:05 | INFO | __main__:_run_phase1:652 | Level monitoring started | {'symbol': 'EULUSDT', 'level': 2.3826, 'strength': 3}
2026-07-26 13:52:12 | INFO | __main__:_stale_monitor_loop:1179 | Stale monitor cancelled — rebuilding | {'symbol': 'RIFUSDT', 'level': 0.0833, 'current': 0.09271, 'distance_pct': 10.1}
2026-07-26 13:52:12 | INFO | __main__:_monitored:798 | Monitor cancelled | {'symbol': 'RIFUSDT', 'level': 0.0833}
2026-07-26 13:52:13 | INFO | __main__:_run_phase1:652 | Level monitoring started | {'symbol': 'RIFUSDT', 'level': 0.08342, 'strength': 5}
2026-07-26 13:54:11 | INFO | __main__:_auto_screener_loop:306 | Auto screener completed | {'total': 3, 'new': 0}
