2026-07-23 16:04:32 | ERROR | trading.strategy2_live:_open_grid:657 | S2Live: failed to place limit order | {'symbol': 'ONUSDT', 'index': 1, 'price': 0.16, 'error': 'place_limit_order failed: retCode=110003 retMsg=price is invalid symbol=ONUSDT price=0.16 qty=608.71'}
2026-07-23 16:04:32 | ERROR | trading.strategy2_live:_open_grid:657 | S2Live: failed to place limit order | {'symbol': 'ONUSDT', 'index': 2, 'price': 0.16, 'error': 'place_limit_order failed: retCode=110003 retMsg=price is invalid symbol=ONUSDT price=0.16 qty=617.93'}
2026-07-23 16:04:37 | ERROR | trading.strategy2_live:_open_grid:657 | S2Live: failed to place limit order | {'symbol': 'ONUSDT', 'index': 1, 'price': 0.16, 'error': 'place_limit_order failed: retCode=110003 retMsg=price is invalid symbol=ONUSDT price=0.16 qty=608.71'}
2026-07-23 16:04:37 | ERROR | trading.strategy2_live:_open_grid:657 | S2Live: failed to place limit order | {'symbol': 'ONUSDT', 'index': 2, 'price': 0.16, 'error': 'place_limit_order failed: retCode=110003 retMsg=price is invalid symbol=ONUSDT price=0.16 qty=617.93'}
2026-07-23 16:04:42 | ERROR | trading.strategy2_live:_open_grid:657 | S2Live: failed to place limit order | {'symbol': 'ONUSDT', 'index': 1, 'price': 0.16, 'error': 'place_limit_order failed: retCode=110003 retMsg=price is invalid symbol=ONUSDT price=0.16 qty=608.71'}
2026-07-23 16:04:42 | ERROR | trading.strategy2_live:_open_grid:657 | S2Live: failed to place limit order | {'symbol': 'ONUSDT', 'index': 2, 'price': 0.16, 'error': 'place_limit_order failed: retCode=110003 retMsg=price is invalid symbol=ONUSDT price=0.16 qty=617.93'}
2026-07-23 16:04:47 | ERROR | trading.strategy2_live:_open_grid:657 | S2Live: failed to place limit order | {'symbol': 'ONUSDT', 'index': 1, 'price': 0.16, 'error': 'place_limit_order failed: retCode=110003 retMsg=price is invalid symbol=ONUSDT price=0.16 qty=608.71'}
2026-07-23 16:04:47 | ERROR | trading.strategy2_live:_open_grid:657 | S2Live: failed to place limit order | {'symbol': 'ONUSDT', 'index': 2, 'price': 0.16, 'error': 'place_limit_order failed: retCode=110003 retMsg=price is invalid symbol=ONUSDT price=0.16 qty=617.93'}
2026-07-23 16:04:52 | ERROR | trading.strategy2_live:_open_grid:657 | S2Live: failed to place limit order | {'symbol': 'ONUSDT', 'index': 1, 'price': 0.16, 'error': 'place_limit_order failed: retCode=110003 retMsg=price is invalid symbol=ONUSDT price=0.16 qty=608.71'}
2026-07-23 16:04:52 | ERROR | trading.strategy2_live:_open_grid:657 | S2Live: failed to place limit order | {'symbol': 'ONUSDT', 'index': 2, 'price': 0.16, 'error': 'place_limit_order failed: retCode=110003 retMsg=price is invalid symbol=ONUSDT price=0.16 qty=617.93'}
2026-07-23 16:04:57 | ERROR | trading.strategy2_live:_open_grid:657 | S2Live: failed to place limit order | {'symbol': 'ONUSDT', 'index': 1, 'price': 0.16, 'error': 'place_limit_order failed: retCode=110003 retMsg=price is invalid symbol=ONUSDT price=0.16 qty=608.71'}
2026-07-23 16:04:57 | ERROR | trading.strategy2_live:_open_grid:657 | S2Live: failed to place limit order | {'symbol': 'ONUSDT', 'index': 2, 'price': 0.16, 'error': 'place_limit_order failed: retCode=110003 retMsg=price is invalid symbol=ONUSDT price=0.16 qty=617.93'}
2026-07-23 16:05:02 | ERROR | trading.strategy2_live:_open_grid:657 | S2Live: failed to place limit order | {'symbol': 'ONUSDT', 'index': 1, 'price': 0.16, 'error': 'place_limit_order failed: retCode=110003 retMsg=price is invalid symbol=ONUSDT price=0.16 qty=608.71'}
2026-07-23 16:05:02 | ERROR | trading.strategy2_live:_open_grid:657 | S2Live: failed to place limit order | {'symbol': 'ONUSDT', 'index': 2, 'price': 0.16, 'error': 'place_limit_order failed: retCode=110003 retMsg=price is invalid symbol=ONUSDT price=0.16 qty=617.93'}
2026-07-23 16:05:07 | ERROR | trading.strategy2_live:_open_grid:657 | S2Live: failed to place limit order | {'symbol': 'ONUSDT', 'index': 1, 'price': 0.16, 'error': 'place_limit_order failed: retCode=110003 retMsg=price is invalid symbol=ONUSDT price=0.16 qty=608.71'}
2026-07-23 16:05:07 | ERROR | trading.strategy2_live:_open_grid:657 | S2Live: failed to place limit order | {'symbol': 'ONUSDT', 'index': 2, 'price': 0.16, 'error': 'place_limit_order failed: retCode=110003 retMsg=price is invalid symbol=ONUSDT price=0.16 qty=617.93'}
2026-07-23 16:07:30 | ERROR | trading.strategy2_live:_open_grid:657 | S2Live: failed to place limit order | {'symbol': 'ONUSDT', 'index': 1, 'price': 0.16, 'error': 'place_limit_order failed: retCode=110003 retMsg=price is invalid symbol=ONUSDT price=0.16 qty=608.71'}
2026-07-23 16:07:30 | ERROR | trading.strategy2_live:_open_grid:657 | S2Live: failed to place limit order | {'symbol': 'ONUSDT', 'index': 2, 'price': 0.16, 'error': 'place_limit_order failed: retCode=110003 retMsg=price is invalid symbol=ONUSDT price=0.16 qty=617.93'}
2026-07-23 16:07:35 | ERROR | trading.strategy2_live:_open_grid:657 | S2Live: failed to place limit order | {'symbol': 'ONUSDT', 'index': 1, 'price': 0.16, 'error': 'place_limit_order failed: retCode=110003 retMsg=price is invalid symbol=ONUSDT price=0.16 qty=608.71'}
2026-07-23 16:07:36 | ERROR | trading.strategy2_live:_open_grid:657 | S2Live: failed to place limit order | {'symbol': 'ONUSDT', 'index': 2, 'price': 0.16, 'error': 'place_limit_order failed: retCode=110003 retMsg=price is invalid symbol=ONUSDT price=0.16 qty=617.93'}
2026-07-23 16:07:56 | ERROR | trading.strategy2_live:_open_grid:657 | S2Live: failed to place limit order | {'symbol': 'ONUSDT', 'index': 1, 'price': 0.16, 'error': 'place_limit_order failed: retCode=110003 retMsg=price is invalid symbol=ONUSDT price=0.16 qty=608.71'}
2026-07-23 16:07:56 | ERROR | trading.strategy2_live:_open_grid:657 | S2Live: failed to place limit order | {'symbol': 'ONUSDT', 'index': 2, 'price': 0.16, 'error': 'place_limit_order failed: retCode=110003 retMsg=price is invalid symbol=ONUSDT price=0.16 qty=617.93'}
2026-07-23 16:08:01 | ERROR | trading.strategy2_live:_open_grid:657 | S2Live: failed to place limit order | {'symbol': 'ONUSDT', 'index': 1, 'price': 0.16, 'error': 'place_limit_order failed: retCode=110003 retMsg=price is invalid symbol=ONUSDT price=0.16 qty=608.71'}
2026-07-23 16:08:01 | ERROR | trading.strategy2_live:_open_grid:657 | S2Live: failed to place limit order | {'symbol': 'ONUSDT', 'index': 2, 'price': 0.16, 'error': 'place_limit_order failed: retCode=110003 retMsg=price is invalid symbol=ONUSDT price=0.16 qty=617.93'}
2026-07-23 16:08:06 | ERROR | trading.strategy2_live:_open_grid:657 | S2Live: failed to place limit order | {'symbol': 'ONUSDT', 'index': 1, 'price': 0.16, 'error': 'place_limit_order failed: retCode=110003 retMsg=price is invalid symbol=ONUSDT price=0.16 qty=608.71'}
2026-07-23 16:08:06 | ERROR | trading.strategy2_live:_open_grid:657 | S2Live: failed to place limit order | {'symbol': 'ONUSDT', 'index': 2, 'price': 0.16, 'error': 'place_limit_order failed: retCode=110003 retMsg=price is invalid symbol=ONUSDT price=0.16 qty=617.93'}
2026-07-23 16:08:11 | ERROR | trading.strategy2_live:_open_grid:657 | S2Live: failed to place limit order | {'symbol': 'ONUSDT', 'index': 1, 'price': 0.16, 'error': 'place_limit_order failed: retCode=110003 retMsg=price is invalid symbol=ONUSDT price=0.16 qty=608.71'}
2026-07-23 16:08:11 | ERROR | trading.strategy2_live:_open_grid:657 | S2Live: failed to place limit order | {'symbol': 'ONUSDT', 'index': 2, 'price': 0.16, 'error': 'place_limit_order failed: retCode=110003 retMsg=price is invalid symbol=ONUSDT price=0.16 qty=617.93'}
2026-07-23 16:08:16 | ERROR | trading.strategy2_live:_open_grid:657 | S2Live: failed to place limit order | {'symbol': 'ONUSDT', 'index': 1, 'price': 0.16, 'error': 'place_limit_order failed: retCode=110003 retMsg=price is invalid symbol=ONUSDT price=0.16 qty=608.71'}
2026-07-23 16:08:16 | ERROR | trading.strategy2_live:_open_grid:657 | S2Live: failed to place limit order | {'symbol': 'ONUSDT', 'index': 2, 'price': 0.16, 'error': 'place_limit_order failed: retCode=110003 retMsg=price is invalid symbol=ONUSDT price=0.16 qty=617.93'}
2026-07-23 19:48:13 | ERROR | trading.strategy2_live:_open_grid:657 | S2Live: failed to place limit order | {'symbol': 'ONUSDT', 'index': 1, 'price': 0.18, 'error': 'place_limit_order failed: retCode=110003 retMsg=price is invalid symbol=ONUSDT price=0.18 qty=548.76'}
2026-07-23 19:48:14 | ERROR | trading.strategy2_live:_open_grid:657 | S2Live: failed to place limit order | {'symbol': 'ONUSDT', 'index': 2, 'price': 0.18, 'error': 'place_limit_order failed: retCode=110003 retMsg=price is invalid symbol=ONUSDT price=0.18 qty=557.09'}
2026-07-23 19:48:19 | ERROR | trading.strategy2_live:_open_grid:657 | S2Live: failed to place limit order | {'symbol': 'ONUSDT', 'index': 1, 'price': 0.18, 'error': 'place_limit_order failed: retCode=110003 retMsg=price is invalid symbol=ONUSDT price=0.18 qty=548.76'}
2026-07-23 19:48:19 | ERROR | trading.strategy2_live:_open_grid:657 | S2Live: failed to place limit order | {'symbol': 'ONUSDT', 'index': 2, 'price': 0.18, 'error': 'place_limit_order failed: retCode=110003 retMsg=price is invalid symbol=ONUSDT price=0.18 qty=557.09'}
2026-07-23 19:48:20 | ERROR | trading.strategy2_live:_open_grid:657 | S2Live: failed to place limit order | {'symbol': 'ONUSDT', 'index': 1, 'price': 0.18, 'error': 'place_limit_order failed: retCode=110003 retMsg=price is invalid symbol=ONUSDT price=0.18 qty=548.76'}
2026-07-23 19:48:20 | ERROR | trading.strategy2_live:_open_grid:657 | S2Live: failed to place limit order | {'symbol': 'ONUSDT', 'index': 2, 'price': 0.18, 'error': 'place_limit_order failed: retCode=110003 retMsg=price is invalid symbol=ONUSDT price=0.18 qty=557.09'}
2026-07-23 19:48:24 | ERROR | trading.strategy2_live:_open_grid:657 | S2Live: failed to place limit order | {'symbol': 'ONUSDT', 'index': 1, 'price': 0.18, 'error': 'place_limit_order failed: retCode=110003 retMsg=price is invalid symbol=ONUSDT price=0.18 qty=548.76'}
2026-07-23 19:48:24 | ERROR | trading.strategy2_live:_open_grid:657 | S2Live: failed to place limit order | {'symbol': 'ONUSDT', 'index': 2, 'price': 0.18, 'error': 'place_limit_order failed: retCode=110003 retMsg=price is invalid symbol=ONUSDT price=0.18 qty=557.09'}
2026-07-23 19:48:29 | ERROR | trading.strategy2_live:_open_grid:657 | S2Live: failed to place limit order | {'symbol': 'ONUSDT', 'index': 1, 'price': 0.18, 'error': 'place_limit_order failed: retCode=110003 retMsg=price is invalid symbol=ONUSDT price=0.18 qty=548.76'}
2026-07-23 19:48:29 | ERROR | trading.strategy2_live:_open_grid:657 | S2Live: failed to place limit order | {'symbol': 'ONUSDT', 'index': 2, 'price': 0.18, 'error': 'place_limit_order failed: retCode=110003 retMsg=price is invalid symbol=ONUSDT price=0.18 qty=557.09'}
2026-07-23 19:48:34 | ERROR | trading.strategy2_live:_open_grid:657 | S2Live: failed to place limit order | {'symbol': 'ONUSDT', 'index': 1, 'price': 0.18, 'error': 'place_limit_order failed: retCode=110003 retMsg=price is invalid symbol=ONUSDT price=0.18 qty=548.76'}
2026-07-23 19:48:34 | ERROR | trading.strategy2_live:_open_grid:657 | S2Live: failed to place limit order | {'symbol': 'ONUSDT', 'index': 2, 'price': 0.18, 'error': 'place_limit_order failed: retCode=110003 retMsg=price is invalid symbol=ONUSDT price=0.18 qty=557.09'}
2026-07-23 19:48:35 | ERROR | trading.strategy2_live:_open_grid:657 | S2Live: failed to place limit order | {'symbol': 'ONUSDT', 'index': 1, 'price': 0.18, 'error': 'place_limit_order failed: retCode=110003 retMsg=price is invalid symbol=ONUSDT price=0.18 qty=548.76'}
2026-07-23 19:48:35 | ERROR | trading.strategy2_live:_open_grid:657 | S2Live: failed to place limit order | {'symbol': 'ONUSDT', 'index': 2, 'price': 0.18, 'error': 'place_limit_order failed: retCode=110003 retMsg=price is invalid symbol=ONUSDT price=0.18 qty=557.09'}
2026-07-23 19:48:39 | ERROR | trading.strategy2_live:_open_grid:657 | S2Live: failed to place limit order | {'symbol': 'ONUSDT', 'index': 1, 'price': 0.18, 'error': 'place_limit_order failed: retCode=110003 retMsg=price is invalid symbol=ONUSDT price=0.18 qty=548.76'}
2026-07-23 19:48:39 | ERROR | trading.strategy2_live:_open_grid:657 | S2Live: failed to place limit order | {'symbol': 'ONUSDT', 'index': 2, 'price': 0.18, 'error': 'place_limit_order failed: retCode=110003 retMsg=price is invalid symbol=ONUSDT price=0.18 qty=557.09'}
2026-07-23 19:48:44 | ERROR | trading.strategy2_live:_open_grid:657 | S2Live: failed to place limit order | {'symbol': 'ONUSDT', 'index': 1, 'price': 0.18, 'error': 'place_limit_order failed: retCode=110003 retMsg=price is invalid symbol=ONUSDT price=0.18 qty=548.76'}
2026-07-23 19:48:45 | ERROR | trading.strategy2_live:_open_grid:657 | S2Live: failed to place limit order | {'symbol': 'ONUSDT', 'index': 2, 'price': 0.18, 'error': 'place_limit_order failed: retCode=110003 retMsg=price is invalid symbol=ONUSDT price=0.18 qty=557.09'}
2026-07-23 19:48:49 | ERROR | trading.strategy2_live:_open_grid:657 | S2Live: failed to place limit order | {'symbol': 'ONUSDT', 'index': 1, 'price': 0.18, 'error': 'place_limit_order failed: retCode=110003 retMsg=price is invalid symbol=ONUSDT price=0.18 qty=548.76'}
2026-07-23 19:48:49 | ERROR | trading.strategy2_live:_open_grid:657 | S2Live: failed to place limit order | {'symbol': 'ONUSDT', 'index': 2, 'price': 0.18, 'error': 'place_limit_order failed: retCode=110003 retMsg=price is invalid symbol=ONUSDT price=0.18 qty=557.09'}
2026-07-23 19:48:50 | ERROR | trading.strategy2_live:_open_grid:657 | S2Live: failed to place limit order | {'symbol': 'ONUSDT', 'index': 1, 'price': 0.18, 'error': 'place_limit_order failed: retCode=110003 retMsg=price is invalid symbol=ONUSDT price=0.18 qty=548.76'}
2026-07-23 19:48:50 | ERROR | trading.strategy2_live:_open_grid:657 | S2Live: failed to place limit order | {'symbol': 'ONUSDT', 'index': 2, 'price': 0.18, 'error': 'place_limit_order failed: retCode=110003 retMsg=price is invalid symbol=ONUSDT price=0.18 qty=557.09'}
2026-07-23 19:48:54 | ERROR | trading.strategy2_live:_open_grid:657 | S2Live: failed to place limit order | {'symbol': 'ONUSDT', 'index': 1, 'price': 0.18, 'error': 'place_limit_order failed: retCode=110003 retMsg=price is invalid symbol=ONUSDT price=0.18 qty=548.76'}
2026-07-23 19:48:55 | ERROR | trading.strategy2_live:_open_grid:657 | S2Live: failed to place limit order | {'symbol': 'ONUSDT', 'index': 2, 'price': 0.18, 'error': 'place_limit_order failed: retCode=110003 retMsg=price is invalid symbol=ONUSDT price=0.18 qty=557.09'}
2026-07-23 19:49:00 | ERROR | trading.strategy2_live:_open_grid:657 | S2Live: failed to place limit order | {'symbol': 'ONUSDT', 'index': 1, 'price': 0.18, 'error': 'place_limit_order failed: retCode=110003 retMsg=price is invalid symbol=ONUSDT price=0.18 qty=548.76'}
2026-07-23 19:49:00 | ERROR | trading.strategy2_live:_open_grid:657 | S2Live: failed to place limit order | {'symbol': 'ONUSDT', 'index': 2, 'price': 0.18, 'error': 'place_limit_order failed: retCode=110003 retMsg=price is invalid symbol=ONUSDT price=0.18 qty=557.09'}
2026-07-23 19:49:45 | ERROR | trading.strategy2_live:_open_grid:657 | S2Live: failed to place limit order | {'symbol': 'ONUSDT', 'index': 1, 'price': 0.18, 'error': 'place_limit_order failed: retCode=110003 retMsg=price is invalid symbol=ONUSDT price=0.18 qty=548.76'}
2026-07-23 19:49:46 | ERROR | trading.strategy2_live:_open_grid:657 | S2Live: failed to place limit order | {'symbol': 'ONUSDT', 'index': 2, 'price': 0.18, 'error': 'place_limit_order failed: retCode=110003 retMsg=price is invalid symbol=ONUSDT price=0.18 qty=557.09'}
2026-07-23 19:49:51 | ERROR | trading.strategy2_live:_open_grid:657 | S2Live: failed to place limit order | {'symbol': 'ONUSDT', 'index': 1, 'price': 0.18, 'error': 'place_limit_order failed: retCode=110003 retMsg=price is invalid symbol=ONUSDT price=0.18 qty=548.76'}
2026-07-23 19:49:51 | ERROR | trading.strategy2_live:_open_grid:657 | S2Live: failed to place limit order | {'symbol': 'ONUSDT', 'index': 2, 'price': 0.18, 'error': 'place_limit_order failed: retCode=110003 retMsg=price is invalid symbol=ONUSDT price=0.18 qty=557.09'}
2026-07-23 19:49:51 | ERROR | trading.strategy2_live:_open_grid:657 | S2Live: failed to place limit order | {'symbol': 'ONUSDT', 'index': 1, 'price': 0.18, 'error': 'place_limit_order failed: retCode=110003 retMsg=price is invalid symbol=ONUSDT price=0.18 qty=548.76'}
2026-07-23 19:49:52 | ERROR | trading.strategy2_live:_open_grid:657 | S2Live: failed to place limit order | {'symbol': 'ONUSDT', 'index': 2, 'price': 0.18, 'error': 'place_limit_order failed: retCode=110003 retMsg=price is invalid symbol=ONUSDT price=0.18 qty=557.09'}
2026-07-23 19:49:56 | ERROR | trading.strategy2_live:_open_grid:657 | S2Live: failed to place limit order | {'symbol': 'ONUSDT', 'index': 1, 'price': 0.18, 'error': 'place_limit_order failed: retCode=110003 retMsg=price is invalid symbol=ONUSDT price=0.18 qty=548.76'}
2026-07-23 19:49:56 | ERROR | trading.strategy2_live:_open_grid:657 | S2Live: failed to place limit order | {'symbol': 'ONUSDT', 'index': 2, 'price': 0.18, 'error': 'place_limit_order failed: retCode=110003 retMsg=price is invalid symbol=ONUSDT price=0.18 qty=557.09'}
2026-07-23 19:51:17 | ERROR | trading.strategy2_live:_open_grid:657 | S2Live: failed to place limit order | {'symbol': 'ONUSDT', 'index': 1, 'price': 0.18, 'error': 'place_limit_order failed: retCode=110003 retMsg=price is invalid symbol=ONUSDT price=0.18 qty=548.76'}
2026-07-23 19:51:18 | ERROR | trading.strategy2_live:_open_grid:657 | S2Live: failed to place limit order | {'symbol': 'ONUSDT', 'index': 2, 'price': 0.18, 'error': 'place_limit_order failed: retCode=110003 retMsg=price is invalid symbol=ONUSDT price=0.18 qty=557.09'}
2026-07-23 19:51:23 | ERROR | trading.strategy2_live:_open_grid:657 | S2Live: failed to place limit order | {'symbol': 'ONUSDT', 'index': 1, 'price': 0.18, 'error': 'place_limit_order failed: retCode=110003 retMsg=price is invalid symbol=ONUSDT price=0.18 qty=548.76'}
2026-07-23 19:51:23 | ERROR | trading.strategy2_live:_open_grid:657 | S2Live: failed to place limit order | {'symbol': 'ONUSDT', 'index': 2, 'price': 0.18, 'error': 'place_limit_order failed: retCode=110003 retMsg=price is invalid symbol=ONUSDT price=0.18 qty=557.09'}
2026-07-23 19:51:28 | ERROR | trading.strategy2_live:_open_grid:657 | S2Live: failed to place limit order | {'symbol': 'ONUSDT', 'index': 1, 'price': 0.18, 'error': 'place_limit_order failed: retCode=110003 retMsg=price is invalid symbol=ONUSDT price=0.18 qty=548.76'}
2026-07-23 19:51:28 | ERROR | trading.strategy2_live:_open_grid:657 | S2Live: failed to place limit order | {'symbol': 'ONUSDT', 'index': 2, 'price': 0.18, 'error': 'place_limit_order failed: retCode=110003 retMsg=price is invalid symbol=ONUSDT price=0.18 qty=557.09'}
2026-07-23 19:51:29 | ERROR | trading.strategy2_live:_open_grid:657 | S2Live: failed to place limit order | {'symbol': 'ONUSDT', 'index': 1, 'price': 0.18, 'error': 'place_limit_order failed: retCode=110003 retMsg=price is invalid symbol=ONUSDT price=0.18 qty=548.76'}
2026-07-23 19:51:29 | ERROR | trading.strategy2_live:_open_grid:657 | S2Live: failed to place limit order | {'symbol': 'ONUSDT', 'index': 2, 'price': 0.18, 'error': 'place_limit_order failed: retCode=110003 retMsg=price is invalid symbol=ONUSDT price=0.18 qty=557.09'}
2026-07-23 19:51:33 | ERROR | trading.strategy2_live:_open_grid:657 | S2Live: failed to place limit order | {'symbol': 'ONUSDT', 'index': 1, 'price': 0.18, 'error': 'place_limit_order failed: retCode=110003 retMsg=price is invalid symbol=ONUSDT price=0.18 qty=548.76'}
2026-07-23 19:51:33 | ERROR | trading.strategy2_live:_open_grid:657 | S2Live: failed to place limit order | {'symbol': 'ONUSDT', 'index': 2, 'price': 0.18, 'error': 'place_limit_order failed: retCode=110003 retMsg=price is invalid symbol=ONUSDT price=0.18 qty=557.09'}
2026-07-23 19:51:38 | ERROR | trading.strategy2_live:_open_grid:657 | S2Live: failed to place limit order | {'symbol': 'ONUSDT', 'index': 1, 'price': 0.18, 'error': 'place_limit_order failed: retCode=110003 retMsg=price is invalid symbol=ONUSDT price=0.18 qty=548.76'}
2026-07-23 19:51:39 | ERROR | trading.strategy2_live:_open_grid:657 | S2Live: failed to place limit order | {'symbol': 'ONUSDT', 'index': 2, 'price': 0.18, 'error': 'place_limit_order failed: retCode=110003 retMsg=price is invalid symbol=ONUSDT price=0.18 qty=557.09'}
2026-07-23 19:52:50 | ERROR | trading.strategy2_live:_open_grid:657 | S2Live: failed to place limit order | {'symbol': 'ONUSDT', 'index': 1, 'price': 0.18, 'error': 'place_limit_order failed: retCode=110003 retMsg=price is invalid symbol=ONUSDT price=0.18 qty=548.76'}
2026-07-23 19:52:50 | ERROR | trading.strategy2_live:_open_grid:657 | S2Live: failed to place limit order | {'symbol': 'ONUSDT', 'index': 2, 'price': 0.18, 'error': 'place_limit_order failed: retCode=110003 retMsg=price is invalid symbol=ONUSDT price=0.18 qty=557.09'}
2026-07-23 19:52:55 | ERROR | trading.strategy2_live:_open_grid:657 | S2Live: failed to place limit order | {'symbol': 'ONUSDT', 'index': 1, 'price': 0.18, 'error': 'place_limit_order failed: retCode=110003 retMsg=price is invalid symbol=ONUSDT price=0.18 qty=548.76'}
2026-07-23 19:52:55 | ERROR | trading.strategy2_live:_open_grid:657 | S2Live: failed to place limit order | {'symbol': 'ONUSDT', 'index': 2, 'price': 0.18, 'error': 'place_limit_order failed: retCode=110003 retMsg=price is invalid symbol=ONUSDT price=0.18 qty=557.09'}
2026-07-23 19:53:00 | ERROR | trading.strategy2_live:_open_grid:657 | S2Live: failed to place limit order | {'symbol': 'ONUSDT', 'index': 1, 'price': 0.18, 'error': 'place_limit_order failed: retCode=110003 retMsg=price is invalid symbol=ONUSDT price=0.18 qty=548.76'}
2026-07-23 19:53:00 | ERROR | trading.strategy2_live:_open_grid:657 | S2Live: failed to place limit order | {'symbol': 'ONUSDT', 'index': 2, 'price': 0.18, 'error': 'place_limit_order failed: retCode=110003 retMsg=price is invalid symbol=ONUSDT price=0.18 qty=557.09'}
2026-07-23 19:53:01 | ERROR | trading.strategy2_live:_open_grid:657 | S2Live: failed to place limit order | {'symbol': 'ONUSDT', 'index': 1, 'price': 0.18, 'error': 'place_limit_order failed: retCode=110003 retMsg=price is invalid symbol=ONUSDT price=0.18 qty=548.76'}
2026-07-23 19:53:01 | ERROR | trading.strategy2_live:_open_grid:657 | S2Live: failed to place limit order | {'symbol': 'ONUSDT', 'index': 2, 'price': 0.18, 'error': 'place_limit_order failed: retCode=110003 retMsg=price is invalid symbol=ONUSDT price=0.18 qty=557.09'}
2026-07-23 19:53:20 | ERROR | trading.strategy2_live:_open_grid:657 | S2Live: failed to place limit order | {'symbol': 'ONUSDT', 'index': 1, 'price': 0.18, 'error': 'place_limit_order failed: retCode=110003 retMsg=price is invalid symbol=ONUSDT price=0.18 qty=548.76'}
2026-07-23 19:53:20 | ERROR | trading.strategy2_live:_open_grid:657 | S2Live: failed to place limit order | {'symbol': 'ONUSDT', 'index': 2, 'price': 0.18, 'error': 'place_limit_order failed: retCode=110003 retMsg=price is invalid symbol=ONUSDT price=0.18 qty=557.09'}
2026-07-23 19:53:25 | ERROR | trading.strategy2_live:_open_grid:657 | S2Live: failed to place limit order | {'symbol': 'ONUSDT', 'index': 1, 'price': 0.18, 'error': 'place_limit_order failed: retCode=110003 retMsg=price is invalid symbol=ONUSDT price=0.18 qty=548.76'}
2026-07-23 19:53:26 | ERROR | trading.strategy2_live:_open_grid:657 | S2Live: failed to place limit order | {'symbol': 'ONUSDT', 'index': 2, 'price': 0.18, 'error': 'place_limit_order failed: retCode=110003 retMsg=price is invalid symbol=ONUSDT price=0.18 qty=557.09'}
2026-07-23 19:53:30 | ERROR | trading.strategy2_live:_open_grid:657 | S2Live: failed to place limit order | {'symbol': 'ONUSDT', 'index': 1, 'price': 0.18, 'error': 'place_limit_order failed: retCode=110003 retMsg=price is invalid symbol=ONUSDT price=0.18 qty=548.76'}
2026-07-23 19:53:31 | ERROR | trading.strategy2_live:_open_grid:657 | S2Live: failed to place limit order | {'symbol': 'ONUSDT', 'index': 2, 'price': 0.18, 'error': 'place_limit_order failed: retCode=110003 retMsg=price is invalid symbol=ONUSDT price=0.18 qty=557.09'}
2026-07-23 19:53:31 | ERROR | trading.strategy2_live:_open_grid:657 | S2Live: failed to place limit order | {'symbol': 'ONUSDT', 'index': 1, 'price': 0.18, 'error': 'place_limit_order failed: retCode=110003 retMsg=price is invalid symbol=ONUSDT price=0.18 qty=548.76'}
2026-07-23 19:53:32 | ERROR | trading.strategy2_live:_open_grid:657 | S2Live: failed to place limit order | {'symbol': 'ONUSDT', 'index': 2, 'price': 0.18, 'error': 'place_limit_order failed: retCode=110003 retMsg=price is invalid symbol=ONUSDT price=0.18 qty=557.09'}
2026-07-23 19:53:36 | ERROR | trading.strategy2_live:_open_grid:657 | S2Live: failed to place limit order | {'symbol': 'ONUSDT', 'index': 1, 'price': 0.18, 'error': 'place_limit_order failed: retCode=110003 retMsg=price is invalid symbol=ONUSDT price=0.18 qty=548.76'}
2026-07-23 19:53:36 | ERROR | trading.strategy2_live:_open_grid:657 | S2Live: failed to place limit order | {'symbol': 'ONUSDT', 'index': 2, 'price': 0.18, 'error': 'place_limit_order failed: retCode=110003 retMsg=price is invalid symbol=ONUSDT price=0.18 qty=557.09'}
2026-07-23 19:53:41 | ERROR | trading.strategy2_live:_open_grid:657 | S2Live: failed to place limit order | {'symbol': 'ONUSDT', 'index': 1, 'price': 0.18, 'error': 'place_limit_order failed: retCode=110003 retMsg=price is invalid symbol=ONUSDT price=0.18 qty=548.76'}
2026-07-23 19:53:41 | ERROR | trading.strategy2_live:_open_grid:657 | S2Live: failed to place limit order | {'symbol': 'ONUSDT', 'index': 2, 'price': 0.18, 'error': 'place_limit_order failed: retCode=110003 retMsg=price is invalid symbol=ONUSDT price=0.18 qty=557.09'}
2026-07-23 19:53:46 | ERROR | trading.strategy2_live:_open_grid:657 | S2Live: failed to place limit order | {'symbol': 'ONUSDT', 'index': 1, 'price': 0.18, 'error': 'place_limit_order failed: retCode=110003 retMsg=price is invalid symbol=ONUSDT price=0.18 qty=548.76'}
2026-07-23 19:53:46 | ERROR | trading.strategy2_live:_open_grid:657 | S2Live: failed to place limit order | {'symbol': 'ONUSDT', 'index': 2, 'price': 0.18, 'error': 'place_limit_order failed: retCode=110003 retMsg=price is invalid symbol=ONUSDT price=0.18 qty=557.09'}
2026-07-23 19:53:47 | ERROR | trading.strategy2_live:_open_grid:657 | S2Live: failed to place limit order | {'symbol': 'ONUSDT', 'index': 1, 'price': 0.18, 'error': 'place_limit_order failed: retCode=110003 retMsg=price is invalid symbol=ONUSDT price=0.18 qty=548.76'}
2026-07-23 19:53:47 | ERROR | trading.strategy2_live:_open_grid:657 | S2Live: failed to place limit order | {'symbol': 'ONUSDT', 'index': 2, 'price': 0.18, 'error': 'place_limit_order failed: retCode=110003 retMsg=price is invalid symbol=ONUSDT price=0.18 qty=557.09'}
2026-07-23 19:53:51 | ERROR | trading.strategy2_live:_open_grid:657 | S2Live: failed to place limit order | {'symbol': 'ONUSDT', 'index': 1, 'price': 0.18, 'error': 'place_limit_order failed: retCode=110003 retMsg=price is invalid symbol=ONUSDT price=0.18 qty=548.76'}
2026-07-23 19:53:51 | ERROR | trading.strategy2_live:_open_grid:657 | S2Live: failed to place limit order | {'symbol': 'ONUSDT', 'index': 2, 'price': 0.18, 'error': 'place_limit_order failed: retCode=110003 retMsg=price is invalid symbol=ONUSDT price=0.18 qty=557.09'}
2026-07-23 19:53:56 | ERROR | trading.strategy2_live:_open_grid:657 | S2Live: failed to place limit order | {'symbol': 'ONUSDT', 'index': 1, 'price': 0.18, 'error': 'place_limit_order failed: retCode=110003 retMsg=price is invalid symbol=ONUSDT price=0.18 qty=548.76'}
2026-07-23 19:53:56 | ERROR | trading.strategy2_live:_open_grid:657 | S2Live: failed to place limit order | {'symbol': 'ONUSDT', 'index': 2, 'price': 0.18, 'error': 'place_limit_order failed: retCode=110003 retMsg=price is invalid symbol=ONUSDT price=0.18 qty=557.09'}
2026-07-23 19:54:01 | ERROR | trading.strategy2_live:_open_grid:657 | S2Live: failed to place limit order | {'symbol': 'ONUSDT', 'index': 1, 'price': 0.18, 'error': 'place_limit_order failed: retCode=110003 retMsg=price is invalid symbol=ONUSDT price=0.18 qty=548.76'}
2026-07-23 19:54:01 | ERROR | trading.strategy2_live:_open_grid:657 | S2Live: failed to place limit order | {'symbol': 'ONUSDT', 'index': 2, 'price': 0.18, 'error': 'place_limit_order failed: retCode=110003 retMsg=price is invalid symbol=ONUSDT price=0.18 qty=557.09'}
2026-07-23 19:54:02 | ERROR | trading.strategy2_live:_open_grid:657 | S2Live: failed to place limit order | {'symbol': 'ONUSDT', 'index': 1, 'price': 0.18, 'error': 'place_limit_order failed: retCode=110003 retMsg=price is invalid symbol=ONUSDT price=0.18 qty=548.76'}
2026-07-23 19:54:02 | ERROR | trading.strategy2_live:_open_grid:657 | S2Live: failed to place limit order | {'symbol': 'ONUSDT', 'index': 2, 'price': 0.18, 'error': 'place_limit_order failed: retCode=110003 retMsg=price is invalid symbol=ONUSDT price=0.18 qty=557.09'}
2026-07-23 19:54:06 | ERROR | trading.strategy2_live:_open_grid:657 | S2Live: failed to place limit order | {'symbol': 'ONUSDT', 'index': 1, 'price': 0.18, 'error': 'place_limit_order failed: retCode=110003 retMsg=price is invalid symbol=ONUSDT price=0.18 qty=548.76'}
2026-07-23 19:54:06 | ERROR | trading.strategy2_live:_open_grid:657 | S2Live: failed to place limit order | {'symbol': 'ONUSDT', 'index': 2, 'price': 0.18, 'error': 'place_limit_order failed: retCode=110003 retMsg=price is invalid symbol=ONUSDT price=0.18 qty=557.09'}
2026-07-23 20:06:20 | WARNING | trading.bybit_client:cancel_order:247 | bybit cancel_order unexpected response | {'symbol': 'BANKUSDT', 'order_id': 'bbaf63eb-48e5-4548-b5ba-6726982d365d', 'resp': {'retCode': 110001, 'retMsg': 'order not exists or too late to cancel', 'result': {}, 'retExtInfo': {}, 'time': 1784837180563}}
2026-07-23 20:06:23 | WARNING | trading.strategy2_live:_realized_pnl_from_executions:1888 | S2Live: buy/sell qty mismatch on close — PnL booked on matched qty only, remainder left for reconcile | {'trade_id': '94321213-c772-469b-99ab-8b0fb5fa01ec', 'symbol': 'BANKUSDT', 'buy_qty': 800.0, 'sell_qty': 200.0, 'matched_qty': 200.0}
2026-07-23 21:41:32 | WARNING | trading.bybit_client:cancel_order:247 | bybit cancel_order unexpected response | {'symbol': 'LAUSDT', 'order_id': 'd3cc9473-b0c0-4d8f-9d3d-730d37fc0dfb', 'resp': {'retCode': 110001, 'retMsg': 'order not exists or too late to cancel', 'result': {}, 'retExtInfo': {}, 'time': 1784842892838}}
2026-07-23 21:41:37 | WARNING | trading.strategy2_live:_realized_pnl_from_executions:1888 | S2Live: buy/sell qty mismatch on close — PnL booked on matched qty only, remainder left for reconcile | {'trade_id': '48ceda12-a94d-411f-929e-06dd0eea7115', 'symbol': 'LAUSDT', 'buy_qty': 3092.3, 'sell_qty': 1546.1, 'matched_qty': 1546.1}
2026-07-23 23:54:58 | WARNING | trading.bybit_client_s5:set_leverage:109 | S5 set_leverage unexpected response | {'symbol': 'RIFUSDT', 'resp': {'retCode': 110074, 'retMsg': 'closed symbol error: This RIFUSDT contract is not live', 'result': {}, 'retExtInfo': {}, 'time': 1784850898856}}
2026-07-23 23:54:59 | ERROR | trading.strategy5_live:_open_live:151 | S5Live: entry order failed | {'symbol': 'RIFUSDT', 'error': 'S5 place_market_order failed: retCode=110074 retMsg=This contract is not live symbol=RIFUSDT qty=836.0'}
2026-07-24 01:58:00 | WARNING | trading.bybit_client:cancel_order:247 | bybit cancel_order unexpected response | {'symbol': 'AKEUSDT', 'order_id': '8f369d27-a7c6-4351-8a72-2506997c2b76', 'resp': {'retCode': 110001, 'retMsg': 'order not exists or too late to cancel', 'result': {}, 'retExtInfo': {}, 'time': 1784858280158}}
2026-07-24 05:07:00 | ERROR | trading.strategy2_live:_open_grid:657 | S2Live: failed to place limit order | {'symbol': 'ONUSDT', 'index': 1, 'price': 0.19, 'error': 'place_limit_order failed: retCode=110003 retMsg=price is invalid symbol=ONUSDT price=0.19 qty=535.52'}
2026-07-24 05:07:01 | ERROR | trading.strategy2_live:_open_grid:657 | S2Live: failed to place limit order | {'symbol': 'ONUSDT', 'index': 2, 'price': 0.18, 'error': 'place_limit_order failed: retCode=110003 retMsg=price is invalid symbol=ONUSDT price=0.18 qty=542.02'}
2026-07-24 05:07:01 | ERROR | trading.strategy2_live:_open_grid:657 | S2Live: failed to place limit order | {'symbol': 'ONUSDT', 'index': 1, 'price': 0.19, 'error': 'place_limit_order failed: retCode=110003 retMsg=price is invalid symbol=ONUSDT price=0.19 qty=535.52'}
2026-07-24 05:07:01 | ERROR | trading.strategy2_live:_open_grid:657 | S2Live: failed to place limit order | {'symbol': 'ONUSDT', 'index': 2, 'price': 0.18, 'error': 'place_limit_order failed: retCode=110003 retMsg=price is invalid symbol=ONUSDT price=0.18 qty=542.12'}
2026-07-24 05:07:05 | ERROR | trading.strategy2_live:_open_grid:657 | S2Live: failed to place limit order | {'symbol': 'ONUSDT', 'index': 1, 'price': 0.19, 'error': 'place_limit_order failed: retCode=110003 retMsg=price is invalid symbol=ONUSDT price=0.19 qty=535.52'}
2026-07-24 05:07:06 | ERROR | trading.strategy2_live:_open_grid:657 | S2Live: failed to place limit order | {'symbol': 'ONUSDT', 'index': 2, 'price': 0.18, 'error': 'place_limit_order failed: retCode=110003 retMsg=price is invalid symbol=ONUSDT price=0.18 qty=542.02'}
2026-07-24 05:07:11 | ERROR | trading.strategy2_live:_open_grid:657 | S2Live: failed to place limit order | {'symbol': 'ONUSDT', 'index': 1, 'price': 0.19, 'error': 'place_limit_order failed: retCode=110003 retMsg=price is invalid symbol=ONUSDT price=0.19 qty=535.52'}
2026-07-24 05:07:11 | ERROR | trading.strategy2_live:_open_grid:657 | S2Live: failed to place limit order | {'symbol': 'ONUSDT', 'index': 2, 'price': 0.18, 'error': 'place_limit_order failed: retCode=110003 retMsg=price is invalid symbol=ONUSDT price=0.18 qty=542.02'}
2026-07-24 05:07:16 | ERROR | trading.strategy2_live:_open_grid:657 | S2Live: failed to place limit order | {'symbol': 'ONUSDT', 'index': 1, 'price': 0.19, 'error': 'place_limit_order failed: retCode=110003 retMsg=price is invalid symbol=ONUSDT price=0.19 qty=535.52'}
2026-07-24 05:07:16 | ERROR | trading.strategy2_live:_open_grid:657 | S2Live: failed to place limit order | {'symbol': 'ONUSDT', 'index': 2, 'price': 0.18, 'error': 'place_limit_order failed: retCode=110003 retMsg=price is invalid symbol=ONUSDT price=0.18 qty=542.02'}
2026-07-24 05:07:17 | ERROR | trading.strategy2_live:_open_grid:657 | S2Live: failed to place limit order | {'symbol': 'ONUSDT', 'index': 1, 'price': 0.19, 'error': 'place_limit_order failed: retCode=110003 retMsg=price is invalid symbol=ONUSDT price=0.19 qty=535.52'}
2026-07-24 05:07:17 | ERROR | trading.strategy2_live:_open_grid:657 | S2Live: failed to place limit order | {'symbol': 'ONUSDT', 'index': 2, 'price': 0.18, 'error': 'place_limit_order failed: retCode=110003 retMsg=price is invalid symbol=ONUSDT price=0.18 qty=541.69'}
2026-07-24 05:07:21 | ERROR | trading.strategy2_live:_open_grid:657 | S2Live: failed to place limit order | {'symbol': 'ONUSDT', 'index': 1, 'price': 0.19, 'error': 'place_limit_order failed: retCode=110003 retMsg=price is invalid symbol=ONUSDT price=0.19 qty=535.52'}
2026-07-24 05:07:21 | ERROR | trading.strategy2_live:_open_grid:657 | S2Live: failed to place limit order | {'symbol': 'ONUSDT', 'index': 2, 'price': 0.18, 'error': 'place_limit_order failed: retCode=110003 retMsg=price is invalid symbol=ONUSDT price=0.18 qty=542.02'}
2026-07-24 05:07:26 | ERROR | trading.strategy2_live:_open_grid:657 | S2Live: failed to place limit order | {'symbol': 'ONUSDT', 'index': 1, 'price': 0.19, 'error': 'place_limit_order failed: retCode=110003 retMsg=price is invalid symbol=ONUSDT price=0.19 qty=535.52'}
2026-07-24 05:07:26 | ERROR | trading.strategy2_live:_open_grid:657 | S2Live: failed to place limit order | {'symbol': 'ONUSDT', 'index': 2, 'price': 0.18, 'error': 'place_limit_order failed: retCode=110003 retMsg=price is invalid symbol=ONUSDT price=0.18 qty=542.02'}
2026-07-24 05:07:31 | ERROR | trading.strategy2_live:_open_grid:657 | S2Live: failed to place limit order | {'symbol': 'ONUSDT', 'index': 1, 'price': 0.19, 'error': 'place_limit_order failed: retCode=110003 retMsg=price is invalid symbol=ONUSDT price=0.19 qty=535.52'}
2026-07-24 05:07:31 | ERROR | trading.strategy2_live:_open_grid:657 | S2Live: failed to place limit order | {'symbol': 'ONUSDT', 'index': 2, 'price': 0.18, 'error': 'place_limit_order failed: retCode=110003 retMsg=price is invalid symbol=ONUSDT price=0.18 qty=542.02'}
2026-07-24 05:07:32 | ERROR | trading.strategy2_live:_open_grid:657 | S2Live: failed to place limit order | {'symbol': 'ONUSDT', 'index': 1, 'price': 0.19, 'error': 'place_limit_order failed: retCode=110003 retMsg=price is invalid symbol=ONUSDT price=0.19 qty=535.52'}
2026-07-24 05:07:32 | ERROR | trading.strategy2_live:_open_grid:657 | S2Live: failed to place limit order | {'symbol': 'ONUSDT', 'index': 2, 'price': 0.18, 'error': 'place_limit_order failed: retCode=110003 retMsg=price is invalid symbol=ONUSDT price=0.18 qty=541.99'}
2026-07-24 05:07:36 | ERROR | trading.strategy2_live:_open_grid:657 | S2Live: failed to place limit order | {'symbol': 'ONUSDT', 'index': 1, 'price': 0.19, 'error': 'place_limit_order failed: retCode=110003 retMsg=price is invalid symbol=ONUSDT price=0.19 qty=535.52'}
2026-07-24 05:07:36 | ERROR | trading.strategy2_live:_open_grid:657 | S2Live: failed to place limit order | {'symbol': 'ONUSDT', 'index': 2, 'price': 0.18, 'error': 'place_limit_order failed: retCode=110003 retMsg=price is invalid symbol=ONUSDT price=0.18 qty=542.02'}
2026-07-24 05:07:41 | ERROR | trading.strategy2_live:_open_grid:657 | S2Live: failed to place limit order | {'symbol': 'ONUSDT', 'index': 1, 'price': 0.19, 'error': 'place_limit_order failed: retCode=110003 retMsg=price is invalid symbol=ONUSDT price=0.19 qty=535.52'}
2026-07-24 05:07:41 | ERROR | trading.strategy2_live:_open_grid:657 | S2Live: failed to place limit order | {'symbol': 'ONUSDT', 'index': 2, 'price': 0.18, 'error': 'place_limit_order failed: retCode=110003 retMsg=price is invalid symbol=ONUSDT price=0.18 qty=542.02'}
2026-07-24 05:07:46 | ERROR | trading.strategy2_live:_open_grid:657 | S2Live: failed to place limit order | {'symbol': 'ONUSDT', 'index': 1, 'price': 0.19, 'error': 'place_limit_order failed: retCode=110003 retMsg=price is invalid symbol=ONUSDT price=0.19 qty=535.52'}
2026-07-24 05:07:47 | ERROR | trading.strategy2_live:_open_grid:657 | S2Live: failed to place limit order | {'symbol': 'ONUSDT', 'index': 2, 'price': 0.18, 'error': 'place_limit_order failed: retCode=110003 retMsg=price is invalid symbol=ONUSDT price=0.18 qty=542.02'}
2026-07-24 05:07:47 | ERROR | trading.strategy2_live:_open_grid:657 | S2Live: failed to place limit order | {'symbol': 'ONUSDT', 'index': 1, 'price': 0.19, 'error': 'place_limit_order failed: retCode=110003 retMsg=price is invalid symbol=ONUSDT price=0.19 qty=535.52'}
2026-07-24 05:07:47 | ERROR | trading.strategy2_live:_open_grid:657 | S2Live: failed to place limit order | {'symbol': 'ONUSDT', 'index': 2, 'price': 0.18, 'error': 'place_limit_order failed: retCode=110003 retMsg=price is invalid symbol=ONUSDT price=0.18 qty=541.99'}
2026-07-24 05:07:52 | ERROR | trading.strategy2_live:_open_grid:657 | S2Live: failed to place limit order | {'symbol': 'ONUSDT', 'index': 1, 'price': 0.19, 'error': 'place_limit_order failed: retCode=110003 retMsg=price is invalid symbol=ONUSDT price=0.19 qty=535.52'}
2026-07-24 05:07:52 | ERROR | trading.strategy2_live:_open_grid:657 | S2Live: failed to place limit order | {'symbol': 'ONUSDT', 'index': 2, 'price': 0.18, 'error': 'place_limit_order failed: retCode=110003 retMsg=price is invalid symbol=ONUSDT price=0.18 qty=542.02'}
2026-07-24 05:07:57 | ERROR | trading.strategy2_live:_open_grid:657 | S2Live: failed to place limit order | {'symbol': 'ONUSDT', 'index': 1, 'price': 0.19, 'error': 'place_limit_order failed: retCode=110003 retMsg=price is invalid symbol=ONUSDT price=0.19 qty=535.52'}
2026-07-24 05:07:57 | ERROR | trading.strategy2_live:_open_grid:657 | S2Live: failed to place limit order | {'symbol': 'ONUSDT', 'index': 2, 'price': 0.18, 'error': 'place_limit_order failed: retCode=110003 retMsg=price is invalid symbol=ONUSDT price=0.18 qty=542.02'}
2026-07-24 05:08:27 | ERROR | trading.strategy2_live:_open_grid:657 | S2Live: failed to place limit order | {'symbol': 'ONUSDT', 'index': 1, 'price': 0.19, 'error': 'place_limit_order failed: retCode=110003 retMsg=price is invalid symbol=ONUSDT price=0.19 qty=535.52'}
2026-07-24 05:08:28 | ERROR | trading.strategy2_live:_open_grid:657 | S2Live: failed to place limit order | {'symbol': 'ONUSDT', 'index': 2, 'price': 0.18, 'error': 'place_limit_order failed: retCode=110003 retMsg=price is invalid symbol=ONUSDT price=0.18 qty=542.02'}
2026-07-24 05:08:28 | ERROR | trading.strategy2_live:_open_grid:657 | S2Live: failed to place limit order | {'symbol': 'ONUSDT', 'index': 1, 'price': 0.19, 'error': 'place_limit_order failed: retCode=110003 retMsg=price is invalid symbol=ONUSDT price=0.19 qty=535.52'}
2026-07-24 05:08:28 | ERROR | trading.strategy2_live:_open_grid:657 | S2Live: failed to place limit order | {'symbol': 'ONUSDT', 'index': 2, 'price': 0.18, 'error': 'place_limit_order failed: retCode=110003 retMsg=price is invalid symbol=ONUSDT price=0.18 qty=542.25'}
2026-07-24 05:08:32 | ERROR | trading.strategy2_live:_open_grid:657 | S2Live: failed to place limit order | {'symbol': 'ONUSDT', 'index': 1, 'price': 0.19, 'error': 'place_limit_order failed: retCode=110003 retMsg=price is invalid symbol=ONUSDT price=0.19 qty=535.52'}
2026-07-24 05:08:33 | ERROR | trading.strategy2_live:_open_grid:657 | S2Live: failed to place limit order | {'symbol': 'ONUSDT', 'index': 2, 'price': 0.18, 'error': 'place_limit_order failed: retCode=110003 retMsg=price is invalid symbol=ONUSDT price=0.18 qty=542.02'}
2026-07-24 05:08:38 | ERROR | trading.strategy2_live:_open_grid:657 | S2Live: failed to place limit order | {'symbol': 'ONUSDT', 'index': 1, 'price': 0.19, 'error': 'place_limit_order failed: retCode=110003 retMsg=price is invalid symbol=ONUSDT price=0.19 qty=535.52'}
2026-07-24 05:08:38 | ERROR | trading.strategy2_live:_open_grid:657 | S2Live: failed to place limit order | {'symbol': 'ONUSDT', 'index': 2, 'price': 0.18, 'error': 'place_limit_order failed: retCode=110003 retMsg=price is invalid symbol=ONUSDT price=0.18 qty=542.02'}
2026-07-24 05:08:43 | ERROR | trading.strategy2_live:_open_grid:657 | S2Live: failed to place limit order | {'symbol': 'ONUSDT', 'index': 1, 'price': 0.19, 'error': 'place_limit_order failed: retCode=110003 retMsg=price is invalid symbol=ONUSDT price=0.19 qty=535.52'}
2026-07-24 05:08:43 | ERROR | trading.strategy2_live:_open_grid:657 | S2Live: failed to place limit order | {'symbol': 'ONUSDT', 'index': 2, 'price': 0.18, 'error': 'place_limit_order failed: retCode=110003 retMsg=price is invalid symbol=ONUSDT price=0.18 qty=542.02'}
2026-07-24 05:08:44 | ERROR | trading.strategy2_live:_open_grid:657 | S2Live: failed to place limit order | {'symbol': 'ONUSDT', 'index': 1, 'price': 0.19, 'error': 'place_limit_order failed: retCode=110003 retMsg=price is invalid symbol=ONUSDT price=0.19 qty=535.52'}
2026-07-24 05:08:44 | ERROR | trading.strategy2_live:_open_grid:657 | S2Live: failed to place limit order | {'symbol': 'ONUSDT', 'index': 2, 'price': 0.18, 'error': 'place_limit_order failed: retCode=110003 retMsg=price is invalid symbol=ONUSDT price=0.18 qty=542.25'}
2026-07-24 05:08:48 | ERROR | trading.strategy2_live:_open_grid:657 | S2Live: failed to place limit order | {'symbol': 'ONUSDT', 'index': 1, 'price': 0.19, 'error': 'place_limit_order failed: retCode=110003 retMsg=price is invalid symbol=ONUSDT price=0.19 qty=535.52'}
2026-07-24 05:08:48 | ERROR | trading.strategy2_live:_open_grid:657 | S2Live: failed to place limit order | {'symbol': 'ONUSDT', 'index': 2, 'price': 0.18, 'error': 'place_limit_order failed: retCode=110003 retMsg=price is invalid symbol=ONUSDT price=0.18 qty=542.02'}
2026-07-24 05:08:53 | ERROR | trading.strategy2_live:_open_grid:657 | S2Live: failed to place limit order | {'symbol': 'ONUSDT', 'index': 1, 'price': 0.19, 'error': 'place_limit_order failed: retCode=110003 retMsg=price is invalid symbol=ONUSDT price=0.19 qty=535.52'}
2026-07-24 05:08:53 | ERROR | trading.strategy2_live:_open_grid:657 | S2Live: failed to place limit order | {'symbol': 'ONUSDT', 'index': 2, 'price': 0.18, 'error': 'place_limit_order failed: retCode=110003 retMsg=price is invalid symbol=ONUSDT price=0.18 qty=542.02'}
2026-07-24 05:08:58 | ERROR | trading.strategy2_live:_open_grid:657 | S2Live: failed to place limit order | {'symbol': 'ONUSDT', 'index': 1, 'price': 0.19, 'error': 'place_limit_order failed: retCode=110003 retMsg=price is invalid symbol=ONUSDT price=0.19 qty=535.52'}
2026-07-24 05:08:58 | ERROR | trading.strategy2_live:_open_grid:657 | S2Live: failed to place limit order | {'symbol': 'ONUSDT', 'index': 2, 'price': 0.18, 'error': 'place_limit_order failed: retCode=110003 retMsg=price is invalid symbol=ONUSDT price=0.18 qty=542.02'}
2026-07-24 05:08:59 | ERROR | trading.strategy2_live:_open_grid:657 | S2Live: failed to place limit order | {'symbol': 'ONUSDT', 'index': 1, 'price': 0.19, 'error': 'place_limit_order failed: retCode=110003 retMsg=price is invalid symbol=ONUSDT price=0.19 qty=535.52'}
2026-07-24 05:08:59 | ERROR | trading.strategy2_live:_open_grid:657 | S2Live: failed to place limit order | {'symbol': 'ONUSDT', 'index': 2, 'price': 0.18, 'error': 'place_limit_order failed: retCode=110003 retMsg=price is invalid symbol=ONUSDT price=0.18 qty=542.31'}
2026-07-24 05:09:03 | ERROR | trading.strategy2_live:_open_grid:657 | S2Live: failed to place limit order | {'symbol': 'ONUSDT', 'index': 1, 'price': 0.19, 'error': 'place_limit_order failed: retCode=110003 retMsg=price is invalid symbol=ONUSDT price=0.19 qty=535.52'}
2026-07-24 05:09:03 | ERROR | trading.strategy2_live:_open_grid:657 | S2Live: failed to place limit order | {'symbol': 'ONUSDT', 'index': 2, 'price': 0.18, 'error': 'place_limit_order failed: retCode=110003 retMsg=price is invalid symbol=ONUSDT price=0.18 qty=542.02'}
2026-07-24 05:09:08 | ERROR | trading.strategy2_live:_open_grid:657 | S2Live: failed to place limit order | {'symbol': 'ONUSDT', 'index': 1, 'price': 0.19, 'error': 'place_limit_order failed: retCode=110003 retMsg=price is invalid symbol=ONUSDT price=0.19 qty=535.52'}
2026-07-24 05:09:08 | ERROR | trading.strategy2_live:_open_grid:657 | S2Live: failed to place limit order | {'symbol': 'ONUSDT', 'index': 2, 'price': 0.18, 'error': 'place_limit_order failed: retCode=110003 retMsg=price is invalid symbol=ONUSDT price=0.18 qty=542.02'}
2026-07-24 05:09:14 | ERROR | trading.strategy2_live:_open_grid:657 | S2Live: failed to place limit order | {'symbol': 'ONUSDT', 'index': 1, 'price': 0.19, 'error': 'place_limit_order failed: retCode=110003 retMsg=price is invalid symbol=ONUSDT price=0.19 qty=535.52'}
2026-07-24 05:09:14 | ERROR | trading.strategy2_live:_open_grid:657 | S2Live: failed to place limit order | {'symbol': 'ONUSDT', 'index': 2, 'price': 0.18, 'error': 'place_limit_order failed: retCode=110003 retMsg=price is invalid symbol=ONUSDT price=0.18 qty=542.02'}
2026-07-24 05:09:14 | ERROR | trading.strategy2_live:_open_grid:657 | S2Live: failed to place limit order | {'symbol': 'ONUSDT', 'index': 1, 'price': 0.19, 'error': 'place_limit_order failed: retCode=110003 retMsg=price is invalid symbol=ONUSDT price=0.19 qty=535.52'}
2026-07-24 05:09:15 | ERROR | trading.strategy2_live:_open_grid:657 | S2Live: failed to place limit order | {'symbol': 'ONUSDT', 'index': 2, 'price': 0.18, 'error': 'place_limit_order failed: retCode=110003 retMsg=price is invalid symbol=ONUSDT price=0.18 qty=542.42'}
2026-07-24 05:09:18 | ERROR | trading.strategy2_live:_open_grid:657 | S2Live: failed to place limit order | {'symbol': 'ONUSDT', 'index': 1, 'price': 0.19, 'error': 'place_limit_order failed: retCode=110003 retMsg=price is invalid symbol=ONUSDT price=0.19 qty=535.52'}
2026-07-24 05:09:19 | ERROR | trading.strategy2_live:_open_grid:657 | S2Live: failed to place limit order | {'symbol': 'ONUSDT', 'index': 2, 'price': 0.18, 'error': 'place_limit_order failed: retCode=110003 retMsg=price is invalid symbol=ONUSDT price=0.18 qty=542.02'}
2026-07-24 05:09:24 | ERROR | trading.strategy2_live:_open_grid:657 | S2Live: failed to place limit order | {'symbol': 'ONUSDT', 'index': 1, 'price': 0.19, 'error': 'place_limit_order failed: retCode=110003 retMsg=price is invalid symbol=ONUSDT price=0.19 qty=535.52'}
2026-07-24 05:09:24 | ERROR | trading.strategy2_live:_open_grid:657 | S2Live: failed to place limit order | {'symbol': 'ONUSDT', 'index': 2, 'price': 0.18, 'error': 'place_limit_order failed: retCode=110003 retMsg=price is invalid symbol=ONUSDT price=0.18 qty=542.02'}
2026-07-24 05:09:29 | ERROR | trading.strategy2_live:_open_grid:657 | S2Live: failed to place limit order | {'symbol': 'ONUSDT', 'index': 1, 'price': 0.19, 'error': 'place_limit_order failed: retCode=110003 retMsg=price is invalid symbol=ONUSDT price=0.19 qty=535.52'}
2026-07-24 05:09:29 | ERROR | trading.strategy2_live:_open_grid:657 | S2Live: failed to place limit order | {'symbol': 'ONUSDT', 'index': 2, 'price': 0.18, 'error': 'place_limit_order failed: retCode=110003 retMsg=price is invalid symbol=ONUSDT price=0.18 qty=542.02'}
2026-07-24 05:09:30 | ERROR | trading.strategy2_live:_open_grid:657 | S2Live: failed to place limit order | {'symbol': 'ONUSDT', 'index': 1, 'price': 0.19, 'error': 'place_limit_order failed: retCode=110003 retMsg=price is invalid symbol=ONUSDT price=0.19 qty=535.52'}
2026-07-24 05:09:30 | ERROR | trading.strategy2_live:_open_grid:657 | S2Live: failed to place limit order | {'symbol': 'ONUSDT', 'index': 2, 'price': 0.18, 'error': 'place_limit_order failed: retCode=110003 retMsg=price is invalid symbol=ONUSDT price=0.18 qty=542.74'}
2026-07-24 05:09:34 | ERROR | trading.strategy2_live:_open_grid:657 | S2Live: failed to place limit order | {'symbol': 'ONUSDT', 'index': 1, 'price': 0.19, 'error': 'place_limit_order failed: retCode=110003 retMsg=price is invalid symbol=ONUSDT price=0.19 qty=535.52'}
2026-07-24 05:09:34 | ERROR | trading.strategy2_live:_open_grid:657 | S2Live: failed to place limit order | {'symbol': 'ONUSDT', 'index': 2, 'price': 0.18, 'error': 'place_limit_order failed: retCode=110003 retMsg=price is invalid symbol=ONUSDT price=0.18 qty=542.02'}
2026-07-24 05:09:39 | ERROR | trading.strategy2_live:_open_grid:657 | S2Live: failed to place limit order | {'symbol': 'ONUSDT', 'index': 1, 'price': 0.19, 'error': 'place_limit_order failed: retCode=110003 retMsg=price is invalid symbol=ONUSDT price=0.19 qty=535.52'}
2026-07-24 05:09:39 | ERROR | trading.strategy2_live:_open_grid:657 | S2Live: failed to place limit order | {'symbol': 'ONUSDT', 'index': 2, 'price': 0.18, 'error': 'place_limit_order failed: retCode=110003 retMsg=price is invalid symbol=ONUSDT price=0.18 qty=542.02'}
2026-07-24 05:09:44 | ERROR | trading.strategy2_live:_open_grid:657 | S2Live: failed to place limit order | {'symbol': 'ONUSDT', 'index': 1, 'price': 0.19, 'error': 'place_limit_order failed: retCode=110003 retMsg=price is invalid symbol=ONUSDT price=0.19 qty=535.52'}
2026-07-24 05:09:44 | ERROR | trading.strategy2_live:_open_grid:657 | S2Live: failed to place limit order | {'symbol': 'ONUSDT', 'index': 2, 'price': 0.18, 'error': 'place_limit_order failed: retCode=110003 retMsg=price is invalid symbol=ONUSDT price=0.18 qty=542.02'}
2026-07-24 05:09:45 | ERROR | trading.strategy2_live:_open_grid:657 | S2Live: failed to place limit order | {'symbol': 'ONUSDT', 'index': 1, 'price': 0.19, 'error': 'place_limit_order failed: retCode=110003 retMsg=price is invalid symbol=ONUSDT price=0.19 qty=535.52'}
2026-07-24 05:09:45 | ERROR | trading.strategy2_live:_open_grid:657 | S2Live: failed to place limit order | {'symbol': 'ONUSDT', 'index': 2, 'price': 0.18, 'error': 'place_limit_order failed: retCode=110003 retMsg=price is invalid symbol=ONUSDT price=0.18 qty=542.74'}
2026-07-24 05:09:49 | ERROR | trading.strategy2_live:_open_grid:657 | S2Live: failed to place limit order | {'symbol': 'ONUSDT', 'index': 1, 'price': 0.19, 'error': 'place_limit_order failed: retCode=110003 retMsg=price is invalid symbol=ONUSDT price=0.19 qty=535.52'}
2026-07-24 05:09:49 | ERROR | trading.strategy2_live:_open_grid:657 | S2Live: failed to place limit order | {'symbol': 'ONUSDT', 'index': 2, 'price': 0.18, 'error': 'place_limit_order failed: retCode=110003 retMsg=price is invalid symbol=ONUSDT price=0.18 qty=542.02'}
2026-07-24 05:09:54 | ERROR | trading.strategy2_live:_open_grid:657 | S2Live: failed to place limit order | {'symbol': 'ONUSDT', 'index': 1, 'price': 0.19, 'error': 'place_limit_order failed: retCode=110003 retMsg=price is invalid symbol=ONUSDT price=0.19 qty=535.52'}
2026-07-24 05:09:54 | ERROR | trading.strategy2_live:_open_grid:657 | S2Live: failed to place limit order | {'symbol': 'ONUSDT', 'index': 2, 'price': 0.18, 'error': 'place_limit_order failed: retCode=110003 retMsg=price is invalid symbol=ONUSDT price=0.18 qty=542.02'}
2026-07-24 05:09:59 | ERROR | trading.strategy2_live:_open_grid:657 | S2Live: failed to place limit order | {'symbol': 'ONUSDT', 'index': 1, 'price': 0.19, 'error': 'place_limit_order failed: retCode=110003 retMsg=price is invalid symbol=ONUSDT price=0.19 qty=535.52'}
2026-07-24 05:10:00 | ERROR | trading.strategy2_live:_open_grid:657 | S2Live: failed to place limit order | {'symbol': 'ONUSDT', 'index': 2, 'price': 0.18, 'error': 'place_limit_order failed: retCode=110003 retMsg=price is invalid symbol=ONUSDT price=0.18 qty=542.02'}
2026-07-24 05:10:00 | ERROR | trading.strategy2_live:_open_grid:657 | S2Live: failed to place limit order | {'symbol': 'ONUSDT', 'index': 1, 'price': 0.19, 'error': 'place_limit_order failed: retCode=110003 retMsg=price is invalid symbol=ONUSDT price=0.19 qty=535.52'}
2026-07-24 05:10:00 | ERROR | trading.strategy2_live:_open_grid:657 | S2Live: failed to place limit order | {'symbol': 'ONUSDT', 'index': 2, 'price': 0.18, 'error': 'place_limit_order failed: retCode=110003 retMsg=price is invalid symbol=ONUSDT price=0.18 qty=542.74'}
2026-07-24 05:10:05 | ERROR | trading.strategy2_live:_open_grid:657 | S2Live: failed to place limit order | {'symbol': 'ONUSDT', 'index': 1, 'price': 0.19, 'error': 'place_limit_order failed: retCode=110003 retMsg=price is invalid symbol=ONUSDT price=0.19 qty=535.52'}
2026-07-24 05:10:05 | ERROR | trading.strategy2_live:_open_grid:657 | S2Live: failed to place limit order | {'symbol': 'ONUSDT', 'index': 2, 'price': 0.18, 'error': 'place_limit_order failed: retCode=110003 retMsg=price is invalid symbol=ONUSDT price=0.18 qty=542.02'}
2026-07-24 05:10:10 | ERROR | trading.strategy2_live:_open_grid:657 | S2Live: failed to place limit order | {'symbol': 'ONUSDT', 'index': 1, 'price': 0.19, 'error': 'place_limit_order failed: retCode=110003 retMsg=price is invalid symbol=ONUSDT price=0.19 qty=535.52'}
2026-07-24 05:10:10 | ERROR | trading.strategy2_live:_open_grid:657 | S2Live: failed to place limit order | {'symbol': 'ONUSDT', 'index': 2, 'price': 0.18, 'error': 'place_limit_order failed: retCode=110003 retMsg=price is invalid symbol=ONUSDT price=0.18 qty=542.02'}
2026-07-24 05:10:15 | ERROR | trading.strategy2_live:_open_grid:657 | S2Live: failed to place limit order | {'symbol': 'ONUSDT', 'index': 1, 'price': 0.19, 'error': 'place_limit_order failed: retCode=110003 retMsg=price is invalid symbol=ONUSDT price=0.19 qty=535.52'}
2026-07-24 05:10:15 | ERROR | trading.strategy2_live:_open_grid:657 | S2Live: failed to place limit order | {'symbol': 'ONUSDT', 'index': 2, 'price': 0.18, 'error': 'place_limit_order failed: retCode=110003 retMsg=price is invalid symbol=ONUSDT price=0.18 qty=542.02'}
2026-07-24 05:10:16 | ERROR | trading.strategy2_live:_open_grid:657 | S2Live: failed to place limit order | {'symbol': 'ONUSDT', 'index': 1, 'price': 0.19, 'error': 'place_limit_order failed: retCode=110003 retMsg=price is invalid symbol=ONUSDT price=0.19 qty=535.52'}
2026-07-24 05:10:16 | ERROR | trading.strategy2_live:_open_grid:657 | S2Live: failed to place limit order | {'symbol': 'ONUSDT', 'index': 2, 'price': 0.18, 'error': 'place_limit_order failed: retCode=110003 retMsg=price is invalid symbol=ONUSDT price=0.18 qty=542.78'}
2026-07-24 05:10:20 | ERROR | trading.strategy2_live:_open_grid:657 | S2Live: failed to place limit order | {'symbol': 'ONUSDT', 'index': 1, 'price': 0.19, 'error': 'place_limit_order failed: retCode=110003 retMsg=price is invalid symbol=ONUSDT price=0.19 qty=535.52'}
2026-07-24 05:10:20 | ERROR | trading.strategy2_live:_open_grid:657 | S2Live: failed to place limit order | {'symbol': 'ONUSDT', 'index': 2, 'price': 0.18, 'error': 'place_limit_order failed: retCode=110003 retMsg=price is invalid symbol=ONUSDT price=0.18 qty=542.02'}
2026-07-24 05:10:25 | ERROR | trading.strategy2_live:_open_grid:657 | S2Live: failed to place limit order | {'symbol': 'ONUSDT', 'index': 1, 'price': 0.19, 'error': 'place_limit_order failed: retCode=110003 retMsg=price is invalid symbol=ONUSDT price=0.19 qty=535.52'}
2026-07-24 05:10:25 | ERROR | trading.strategy2_live:_open_grid:657 | S2Live: failed to place limit order | {'symbol': 'ONUSDT', 'index': 2, 'price': 0.18, 'error': 'place_limit_order failed: retCode=110003 retMsg=price is invalid symbol=ONUSDT price=0.18 qty=542.02'}
2026-07-24 05:10:30 | ERROR | trading.strategy2_live:_open_grid:657 | S2Live: failed to place limit order | {'symbol': 'ONUSDT', 'index': 1, 'price': 0.19, 'error': 'place_limit_order failed: retCode=110003 retMsg=price is invalid symbol=ONUSDT price=0.19 qty=535.52'}
2026-07-24 05:10:30 | ERROR | trading.strategy2_live:_open_grid:657 | S2Live: failed to place limit order | {'symbol': 'ONUSDT', 'index': 2, 'price': 0.18, 'error': 'place_limit_order failed: retCode=110003 retMsg=price is invalid symbol=ONUSDT price=0.18 qty=542.02'}
2026-07-24 05:10:31 | ERROR | trading.strategy2_live:_open_grid:657 | S2Live: failed to place limit order | {'symbol': 'ONUSDT', 'index': 1, 'price': 0.19, 'error': 'place_limit_order failed: retCode=110003 retMsg=price is invalid symbol=ONUSDT price=0.19 qty=535.52'}
2026-07-24 05:10:31 | ERROR | trading.strategy2_live:_open_grid:657 | S2Live: failed to place limit order | {'symbol': 'ONUSDT', 'index': 2, 'price': 0.18, 'error': 'place_limit_order failed: retCode=110003 retMsg=price is invalid symbol=ONUSDT price=0.18 qty=542.85'}
2026-07-24 05:10:35 | ERROR | trading.strategy2_live:_open_grid:657 | S2Live: failed to place limit order | {'symbol': 'ONUSDT', 'index': 1, 'price': 0.19, 'error': 'place_limit_order failed: retCode=110003 retMsg=price is invalid symbol=ONUSDT price=0.19 qty=535.52'}
2026-07-24 05:10:36 | ERROR | trading.strategy2_live:_open_grid:657 | S2Live: failed to place limit order | {'symbol': 'ONUSDT', 'index': 2, 'price': 0.18, 'error': 'place_limit_order failed: retCode=110003 retMsg=price is invalid symbol=ONUSDT price=0.18 qty=542.02'}
2026-07-24 05:10:40 | ERROR | trading.strategy2_live:_open_grid:657 | S2Live: failed to place limit order | {'symbol': 'ONUSDT', 'index': 1, 'price': 0.19, 'error': 'place_limit_order failed: retCode=110003 retMsg=price is invalid symbol=ONUSDT price=0.19 qty=535.52'}
2026-07-24 05:10:40 | ERROR | trading.strategy2_live:_open_grid:657 | S2Live: failed to place limit order | {'symbol': 'ONUSDT', 'index': 2, 'price': 0.18, 'error': 'place_limit_order failed: retCode=110003 retMsg=price is invalid symbol=ONUSDT price=0.18 qty=542.02'}
2026-07-24 05:10:45 | ERROR | trading.strategy2_live:_open_grid:657 | S2Live: failed to place limit order | {'symbol': 'ONUSDT', 'index': 1, 'price': 0.19, 'error': 'place_limit_order failed: retCode=110003 retMsg=price is invalid symbol=ONUSDT price=0.19 qty=535.52'}
2026-07-24 05:10:46 | ERROR | trading.strategy2_live:_open_grid:657 | S2Live: failed to place limit order | {'symbol': 'ONUSDT', 'index': 2, 'price': 0.18, 'error': 'place_limit_order failed: retCode=110003 retMsg=price is invalid symbol=ONUSDT price=0.18 qty=542.02'}
2026-07-24 05:10:46 | ERROR | trading.strategy2_live:_open_grid:657 | S2Live: failed to place limit order | {'symbol': 'ONUSDT', 'index': 1, 'price': 0.19, 'error': 'place_limit_order failed: retCode=110003 retMsg=price is invalid symbol=ONUSDT price=0.19 qty=535.52'}
2026-07-24 05:10:46 | ERROR | trading.strategy2_live:_open_grid:657 | S2Live: failed to place limit order | {'symbol': 'ONUSDT', 'index': 2, 'price': 0.18, 'error': 'place_limit_order failed: retCode=110003 retMsg=price is invalid symbol=ONUSDT price=0.18 qty=542.86'}
2026-07-24 05:10:50 | ERROR | trading.strategy2_live:_open_grid:657 | S2Live: failed to place limit order | {'symbol': 'ONUSDT', 'index': 1, 'price': 0.19, 'error': 'place_limit_order failed: retCode=110003 retMsg=price is invalid symbol=ONUSDT price=0.19 qty=535.52'}
2026-07-24 05:10:51 | ERROR | trading.strategy2_live:_open_grid:657 | S2Live: failed to place limit order | {'symbol': 'ONUSDT', 'index': 2, 'price': 0.18, 'error': 'place_limit_order failed: retCode=110003 retMsg=price is invalid symbol=ONUSDT price=0.18 qty=542.02'}
2026-07-24 05:10:56 | ERROR | trading.strategy2_live:_open_grid:657 | S2Live: failed to place limit order | {'symbol': 'ONUSDT', 'index': 1, 'price': 0.19, 'error': 'place_limit_order failed: retCode=110003 retMsg=price is invalid symbol=ONUSDT price=0.19 qty=535.52'}
2026-07-24 05:10:56 | ERROR | trading.strategy2_live:_open_grid:657 | S2Live: failed to place limit order | {'symbol': 'ONUSDT', 'index': 2, 'price': 0.18, 'error': 'place_limit_order failed: retCode=110003 retMsg=price is invalid symbol=ONUSDT price=0.18 qty=542.02'}
2026-07-24 05:11:01 | ERROR | trading.strategy2_live:_open_grid:657 | S2Live: failed to place limit order | {'symbol': 'ONUSDT', 'index': 1, 'price': 0.19, 'error': 'place_limit_order failed: retCode=110003 retMsg=price is invalid symbol=ONUSDT price=0.19 qty=535.52'}
2026-07-24 05:11:01 | ERROR | trading.strategy2_live:_open_grid:657 | S2Live: failed to place limit order | {'symbol': 'ONUSDT', 'index': 2, 'price': 0.18, 'error': 'place_limit_order failed: retCode=110003 retMsg=price is invalid symbol=ONUSDT price=0.18 qty=542.02'}
2026-07-24 05:11:02 | ERROR | trading.strategy2_live:_open_grid:657 | S2Live: failed to place limit order | {'symbol': 'ONUSDT', 'index': 1, 'price': 0.19, 'error': 'place_limit_order failed: retCode=110003 retMsg=price is invalid symbol=ONUSDT price=0.19 qty=535.52'}
2026-07-24 05:11:02 | ERROR | trading.strategy2_live:_open_grid:657 | S2Live: failed to place limit order | {'symbol': 'ONUSDT', 'index': 2, 'price': 0.18, 'error': 'place_limit_order failed: retCode=110003 retMsg=price is invalid symbol=ONUSDT price=0.18 qty=542.88'}
2026-07-24 05:11:06 | ERROR | trading.strategy2_live:_open_grid:657 | S2Live: failed to place limit order | {'symbol': 'ONUSDT', 'index': 1, 'price': 0.19, 'error': 'place_limit_order failed: retCode=110003 retMsg=price is invalid symbol=ONUSDT price=0.19 qty=535.52'}
2026-07-24 05:11:06 | ERROR | trading.strategy2_live:_open_grid:657 | S2Live: failed to place limit order | {'symbol': 'ONUSDT', 'index': 2, 'price': 0.18, 'error': 'place_limit_order failed: retCode=110003 retMsg=price is invalid symbol=ONUSDT price=0.18 qty=542.02'}
2026-07-24 05:11:11 | ERROR | trading.strategy2_live:_open_grid:657 | S2Live: failed to place limit order | {'symbol': 'ONUSDT', 'index': 1, 'price': 0.19, 'error': 'place_limit_order failed: retCode=110003 retMsg=price is invalid symbol=ONUSDT price=0.19 qty=535.52'}
2026-07-24 05:11:11 | ERROR | trading.strategy2_live:_open_grid:657 | S2Live: failed to place limit order | {'symbol': 'ONUSDT', 'index': 2, 'price': 0.18, 'error': 'place_limit_order failed: retCode=110003 retMsg=price is invalid symbol=ONUSDT price=0.18 qty=542.02'}
2026-07-24 05:11:16 | ERROR | trading.strategy2_live:_open_grid:657 | S2Live: failed to place limit order | {'symbol': 'ONUSDT', 'index': 1, 'price': 0.19, 'error': 'place_limit_order failed: retCode=110003 retMsg=price is invalid symbol=ONUSDT price=0.19 qty=535.52'}
2026-07-24 05:11:16 | ERROR | trading.strategy2_live:_open_grid:657 | S2Live: failed to place limit order | {'symbol': 'ONUSDT', 'index': 2, 'price': 0.18, 'error': 'place_limit_order failed: retCode=110003 retMsg=price is invalid symbol=ONUSDT price=0.18 qty=543.06'}
2026-07-24 05:11:17 | ERROR | trading.strategy2_live:_open_grid:657 | S2Live: failed to place limit order | {'symbol': 'ONUSDT', 'index': 1, 'price': 0.19, 'error': 'place_limit_order failed: retCode=110003 retMsg=price is invalid symbol=ONUSDT price=0.19 qty=535.52'}
2026-07-24 05:11:17 | ERROR | trading.strategy2_live:_open_grid:657 | S2Live: failed to place limit order | {'symbol': 'ONUSDT', 'index': 2, 'price': 0.18, 'error': 'place_limit_order failed: retCode=110003 retMsg=price is invalid symbol=ONUSDT price=0.18 qty=543.06'}
2026-07-24 05:11:21 | ERROR | trading.strategy2_live:_open_grid:657 | S2Live: failed to place limit order | {'symbol': 'ONUSDT', 'index': 1, 'price': 0.19, 'error': 'place_limit_order failed: retCode=110003 retMsg=price is invalid symbol=ONUSDT price=0.19 qty=535.52'}
2026-07-24 05:11:21 | ERROR | trading.strategy2_live:_open_grid:657 | S2Live: failed to place limit order | {'symbol': 'ONUSDT', 'index': 2, 'price': 0.18, 'error': 'place_limit_order failed: retCode=110003 retMsg=price is invalid symbol=ONUSDT price=0.18 qty=543.06'}
2026-07-24 05:11:26 | ERROR | trading.strategy2_live:_open_grid:657 | S2Live: failed to place limit order | {'symbol': 'ONUSDT', 'index': 1, 'price': 0.19, 'error': 'place_limit_order failed: retCode=110003 retMsg=price is invalid symbol=ONUSDT price=0.19 qty=535.52'}
2026-07-24 05:11:26 | ERROR | trading.strategy2_live:_open_grid:657 | S2Live: failed to place limit order | {'symbol': 'ONUSDT', 'index': 2, 'price': 0.18, 'error': 'place_limit_order failed: retCode=110003 retMsg=price is invalid symbol=ONUSDT price=0.18 qty=543.06'}
2026-07-24 05:11:31 | ERROR | trading.strategy2_live:_open_grid:657 | S2Live: failed to place limit order | {'symbol': 'ONUSDT', 'index': 1, 'price': 0.19, 'error': 'place_limit_order failed: retCode=110003 retMsg=price is invalid symbol=ONUSDT price=0.19 qty=535.52'}
2026-07-24 05:11:32 | ERROR | trading.strategy2_live:_open_grid:657 | S2Live: failed to place limit order | {'symbol': 'ONUSDT', 'index': 2, 'price': 0.18, 'error': 'place_limit_order failed: retCode=110003 retMsg=price is invalid symbol=ONUSDT price=0.18 qty=543.06'}
2026-07-24 05:11:32 | ERROR | trading.strategy2_live:_open_grid:657 | S2Live: failed to place limit order | {'symbol': 'ONUSDT', 'index': 1, 'price': 0.19, 'error': 'place_limit_order failed: retCode=110003 retMsg=price is invalid symbol=ONUSDT price=0.19 qty=535.52'}
2026-07-24 05:11:32 | ERROR | trading.strategy2_live:_open_grid:657 | S2Live: failed to place limit order | {'symbol': 'ONUSDT', 'index': 2, 'price': 0.18, 'error': 'place_limit_order failed: retCode=110003 retMsg=price is invalid symbol=ONUSDT price=0.18 qty=543.14'}
2026-07-24 05:11:36 | ERROR | trading.strategy2_live:_open_grid:657 | S2Live: failed to place limit order | {'symbol': 'ONUSDT', 'index': 1, 'price': 0.19, 'error': 'place_limit_order failed: retCode=110003 retMsg=price is invalid symbol=ONUSDT price=0.19 qty=535.52'}
2026-07-24 05:11:37 | ERROR | trading.strategy2_live:_open_grid:657 | S2Live: failed to place limit order | {'symbol': 'ONUSDT', 'index': 2, 'price': 0.18, 'error': 'place_limit_order failed: retCode=110003 retMsg=price is invalid symbol=ONUSDT price=0.18 qty=543.06'}
2026-07-24 05:11:42 | ERROR | trading.strategy2_live:_open_grid:657 | S2Live: failed to place limit order | {'symbol': 'ONUSDT', 'index': 1, 'price': 0.19, 'error': 'place_limit_order failed: retCode=110003 retMsg=price is invalid symbol=ONUSDT price=0.19 qty=535.52'}
2026-07-24 05:11:42 | ERROR | trading.strategy2_live:_open_grid:657 | S2Live: failed to place limit order | {'symbol': 'ONUSDT', 'index': 2, 'price': 0.18, 'error': 'place_limit_order failed: retCode=110003 retMsg=price is invalid symbol=ONUSDT price=0.18 qty=543.06'}
2026-07-24 05:11:47 | ERROR | trading.strategy2_live:_open_grid:657 | S2Live: failed to place limit order | {'symbol': 'ONUSDT', 'index': 1, 'price': 0.19, 'error': 'place_limit_order failed: retCode=110003 retMsg=price is invalid symbol=ONUSDT price=0.19 qty=535.52'}
2026-07-24 05:11:47 | ERROR | trading.strategy2_live:_open_grid:657 | S2Live: failed to place limit order | {'symbol': 'ONUSDT', 'index': 2, 'price': 0.18, 'error': 'place_limit_order failed: retCode=110003 retMsg=price is invalid symbol=ONUSDT price=0.18 qty=543.06'}
2026-07-24 05:11:48 | ERROR | trading.strategy2_live:_open_grid:657 | S2Live: failed to place limit order | {'symbol': 'ONUSDT', 'index': 1, 'price': 0.19, 'error': 'place_limit_order failed: retCode=110003 retMsg=price is invalid symbol=ONUSDT price=0.19 qty=535.52'}
2026-07-24 05:11:48 | ERROR | trading.strategy2_live:_open_grid:657 | S2Live: failed to place limit order | {'symbol': 'ONUSDT', 'index': 2, 'price': 0.18, 'error': 'place_limit_order failed: retCode=110003 retMsg=price is invalid symbol=ONUSDT price=0.18 qty=543.14'}
2026-07-24 05:11:52 | ERROR | trading.strategy2_live:_open_grid:657 | S2Live: failed to place limit order | {'symbol': 'ONUSDT', 'index': 1, 'price': 0.19, 'error': 'place_limit_order failed: retCode=110003 retMsg=price is invalid symbol=ONUSDT price=0.19 qty=535.52'}
2026-07-24 05:11:52 | ERROR | trading.strategy2_live:_open_grid:657 | S2Live: failed to place limit order | {'symbol': 'ONUSDT', 'index': 2, 'price': 0.18, 'error': 'place_limit_order failed: retCode=110003 retMsg=price is invalid symbol=ONUSDT price=0.18 qty=543.06'}
2026-07-24 05:11:57 | ERROR | trading.strategy2_live:_open_grid:657 | S2Live: failed to place limit order | {'symbol': 'ONUSDT', 'index': 1, 'price': 0.19, 'error': 'place_limit_order failed: retCode=110003 retMsg=price is invalid symbol=ONUSDT price=0.19 qty=535.52'}
2026-07-24 05:11:57 | ERROR | trading.strategy2_live:_open_grid:657 | S2Live: failed to place limit order | {'symbol': 'ONUSDT', 'index': 2, 'price': 0.18, 'error': 'place_limit_order failed: retCode=110003 retMsg=price is invalid symbol=ONUSDT price=0.18 qty=543.06'}
2026-07-24 05:12:02 | ERROR | trading.strategy2_live:_open_grid:657 | S2Live: failed to place limit order | {'symbol': 'ONUSDT', 'index': 1, 'price': 0.19, 'error': 'place_limit_order failed: retCode=110003 retMsg=price is invalid symbol=ONUSDT price=0.19 qty=535.52'}
2026-07-24 05:12:02 | ERROR | trading.strategy2_live:_open_grid:657 | S2Live: failed to place limit order | {'symbol': 'ONUSDT', 'index': 2, 'price': 0.18, 'error': 'place_limit_order failed: retCode=110003 retMsg=price is invalid symbol=ONUSDT price=0.18 qty=543.06'}
2026-07-24 05:12:03 | ERROR | trading.strategy2_live:_open_grid:657 | S2Live: failed to place limit order | {'symbol': 'ONUSDT', 'index': 1, 'price': 0.19, 'error': 'place_limit_order failed: retCode=110003 retMsg=price is invalid symbol=ONUSDT price=0.19 qty=535.52'}
2026-07-24 05:12:03 | ERROR | trading.strategy2_live:_open_grid:657 | S2Live: failed to place limit order | {'symbol': 'ONUSDT', 'index': 2, 'price': 0.18, 'error': 'place_limit_order failed: retCode=110003 retMsg=price is invalid symbol=ONUSDT price=0.18 qty=543.14'}
2026-07-24 05:12:07 | ERROR | trading.strategy2_live:_open_grid:657 | S2Live: failed to place limit order | {'symbol': 'ONUSDT', 'index': 1, 'price': 0.19, 'error': 'place_limit_order failed: retCode=110003 retMsg=price is invalid symbol=ONUSDT price=0.19 qty=535.52'}
2026-07-24 05:12:07 | ERROR | trading.strategy2_live:_open_grid:657 | S2Live: failed to place limit order | {'symbol': 'ONUSDT', 'index': 2, 'price': 0.18, 'error': 'place_limit_order failed: retCode=110003 retMsg=price is invalid symbol=ONUSDT price=0.18 qty=543.06'}
2026-07-24 05:12:12 | ERROR | trading.strategy2_live:_open_grid:657 | S2Live: failed to place limit order | {'symbol': 'ONUSDT', 'index': 1, 'price': 0.19, 'error': 'place_limit_order failed: retCode=110003 retMsg=price is invalid symbol=ONUSDT price=0.19 qty=535.52'}
2026-07-24 05:12:12 | ERROR | trading.strategy2_live:_open_grid:657 | S2Live: failed to place limit order | {'symbol': 'ONUSDT', 'index': 2, 'price': 0.18, 'error': 'place_limit_order failed: retCode=110003 retMsg=price is invalid symbol=ONUSDT price=0.18 qty=543.06'}
2026-07-24 05:12:17 | ERROR | trading.strategy2_live:_open_grid:657 | S2Live: failed to place limit order | {'symbol': 'ONUSDT', 'index': 1, 'price': 0.19, 'error': 'place_limit_order failed: retCode=110003 retMsg=price is invalid symbol=ONUSDT price=0.19 qty=535.52'}
2026-07-24 05:12:18 | ERROR | trading.strategy2_live:_open_grid:657 | S2Live: failed to place limit order | {'symbol': 'ONUSDT', 'index': 2, 'price': 0.18, 'error': 'place_limit_order failed: retCode=110003 retMsg=price is invalid symbol=ONUSDT price=0.18 qty=543.06'}
2026-07-24 05:12:18 | ERROR | trading.strategy2_live:_open_grid:657 | S2Live: failed to place limit order | {'symbol': 'ONUSDT', 'index': 1, 'price': 0.19, 'error': 'place_limit_order failed: retCode=110003 retMsg=price is invalid symbol=ONUSDT price=0.19 qty=535.52'}
2026-07-24 05:12:18 | ERROR | trading.strategy2_live:_open_grid:657 | S2Live: failed to place limit order | {'symbol': 'ONUSDT', 'index': 2, 'price': 0.18, 'error': 'place_limit_order failed: retCode=110003 retMsg=price is invalid symbol=ONUSDT price=0.18 qty=543.1'}
2026-07-24 05:12:22 | ERROR | trading.strategy2_live:_open_grid:657 | S2Live: failed to place limit order | {'symbol': 'ONUSDT', 'index': 1, 'price': 0.19, 'error': 'place_limit_order failed: retCode=110003 retMsg=price is invalid symbol=ONUSDT price=0.19 qty=535.52'}
2026-07-24 05:12:23 | ERROR | trading.strategy2_live:_open_grid:657 | S2Live: failed to place limit order | {'symbol': 'ONUSDT', 'index': 2, 'price': 0.18, 'error': 'place_limit_order failed: retCode=110003 retMsg=price is invalid symbol=ONUSDT price=0.18 qty=543.06'}
2026-07-24 05:12:28 | ERROR | trading.strategy2_live:_open_grid:657 | S2Live: failed to place limit order | {'symbol': 'ONUSDT', 'index': 1, 'price': 0.19, 'error': 'place_limit_order failed: retCode=110003 retMsg=price is invalid symbol=ONUSDT price=0.19 qty=535.52'}
2026-07-24 05:12:28 | ERROR | trading.strategy2_live:_open_grid:657 | S2Live: failed to place limit order | {'symbol': 'ONUSDT', 'index': 2, 'price': 0.18, 'error': 'place_limit_order failed: retCode=110003 retMsg=price is invalid symbol=ONUSDT price=0.18 qty=543.06'}
2026-07-24 05:12:33 | ERROR | trading.strategy2_live:_open_grid:657 | S2Live: failed to place limit order | {'symbol': 'ONUSDT', 'index': 1, 'price': 0.19, 'error': 'place_limit_order failed: retCode=110003 retMsg=price is invalid symbol=ONUSDT price=0.19 qty=535.52'}
2026-07-24 05:12:33 | ERROR | trading.strategy2_live:_open_grid:657 | S2Live: failed to place limit order | {'symbol': 'ONUSDT', 'index': 2, 'price': 0.18, 'error': 'place_limit_order failed: retCode=110003 retMsg=price is invalid symbol=ONUSDT price=0.18 qty=543.06'}
2026-07-24 05:12:34 | ERROR | trading.strategy2_live:_open_grid:657 | S2Live: failed to place limit order | {'symbol': 'ONUSDT', 'index': 1, 'price': 0.19, 'error': 'place_limit_order failed: retCode=110003 retMsg=price is invalid symbol=ONUSDT price=0.19 qty=535.52'}
2026-07-24 05:12:34 | ERROR | trading.strategy2_live:_open_grid:657 | S2Live: failed to place limit order | {'symbol': 'ONUSDT', 'index': 2, 'price': 0.18, 'error': 'place_limit_order failed: retCode=110003 retMsg=price is invalid symbol=ONUSDT price=0.18 qty=543.25'}
2026-07-24 05:12:38 | ERROR | trading.strategy2_live:_open_grid:657 | S2Live: failed to place limit order | {'symbol': 'ONUSDT', 'index': 1, 'price': 0.19, 'error': 'place_limit_order failed: retCode=110003 retMsg=price is invalid symbol=ONUSDT price=0.19 qty=535.52'}
2026-07-24 05:12:38 | ERROR | trading.strategy2_live:_open_grid:657 | S2Live: failed to place limit order | {'symbol': 'ONUSDT', 'index': 2, 'price': 0.18, 'error': 'place_limit_order failed: retCode=110003 retMsg=price is invalid symbol=ONUSDT price=0.18 qty=543.06'}
2026-07-24 05:12:43 | ERROR | trading.strategy2_live:_open_grid:657 | S2Live: failed to place limit order | {'symbol': 'ONUSDT', 'index': 1, 'price': 0.19, 'error': 'place_limit_order failed: retCode=110003 retMsg=price is invalid symbol=ONUSDT price=0.19 qty=535.52'}
2026-07-24 05:12:43 | ERROR | trading.strategy2_live:_open_grid:657 | S2Live: failed to place limit order | {'symbol': 'ONUSDT', 'index': 2, 'price': 0.18, 'error': 'place_limit_order failed: retCode=110003 retMsg=price is invalid symbol=ONUSDT price=0.18 qty=543.06'}
2026-07-24 05:12:48 | ERROR | trading.strategy2_live:_open_grid:657 | S2Live: failed to place limit order | {'symbol': 'ONUSDT', 'index': 1, 'price': 0.19, 'error': 'place_limit_order failed: retCode=110003 retMsg=price is invalid symbol=ONUSDT price=0.19 qty=535.52'}
2026-07-24 05:12:48 | ERROR | trading.strategy2_live:_open_grid:657 | S2Live: failed to place limit order | {'symbol': 'ONUSDT', 'index': 2, 'price': 0.18, 'error': 'place_limit_order failed: retCode=110003 retMsg=price is invalid symbol=ONUSDT price=0.18 qty=543.06'}
2026-07-24 05:12:49 | ERROR | trading.strategy2_live:_open_grid:657 | S2Live: failed to place limit order | {'symbol': 'ONUSDT', 'index': 1, 'price': 0.19, 'error': 'place_limit_order failed: retCode=110003 retMsg=price is invalid symbol=ONUSDT price=0.19 qty=535.52'}
2026-07-24 05:12:49 | ERROR | trading.strategy2_live:_open_grid:657 | S2Live: failed to place limit order | {'symbol': 'ONUSDT', 'index': 2, 'price': 0.18, 'error': 'place_limit_order failed: retCode=110003 retMsg=price is invalid symbol=ONUSDT price=0.18 qty=543.25'}
2026-07-24 05:12:53 | ERROR | trading.strategy2_live:_open_grid:657 | S2Live: failed to place limit order | {'symbol': 'ONUSDT', 'index': 1, 'price': 0.19, 'error': 'place_limit_order failed: retCode=110003 retMsg=price is invalid symbol=ONUSDT price=0.19 qty=535.52'}
2026-07-24 05:12:53 | ERROR | trading.strategy2_live:_open_grid:657 | S2Live: failed to place limit order | {'symbol': 'ONUSDT', 'index': 2, 'price': 0.18, 'error': 'place_limit_order failed: retCode=110003 retMsg=price is invalid symbol=ONUSDT price=0.18 qty=543.06'}
2026-07-24 05:12:58 | ERROR | trading.strategy2_live:_open_grid:657 | S2Live: failed to place limit order | {'symbol': 'ONUSDT', 'index': 1, 'price': 0.19, 'error': 'place_limit_order failed: retCode=110003 retMsg=price is invalid symbol=ONUSDT price=0.19 qty=535.52'}
2026-07-24 05:12:58 | ERROR | trading.strategy2_live:_open_grid:657 | S2Live: failed to place limit order | {'symbol': 'ONUSDT', 'index': 2, 'price': 0.18, 'error': 'place_limit_order failed: retCode=110003 retMsg=price is invalid symbol=ONUSDT price=0.18 qty=543.06'}
2026-07-24 05:13:03 | ERROR | trading.strategy2_live:_open_grid:657 | S2Live: failed to place limit order | {'symbol': 'ONUSDT', 'index': 1, 'price': 0.19, 'error': 'place_limit_order failed: retCode=110003 retMsg=price is invalid symbol=ONUSDT price=0.19 qty=535.52'}
2026-07-24 05:13:04 | ERROR | trading.strategy2_live:_open_grid:657 | S2Live: failed to place limit order | {'symbol': 'ONUSDT', 'index': 2, 'price': 0.18, 'error': 'place_limit_order failed: retCode=110003 retMsg=price is invalid symbol=ONUSDT price=0.18 qty=543.06'}
2026-07-24 05:13:04 | ERROR | trading.strategy2_live:_open_grid:657 | S2Live: failed to place limit order | {'symbol': 'ONUSDT', 'index': 1, 'price': 0.19, 'error': 'place_limit_order failed: retCode=110003 retMsg=price is invalid symbol=ONUSDT price=0.19 qty=535.52'}
2026-07-24 05:13:04 | ERROR | trading.strategy2_live:_open_grid:657 | S2Live: failed to place limit order | {'symbol': 'ONUSDT', 'index': 2, 'price': 0.18, 'error': 'place_limit_order failed: retCode=110003 retMsg=price is invalid symbol=ONUSDT price=0.18 qty=543.25'}
2026-07-24 05:13:08 | ERROR | trading.strategy2_live:_open_grid:657 | S2Live: failed to place limit order | {'symbol': 'ONUSDT', 'index': 1, 'price': 0.19, 'error': 'place_limit_order failed: retCode=110003 retMsg=price is invalid symbol=ONUSDT price=0.19 qty=535.52'}
2026-07-24 05:13:09 | ERROR | trading.strategy2_live:_open_grid:657 | S2Live: failed to place limit order | {'symbol': 'ONUSDT', 'index': 2, 'price': 0.18, 'error': 'place_limit_order failed: retCode=110003 retMsg=price is invalid symbol=ONUSDT price=0.18 qty=543.06'}
2026-07-24 05:13:14 | ERROR | trading.strategy2_live:_open_grid:657 | S2Live: failed to place limit order | {'symbol': 'ONUSDT', 'index': 1, 'price': 0.19, 'error': 'place_limit_order failed: retCode=110003 retMsg=price is invalid symbol=ONUSDT price=0.19 qty=535.52'}
2026-07-24 05:13:14 | ERROR | trading.strategy2_live:_open_grid:657 | S2Live: failed to place limit order | {'symbol': 'ONUSDT', 'index': 2, 'price': 0.18, 'error': 'place_limit_order failed: retCode=110003 retMsg=price is invalid symbol=ONUSDT price=0.18 qty=543.06'}
2026-07-24 05:13:19 | ERROR | trading.strategy2_live:_open_grid:657 | S2Live: failed to place limit order | {'symbol': 'ONUSDT', 'index': 1, 'price': 0.19, 'error': 'place_limit_order failed: retCode=110003 retMsg=price is invalid symbol=ONUSDT price=0.19 qty=535.52'}
2026-07-24 05:13:19 | ERROR | trading.strategy2_live:_open_grid:657 | S2Live: failed to place limit order | {'symbol': 'ONUSDT', 'index': 2, 'price': 0.18, 'error': 'place_limit_order failed: retCode=110003 retMsg=price is invalid symbol=ONUSDT price=0.18 qty=543.06'}
2026-07-24 05:13:20 | ERROR | trading.strategy2_live:_open_grid:657 | S2Live: failed to place limit order | {'symbol': 'ONUSDT', 'index': 1, 'price': 0.19, 'error': 'place_limit_order failed: retCode=110003 retMsg=price is invalid symbol=ONUSDT price=0.19 qty=535.52'}
2026-07-24 05:13:20 | ERROR | trading.strategy2_live:_open_grid:657 | S2Live: failed to place limit order | {'symbol': 'ONUSDT', 'index': 2, 'price': 0.18, 'error': 'place_limit_order failed: retCode=110003 retMsg=price is invalid symbol=ONUSDT price=0.18 qty=543.32'}
2026-07-24 05:13:24 | ERROR | trading.strategy2_live:_open_grid:657 | S2Live: failed to place limit order | {'symbol': 'ONUSDT', 'index': 1, 'price': 0.19, 'error': 'place_limit_order failed: retCode=110003 retMsg=price is invalid symbol=ONUSDT price=0.19 qty=535.52'}
2026-07-24 05:13:24 | ERROR | trading.strategy2_live:_open_grid:657 | S2Live: failed to place limit order | {'symbol': 'ONUSDT', 'index': 2, 'price': 0.18, 'error': 'place_limit_order failed: retCode=110003 retMsg=price is invalid symbol=ONUSDT price=0.18 qty=543.06'}
2026-07-24 05:13:29 | ERROR | trading.strategy2_live:_open_grid:657 | S2Live: failed to place limit order | {'symbol': 'ONUSDT', 'index': 1, 'price': 0.19, 'error': 'place_limit_order failed: retCode=110003 retMsg=price is invalid symbol=ONUSDT price=0.19 qty=535.52'}
2026-07-24 05:13:29 | ERROR | trading.strategy2_live:_open_grid:657 | S2Live: failed to place limit order | {'symbol': 'ONUSDT', 'index': 2, 'price': 0.18, 'error': 'place_limit_order failed: retCode=110003 retMsg=price is invalid symbol=ONUSDT price=0.18 qty=543.06'}
2026-07-24 05:13:34 | ERROR | trading.strategy2_live:_open_grid:657 | S2Live: failed to place limit order | {'symbol': 'ONUSDT', 'index': 1, 'price': 0.19, 'error': 'place_limit_order failed: retCode=110003 retMsg=price is invalid symbol=ONUSDT price=0.19 qty=535.52'}
2026-07-24 05:13:35 | ERROR | trading.strategy2_live:_open_grid:657 | S2Live: failed to place limit order | {'symbol': 'ONUSDT', 'index': 2, 'price': 0.18, 'error': 'place_limit_order failed: retCode=110003 retMsg=price is invalid symbol=ONUSDT price=0.18 qty=543.06'}
2026-07-24 05:13:35 | ERROR | trading.strategy2_live:_open_grid:657 | S2Live: failed to place limit order | {'symbol': 'ONUSDT', 'index': 1, 'price': 0.19, 'error': 'place_limit_order failed: retCode=110003 retMsg=price is invalid symbol=ONUSDT price=0.19 qty=535.52'}
2026-07-24 05:13:35 | ERROR | trading.strategy2_live:_open_grid:657 | S2Live: failed to place limit order | {'symbol': 'ONUSDT', 'index': 2, 'price': 0.18, 'error': 'place_limit_order failed: retCode=110003 retMsg=price is invalid symbol=ONUSDT price=0.18 qty=543.33'}
2026-07-24 05:13:39 | ERROR | trading.strategy2_live:_open_grid:657 | S2Live: failed to place limit order | {'symbol': 'ONUSDT', 'index': 1, 'price': 0.19, 'error': 'place_limit_order failed: retCode=110003 retMsg=price is invalid symbol=ONUSDT price=0.19 qty=535.52'}
2026-07-24 05:13:39 | ERROR | trading.strategy2_live:_open_grid:657 | S2Live: failed to place limit order | {'symbol': 'ONUSDT', 'index': 2, 'price': 0.18, 'error': 'place_limit_order failed: retCode=110003 retMsg=price is invalid symbol=ONUSDT price=0.18 qty=543.06'}
2026-07-24 05:13:44 | ERROR | trading.strategy2_live:_open_grid:657 | S2Live: failed to place limit order | {'symbol': 'ONUSDT', 'index': 1, 'price': 0.19, 'error': 'place_limit_order failed: retCode=110003 retMsg=price is invalid symbol=ONUSDT price=0.19 qty=535.52'}
2026-07-24 05:13:44 | ERROR | trading.strategy2_live:_open_grid:657 | S2Live: failed to place limit order | {'symbol': 'ONUSDT', 'index': 2, 'price': 0.18, 'error': 'place_limit_order failed: retCode=110003 retMsg=price is invalid symbol=ONUSDT price=0.18 qty=543.06'}
2026-07-24 05:13:49 | ERROR | trading.strategy2_live:_open_grid:657 | S2Live: failed to place limit order | {'symbol': 'ONUSDT', 'index': 1, 'price': 0.19, 'error': 'place_limit_order failed: retCode=110003 retMsg=price is invalid symbol=ONUSDT price=0.19 qty=535.52'}
2026-07-24 05:13:50 | ERROR | trading.strategy2_live:_open_grid:657 | S2Live: failed to place limit order | {'symbol': 'ONUSDT', 'index': 2, 'price': 0.18, 'error': 'place_limit_order failed: retCode=110003 retMsg=price is invalid symbol=ONUSDT price=0.18 qty=543.06'}
2026-07-24 05:13:50 | ERROR | trading.strategy2_live:_open_grid:657 | S2Live: failed to place limit order | {'symbol': 'ONUSDT', 'index': 1, 'price': 0.19, 'error': 'place_limit_order failed: retCode=110003 retMsg=price is invalid symbol=ONUSDT price=0.19 qty=535.52'}
2026-07-24 05:13:50 | ERROR | trading.strategy2_live:_open_grid:657 | S2Live: failed to place limit order | {'symbol': 'ONUSDT', 'index': 2, 'price': 0.18, 'error': 'place_limit_order failed: retCode=110003 retMsg=price is invalid symbol=ONUSDT price=0.18 qty=543.39'}
2026-07-24 05:13:54 | ERROR | trading.strategy2_live:_open_grid:657 | S2Live: failed to place limit order | {'symbol': 'ONUSDT', 'index': 1, 'price': 0.19, 'error': 'place_limit_order failed: retCode=110003 retMsg=price is invalid symbol=ONUSDT price=0.19 qty=535.52'}
2026-07-24 05:13:55 | ERROR | trading.strategy2_live:_open_grid:657 | S2Live: failed to place limit order | {'symbol': 'ONUSDT', 'index': 2, 'price': 0.18, 'error': 'place_limit_order failed: retCode=110003 retMsg=price is invalid symbol=ONUSDT price=0.18 qty=543.06'}
2026-07-24 05:14:00 | ERROR | trading.strategy2_live:_open_grid:657 | S2Live: failed to place limit order | {'symbol': 'ONUSDT', 'index': 1, 'price': 0.19, 'error': 'place_limit_order failed: retCode=110003 retMsg=price is invalid symbol=ONUSDT price=0.19 qty=535.52'}
2026-07-24 05:14:00 | ERROR | trading.strategy2_live:_open_grid:657 | S2Live: failed to place limit order | {'symbol': 'ONUSDT', 'index': 2, 'price': 0.18, 'error': 'place_limit_order failed: retCode=110003 retMsg=price is invalid symbol=ONUSDT price=0.18 qty=543.06'}
2026-07-24 05:14:05 | ERROR | trading.strategy2_live:_open_grid:657 | S2Live: failed to place limit order | {'symbol': 'ONUSDT', 'index': 1, 'price': 0.19, 'error': 'place_limit_order failed: retCode=110003 retMsg=price is invalid symbol=ONUSDT price=0.19 qty=535.52'}
2026-07-24 05:14:05 | ERROR | trading.strategy2_live:_open_grid:657 | S2Live: failed to place limit order | {'symbol': 'ONUSDT', 'index': 2, 'price': 0.18, 'error': 'place_limit_order failed: retCode=110003 retMsg=price is invalid symbol=ONUSDT price=0.18 qty=543.06'}
2026-07-24 05:14:06 | ERROR | trading.strategy2_live:_open_grid:657 | S2Live: failed to place limit order | {'symbol': 'ONUSDT', 'index': 1, 'price': 0.19, 'error': 'place_limit_order failed: retCode=110003 retMsg=price is invalid symbol=ONUSDT price=0.19 qty=535.52'}
2026-07-24 05:14:06 | ERROR | trading.strategy2_live:_open_grid:657 | S2Live: failed to place limit order | {'symbol': 'ONUSDT', 'index': 2, 'price': 0.18, 'error': 'place_limit_order failed: retCode=110003 retMsg=price is invalid symbol=ONUSDT price=0.18 qty=543.39'}
2026-07-24 05:14:10 | ERROR | trading.strategy2_live:_open_grid:657 | S2Live: failed to place limit order | {'symbol': 'ONUSDT', 'index': 1, 'price': 0.19, 'error': 'place_limit_order failed: retCode=110003 retMsg=price is invalid symbol=ONUSDT price=0.19 qty=535.52'}
2026-07-24 05:14:10 | ERROR | trading.strategy2_live:_open_grid:657 | S2Live: failed to place limit order | {'symbol': 'ONUSDT', 'index': 2, 'price': 0.18, 'error': 'place_limit_order failed: retCode=110003 retMsg=price is invalid symbol=ONUSDT price=0.18 qty=543.06'}
2026-07-24 05:14:15 | ERROR | trading.strategy2_live:_open_grid:657 | S2Live: failed to place limit order | {'symbol': 'ONUSDT', 'index': 1, 'price': 0.19, 'error': 'place_limit_order failed: retCode=110003 retMsg=price is invalid symbol=ONUSDT price=0.19 qty=535.52'}
2026-07-24 05:14:15 | ERROR | trading.strategy2_live:_open_grid:657 | S2Live: failed to place limit order | {'symbol': 'ONUSDT', 'index': 2, 'price': 0.18, 'error': 'place_limit_order failed: retCode=110003 retMsg=price is invalid symbol=ONUSDT price=0.18 qty=543.06'}
2026-07-24 05:14:20 | ERROR | trading.strategy2_live:_open_grid:657 | S2Live: failed to place limit order | {'symbol': 'ONUSDT', 'index': 1, 'price': 0.19, 'error': 'place_limit_order failed: retCode=110003 retMsg=price is invalid symbol=ONUSDT price=0.19 qty=535.52'}
2026-07-24 05:14:20 | ERROR | trading.strategy2_live:_open_grid:657 | S2Live: failed to place limit order | {'symbol': 'ONUSDT', 'index': 2, 'price': 0.18, 'error': 'place_limit_order failed: retCode=110003 retMsg=price is invalid symbol=ONUSDT price=0.18 qty=543.06'}
2026-07-24 05:14:21 | ERROR | trading.strategy2_live:_open_grid:657 | S2Live: failed to place limit order | {'symbol': 'ONUSDT', 'index': 1, 'price': 0.19, 'error': 'place_limit_order failed: retCode=110003 retMsg=price is invalid symbol=ONUSDT price=0.19 qty=535.52'}
2026-07-24 05:14:21 | ERROR | trading.strategy2_live:_open_grid:657 | S2Live: failed to place limit order | {'symbol': 'ONUSDT', 'index': 2, 'price': 0.18, 'error': 'place_limit_order failed: retCode=110003 retMsg=price is invalid symbol=ONUSDT price=0.18 qty=543.38'}
2026-07-24 05:14:25 | ERROR | trading.strategy2_live:_open_grid:657 | S2Live: failed to place limit order | {'symbol': 'ONUSDT', 'index': 1, 'price': 0.19, 'error': 'place_limit_order failed: retCode=110003 retMsg=price is invalid symbol=ONUSDT price=0.19 qty=535.52'}
2026-07-24 05:14:25 | ERROR | trading.strategy2_live:_open_grid:657 | S2Live: failed to place limit order | {'symbol': 'ONUSDT', 'index': 2, 'price': 0.18, 'error': 'place_limit_order failed: retCode=110003 retMsg=price is invalid symbol=ONUSDT price=0.18 qty=543.06'}
2026-07-24 05:14:30 | ERROR | trading.strategy2_live:_open_grid:657 | S2Live: failed to place limit order | {'symbol': 'ONUSDT', 'index': 1, 'price': 0.19, 'error': 'place_limit_order failed: retCode=110003 retMsg=price is invalid symbol=ONUSDT price=0.19 qty=535.52'}
2026-07-24 05:14:30 | ERROR | trading.strategy2_live:_open_grid:657 | S2Live: failed to place limit order | {'symbol': 'ONUSDT', 'index': 2, 'price': 0.18, 'error': 'place_limit_order failed: retCode=110003 retMsg=price is invalid symbol=ONUSDT price=0.18 qty=543.06'}
2026-07-24 05:14:35 | ERROR | trading.strategy2_live:_open_grid:657 | S2Live: failed to place limit order | {'symbol': 'ONUSDT', 'index': 1, 'price': 0.19, 'error': 'place_limit_order failed: retCode=110003 retMsg=price is invalid symbol=ONUSDT price=0.19 qty=535.52'}
2026-07-24 05:14:36 | ERROR | trading.strategy2_live:_open_grid:657 | S2Live: failed to place limit order | {'symbol': 'ONUSDT', 'index': 2, 'price': 0.18, 'error': 'place_limit_order failed: retCode=110003 retMsg=price is invalid symbol=ONUSDT price=0.18 qty=543.06'}
2026-07-24 05:14:36 | ERROR | trading.strategy2_live:_open_grid:657 | S2Live: failed to place limit order | {'symbol': 'ONUSDT', 'index': 1, 'price': 0.19, 'error': 'place_limit_order failed: retCode=110003 retMsg=price is invalid symbol=ONUSDT price=0.19 qty=535.52'}
2026-07-24 05:14:36 | ERROR | trading.strategy2_live:_open_grid:657 | S2Live: failed to place limit order | {'symbol': 'ONUSDT', 'index': 2, 'price': 0.18, 'error': 'place_limit_order failed: retCode=110003 retMsg=price is invalid symbol=ONUSDT price=0.18 qty=543.39'}
2026-07-24 05:14:40 | ERROR | trading.strategy2_live:_open_grid:657 | S2Live: failed to place limit order | {'symbol': 'ONUSDT', 'index': 1, 'price': 0.19, 'error': 'place_limit_order failed: retCode=110003 retMsg=price is invalid symbol=ONUSDT price=0.19 qty=535.52'}
2026-07-24 05:14:41 | ERROR | trading.strategy2_live:_open_grid:657 | S2Live: failed to place limit order | {'symbol': 'ONUSDT', 'index': 2, 'price': 0.18, 'error': 'place_limit_order failed: retCode=110003 retMsg=price is invalid symbol=ONUSDT price=0.18 qty=543.06'}
2026-07-24 05:14:46 | ERROR | trading.strategy2_live:_open_grid:657 | S2Live: failed to place limit order | {'symbol': 'ONUSDT', 'index': 1, 'price': 0.19, 'error': 'place_limit_order failed: retCode=110003 retMsg=price is invalid symbol=ONUSDT price=0.19 qty=535.52'}
2026-07-24 05:14:46 | ERROR | trading.strategy2_live:_open_grid:657 | S2Live: failed to place limit order | {'symbol': 'ONUSDT', 'index': 2, 'price': 0.18, 'error': 'place_limit_order failed: retCode=110003 retMsg=price is invalid symbol=ONUSDT price=0.18 qty=543.06'}
2026-07-24 05:14:51 | ERROR | trading.strategy2_live:_open_grid:657 | S2Live: failed to place limit order | {'symbol': 'ONUSDT', 'index': 1, 'price': 0.19, 'error': 'place_limit_order failed: retCode=110003 retMsg=price is invalid symbol=ONUSDT price=0.19 qty=535.52'}
2026-07-24 05:14:51 | ERROR | trading.strategy2_live:_open_grid:657 | S2Live: failed to place limit order | {'symbol': 'ONUSDT', 'index': 2, 'price': 0.18, 'error': 'place_limit_order failed: retCode=110003 retMsg=price is invalid symbol=ONUSDT price=0.18 qty=543.06'}
2026-07-24 05:14:52 | ERROR | trading.strategy2_live:_open_grid:657 | S2Live: failed to place limit order | {'symbol': 'ONUSDT', 'index': 1, 'price': 0.19, 'error': 'place_limit_order failed: retCode=110003 retMsg=price is invalid symbol=ONUSDT price=0.19 qty=535.52'}
2026-07-24 05:14:52 | ERROR | trading.strategy2_live:_open_grid:657 | S2Live: failed to place limit order | {'symbol': 'ONUSDT', 'index': 2, 'price': 0.18, 'error': 'place_limit_order failed: retCode=110003 retMsg=price is invalid symbol=ONUSDT price=0.18 qty=543.61'}
2026-07-24 05:14:56 | ERROR | trading.strategy2_live:_open_grid:657 | S2Live: failed to place limit order | {'symbol': 'ONUSDT', 'index': 1, 'price': 0.19, 'error': 'place_limit_order failed: retCode=110003 retMsg=price is invalid symbol=ONUSDT price=0.19 qty=535.52'}
2026-07-24 05:14:56 | ERROR | trading.strategy2_live:_open_grid:657 | S2Live: failed to place limit order | {'symbol': 'ONUSDT', 'index': 2, 'price': 0.18, 'error': 'place_limit_order failed: retCode=110003 retMsg=price is invalid symbol=ONUSDT price=0.18 qty=543.06'}
2026-07-24 05:15:01 | ERROR | trading.strategy2_live:_open_grid:657 | S2Live: failed to place limit order | {'symbol': 'ONUSDT', 'index': 1, 'price': 0.19, 'error': 'place_limit_order failed: retCode=110003 retMsg=price is invalid symbol=ONUSDT price=0.19 qty=535.52'}
2026-07-24 05:15:01 | ERROR | trading.strategy2_live:_open_grid:657 | S2Live: failed to place limit order | {'symbol': 'ONUSDT', 'index': 2, 'price': 0.18, 'error': 'place_limit_order failed: retCode=110003 retMsg=price is invalid symbol=ONUSDT price=0.18 qty=543.06'}
2026-07-24 05:15:07 | ERROR | trading.strategy2_live:_open_grid:657 | S2Live: failed to place limit order | {'symbol': 'ONUSDT', 'index': 1, 'price': 0.19, 'error': 'place_limit_order failed: retCode=110003 retMsg=price is invalid symbol=ONUSDT price=0.19 qty=535.52'}
2026-07-24 05:15:07 | ERROR | trading.strategy2_live:_open_grid:657 | S2Live: failed to place limit order | {'symbol': 'ONUSDT', 'index': 2, 'price': 0.18, 'error': 'place_limit_order failed: retCode=110003 retMsg=price is invalid symbol=ONUSDT price=0.18 qty=543.06'}
2026-07-24 05:15:08 | ERROR | trading.strategy2_live:_open_grid:657 | S2Live: failed to place limit order | {'symbol': 'ONUSDT', 'index': 1, 'price': 0.19, 'error': 'place_limit_order failed: retCode=110003 retMsg=price is invalid symbol=ONUSDT price=0.19 qty=535.52'}
2026-07-24 05:15:08 | ERROR | trading.strategy2_live:_open_grid:657 | S2Live: failed to place limit order | {'symbol': 'ONUSDT', 'index': 2, 'price': 0.18, 'error': 'place_limit_order failed: retCode=110003 retMsg=price is invalid symbol=ONUSDT price=0.18 qty=543.61'}
2026-07-24 05:15:11 | ERROR | trading.strategy2_live:_open_grid:657 | S2Live: failed to place limit order | {'symbol': 'ONUSDT', 'index': 1, 'price': 0.19, 'error': 'place_limit_order failed: retCode=110003 retMsg=price is invalid symbol=ONUSDT price=0.19 qty=535.52'}
2026-07-24 05:15:11 | ERROR | trading.strategy2_live:_open_grid:657 | S2Live: failed to place limit order | {'symbol': 'ONUSDT', 'index': 2, 'price': 0.18, 'error': 'place_limit_order failed: retCode=110003 retMsg=price is invalid symbol=ONUSDT price=0.18 qty=543.06'}
2026-07-24 05:15:16 | ERROR | trading.strategy2_live:_open_grid:657 | S2Live: failed to place limit order | {'symbol': 'ONUSDT', 'index': 1, 'price': 0.19, 'error': 'place_limit_order failed: retCode=110003 retMsg=price is invalid symbol=ONUSDT price=0.19 qty=535.52'}
2026-07-24 05:15:16 | ERROR | trading.strategy2_live:_open_grid:657 | S2Live: failed to place limit order | {'symbol': 'ONUSDT', 'index': 2, 'price': 0.18, 'error': 'place_limit_order failed: retCode=110003 retMsg=price is invalid symbol=ONUSDT price=0.18 qty=543.06'}
2026-07-24 05:15:21 | ERROR | trading.strategy2_live:_open_grid:657 | S2Live: failed to place limit order | {'symbol': 'ONUSDT', 'index': 1, 'price': 0.19, 'error': 'place_limit_order failed: retCode=110003 retMsg=price is invalid symbol=ONUSDT price=0.19 qty=535.52'}
2026-07-24 05:15:22 | ERROR | trading.strategy2_live:_open_grid:657 | S2Live: failed to place limit order | {'symbol': 'ONUSDT', 'index': 2, 'price': 0.18, 'error': 'place_limit_order failed: retCode=110003 retMsg=price is invalid symbol=ONUSDT price=0.18 qty=543.06'}
2026-07-24 05:15:22 | ERROR | trading.strategy2_live:_open_grid:657 | S2Live: failed to place limit order | {'symbol': 'ONUSDT', 'index': 1, 'price': 0.19, 'error': 'place_limit_order failed: retCode=110003 retMsg=price is invalid symbol=ONUSDT price=0.19 qty=535.52'}
2026-07-24 05:15:23 | ERROR | trading.strategy2_live:_open_grid:657 | S2Live: failed to place limit order | {'symbol': 'ONUSDT', 'index': 2, 'price': 0.18, 'error': 'place_limit_order failed: retCode=110003 retMsg=price is invalid symbol=ONUSDT price=0.18 qty=542.1'}
2026-07-24 05:15:27 | ERROR | trading.strategy2_live:_open_grid:657 | S2Live: failed to place limit order | {'symbol': 'ONUSDT', 'index': 1, 'price': 0.19, 'error': 'place_limit_order failed: retCode=110003 retMsg=price is invalid symbol=ONUSDT price=0.19 qty=535.52'}
2026-07-24 05:15:27 | ERROR | trading.strategy2_live:_open_grid:657 | S2Live: failed to place limit order | {'symbol': 'ONUSDT', 'index': 2, 'price': 0.18, 'error': 'place_limit_order failed: retCode=110003 retMsg=price is invalid symbol=ONUSDT price=0.18 qty=543.06'}
2026-07-24 05:15:32 | ERROR | trading.strategy2_live:_open_grid:657 | S2Live: failed to place limit order | {'symbol': 'ONUSDT', 'index': 1, 'price': 0.19, 'error': 'place_limit_order failed: retCode=110003 retMsg=price is invalid symbol=ONUSDT price=0.19 qty=535.52'}
2026-07-24 05:15:32 | ERROR | trading.strategy2_live:_open_grid:657 | S2Live: failed to place limit order | {'symbol': 'ONUSDT', 'index': 2, 'price': 0.18, 'error': 'place_limit_order failed: retCode=110003 retMsg=price is invalid symbol=ONUSDT price=0.18 qty=543.06'}
2026-07-24 05:15:37 | ERROR | trading.strategy2_live:_open_grid:657 | S2Live: failed to place limit order | {'symbol': 'ONUSDT', 'index': 1, 'price': 0.19, 'error': 'place_limit_order failed: retCode=110003 retMsg=price is invalid symbol=ONUSDT price=0.19 qty=535.52'}
2026-07-24 05:15:37 | ERROR | trading.strategy2_live:_open_grid:657 | S2Live: failed to place limit order | {'symbol': 'ONUSDT', 'index': 2, 'price': 0.18, 'error': 'place_limit_order failed: retCode=110003 retMsg=price is invalid symbol=ONUSDT price=0.18 qty=543.06'}
2026-07-24 05:15:38 | ERROR | trading.strategy2_live:_open_grid:657 | S2Live: failed to place limit order | {'symbol': 'ONUSDT', 'index': 1, 'price': 0.19, 'error': 'place_limit_order failed: retCode=110003 retMsg=price is invalid symbol=ONUSDT price=0.19 qty=535.52'}
2026-07-24 05:15:38 | ERROR | trading.strategy2_live:_open_grid:657 | S2Live: failed to place limit order | {'symbol': 'ONUSDT', 'index': 2, 'price': 0.18, 'error': 'place_limit_order failed: retCode=110003 retMsg=price is invalid symbol=ONUSDT price=0.18 qty=542.17'}
2026-07-24 05:15:42 | ERROR | trading.strategy2_live:_open_grid:657 | S2Live: failed to place limit order | {'symbol': 'ONUSDT', 'index': 1, 'price': 0.19, 'error': 'place_limit_order failed: retCode=110003 retMsg=price is invalid symbol=ONUSDT price=0.19 qty=535.52'}
2026-07-24 05:15:42 | ERROR | trading.strategy2_live:_open_grid:657 | S2Live: failed to place limit order | {'symbol': 'ONUSDT', 'index': 2, 'price': 0.18, 'error': 'place_limit_order failed: retCode=110003 retMsg=price is invalid symbol=ONUSDT price=0.18 qty=543.06'}
2026-07-24 05:15:47 | ERROR | trading.strategy2_live:_open_grid:657 | S2Live: failed to place limit order | {'symbol': 'ONUSDT', 'index': 1, 'price': 0.19, 'error': 'place_limit_order failed: retCode=110003 retMsg=price is invalid symbol=ONUSDT price=0.19 qty=535.52'}
2026-07-24 05:15:47 | ERROR | trading.strategy2_live:_open_grid:657 | S2Live: failed to place limit order | {'symbol': 'ONUSDT', 'index': 2, 'price': 0.18, 'error': 'place_limit_order failed: retCode=110003 retMsg=price is invalid symbol=ONUSDT price=0.18 qty=543.06'}
2026-07-24 05:15:52 | ERROR | trading.strategy2_live:_open_grid:657 | S2Live: failed to place limit order | {'symbol': 'ONUSDT', 'index': 1, 'price': 0.19, 'error': 'place_limit_order failed: retCode=110003 retMsg=price is invalid symbol=ONUSDT price=0.19 qty=535.52'}
2026-07-24 05:15:52 | ERROR | trading.strategy2_live:_open_grid:657 | S2Live: failed to place limit order | {'symbol': 'ONUSDT', 'index': 2, 'price': 0.18, 'error': 'place_limit_order failed: retCode=110003 retMsg=price is invalid symbol=ONUSDT price=0.18 qty=543.06'}
2026-07-24 05:15:53 | ERROR | trading.strategy2_live:_open_grid:657 | S2Live: failed to place limit order | {'symbol': 'ONUSDT', 'index': 1, 'price': 0.19, 'error': 'place_limit_order failed: retCode=110003 retMsg=price is invalid symbol=ONUSDT price=0.19 qty=535.52'}
2026-07-24 05:15:53 | ERROR | trading.strategy2_live:_open_grid:657 | S2Live: failed to place limit order | {'symbol': 'ONUSDT', 'index': 2, 'price': 0.18, 'error': 'place_limit_order failed: retCode=110003 retMsg=price is invalid symbol=ONUSDT price=0.18 qty=542.17'}
2026-07-24 05:15:57 | ERROR | trading.strategy2_live:_open_grid:657 | S2Live: failed to place limit order | {'symbol': 'ONUSDT', 'index': 1, 'price': 0.19, 'error': 'place_limit_order failed: retCode=110003 retMsg=price is invalid symbol=ONUSDT price=0.19 qty=535.52'}
2026-07-24 05:15:57 | ERROR | trading.strategy2_live:_open_grid:657 | S2Live: failed to place limit order | {'symbol': 'ONUSDT', 'index': 2, 'price': 0.18, 'error': 'place_limit_order failed: retCode=110003 retMsg=price is invalid symbol=ONUSDT price=0.18 qty=543.06'}
2026-07-24 05:16:02 | ERROR | trading.strategy2_live:_open_grid:657 | S2Live: failed to place limit order | {'symbol': 'ONUSDT', 'index': 1, 'price': 0.19, 'error': 'place_limit_order failed: retCode=110003 retMsg=price is invalid symbol=ONUSDT price=0.19 qty=535.52'}
2026-07-24 05:16:02 | ERROR | trading.strategy2_live:_open_grid:657 | S2Live: failed to place limit order | {'symbol': 'ONUSDT', 'index': 2, 'price': 0.18, 'error': 'place_limit_order failed: retCode=110003 retMsg=price is invalid symbol=ONUSDT price=0.18 qty=543.06'}
2026-07-24 05:16:07 | ERROR | trading.strategy2_live:_open_grid:657 | S2Live: failed to place limit order | {'symbol': 'ONUSDT', 'index': 1, 'price': 0.19, 'error': 'place_limit_order failed: retCode=110003 retMsg=price is invalid symbol=ONUSDT price=0.19 qty=535.52'}
2026-07-24 05:16:08 | ERROR | trading.strategy2_live:_open_grid:657 | S2Live: failed to place limit order | {'symbol': 'ONUSDT', 'index': 2, 'price': 0.18, 'error': 'place_limit_order failed: retCode=110003 retMsg=price is invalid symbol=ONUSDT price=0.18 qty=543.06'}
2026-07-24 05:16:08 | ERROR | trading.strategy2_live:_open_grid:657 | S2Live: failed to place limit order | {'symbol': 'ONUSDT', 'index': 1, 'price': 0.19, 'error': 'place_limit_order failed: retCode=110003 retMsg=price is invalid symbol=ONUSDT price=0.19 qty=535.52'}
2026-07-24 05:16:08 | ERROR | trading.strategy2_live:_open_grid:657 | S2Live: failed to place limit order | {'symbol': 'ONUSDT', 'index': 2, 'price': 0.18, 'error': 'place_limit_order failed: retCode=110003 retMsg=price is invalid symbol=ONUSDT price=0.18 qty=542.17'}
2026-07-24 05:16:13 | ERROR | trading.strategy2_live:_open_grid:657 | S2Live: failed to place limit order | {'symbol': 'ONUSDT', 'index': 1, 'price': 0.19, 'error': 'place_limit_order failed: retCode=110003 retMsg=price is invalid symbol=ONUSDT price=0.19 qty=535.52'}
2026-07-24 05:16:13 | ERROR | trading.strategy2_live:_open_grid:657 | S2Live: failed to place limit order | {'symbol': 'ONUSDT', 'index': 2, 'price': 0.18, 'error': 'place_limit_order failed: retCode=110003 retMsg=price is invalid symbol=ONUSDT price=0.18 qty=543.06'}
2026-07-24 05:16:18 | ERROR | trading.strategy2_live:_open_grid:657 | S2Live: failed to place limit order | {'symbol': 'ONUSDT', 'index': 1, 'price': 0.19, 'error': 'place_limit_order failed: retCode=110003 retMsg=price is invalid symbol=ONUSDT price=0.19 qty=535.52'}
2026-07-24 05:16:18 | ERROR | trading.strategy2_live:_open_grid:657 | S2Live: failed to place limit order | {'symbol': 'ONUSDT', 'index': 2, 'price': 0.18, 'error': 'place_limit_order failed: retCode=110003 retMsg=price is invalid symbol=ONUSDT price=0.18 qty=543.06'}
2026-07-24 05:16:23 | ERROR | trading.strategy2_live:_open_grid:657 | S2Live: failed to place limit order | {'symbol': 'ONUSDT', 'index': 1, 'price': 0.19, 'error': 'place_limit_order failed: retCode=110003 retMsg=price is invalid symbol=ONUSDT price=0.19 qty=535.52'}
2026-07-24 05:16:23 | ERROR | trading.strategy2_live:_open_grid:657 | S2Live: failed to place limit order | {'symbol': 'ONUSDT', 'index': 2, 'price': 0.18, 'error': 'place_limit_order failed: retCode=110003 retMsg=price is invalid symbol=ONUSDT price=0.18 qty=542.12'}
2026-07-24 05:16:24 | ERROR | trading.strategy2_live:_open_grid:657 | S2Live: failed to place limit order | {'symbol': 'ONUSDT', 'index': 1, 'price': 0.19, 'error': 'place_limit_order failed: retCode=110003 retMsg=price is invalid symbol=ONUSDT price=0.19 qty=535.52'}
2026-07-24 05:16:24 | ERROR | trading.strategy2_live:_open_grid:657 | S2Live: failed to place limit order | {'symbol': 'ONUSDT', 'index': 2, 'price': 0.18, 'error': 'place_limit_order failed: retCode=110003 retMsg=price is invalid symbol=ONUSDT price=0.18 qty=542.12'}
2026-07-24 05:16:28 | ERROR | trading.strategy2_live:_open_grid:657 | S2Live: failed to place limit order | {'symbol': 'ONUSDT', 'index': 1, 'price': 0.19, 'error': 'place_limit_order failed: retCode=110003 retMsg=price is invalid symbol=ONUSDT price=0.19 qty=535.52'}
2026-07-24 05:16:28 | ERROR | trading.strategy2_live:_open_grid:657 | S2Live: failed to place limit order | {'symbol': 'ONUSDT', 'index': 2, 'price': 0.18, 'error': 'place_limit_order failed: retCode=110003 retMsg=price is invalid symbol=ONUSDT price=0.18 qty=542.12'}
2026-07-24 05:16:33 | ERROR | trading.strategy2_live:_open_grid:657 | S2Live: failed to place limit order | {'symbol': 'ONUSDT', 'index': 1, 'price': 0.19, 'error': 'place_limit_order failed: retCode=110003 retMsg=price is invalid symbol=ONUSDT price=0.19 qty=535.52'}
2026-07-24 05:16:33 | ERROR | trading.strategy2_live:_open_grid:657 | S2Live: failed to place limit order | {'symbol': 'ONUSDT', 'index': 2, 'price': 0.18, 'error': 'place_limit_order failed: retCode=110003 retMsg=price is invalid symbol=ONUSDT price=0.18 qty=542.12'}
2026-07-24 05:16:38 | ERROR | trading.strategy2_live:_open_grid:657 | S2Live: failed to place limit order | {'symbol': 'ONUSDT', 'index': 1, 'price': 0.19, 'error': 'place_limit_order failed: retCode=110003 retMsg=price is invalid symbol=ONUSDT price=0.19 qty=535.52'}
2026-07-24 05:16:38 | ERROR | trading.strategy2_live:_open_grid:657 | S2Live: failed to place limit order | {'symbol': 'ONUSDT', 'index': 2, 'price': 0.18, 'error': 'place_limit_order failed: retCode=110003 retMsg=price is invalid symbol=ONUSDT price=0.18 qty=542.12'}
2026-07-24 05:16:39 | ERROR | trading.strategy2_live:_open_grid:657 | S2Live: failed to place limit order | {'symbol': 'ONUSDT', 'index': 1, 'price': 0.19, 'error': 'place_limit_order failed: retCode=110003 retMsg=price is invalid symbol=ONUSDT price=0.19 qty=535.52'}
2026-07-24 05:16:39 | ERROR | trading.strategy2_live:_open_grid:657 | S2Live: failed to place limit order | {'symbol': 'ONUSDT', 'index': 2, 'price': 0.18, 'error': 'place_limit_order failed: retCode=110003 retMsg=price is invalid symbol=ONUSDT price=0.18 qty=542.12'}
2026-07-24 05:16:43 | ERROR | trading.strategy2_live:_open_grid:657 | S2Live: failed to place limit order | {'symbol': 'ONUSDT', 'index': 1, 'price': 0.19, 'error': 'place_limit_order failed: retCode=110003 retMsg=price is invalid symbol=ONUSDT price=0.19 qty=535.52'}
2026-07-24 05:16:44 | ERROR | trading.strategy2_live:_open_grid:657 | S2Live: failed to place limit order | {'symbol': 'ONUSDT', 'index': 2, 'price': 0.18, 'error': 'place_limit_order failed: retCode=110003 retMsg=price is invalid symbol=ONUSDT price=0.18 qty=542.12'}
2026-07-24 05:16:48 | ERROR | trading.strategy2_live:_open_grid:657 | S2Live: failed to place limit order | {'symbol': 'ONUSDT', 'index': 1, 'price': 0.19, 'error': 'place_limit_order failed: retCode=110003 retMsg=price is invalid symbol=ONUSDT price=0.19 qty=535.52'}
2026-07-24 05:16:48 | ERROR | trading.strategy2_live:_open_grid:657 | S2Live: failed to place limit order | {'symbol': 'ONUSDT', 'index': 2, 'price': 0.18, 'error': 'place_limit_order failed: retCode=110003 retMsg=price is invalid symbol=ONUSDT price=0.18 qty=542.12'}
2026-07-24 05:16:53 | ERROR | trading.strategy2_live:_open_grid:657 | S2Live: failed to place limit order | {'symbol': 'ONUSDT', 'index': 1, 'price': 0.19, 'error': 'place_limit_order failed: retCode=110003 retMsg=price is invalid symbol=ONUSDT price=0.19 qty=535.52'}
2026-07-24 05:16:54 | ERROR | trading.strategy2_live:_open_grid:657 | S2Live: failed to place limit order | {'symbol': 'ONUSDT', 'index': 2, 'price': 0.18, 'error': 'place_limit_order failed: retCode=110003 retMsg=price is invalid symbol=ONUSDT price=0.18 qty=542.12'}
2026-07-24 05:16:54 | ERROR | trading.strategy2_live:_open_grid:657 | S2Live: failed to place limit order | {'symbol': 'ONUSDT', 'index': 1, 'price': 0.19, 'error': 'place_limit_order failed: retCode=110003 retMsg=price is invalid symbol=ONUSDT price=0.19 qty=535.52'}
2026-07-24 05:16:55 | ERROR | trading.strategy2_live:_open_grid:657 | S2Live: failed to place limit order | {'symbol': 'ONUSDT', 'index': 2, 'price': 0.18, 'error': 'place_limit_order failed: retCode=110003 retMsg=price is invalid symbol=ONUSDT price=0.18 qty=542.21'}
2026-07-24 05:17:14 | ERROR | trading.strategy2_live:_open_grid:657 | S2Live: failed to place limit order | {'symbol': 'ONUSDT', 'index': 1, 'price': 0.19, 'error': 'place_limit_order failed: retCode=110003 retMsg=price is invalid symbol=ONUSDT price=0.19 qty=535.52'}
2026-07-24 05:17:14 | ERROR | trading.strategy2_live:_open_grid:657 | S2Live: failed to place limit order | {'symbol': 'ONUSDT', 'index': 2, 'price': 0.18, 'error': 'place_limit_order failed: retCode=110003 retMsg=price is invalid symbol=ONUSDT price=0.18 qty=542.12'}
2026-07-24 05:17:19 | ERROR | trading.strategy2_live:_open_grid:657 | S2Live: failed to place limit order | {'symbol': 'ONUSDT', 'index': 1, 'price': 0.19, 'error': 'place_limit_order failed: retCode=110003 retMsg=price is invalid symbol=ONUSDT price=0.19 qty=535.52'}
2026-07-24 05:17:19 | ERROR | trading.strategy2_live:_open_grid:657 | S2Live: failed to place limit order | {'symbol': 'ONUSDT', 'index': 2, 'price': 0.18, 'error': 'place_limit_order failed: retCode=110003 retMsg=price is invalid symbol=ONUSDT price=0.18 qty=542.12'}
2026-07-24 05:24:44 | ERROR | trading.strategy2_live:_open_grid:657 | S2Live: failed to place limit order | {'symbol': 'ONUSDT', 'index': 1, 'price': 0.19, 'error': 'place_limit_order failed: retCode=110003 retMsg=price is invalid symbol=ONUSDT price=0.19 qty=535.52'}
2026-07-24 05:24:44 | ERROR | trading.strategy2_live:_open_grid:657 | S2Live: failed to place limit order | {'symbol': 'ONUSDT', 'index': 2, 'price': 0.18, 'error': 'place_limit_order failed: retCode=110003 retMsg=price is invalid symbol=ONUSDT price=0.18 qty=541.89'}
2026-07-24 05:24:49 | ERROR | trading.strategy2_live:_open_grid:657 | S2Live: failed to place limit order | {'symbol': 'ONUSDT', 'index': 1, 'price': 0.19, 'error': 'place_limit_order failed: retCode=110003 retMsg=price is invalid symbol=ONUSDT price=0.19 qty=535.52'}
2026-07-24 05:24:49 | ERROR | trading.strategy2_live:_open_grid:657 | S2Live: failed to place limit order | {'symbol': 'ONUSDT', 'index': 2, 'price': 0.18, 'error': 'place_limit_order failed: retCode=110003 retMsg=price is invalid symbol=ONUSDT price=0.18 qty=541.89'}
2026-07-24 05:24:50 | ERROR | trading.strategy2_live:_open_grid:657 | S2Live: failed to place limit order | {'symbol': 'ONUSDT', 'index': 1, 'price': 0.19, 'error': 'place_limit_order failed: retCode=110003 retMsg=price is invalid symbol=ONUSDT price=0.19 qty=535.52'}
2026-07-24 05:24:50 | ERROR | trading.strategy2_live:_open_grid:657 | S2Live: failed to place limit order | {'symbol': 'ONUSDT', 'index': 2, 'price': 0.18, 'error': 'place_limit_order failed: retCode=110003 retMsg=price is invalid symbol=ONUSDT price=0.18 qty=542.63'}
2026-07-24 05:24:54 | ERROR | trading.strategy2_live:_open_grid:657 | S2Live: failed to place limit order | {'symbol': 'ONUSDT', 'index': 1, 'price': 0.19, 'error': 'place_limit_order failed: retCode=110003 retMsg=price is invalid symbol=ONUSDT price=0.19 qty=535.52'}
2026-07-24 05:24:54 | ERROR | trading.strategy2_live:_open_grid:657 | S2Live: failed to place limit order | {'symbol': 'ONUSDT', 'index': 2, 'price': 0.18, 'error': 'place_limit_order failed: retCode=110003 retMsg=price is invalid symbol=ONUSDT price=0.18 qty=541.89'}
2026-07-24 05:24:59 | ERROR | trading.strategy2_live:_open_grid:657 | S2Live: failed to place limit order | {'symbol': 'ONUSDT', 'index': 1, 'price': 0.19, 'error': 'place_limit_order failed: retCode=110003 retMsg=price is invalid symbol=ONUSDT price=0.19 qty=535.52'}
2026-07-24 05:24:59 | ERROR | trading.strategy2_live:_open_grid:657 | S2Live: failed to place limit order | {'symbol': 'ONUSDT', 'index': 2, 'price': 0.18, 'error': 'place_limit_order failed: retCode=110003 retMsg=price is invalid symbol=ONUSDT price=0.18 qty=541.89'}
2026-07-24 05:25:04 | ERROR | trading.strategy2_live:_open_grid:657 | S2Live: failed to place limit order | {'symbol': 'ONUSDT', 'index': 1, 'price': 0.19, 'error': 'place_limit_order failed: retCode=110003 retMsg=price is invalid symbol=ONUSDT price=0.19 qty=535.52'}
2026-07-24 05:25:04 | ERROR | trading.strategy2_live:_open_grid:657 | S2Live: failed to place limit order | {'symbol': 'ONUSDT', 'index': 2, 'price': 0.18, 'error': 'place_limit_order failed: retCode=110003 retMsg=price is invalid symbol=ONUSDT price=0.18 qty=541.89'}
2026-07-24 05:25:05 | ERROR | trading.strategy2_live:_open_grid:657 | S2Live: failed to place limit order | {'symbol': 'ONUSDT', 'index': 1, 'price': 0.19, 'error': 'place_limit_order failed: retCode=110003 retMsg=price is invalid symbol=ONUSDT price=0.19 qty=535.52'}
2026-07-24 05:25:05 | ERROR | trading.strategy2_live:_open_grid:657 | S2Live: failed to place limit order | {'symbol': 'ONUSDT', 'index': 2, 'price': 0.18, 'error': 'place_limit_order failed: retCode=110003 retMsg=price is invalid symbol=ONUSDT price=0.18 qty=542.63'}
2026-07-24 05:25:09 | ERROR | trading.strategy2_live:_open_grid:657 | S2Live: failed to place limit order | {'symbol': 'ONUSDT', 'index': 1, 'price': 0.19, 'error': 'place_limit_order failed: retCode=110003 retMsg=price is invalid symbol=ONUSDT price=0.19 qty=535.52'}
2026-07-24 05:25:10 | ERROR | trading.strategy2_live:_open_grid:657 | S2Live: failed to place limit order | {'symbol': 'ONUSDT', 'index': 2, 'price': 0.18, 'error': 'place_limit_order failed: retCode=110003 retMsg=price is invalid symbol=ONUSDT price=0.18 qty=541.89'}
2026-07-24 05:25:14 | ERROR | trading.strategy2_live:_open_grid:657 | S2Live: failed to place limit order | {'symbol': 'ONUSDT', 'index': 1, 'price': 0.19, 'error': 'place_limit_order failed: retCode=110003 retMsg=price is invalid symbol=ONUSDT price=0.19 qty=535.52'}
2026-07-24 05:25:15 | ERROR | trading.strategy2_live:_open_grid:657 | S2Live: failed to place limit order | {'symbol': 'ONUSDT', 'index': 2, 'price': 0.18, 'error': 'place_limit_order failed: retCode=110003 retMsg=price is invalid symbol=ONUSDT price=0.18 qty=541.89'}
2026-07-24 05:25:20 | ERROR | trading.strategy2_live:_open_grid:657 | S2Live: failed to place limit order | {'symbol': 'ONUSDT', 'index': 1, 'price': 0.19, 'error': 'place_limit_order failed: retCode=110003 retMsg=price is invalid symbol=ONUSDT price=0.19 qty=535.52'}
2026-07-24 05:25:20 | ERROR | trading.strategy2_live:_open_grid:657 | S2Live: failed to place limit order | {'symbol': 'ONUSDT', 'index': 2, 'price': 0.18, 'error': 'place_limit_order failed: retCode=110003 retMsg=price is invalid symbol=ONUSDT price=0.18 qty=541.89'}
2026-07-24 05:25:20 | ERROR | trading.strategy2_live:_open_grid:657 | S2Live: failed to place limit order | {'symbol': 'ONUSDT', 'index': 1, 'price': 0.19, 'error': 'place_limit_order failed: retCode=110003 retMsg=price is invalid symbol=ONUSDT price=0.19 qty=535.52'}
2026-07-24 05:25:21 | ERROR | trading.strategy2_live:_open_grid:657 | S2Live: failed to place limit order | {'symbol': 'ONUSDT', 'index': 2, 'price': 0.18, 'error': 'place_limit_order failed: retCode=110003 retMsg=price is invalid symbol=ONUSDT price=0.18 qty=542.53'}
2026-07-24 05:25:25 | ERROR | trading.strategy2_live:_open_grid:657 | S2Live: failed to place limit order | {'symbol': 'ONUSDT', 'index': 1, 'price': 0.19, 'error': 'place_limit_order failed: retCode=110003 retMsg=price is invalid symbol=ONUSDT price=0.19 qty=535.52'}
2026-07-24 05:25:25 | ERROR | trading.strategy2_live:_open_grid:657 | S2Live: failed to place limit order | {'symbol': 'ONUSDT', 'index': 2, 'price': 0.18, 'error': 'place_limit_order failed: retCode=110003 retMsg=price is invalid symbol=ONUSDT price=0.18 qty=541.89'}
2026-07-24 05:25:30 | ERROR | trading.strategy2_live:_open_grid:657 | S2Live: failed to place limit order | {'symbol': 'ONUSDT', 'index': 1, 'price': 0.19, 'error': 'place_limit_order failed: retCode=110003 retMsg=price is invalid symbol=ONUSDT price=0.19 qty=535.52'}
2026-07-24 05:25:30 | ERROR | trading.strategy2_live:_open_grid:657 | S2Live: failed to place limit order | {'symbol': 'ONUSDT', 'index': 2, 'price': 0.18, 'error': 'place_limit_order failed: retCode=110003 retMsg=price is invalid symbol=ONUSDT price=0.18 qty=541.89'}
2026-07-24 05:25:35 | ERROR | trading.strategy2_live:_open_grid:657 | S2Live: failed to place limit order | {'symbol': 'ONUSDT', 'index': 1, 'price': 0.19, 'error': 'place_limit_order failed: retCode=110003 retMsg=price is invalid symbol=ONUSDT price=0.19 qty=535.52'}
2026-07-24 05:25:35 | ERROR | trading.strategy2_live:_open_grid:657 | S2Live: failed to place limit order | {'symbol': 'ONUSDT', 'index': 2, 'price': 0.18, 'error': 'place_limit_order failed: retCode=110003 retMsg=price is invalid symbol=ONUSDT price=0.18 qty=541.89'}
2026-07-24 05:25:36 | ERROR | trading.strategy2_live:_open_grid:657 | S2Live: failed to place limit order | {'symbol': 'ONUSDT', 'index': 1, 'price': 0.19, 'error': 'place_limit_order failed: retCode=110003 retMsg=price is invalid symbol=ONUSDT price=0.19 qty=535.52'}
2026-07-24 05:25:36 | ERROR | trading.strategy2_live:_open_grid:657 | S2Live: failed to place limit order | {'symbol': 'ONUSDT', 'index': 2, 'price': 0.18, 'error': 'place_limit_order failed: retCode=110003 retMsg=price is invalid symbol=ONUSDT price=0.18 qty=542.53'}
2026-07-24 05:25:40 | ERROR | trading.strategy2_live:_open_grid:657 | S2Live: failed to place limit order | {'symbol': 'ONUSDT', 'index': 1, 'price': 0.19, 'error': 'place_limit_order failed: retCode=110003 retMsg=price is invalid symbol=ONUSDT price=0.19 qty=535.52'}
2026-07-24 05:25:40 | ERROR | trading.strategy2_live:_open_grid:657 | S2Live: failed to place limit order | {'symbol': 'ONUSDT', 'index': 2, 'price': 0.18, 'error': 'place_limit_order failed: retCode=110003 retMsg=price is invalid symbol=ONUSDT price=0.18 qty=541.89'}
2026-07-24 06:08:13 | ERROR | trading.strategy2_live:_open_grid:787 | S2Live: failed to place SL order | {'symbol': 'LAUSDT', 'trade_id': 'b1bc6785-a649-47a2-9006-fa13cbb883fb', 'error': 'place_stop_market_order failed: retCode=10001 retMsg=Qty invalid symbol=LAUSDT trigger=0.06491'}
2026-07-24 08:04:25 | WARNING | trading.strategy5_live:_finalize_closed:340 | S5Live: no executions, PnL estimated | {'trade_id': '0788c45a-f341-4087-a520-8feb18bd9757', 'exec_count': 1, 'exec_err': None, 'buy_qty': 39900.0, 'sell_qty': 0.0}
2026-07-24 09:23:28 | ERROR | trading.strategy2_live:_open_grid:787 | S2Live: failed to place SL order | {'symbol': 'LAUSDT', 'trade_id': '300f0a2c-cf12-453d-a5ce-f3057aab43f1', 'error': 'place_stop_market_order failed: retCode=10001 retMsg=Qty invalid symbol=LAUSDT trigger=0.06508'}
2026-07-24 10:04:41 | WARNING | trading.bybit_client:cancel_order:247 | bybit cancel_order unexpected response | {'symbol': 'LAUSDT', 'order_id': '464b2fa0-0a3d-4b14-af9a-1a21488169f5', 'resp': {'retCode': 110001, 'retMsg': 'order not exists or too late to cancel', 'result': {}, 'retExtInfo': {}, 'time': 1784887480979}}
2026-07-24 10:36:44 | ERROR | trading.strategy5_live:_replace_sl:292 | S5Live: replace SL failed — position may be unprotected | {'trade_id': 'c8550ea6-82f7-45f8-bb68-db21ee4ac111', 'symbol': 'AKEUSDT', 'error': 'S5 place_stop_market_order failed: retCode=110093 retMsg=expect Falling, but trigger_price[253840] >= current[253830]??LastPrice symbol=AKEUSDT trigger=0.0025384'}
