2026-07-22 10:50:01 | ERROR | __main__:_startup_monitoring:1665 | Error starting monitoring for symbol on startup | {'symbol': '➖ УБРАТЬUSDT', 'error': 'APIError(code=-1121): Invalid symbol.'}
Traceback (most recent call last):

  File "/root/crypto_bot/main.py", line 2007, in <module>
    asyncio.run(main())
    │       │   └ <function main at 0x7241de460a40>
    │       └ <function run at 0x7241e1d5c680>
    └ <module 'asyncio' from '/usr/lib/python3.12/asyncio/__init__.py'>

  File "/usr/lib/python3.12/asyncio/runners.py", line 194, in run
    return runner.run(main)
           │      │   └ <coroutine object main at 0x7241dd841e40>
           │      └ <function Runner.run at 0x7241e0e57ce0>
           └ <asyncio.runners.Runner object at 0x7241dd8af590>
  File "/usr/lib/python3.12/asyncio/runners.py", line 118, in run
    return self._loop.run_until_complete(task)
           │    │     │                  └ <Task pending name='Task-1' coro=<main() running at /root/crypto_bot/main.py:1988> wait_for=<_GatheringFuture pending cb=[Tas...
           │    │     └ <function BaseEventLoop.run_until_complete at 0x7241e0e55940>
           │    └ <_UnixSelectorEventLoop running=True closed=False debug=False>
           └ <asyncio.runners.Runner object at 0x7241dd8af590>
  File "/usr/lib/python3.12/asyncio/base_events.py", line 674, in run_until_complete
    self.run_forever()
    │    └ <function BaseEventLoop.run_forever at 0x7241e0e558a0>
    └ <_UnixSelectorEventLoop running=True closed=False debug=False>
  File "/usr/lib/python3.12/asyncio/base_events.py", line 641, in run_forever
    self._run_once()
    │    └ <function BaseEventLoop._run_once at 0x7241e0e576a0>
    └ <_UnixSelectorEventLoop running=True closed=False debug=False>
  File "/usr/lib/python3.12/asyncio/base_events.py", line 1987, in _run_once
    handle._run()
    │      └ <function Handle._run at 0x7241e0fa1bc0>
    └ <Handle Task.task_wakeup(<Future finished result=None>)>
  File "/usr/lib/python3.12/asyncio/events.py", line 88, in _run
    self._context.run(self._callback, *self._args)
    │    │            │    │           │    └ <member '_args' of 'Handle' objects>
    │    │            │    │           └ <Handle Task.task_wakeup(<Future finished result=None>)>
    │    │            │    └ <member '_callback' of 'Handle' objects>
    │    │            └ <Handle Task.task_wakeup(<Future finished result=None>)>
    │    └ <member '_context' of 'Handle' objects>
    └ <Handle Task.task_wakeup(<Future finished result=None>)>

> File "/root/crypto_bot/main.py", line 1544, in _startup_monitoring
    raw_15m = await client.futures_klines(symbol=symbol, interval="15m", limit=500)
                    │      │                     └ '➖ УБРАТЬUSDT'
                    │      └ <function AsyncClient.futures_klines at 0x7241df3ec400>
                    └ <binance.async_client.AsyncClient object at 0x7241de4bc1a0>

  File "/root/crypto_bot/venv/lib/python3.12/site-packages/binance/async_client.py", line 1956, in futures_klines
    return await self._request_futures_api("get", "klines", data=params)
                 │    │                                          └ {'symbol': '➖ УБРАТЬUSDT', 'interval': '15m', 'limit': 500}
                 │    └ <function AsyncClient._request_futures_api at 0x7241df6709a0>
                 └ <binance.async_client.AsyncClient object at 0x7241de4bc1a0>
  File "/root/crypto_bot/venv/lib/python3.12/site-packages/binance/async_client.py", line 237, in _request_futures_api
    return await self._request(method, uri, signed, force_params, **kwargs)
                 │    │        │       │    │       │               └ {'data': {'symbol': '➖ УБРАТЬUSDT', 'interval': '15m', 'limit': 500}}
                 │    │        │       │    │       └ False
                 │    │        │       │    └ False
                 │    │        │       └ 'https://fapi.binance.com/fapi/v1/klines'
                 │    │        └ 'get'
                 │    └ <function AsyncClient._request at 0x7241df6707c0>
                 └ <binance.async_client.AsyncClient object at 0x7241de4bc1a0>
  File "/root/crypto_bot/venv/lib/python3.12/site-packages/binance/async_client.py", line 199, in _request
    return await self._handle_response(response)
                 │    │                └ <ClientResponse(https://fapi.binance.com/fapi/v1/klines?interval=15m&limit=500&symbol=%E2%9E%96%20%D0%A3%D0%91%D0%A0%D0%90%D0...
                 │    └ <function AsyncClient._handle_response at 0x7241df670860>
                 └ <binance.async_client.AsyncClient object at 0x7241de4bc1a0>
  File "/root/crypto_bot/venv/lib/python3.12/site-packages/binance/async_client.py", line 207, in _handle_response
    raise BinanceAPIException(response, response.status, await response.text())
          │                   │         │        │             │        └ <function ClientResponse.text at 0x7241e07c1d00>
          │                   │         │        │             └ <ClientResponse(https://fapi.binance.com/fapi/v1/klines?interval=15m&limit=500&symbol=%E2%9E%96%20%D0%A3%D0%91%D0%A0%D0%90%D0...
          │                   │         │        └ 400
          │                   │         └ <ClientResponse(https://fapi.binance.com/fapi/v1/klines?interval=15m&limit=500&symbol=%E2%9E%96%20%D0%A3%D0%91%D0%A0%D0%90%D0...
          │                   └ <ClientResponse(https://fapi.binance.com/fapi/v1/klines?interval=15m&limit=500&symbol=%E2%9E%96%20%D0%A3%D0%91%D0%A0%D0%90%D0...
          └ <class 'binance.exceptions.BinanceAPIException'>

binance.exceptions.BinanceAPIException: APIError(code=-1121): Invalid symbol.
2026-07-22 12:07:47 | WARNING | trading.bybit_client:set_leverage:93 | bybit set_leverage unexpected response | {'symbol': 'ONEUSDT', 'resp': {'retCode': 110074, 'retMsg': 'closed symbol error: This ONEUSDT contract is not live', 'result': {}, 'retExtInfo': {}, 'time': 1784722067507}}
2026-07-22 12:07:48 | ERROR | trading.strategy2_live:_open_grid:657 | S2Live: failed to place limit order | {'symbol': 'ONEUSDT', 'index': 1, 'price': 0.001293, 'error': 'place_limit_order failed: retCode=110074 retMsg=This contract is not live symbol=ONEUSDT price=0.001293 qty=77340.0'}
2026-07-22 12:07:48 | WARNING | trading.strategy2_live:_open_grid:663 | S2Live: symbol not live on Bybit, cooldown 24h set | {'symbol': 'ONEUSDT'}
2026-07-22 15:29:44 | WARNING | trading.bybit_client:cancel_order:247 | bybit cancel_order unexpected response | {'symbol': 'TLMUSDT', 'order_id': 'aa23d90d-026c-49fd-a737-d6e9abe7e98c', 'resp': {'retCode': 110001, 'retMsg': 'order not exists or too late to cancel', 'result': {}, 'retExtInfo': {}, 'time': 1784734184763}}
2026-07-22 17:36:00 | ERROR | trading.strategy2_live:_open_grid:657 | S2Live: failed to place limit order | {'symbol': 'CBRSUSDT', 'index': 1, 'price': 210.16, 'error': 'place_limit_order failed: retCode=110126 retMsg=You must sign the required agreement before trading this contract. symbol=CBRSUSDT price=210.16 qty=0.47'}
2026-07-22 17:36:00 | ERROR | trading.strategy2_live:_open_grid:657 | S2Live: failed to place limit order | {'symbol': 'CBRSUSDT', 'index': 2, 'price': 208.3, 'error': 'place_limit_order failed: retCode=110126 retMsg=You must sign the required agreement before trading this contract. symbol=CBRSUSDT price=208.3 qty=0.48'}
2026-07-22 17:36:05 | ERROR | trading.strategy2_live:_open_grid:657 | S2Live: failed to place limit order | {'symbol': 'CBRSUSDT', 'index': 1, 'price': 210.16, 'error': 'place_limit_order failed: retCode=110126 retMsg=You must sign the required agreement before trading this contract. symbol=CBRSUSDT price=210.16 qty=0.47'}
2026-07-22 17:36:05 | ERROR | trading.strategy2_live:_open_grid:657 | S2Live: failed to place limit order | {'symbol': 'CBRSUSDT', 'index': 2, 'price': 208.3, 'error': 'place_limit_order failed: retCode=110126 retMsg=You must sign the required agreement before trading this contract. symbol=CBRSUSDT price=208.3 qty=0.48'}
2026-07-22 17:36:10 | ERROR | trading.strategy2_live:_open_grid:657 | S2Live: failed to place limit order | {'symbol': 'CBRSUSDT', 'index': 1, 'price': 210.16, 'error': 'place_limit_order failed: retCode=110126 retMsg=You must sign the required agreement before trading this contract. symbol=CBRSUSDT price=210.16 qty=0.47'}
2026-07-22 17:36:10 | ERROR | trading.strategy2_live:_open_grid:657 | S2Live: failed to place limit order | {'symbol': 'CBRSUSDT', 'index': 2, 'price': 208.3, 'error': 'place_limit_order failed: retCode=110126 retMsg=You must sign the required agreement before trading this contract. symbol=CBRSUSDT price=208.3 qty=0.48'}
2026-07-22 17:36:15 | ERROR | trading.strategy2_live:_open_grid:657 | S2Live: failed to place limit order | {'symbol': 'CBRSUSDT', 'index': 1, 'price': 210.16, 'error': 'place_limit_order failed: retCode=110126 retMsg=You must sign the required agreement before trading this contract. symbol=CBRSUSDT price=210.16 qty=0.47'}
2026-07-22 17:36:15 | ERROR | trading.strategy2_live:_open_grid:657 | S2Live: failed to place limit order | {'symbol': 'CBRSUSDT', 'index': 2, 'price': 208.3, 'error': 'place_limit_order failed: retCode=110126 retMsg=You must sign the required agreement before trading this contract. symbol=CBRSUSDT price=208.3 qty=0.48'}
2026-07-22 17:36:20 | ERROR | trading.strategy2_live:_open_grid:657 | S2Live: failed to place limit order | {'symbol': 'CBRSUSDT', 'index': 1, 'price': 210.16, 'error': 'place_limit_order failed: retCode=110126 retMsg=You must sign the required agreement before trading this contract. symbol=CBRSUSDT price=210.16 qty=0.47'}
2026-07-22 17:36:20 | ERROR | trading.strategy2_live:_open_grid:657 | S2Live: failed to place limit order | {'symbol': 'CBRSUSDT', 'index': 2, 'price': 208.3, 'error': 'place_limit_order failed: retCode=110126 retMsg=You must sign the required agreement before trading this contract. symbol=CBRSUSDT price=208.3 qty=0.48'}
2026-07-22 17:36:25 | ERROR | trading.strategy2_live:_open_grid:657 | S2Live: failed to place limit order | {'symbol': 'CBRSUSDT', 'index': 1, 'price': 210.16, 'error': 'place_limit_order failed: retCode=110126 retMsg=You must sign the required agreement before trading this contract. symbol=CBRSUSDT price=210.16 qty=0.47'}
2026-07-22 17:36:25 | ERROR | trading.strategy2_live:_open_grid:657 | S2Live: failed to place limit order | {'symbol': 'CBRSUSDT', 'index': 2, 'price': 208.3, 'error': 'place_limit_order failed: retCode=110126 retMsg=You must sign the required agreement before trading this contract. symbol=CBRSUSDT price=208.3 qty=0.48'}
2026-07-22 17:36:30 | ERROR | trading.strategy2_live:_open_grid:657 | S2Live: failed to place limit order | {'symbol': 'CBRSUSDT', 'index': 1, 'price': 210.16, 'error': 'place_limit_order failed: retCode=110126 retMsg=You must sign the required agreement before trading this contract. symbol=CBRSUSDT price=210.16 qty=0.47'}
2026-07-22 17:36:30 | ERROR | trading.strategy2_live:_open_grid:657 | S2Live: failed to place limit order | {'symbol': 'CBRSUSDT', 'index': 2, 'price': 208.3, 'error': 'place_limit_order failed: retCode=110126 retMsg=You must sign the required agreement before trading this contract. symbol=CBRSUSDT price=208.3 qty=0.48'}
2026-07-22 17:36:35 | ERROR | trading.strategy2_live:_open_grid:657 | S2Live: failed to place limit order | {'symbol': 'CBRSUSDT', 'index': 1, 'price': 210.16, 'error': 'place_limit_order failed: retCode=110126 retMsg=You must sign the required agreement before trading this contract. symbol=CBRSUSDT price=210.16 qty=0.47'}
2026-07-22 17:36:36 | ERROR | trading.strategy2_live:_open_grid:657 | S2Live: failed to place limit order | {'symbol': 'CBRSUSDT', 'index': 2, 'price': 208.3, 'error': 'place_limit_order failed: retCode=110126 retMsg=You must sign the required agreement before trading this contract. symbol=CBRSUSDT price=208.3 qty=0.48'}
2026-07-22 17:36:40 | ERROR | trading.strategy2_live:_open_grid:657 | S2Live: failed to place limit order | {'symbol': 'CBRSUSDT', 'index': 1, 'price': 210.16, 'error': 'place_limit_order failed: retCode=110126 retMsg=You must sign the required agreement before trading this contract. symbol=CBRSUSDT price=210.16 qty=0.47'}
2026-07-22 17:36:41 | ERROR | trading.strategy2_live:_open_grid:657 | S2Live: failed to place limit order | {'symbol': 'CBRSUSDT', 'index': 2, 'price': 208.3, 'error': 'place_limit_order failed: retCode=110126 retMsg=You must sign the required agreement before trading this contract. symbol=CBRSUSDT price=208.3 qty=0.48'}
2026-07-22 17:36:45 | ERROR | trading.strategy2_live:_open_grid:657 | S2Live: failed to place limit order | {'symbol': 'CBRSUSDT', 'index': 1, 'price': 210.16, 'error': 'place_limit_order failed: retCode=110126 retMsg=You must sign the required agreement before trading this contract. symbol=CBRSUSDT price=210.16 qty=0.47'}
2026-07-22 17:36:46 | ERROR | trading.strategy2_live:_open_grid:657 | S2Live: failed to place limit order | {'symbol': 'CBRSUSDT', 'index': 2, 'price': 208.3, 'error': 'place_limit_order failed: retCode=110126 retMsg=You must sign the required agreement before trading this contract. symbol=CBRSUSDT price=208.3 qty=0.48'}
2026-07-22 17:36:51 | ERROR | trading.strategy2_live:_open_grid:657 | S2Live: failed to place limit order | {'symbol': 'CBRSUSDT', 'index': 1, 'price': 210.16, 'error': 'place_limit_order failed: retCode=110126 retMsg=You must sign the required agreement before trading this contract. symbol=CBRSUSDT price=210.16 qty=0.47'}
2026-07-22 17:36:51 | ERROR | trading.strategy2_live:_open_grid:657 | S2Live: failed to place limit order | {'symbol': 'CBRSUSDT', 'index': 2, 'price': 208.3, 'error': 'place_limit_order failed: retCode=110126 retMsg=You must sign the required agreement before trading this contract. symbol=CBRSUSDT price=208.3 qty=0.48'}
2026-07-22 17:36:56 | ERROR | trading.strategy2_live:_open_grid:657 | S2Live: failed to place limit order | {'symbol': 'CBRSUSDT', 'index': 1, 'price': 210.16, 'error': 'place_limit_order failed: retCode=110126 retMsg=You must sign the required agreement before trading this contract. symbol=CBRSUSDT price=210.16 qty=0.47'}
2026-07-22 17:36:56 | ERROR | trading.strategy2_live:_open_grid:657 | S2Live: failed to place limit order | {'symbol': 'CBRSUSDT', 'index': 2, 'price': 208.3, 'error': 'place_limit_order failed: retCode=110126 retMsg=You must sign the required agreement before trading this contract. symbol=CBRSUSDT price=208.3 qty=0.48'}
2026-07-22 17:37:01 | ERROR | trading.strategy2_live:_open_grid:657 | S2Live: failed to place limit order | {'symbol': 'CBRSUSDT', 'index': 1, 'price': 210.16, 'error': 'place_limit_order failed: retCode=110126 retMsg=You must sign the required agreement before trading this contract. symbol=CBRSUSDT price=210.16 qty=0.47'}
2026-07-22 17:37:01 | ERROR | trading.strategy2_live:_open_grid:657 | S2Live: failed to place limit order | {'symbol': 'CBRSUSDT', 'index': 2, 'price': 208.3, 'error': 'place_limit_order failed: retCode=110126 retMsg=You must sign the required agreement before trading this contract. symbol=CBRSUSDT price=208.3 qty=0.48'}
2026-07-22 17:37:06 | ERROR | trading.strategy2_live:_open_grid:657 | S2Live: failed to place limit order | {'symbol': 'CBRSUSDT', 'index': 1, 'price': 210.16, 'error': 'place_limit_order failed: retCode=110126 retMsg=You must sign the required agreement before trading this contract. symbol=CBRSUSDT price=210.16 qty=0.47'}
2026-07-22 17:37:06 | ERROR | trading.strategy2_live:_open_grid:657 | S2Live: failed to place limit order | {'symbol': 'CBRSUSDT', 'index': 2, 'price': 208.3, 'error': 'place_limit_order failed: retCode=110126 retMsg=You must sign the required agreement before trading this contract. symbol=CBRSUSDT price=208.3 qty=0.48'}
2026-07-22 17:37:11 | ERROR | trading.strategy2_live:_open_grid:657 | S2Live: failed to place limit order | {'symbol': 'CBRSUSDT', 'index': 1, 'price': 210.16, 'error': 'place_limit_order failed: retCode=110126 retMsg=You must sign the required agreement before trading this contract. symbol=CBRSUSDT price=210.16 qty=0.47'}
2026-07-22 17:37:11 | ERROR | trading.strategy2_live:_open_grid:657 | S2Live: failed to place limit order | {'symbol': 'CBRSUSDT', 'index': 2, 'price': 208.3, 'error': 'place_limit_order failed: retCode=110126 retMsg=You must sign the required agreement before trading this contract. symbol=CBRSUSDT price=208.3 qty=0.48'}
2026-07-22 17:37:16 | ERROR | trading.strategy2_live:_open_grid:657 | S2Live: failed to place limit order | {'symbol': 'CBRSUSDT', 'index': 1, 'price': 210.16, 'error': 'place_limit_order failed: retCode=110126 retMsg=You must sign the required agreement before trading this contract. symbol=CBRSUSDT price=210.16 qty=0.47'}
2026-07-22 17:37:16 | ERROR | trading.strategy2_live:_open_grid:657 | S2Live: failed to place limit order | {'symbol': 'CBRSUSDT', 'index': 2, 'price': 208.3, 'error': 'place_limit_order failed: retCode=110126 retMsg=You must sign the required agreement before trading this contract. symbol=CBRSUSDT price=208.3 qty=0.48'}
2026-07-22 17:37:21 | ERROR | trading.strategy2_live:_open_grid:657 | S2Live: failed to place limit order | {'symbol': 'CBRSUSDT', 'index': 1, 'price': 210.16, 'error': 'place_limit_order failed: retCode=110126 retMsg=You must sign the required agreement before trading this contract. symbol=CBRSUSDT price=210.16 qty=0.47'}
2026-07-22 17:37:21 | ERROR | trading.strategy2_live:_open_grid:657 | S2Live: failed to place limit order | {'symbol': 'CBRSUSDT', 'index': 2, 'price': 208.3, 'error': 'place_limit_order failed: retCode=110126 retMsg=You must sign the required agreement before trading this contract. symbol=CBRSUSDT price=208.3 qty=0.48'}
2026-07-22 17:37:26 | ERROR | trading.strategy2_live:_open_grid:657 | S2Live: failed to place limit order | {'symbol': 'CBRSUSDT', 'index': 1, 'price': 210.16, 'error': 'place_limit_order failed: retCode=110126 retMsg=You must sign the required agreement before trading this contract. symbol=CBRSUSDT price=210.16 qty=0.47'}
2026-07-22 17:37:26 | ERROR | trading.strategy2_live:_open_grid:657 | S2Live: failed to place limit order | {'symbol': 'CBRSUSDT', 'index': 2, 'price': 208.3, 'error': 'place_limit_order failed: retCode=110126 retMsg=You must sign the required agreement before trading this contract. symbol=CBRSUSDT price=208.3 qty=0.48'}
2026-07-22 17:37:31 | ERROR | trading.strategy2_live:_open_grid:657 | S2Live: failed to place limit order | {'symbol': 'CBRSUSDT', 'index': 1, 'price': 210.16, 'error': 'place_limit_order failed: retCode=110126 retMsg=You must sign the required agreement before trading this contract. symbol=CBRSUSDT price=210.16 qty=0.47'}
2026-07-22 17:37:31 | ERROR | trading.strategy2_live:_open_grid:657 | S2Live: failed to place limit order | {'symbol': 'CBRSUSDT', 'index': 2, 'price': 208.3, 'error': 'place_limit_order failed: retCode=110126 retMsg=You must sign the required agreement before trading this contract. symbol=CBRSUSDT price=208.3 qty=0.48'}
2026-07-22 17:37:36 | ERROR | trading.strategy2_live:_open_grid:657 | S2Live: failed to place limit order | {'symbol': 'CBRSUSDT', 'index': 1, 'price': 210.16, 'error': 'place_limit_order failed: retCode=110126 retMsg=You must sign the required agreement before trading this contract. symbol=CBRSUSDT price=210.16 qty=0.47'}
2026-07-22 17:37:37 | ERROR | trading.strategy2_live:_open_grid:657 | S2Live: failed to place limit order | {'symbol': 'CBRSUSDT', 'index': 2, 'price': 208.3, 'error': 'place_limit_order failed: retCode=110126 retMsg=You must sign the required agreement before trading this contract. symbol=CBRSUSDT price=208.3 qty=0.48'}
2026-07-22 17:37:41 | ERROR | trading.strategy2_live:_open_grid:657 | S2Live: failed to place limit order | {'symbol': 'CBRSUSDT', 'index': 1, 'price': 210.16, 'error': 'place_limit_order failed: retCode=110126 retMsg=You must sign the required agreement before trading this contract. symbol=CBRSUSDT price=210.16 qty=0.47'}
2026-07-22 17:37:42 | ERROR | trading.strategy2_live:_open_grid:657 | S2Live: failed to place limit order | {'symbol': 'CBRSUSDT', 'index': 2, 'price': 208.3, 'error': 'place_limit_order failed: retCode=110126 retMsg=You must sign the required agreement before trading this contract. symbol=CBRSUSDT price=208.3 qty=0.48'}
2026-07-22 17:37:47 | ERROR | trading.strategy2_live:_open_grid:657 | S2Live: failed to place limit order | {'symbol': 'CBRSUSDT', 'index': 1, 'price': 210.16, 'error': 'place_limit_order failed: retCode=110126 retMsg=You must sign the required agreement before trading this contract. symbol=CBRSUSDT price=210.16 qty=0.47'}
2026-07-22 17:37:47 | ERROR | trading.strategy2_live:_open_grid:657 | S2Live: failed to place limit order | {'symbol': 'CBRSUSDT', 'index': 2, 'price': 208.3, 'error': 'place_limit_order failed: retCode=110126 retMsg=You must sign the required agreement before trading this contract. symbol=CBRSUSDT price=208.3 qty=0.48'}
2026-07-22 17:37:52 | ERROR | trading.strategy2_live:_open_grid:657 | S2Live: failed to place limit order | {'symbol': 'CBRSUSDT', 'index': 1, 'price': 210.16, 'error': 'place_limit_order failed: retCode=110126 retMsg=You must sign the required agreement before trading this contract. symbol=CBRSUSDT price=210.16 qty=0.47'}
2026-07-22 17:37:52 | ERROR | trading.strategy2_live:_open_grid:657 | S2Live: failed to place limit order | {'symbol': 'CBRSUSDT', 'index': 2, 'price': 208.3, 'error': 'place_limit_order failed: retCode=110126 retMsg=You must sign the required agreement before trading this contract. symbol=CBRSUSDT price=208.3 qty=0.48'}
2026-07-22 17:37:57 | ERROR | trading.strategy2_live:_open_grid:657 | S2Live: failed to place limit order | {'symbol': 'CBRSUSDT', 'index': 1, 'price': 210.16, 'error': 'place_limit_order failed: retCode=110126 retMsg=You must sign the required agreement before trading this contract. symbol=CBRSUSDT price=210.16 qty=0.47'}
2026-07-22 17:37:57 | ERROR | trading.strategy2_live:_open_grid:657 | S2Live: failed to place limit order | {'symbol': 'CBRSUSDT', 'index': 2, 'price': 208.3, 'error': 'place_limit_order failed: retCode=110126 retMsg=You must sign the required agreement before trading this contract. symbol=CBRSUSDT price=208.3 qty=0.48'}
2026-07-22 17:38:02 | ERROR | trading.strategy2_live:_open_grid:657 | S2Live: failed to place limit order | {'symbol': 'CBRSUSDT', 'index': 1, 'price': 210.16, 'error': 'place_limit_order failed: retCode=110126 retMsg=You must sign the required agreement before trading this contract. symbol=CBRSUSDT price=210.16 qty=0.47'}
2026-07-22 17:38:02 | ERROR | trading.strategy2_live:_open_grid:657 | S2Live: failed to place limit order | {'symbol': 'CBRSUSDT', 'index': 2, 'price': 208.3, 'error': 'place_limit_order failed: retCode=110126 retMsg=You must sign the required agreement before trading this contract. symbol=CBRSUSDT price=208.3 qty=0.48'}
2026-07-22 17:38:07 | ERROR | trading.strategy2_live:_open_grid:657 | S2Live: failed to place limit order | {'symbol': 'CBRSUSDT', 'index': 1, 'price': 210.16, 'error': 'place_limit_order failed: retCode=110126 retMsg=You must sign the required agreement before trading this contract. symbol=CBRSUSDT price=210.16 qty=0.47'}
2026-07-22 17:38:07 | ERROR | trading.strategy2_live:_open_grid:657 | S2Live: failed to place limit order | {'symbol': 'CBRSUSDT', 'index': 2, 'price': 208.3, 'error': 'place_limit_order failed: retCode=110126 retMsg=You must sign the required agreement before trading this contract. symbol=CBRSUSDT price=208.3 qty=0.48'}
2026-07-22 17:38:12 | ERROR | trading.strategy2_live:_open_grid:657 | S2Live: failed to place limit order | {'symbol': 'CBRSUSDT', 'index': 1, 'price': 210.16, 'error': 'place_limit_order failed: retCode=110126 retMsg=You must sign the required agreement before trading this contract. symbol=CBRSUSDT price=210.16 qty=0.47'}
2026-07-22 17:38:12 | ERROR | trading.strategy2_live:_open_grid:657 | S2Live: failed to place limit order | {'symbol': 'CBRSUSDT', 'index': 2, 'price': 208.3, 'error': 'place_limit_order failed: retCode=110126 retMsg=You must sign the required agreement before trading this contract. symbol=CBRSUSDT price=208.3 qty=0.48'}
2026-07-22 17:38:17 | ERROR | trading.strategy2_live:_open_grid:657 | S2Live: failed to place limit order | {'symbol': 'CBRSUSDT', 'index': 1, 'price': 210.16, 'error': 'place_limit_order failed: retCode=110126 retMsg=You must sign the required agreement before trading this contract. symbol=CBRSUSDT price=210.16 qty=0.47'}
2026-07-22 17:38:17 | ERROR | trading.strategy2_live:_open_grid:657 | S2Live: failed to place limit order | {'symbol': 'CBRSUSDT', 'index': 2, 'price': 208.3, 'error': 'place_limit_order failed: retCode=110126 retMsg=You must sign the required agreement before trading this contract. symbol=CBRSUSDT price=208.3 qty=0.48'}
2026-07-22 17:38:22 | ERROR | trading.strategy2_live:_open_grid:657 | S2Live: failed to place limit order | {'symbol': 'CBRSUSDT', 'index': 1, 'price': 210.16, 'error': 'place_limit_order failed: retCode=110126 retMsg=You must sign the required agreement before trading this contract. symbol=CBRSUSDT price=210.16 qty=0.47'}
2026-07-22 17:38:22 | ERROR | trading.strategy2_live:_open_grid:657 | S2Live: failed to place limit order | {'symbol': 'CBRSUSDT', 'index': 2, 'price': 208.3, 'error': 'place_limit_order failed: retCode=110126 retMsg=You must sign the required agreement before trading this contract. symbol=CBRSUSDT price=208.3 qty=0.48'}
2026-07-22 17:38:27 | ERROR | trading.strategy2_live:_open_grid:657 | S2Live: failed to place limit order | {'symbol': 'CBRSUSDT', 'index': 1, 'price': 210.16, 'error': 'place_limit_order failed: retCode=110126 retMsg=You must sign the required agreement before trading this contract. symbol=CBRSUSDT price=210.16 qty=0.47'}
2026-07-22 17:38:27 | ERROR | trading.strategy2_live:_open_grid:657 | S2Live: failed to place limit order | {'symbol': 'CBRSUSDT', 'index': 2, 'price': 208.3, 'error': 'place_limit_order failed: retCode=110126 retMsg=You must sign the required agreement before trading this contract. symbol=CBRSUSDT price=208.3 qty=0.48'}
2026-07-22 17:38:32 | ERROR | trading.strategy2_live:_open_grid:657 | S2Live: failed to place limit order | {'symbol': 'CBRSUSDT', 'index': 1, 'price': 210.16, 'error': 'place_limit_order failed: retCode=110126 retMsg=You must sign the required agreement before trading this contract. symbol=CBRSUSDT price=210.16 qty=0.47'}
2026-07-22 17:38:33 | ERROR | trading.strategy2_live:_open_grid:657 | S2Live: failed to place limit order | {'symbol': 'CBRSUSDT', 'index': 2, 'price': 208.3, 'error': 'place_limit_order failed: retCode=110126 retMsg=You must sign the required agreement before trading this contract. symbol=CBRSUSDT price=208.3 qty=0.48'}
2026-07-22 17:38:37 | ERROR | trading.strategy2_live:_open_grid:657 | S2Live: failed to place limit order | {'symbol': 'CBRSUSDT', 'index': 1, 'price': 210.16, 'error': 'place_limit_order failed: retCode=110126 retMsg=You must sign the required agreement before trading this contract. symbol=CBRSUSDT price=210.16 qty=0.47'}
2026-07-22 17:38:38 | ERROR | trading.strategy2_live:_open_grid:657 | S2Live: failed to place limit order | {'symbol': 'CBRSUSDT', 'index': 2, 'price': 208.3, 'error': 'place_limit_order failed: retCode=110126 retMsg=You must sign the required agreement before trading this contract. symbol=CBRSUSDT price=208.3 qty=0.48'}
2026-07-22 17:38:42 | ERROR | trading.strategy2_live:_open_grid:657 | S2Live: failed to place limit order | {'symbol': 'CBRSUSDT', 'index': 1, 'price': 210.16, 'error': 'place_limit_order failed: retCode=110126 retMsg=You must sign the required agreement before trading this contract. symbol=CBRSUSDT price=210.16 qty=0.47'}
2026-07-22 17:38:43 | ERROR | trading.strategy2_live:_open_grid:657 | S2Live: failed to place limit order | {'symbol': 'CBRSUSDT', 'index': 2, 'price': 208.3, 'error': 'place_limit_order failed: retCode=110126 retMsg=You must sign the required agreement before trading this contract. symbol=CBRSUSDT price=208.3 qty=0.48'}
2026-07-22 17:38:48 | ERROR | trading.strategy2_live:_open_grid:657 | S2Live: failed to place limit order | {'symbol': 'CBRSUSDT', 'index': 1, 'price': 210.16, 'error': 'place_limit_order failed: retCode=110126 retMsg=You must sign the required agreement before trading this contract. symbol=CBRSUSDT price=210.16 qty=0.47'}
2026-07-22 17:38:48 | ERROR | trading.strategy2_live:_open_grid:657 | S2Live: failed to place limit order | {'symbol': 'CBRSUSDT', 'index': 2, 'price': 208.3, 'error': 'place_limit_order failed: retCode=110126 retMsg=You must sign the required agreement before trading this contract. symbol=CBRSUSDT price=208.3 qty=0.48'}
2026-07-22 17:38:53 | ERROR | trading.strategy2_live:_open_grid:657 | S2Live: failed to place limit order | {'symbol': 'CBRSUSDT', 'index': 1, 'price': 210.16, 'error': 'place_limit_order failed: retCode=110126 retMsg=You must sign the required agreement before trading this contract. symbol=CBRSUSDT price=210.16 qty=0.47'}
2026-07-22 17:38:53 | ERROR | trading.strategy2_live:_open_grid:657 | S2Live: failed to place limit order | {'symbol': 'CBRSUSDT', 'index': 2, 'price': 208.3, 'error': 'place_limit_order failed: retCode=110126 retMsg=You must sign the required agreement before trading this contract. symbol=CBRSUSDT price=208.3 qty=0.48'}
2026-07-22 17:38:58 | ERROR | trading.strategy2_live:_open_grid:657 | S2Live: failed to place limit order | {'symbol': 'CBRSUSDT', 'index': 1, 'price': 210.16, 'error': 'place_limit_order failed: retCode=110126 retMsg=You must sign the required agreement before trading this contract. symbol=CBRSUSDT price=210.16 qty=0.47'}
2026-07-22 17:38:58 | ERROR | trading.strategy2_live:_open_grid:657 | S2Live: failed to place limit order | {'symbol': 'CBRSUSDT', 'index': 2, 'price': 208.3, 'error': 'place_limit_order failed: retCode=110126 retMsg=You must sign the required agreement before trading this contract. symbol=CBRSUSDT price=208.3 qty=0.48'}
2026-07-22 17:39:03 | ERROR | trading.strategy2_live:_open_grid:657 | S2Live: failed to place limit order | {'symbol': 'CBRSUSDT', 'index': 1, 'price': 210.16, 'error': 'place_limit_order failed: retCode=110126 retMsg=You must sign the required agreement before trading this contract. symbol=CBRSUSDT price=210.16 qty=0.47'}
2026-07-22 17:39:03 | ERROR | trading.strategy2_live:_open_grid:657 | S2Live: failed to place limit order | {'symbol': 'CBRSUSDT', 'index': 2, 'price': 208.3, 'error': 'place_limit_order failed: retCode=110126 retMsg=You must sign the required agreement before trading this contract. symbol=CBRSUSDT price=208.3 qty=0.48'}
2026-07-22 17:39:08 | ERROR | trading.strategy2_live:_open_grid:657 | S2Live: failed to place limit order | {'symbol': 'CBRSUSDT', 'index': 1, 'price': 210.16, 'error': 'place_limit_order failed: retCode=110126 retMsg=You must sign the required agreement before trading this contract. symbol=CBRSUSDT price=210.16 qty=0.47'}
2026-07-22 17:39:08 | ERROR | trading.strategy2_live:_open_grid:657 | S2Live: failed to place limit order | {'symbol': 'CBRSUSDT', 'index': 2, 'price': 208.3, 'error': 'place_limit_order failed: retCode=110126 retMsg=You must sign the required agreement before trading this contract. symbol=CBRSUSDT price=208.3 qty=0.48'}
2026-07-22 17:39:13 | ERROR | trading.strategy2_live:_open_grid:657 | S2Live: failed to place limit order | {'symbol': 'CBRSUSDT', 'index': 1, 'price': 210.16, 'error': 'place_limit_order failed: retCode=110126 retMsg=You must sign the required agreement before trading this contract. symbol=CBRSUSDT price=210.16 qty=0.47'}
2026-07-22 17:39:13 | ERROR | trading.strategy2_live:_open_grid:657 | S2Live: failed to place limit order | {'symbol': 'CBRSUSDT', 'index': 2, 'price': 207.86, 'error': 'place_limit_order failed: retCode=110126 retMsg=You must sign the required agreement before trading this contract. symbol=CBRSUSDT price=207.86 qty=0.48'}
2026-07-22 17:39:18 | ERROR | trading.strategy2_live:_open_grid:657 | S2Live: failed to place limit order | {'symbol': 'CBRSUSDT', 'index': 1, 'price': 210.16, 'error': 'place_limit_order failed: retCode=110126 retMsg=You must sign the required agreement before trading this contract. symbol=CBRSUSDT price=210.16 qty=0.47'}
2026-07-22 17:39:18 | ERROR | trading.strategy2_live:_open_grid:657 | S2Live: failed to place limit order | {'symbol': 'CBRSUSDT', 'index': 2, 'price': 207.86, 'error': 'place_limit_order failed: retCode=110126 retMsg=You must sign the required agreement before trading this contract. symbol=CBRSUSDT price=207.86 qty=0.48'}
2026-07-22 17:39:23 | ERROR | trading.strategy2_live:_open_grid:657 | S2Live: failed to place limit order | {'symbol': 'CBRSUSDT', 'index': 1, 'price': 210.16, 'error': 'place_limit_order failed: retCode=110126 retMsg=You must sign the required agreement before trading this contract. symbol=CBRSUSDT price=210.16 qty=0.47'}
2026-07-22 17:39:23 | ERROR | trading.strategy2_live:_open_grid:657 | S2Live: failed to place limit order | {'symbol': 'CBRSUSDT', 'index': 2, 'price': 207.86, 'error': 'place_limit_order failed: retCode=110126 retMsg=You must sign the required agreement before trading this contract. symbol=CBRSUSDT price=207.86 qty=0.48'}
2026-07-22 17:39:28 | ERROR | trading.strategy2_live:_open_grid:657 | S2Live: failed to place limit order | {'symbol': 'CBRSUSDT', 'index': 1, 'price': 210.16, 'error': 'place_limit_order failed: retCode=110126 retMsg=You must sign the required agreement before trading this contract. symbol=CBRSUSDT price=210.16 qty=0.47'}
2026-07-22 17:39:29 | ERROR | trading.strategy2_live:_open_grid:657 | S2Live: failed to place limit order | {'symbol': 'CBRSUSDT', 'index': 2, 'price': 207.86, 'error': 'place_limit_order failed: retCode=110126 retMsg=You must sign the required agreement before trading this contract. symbol=CBRSUSDT price=207.86 qty=0.48'}
2026-07-22 17:39:33 | ERROR | trading.strategy2_live:_open_grid:657 | S2Live: failed to place limit order | {'symbol': 'CBRSUSDT', 'index': 1, 'price': 210.16, 'error': 'place_limit_order failed: retCode=110126 retMsg=You must sign the required agreement before trading this contract. symbol=CBRSUSDT price=210.16 qty=0.47'}
2026-07-22 17:39:34 | ERROR | trading.strategy2_live:_open_grid:657 | S2Live: failed to place limit order | {'symbol': 'CBRSUSDT', 'index': 2, 'price': 207.86, 'error': 'place_limit_order failed: retCode=110126 retMsg=You must sign the required agreement before trading this contract. symbol=CBRSUSDT price=207.86 qty=0.48'}
2026-07-22 17:39:38 | ERROR | trading.strategy2_live:_open_grid:657 | S2Live: failed to place limit order | {'symbol': 'CBRSUSDT', 'index': 1, 'price': 210.16, 'error': 'place_limit_order failed: retCode=110126 retMsg=You must sign the required agreement before trading this contract. symbol=CBRSUSDT price=210.16 qty=0.47'}
2026-07-22 17:39:39 | ERROR | trading.strategy2_live:_open_grid:657 | S2Live: failed to place limit order | {'symbol': 'CBRSUSDT', 'index': 2, 'price': 207.86, 'error': 'place_limit_order failed: retCode=110126 retMsg=You must sign the required agreement before trading this contract. symbol=CBRSUSDT price=207.86 qty=0.48'}
2026-07-22 17:39:44 | ERROR | trading.strategy2_live:_open_grid:657 | S2Live: failed to place limit order | {'symbol': 'CBRSUSDT', 'index': 1, 'price': 210.16, 'error': 'place_limit_order failed: retCode=110126 retMsg=You must sign the required agreement before trading this contract. symbol=CBRSUSDT price=210.16 qty=0.47'}
2026-07-22 17:39:44 | ERROR | trading.strategy2_live:_open_grid:657 | S2Live: failed to place limit order | {'symbol': 'CBRSUSDT', 'index': 2, 'price': 207.86, 'error': 'place_limit_order failed: retCode=110126 retMsg=You must sign the required agreement before trading this contract. symbol=CBRSUSDT price=207.86 qty=0.48'}
2026-07-22 17:39:49 | ERROR | trading.strategy2_live:_open_grid:657 | S2Live: failed to place limit order | {'symbol': 'CBRSUSDT', 'index': 1, 'price': 210.16, 'error': 'place_limit_order failed: retCode=110126 retMsg=You must sign the required agreement before trading this contract. symbol=CBRSUSDT price=210.16 qty=0.47'}
2026-07-22 17:39:49 | ERROR | trading.strategy2_live:_open_grid:657 | S2Live: failed to place limit order | {'symbol': 'CBRSUSDT', 'index': 2, 'price': 207.86, 'error': 'place_limit_order failed: retCode=110126 retMsg=You must sign the required agreement before trading this contract. symbol=CBRSUSDT price=207.86 qty=0.48'}
2026-07-22 17:39:54 | ERROR | trading.strategy2_live:_open_grid:657 | S2Live: failed to place limit order | {'symbol': 'CBRSUSDT', 'index': 1, 'price': 210.16, 'error': 'place_limit_order failed: retCode=110126 retMsg=You must sign the required agreement before trading this contract. symbol=CBRSUSDT price=210.16 qty=0.47'}
2026-07-22 17:39:54 | ERROR | trading.strategy2_live:_open_grid:657 | S2Live: failed to place limit order | {'symbol': 'CBRSUSDT', 'index': 2, 'price': 207.86, 'error': 'place_limit_order failed: retCode=110126 retMsg=You must sign the required agreement before trading this contract. symbol=CBRSUSDT price=207.86 qty=0.48'}
2026-07-22 17:39:59 | ERROR | trading.strategy2_live:_open_grid:657 | S2Live: failed to place limit order | {'symbol': 'CBRSUSDT', 'index': 1, 'price': 210.16, 'error': 'place_limit_order failed: retCode=110126 retMsg=You must sign the required agreement before trading this contract. symbol=CBRSUSDT price=210.16 qty=0.47'}
2026-07-22 17:39:59 | ERROR | trading.strategy2_live:_open_grid:657 | S2Live: failed to place limit order | {'symbol': 'CBRSUSDT', 'index': 2, 'price': 207.86, 'error': 'place_limit_order failed: retCode=110126 retMsg=You must sign the required agreement before trading this contract. symbol=CBRSUSDT price=207.86 qty=0.48'}
2026-07-22 17:40:04 | ERROR | trading.strategy2_live:_open_grid:657 | S2Live: failed to place limit order | {'symbol': 'CBRSUSDT', 'index': 1, 'price': 210.16, 'error': 'place_limit_order failed: retCode=110126 retMsg=You must sign the required agreement before trading this contract. symbol=CBRSUSDT price=210.16 qty=0.47'}
2026-07-22 17:40:04 | ERROR | trading.strategy2_live:_open_grid:657 | S2Live: failed to place limit order | {'symbol': 'CBRSUSDT', 'index': 2, 'price': 207.86, 'error': 'place_limit_order failed: retCode=110126 retMsg=You must sign the required agreement before trading this contract. symbol=CBRSUSDT price=207.86 qty=0.48'}
2026-07-22 17:40:09 | ERROR | trading.strategy2_live:_open_grid:657 | S2Live: failed to place limit order | {'symbol': 'CBRSUSDT', 'index': 1, 'price': 210.16, 'error': 'place_limit_order failed: retCode=110126 retMsg=You must sign the required agreement before trading this contract. symbol=CBRSUSDT price=210.16 qty=0.47'}
2026-07-22 17:40:09 | ERROR | trading.strategy2_live:_open_grid:657 | S2Live: failed to place limit order | {'symbol': 'CBRSUSDT', 'index': 2, 'price': 207.86, 'error': 'place_limit_order failed: retCode=110126 retMsg=You must sign the required agreement before trading this contract. symbol=CBRSUSDT price=207.86 qty=0.48'}
2026-07-22 17:40:14 | ERROR | trading.strategy2_live:_open_grid:657 | S2Live: failed to place limit order | {'symbol': 'CBRSUSDT', 'index': 1, 'price': 210.16, 'error': 'place_limit_order failed: retCode=110126 retMsg=You must sign the required agreement before trading this contract. symbol=CBRSUSDT price=210.16 qty=0.47'}
2026-07-22 17:40:14 | ERROR | trading.strategy2_live:_open_grid:657 | S2Live: failed to place limit order | {'symbol': 'CBRSUSDT', 'index': 2, 'price': 207.86, 'error': 'place_limit_order failed: retCode=110126 retMsg=You must sign the required agreement before trading this contract. symbol=CBRSUSDT price=207.86 qty=0.48'}
2026-07-22 17:40:19 | ERROR | trading.strategy2_live:_open_grid:657 | S2Live: failed to place limit order | {'symbol': 'CBRSUSDT', 'index': 1, 'price': 210.16, 'error': 'place_limit_order failed: retCode=110126 retMsg=You must sign the required agreement before trading this contract. symbol=CBRSUSDT price=210.16 qty=0.47'}
2026-07-22 17:40:19 | ERROR | trading.strategy2_live:_open_grid:657 | S2Live: failed to place limit order | {'symbol': 'CBRSUSDT', 'index': 2, 'price': 207.86, 'error': 'place_limit_order failed: retCode=110126 retMsg=You must sign the required agreement before trading this contract. symbol=CBRSUSDT price=207.86 qty=0.48'}
2026-07-22 17:40:25 | ERROR | trading.strategy2_live:_open_grid:657 | S2Live: failed to place limit order | {'symbol': 'CBRSUSDT', 'index': 1, 'price': 210.16, 'error': 'place_limit_order failed: retCode=110126 retMsg=You must sign the required agreement before trading this contract. symbol=CBRSUSDT price=210.16 qty=0.47'}
2026-07-22 17:40:25 | ERROR | trading.strategy2_live:_open_grid:657 | S2Live: failed to place limit order | {'symbol': 'CBRSUSDT', 'index': 2, 'price': 207.86, 'error': 'place_limit_order failed: retCode=110126 retMsg=You must sign the required agreement before trading this contract. symbol=CBRSUSDT price=207.86 qty=0.48'}
2026-07-22 17:40:29 | ERROR | trading.strategy2_live:_open_grid:657 | S2Live: failed to place limit order | {'symbol': 'CBRSUSDT', 'index': 1, 'price': 210.16, 'error': 'place_limit_order failed: retCode=110126 retMsg=You must sign the required agreement before trading this contract. symbol=CBRSUSDT price=210.16 qty=0.47'}
2026-07-22 17:40:30 | ERROR | trading.strategy2_live:_open_grid:657 | S2Live: failed to place limit order | {'symbol': 'CBRSUSDT', 'index': 2, 'price': 207.86, 'error': 'place_limit_order failed: retCode=110126 retMsg=You must sign the required agreement before trading this contract. symbol=CBRSUSDT price=207.86 qty=0.48'}
2026-07-22 17:40:35 | ERROR | trading.strategy2_live:_open_grid:657 | S2Live: failed to place limit order | {'symbol': 'CBRSUSDT', 'index': 1, 'price': 210.16, 'error': 'place_limit_order failed: retCode=110126 retMsg=You must sign the required agreement before trading this contract. symbol=CBRSUSDT price=210.16 qty=0.47'}
2026-07-22 17:40:35 | ERROR | trading.strategy2_live:_open_grid:657 | S2Live: failed to place limit order | {'symbol': 'CBRSUSDT', 'index': 2, 'price': 207.86, 'error': 'place_limit_order failed: retCode=110126 retMsg=You must sign the required agreement before trading this contract. symbol=CBRSUSDT price=207.86 qty=0.48'}
2026-07-22 17:40:40 | ERROR | trading.strategy2_live:_open_grid:657 | S2Live: failed to place limit order | {'symbol': 'CBRSUSDT', 'index': 1, 'price': 210.16, 'error': 'place_limit_order failed: retCode=110126 retMsg=You must sign the required agreement before trading this contract. symbol=CBRSUSDT price=210.16 qty=0.47'}
2026-07-22 17:40:40 | ERROR | trading.strategy2_live:_open_grid:657 | S2Live: failed to place limit order | {'symbol': 'CBRSUSDT', 'index': 2, 'price': 207.86, 'error': 'place_limit_order failed: retCode=110126 retMsg=You must sign the required agreement before trading this contract. symbol=CBRSUSDT price=207.86 qty=0.48'}
2026-07-22 17:40:45 | ERROR | trading.strategy2_live:_open_grid:657 | S2Live: failed to place limit order | {'symbol': 'CBRSUSDT', 'index': 1, 'price': 210.16, 'error': 'place_limit_order failed: retCode=110126 retMsg=You must sign the required agreement before trading this contract. symbol=CBRSUSDT price=210.16 qty=0.47'}
2026-07-22 17:40:45 | ERROR | trading.strategy2_live:_open_grid:657 | S2Live: failed to place limit order | {'symbol': 'CBRSUSDT', 'index': 2, 'price': 207.86, 'error': 'place_limit_order failed: retCode=110126 retMsg=You must sign the required agreement before trading this contract. symbol=CBRSUSDT price=207.86 qty=0.48'}
2026-07-22 17:40:50 | ERROR | trading.strategy2_live:_open_grid:657 | S2Live: failed to place limit order | {'symbol': 'CBRSUSDT', 'index': 1, 'price': 210.16, 'error': 'place_limit_order failed: retCode=110126 retMsg=You must sign the required agreement before trading this contract. symbol=CBRSUSDT price=210.16 qty=0.47'}
2026-07-22 17:40:50 | ERROR | trading.strategy2_live:_open_grid:657 | S2Live: failed to place limit order | {'symbol': 'CBRSUSDT', 'index': 2, 'price': 207.86, 'error': 'place_limit_order failed: retCode=110126 retMsg=You must sign the required agreement before trading this contract. symbol=CBRSUSDT price=207.86 qty=0.48'}
2026-07-22 17:40:55 | ERROR | trading.strategy2_live:_open_grid:657 | S2Live: failed to place limit order | {'symbol': 'CBRSUSDT', 'index': 1, 'price': 210.16, 'error': 'place_limit_order failed: retCode=110126 retMsg=You must sign the required agreement before trading this contract. symbol=CBRSUSDT price=210.16 qty=0.47'}
2026-07-22 17:40:55 | ERROR | trading.strategy2_live:_open_grid:657 | S2Live: failed to place limit order | {'symbol': 'CBRSUSDT', 'index': 2, 'price': 207.86, 'error': 'place_limit_order failed: retCode=110126 retMsg=You must sign the required agreement before trading this contract. symbol=CBRSUSDT price=207.86 qty=0.48'}
2026-07-22 17:41:00 | ERROR | trading.strategy2_live:_open_grid:657 | S2Live: failed to place limit order | {'symbol': 'CBRSUSDT', 'index': 1, 'price': 210.16, 'error': 'place_limit_order failed: retCode=110126 retMsg=You must sign the required agreement before trading this contract. symbol=CBRSUSDT price=210.16 qty=0.47'}
2026-07-22 17:41:00 | ERROR | trading.strategy2_live:_open_grid:657 | S2Live: failed to place limit order | {'symbol': 'CBRSUSDT', 'index': 2, 'price': 207.86, 'error': 'place_limit_order failed: retCode=110126 retMsg=You must sign the required agreement before trading this contract. symbol=CBRSUSDT price=207.86 qty=0.48'}
2026-07-22 17:41:05 | ERROR | trading.strategy2_live:_open_grid:657 | S2Live: failed to place limit order | {'symbol': 'CBRSUSDT', 'index': 1, 'price': 210.16, 'error': 'place_limit_order failed: retCode=110126 retMsg=You must sign the required agreement before trading this contract. symbol=CBRSUSDT price=210.16 qty=0.47'}
2026-07-22 17:41:05 | ERROR | trading.strategy2_live:_open_grid:657 | S2Live: failed to place limit order | {'symbol': 'CBRSUSDT', 'index': 2, 'price': 207.86, 'error': 'place_limit_order failed: retCode=110126 retMsg=You must sign the required agreement before trading this contract. symbol=CBRSUSDT price=207.86 qty=0.48'}
2026-07-22 17:41:10 | ERROR | trading.strategy2_live:_open_grid:657 | S2Live: failed to place limit order | {'symbol': 'CBRSUSDT', 'index': 1, 'price': 210.16, 'error': 'place_limit_order failed: retCode=110126 retMsg=You must sign the required agreement before trading this contract. symbol=CBRSUSDT price=210.16 qty=0.47'}
2026-07-22 17:41:10 | ERROR | trading.strategy2_live:_open_grid:657 | S2Live: failed to place limit order | {'symbol': 'CBRSUSDT', 'index': 2, 'price': 207.86, 'error': 'place_limit_order failed: retCode=110126 retMsg=You must sign the required agreement before trading this contract. symbol=CBRSUSDT price=207.86 qty=0.48'}
2026-07-22 17:41:15 | ERROR | trading.strategy2_live:_open_grid:657 | S2Live: failed to place limit order | {'symbol': 'CBRSUSDT', 'index': 1, 'price': 210.16, 'error': 'place_limit_order failed: retCode=110126 retMsg=You must sign the required agreement before trading this contract. symbol=CBRSUSDT price=210.16 qty=0.47'}
2026-07-22 17:41:15 | ERROR | trading.strategy2_live:_open_grid:657 | S2Live: failed to place limit order | {'symbol': 'CBRSUSDT', 'index': 2, 'price': 207.86, 'error': 'place_limit_order failed: retCode=110126 retMsg=You must sign the required agreement before trading this contract. symbol=CBRSUSDT price=207.86 qty=0.48'}
2026-07-22 17:41:20 | ERROR | trading.strategy2_live:_open_grid:657 | S2Live: failed to place limit order | {'symbol': 'CBRSUSDT', 'index': 1, 'price': 210.16, 'error': 'place_limit_order failed: retCode=110126 retMsg=You must sign the required agreement before trading this contract. symbol=CBRSUSDT price=210.16 qty=0.47'}
2026-07-22 17:41:21 | ERROR | trading.strategy2_live:_open_grid:657 | S2Live: failed to place limit order | {'symbol': 'CBRSUSDT', 'index': 2, 'price': 207.86, 'error': 'place_limit_order failed: retCode=110126 retMsg=You must sign the required agreement before trading this contract. symbol=CBRSUSDT price=207.86 qty=0.48'}
2026-07-22 17:41:25 | ERROR | trading.strategy2_live:_open_grid:657 | S2Live: failed to place limit order | {'symbol': 'CBRSUSDT', 'index': 1, 'price': 210.16, 'error': 'place_limit_order failed: retCode=110126 retMsg=You must sign the required agreement before trading this contract. symbol=CBRSUSDT price=210.16 qty=0.47'}
2026-07-22 17:41:26 | ERROR | trading.strategy2_live:_open_grid:657 | S2Live: failed to place limit order | {'symbol': 'CBRSUSDT', 'index': 2, 'price': 207.86, 'error': 'place_limit_order failed: retCode=110126 retMsg=You must sign the required agreement before trading this contract. symbol=CBRSUSDT price=207.86 qty=0.48'}
2026-07-22 17:41:31 | ERROR | trading.strategy2_live:_open_grid:657 | S2Live: failed to place limit order | {'symbol': 'CBRSUSDT', 'index': 1, 'price': 210.16, 'error': 'place_limit_order failed: retCode=110126 retMsg=You must sign the required agreement before trading this contract. symbol=CBRSUSDT price=210.16 qty=0.47'}
2026-07-22 17:41:31 | ERROR | trading.strategy2_live:_open_grid:657 | S2Live: failed to place limit order | {'symbol': 'CBRSUSDT', 'index': 2, 'price': 207.86, 'error': 'place_limit_order failed: retCode=110126 retMsg=You must sign the required agreement before trading this contract. symbol=CBRSUSDT price=207.86 qty=0.48'}
2026-07-22 17:41:36 | ERROR | trading.strategy2_live:_open_grid:657 | S2Live: failed to place limit order | {'symbol': 'CBRSUSDT', 'index': 1, 'price': 210.16, 'error': 'place_limit_order failed: retCode=110126 retMsg=You must sign the required agreement before trading this contract. symbol=CBRSUSDT price=210.16 qty=0.47'}
2026-07-22 17:41:36 | ERROR | trading.strategy2_live:_open_grid:657 | S2Live: failed to place limit order | {'symbol': 'CBRSUSDT', 'index': 2, 'price': 207.86, 'error': 'place_limit_order failed: retCode=110126 retMsg=You must sign the required agreement before trading this contract. symbol=CBRSUSDT price=207.86 qty=0.48'}
2026-07-22 17:41:41 | ERROR | trading.strategy2_live:_open_grid:657 | S2Live: failed to place limit order | {'symbol': 'CBRSUSDT', 'index': 1, 'price': 210.16, 'error': 'place_limit_order failed: retCode=110126 retMsg=You must sign the required agreement before trading this contract. symbol=CBRSUSDT price=210.16 qty=0.47'}
2026-07-22 17:41:41 | ERROR | trading.strategy2_live:_open_grid:657 | S2Live: failed to place limit order | {'symbol': 'CBRSUSDT', 'index': 2, 'price': 207.86, 'error': 'place_limit_order failed: retCode=110126 retMsg=You must sign the required agreement before trading this contract. symbol=CBRSUSDT price=207.86 qty=0.48'}
2026-07-22 17:41:46 | ERROR | trading.strategy2_live:_open_grid:657 | S2Live: failed to place limit order | {'symbol': 'CBRSUSDT', 'index': 1, 'price': 210.16, 'error': 'place_limit_order failed: retCode=110126 retMsg=You must sign the required agreement before trading this contract. symbol=CBRSUSDT price=210.16 qty=0.47'}
2026-07-22 17:41:46 | ERROR | trading.strategy2_live:_open_grid:657 | S2Live: failed to place limit order | {'symbol': 'CBRSUSDT', 'index': 2, 'price': 207.86, 'error': 'place_limit_order failed: retCode=110126 retMsg=You must sign the required agreement before trading this contract. symbol=CBRSUSDT price=207.86 qty=0.48'}
2026-07-22 17:41:51 | ERROR | trading.strategy2_live:_open_grid:657 | S2Live: failed to place limit order | {'symbol': 'CBRSUSDT', 'index': 1, 'price': 210.16, 'error': 'place_limit_order failed: retCode=110126 retMsg=You must sign the required agreement before trading this contract. symbol=CBRSUSDT price=210.16 qty=0.47'}
2026-07-22 17:41:51 | ERROR | trading.strategy2_live:_open_grid:657 | S2Live: failed to place limit order | {'symbol': 'CBRSUSDT', 'index': 2, 'price': 207.86, 'error': 'place_limit_order failed: retCode=110126 retMsg=You must sign the required agreement before trading this contract. symbol=CBRSUSDT price=207.86 qty=0.48'}
2026-07-22 17:41:56 | ERROR | trading.strategy2_live:_open_grid:657 | S2Live: failed to place limit order | {'symbol': 'CBRSUSDT', 'index': 1, 'price': 210.16, 'error': 'place_limit_order failed: retCode=110126 retMsg=You must sign the required agreement before trading this contract. symbol=CBRSUSDT price=210.16 qty=0.47'}
2026-07-22 17:41:56 | ERROR | trading.strategy2_live:_open_grid:657 | S2Live: failed to place limit order | {'symbol': 'CBRSUSDT', 'index': 2, 'price': 207.86, 'error': 'place_limit_order failed: retCode=110126 retMsg=You must sign the required agreement before trading this contract. symbol=CBRSUSDT price=207.86 qty=0.48'}
2026-07-22 17:42:01 | ERROR | trading.strategy2_live:_open_grid:657 | S2Live: failed to place limit order | {'symbol': 'CBRSUSDT', 'index': 1, 'price': 210.16, 'error': 'place_limit_order failed: retCode=110126 retMsg=You must sign the required agreement before trading this contract. symbol=CBRSUSDT price=210.16 qty=0.47'}
2026-07-22 17:42:01 | ERROR | trading.strategy2_live:_open_grid:657 | S2Live: failed to place limit order | {'symbol': 'CBRSUSDT', 'index': 2, 'price': 207.86, 'error': 'place_limit_order failed: retCode=110126 retMsg=You must sign the required agreement before trading this contract. symbol=CBRSUSDT price=207.86 qty=0.48'}
2026-07-22 17:42:06 | ERROR | trading.strategy2_live:_open_grid:657 | S2Live: failed to place limit order | {'symbol': 'CBRSUSDT', 'index': 1, 'price': 210.16, 'error': 'place_limit_order failed: retCode=110126 retMsg=You must sign the required agreement before trading this contract. symbol=CBRSUSDT price=210.16 qty=0.47'}
2026-07-22 17:42:06 | ERROR | trading.strategy2_live:_open_grid:657 | S2Live: failed to place limit order | {'symbol': 'CBRSUSDT', 'index': 2, 'price': 207.86, 'error': 'place_limit_order failed: retCode=110126 retMsg=You must sign the required agreement before trading this contract. symbol=CBRSUSDT price=207.86 qty=0.48'}
2026-07-22 17:42:11 | ERROR | trading.strategy2_live:_open_grid:657 | S2Live: failed to place limit order | {'symbol': 'CBRSUSDT', 'index': 1, 'price': 210.16, 'error': 'place_limit_order failed: retCode=110126 retMsg=You must sign the required agreement before trading this contract. symbol=CBRSUSDT price=210.16 qty=0.47'}
2026-07-22 17:42:11 | ERROR | trading.strategy2_live:_open_grid:657 | S2Live: failed to place limit order | {'symbol': 'CBRSUSDT', 'index': 2, 'price': 207.86, 'error': 'place_limit_order failed: retCode=110126 retMsg=You must sign the required agreement before trading this contract. symbol=CBRSUSDT price=207.86 qty=0.48'}
2026-07-22 17:42:16 | ERROR | trading.strategy2_live:_open_grid:657 | S2Live: failed to place limit order | {'symbol': 'CBRSUSDT', 'index': 1, 'price': 210.16, 'error': 'place_limit_order failed: retCode=110126 retMsg=You must sign the required agreement before trading this contract. symbol=CBRSUSDT price=210.16 qty=0.47'}
2026-07-22 17:42:17 | ERROR | trading.strategy2_live:_open_grid:657 | S2Live: failed to place limit order | {'symbol': 'CBRSUSDT', 'index': 2, 'price': 207.86, 'error': 'place_limit_order failed: retCode=110126 retMsg=You must sign the required agreement before trading this contract. symbol=CBRSUSDT price=207.86 qty=0.48'}
2026-07-22 17:42:21 | ERROR | trading.strategy2_live:_open_grid:657 | S2Live: failed to place limit order | {'symbol': 'CBRSUSDT', 'index': 1, 'price': 210.16, 'error': 'place_limit_order failed: retCode=110126 retMsg=You must sign the required agreement before trading this contract. symbol=CBRSUSDT price=210.16 qty=0.47'}
2026-07-22 17:42:22 | ERROR | trading.strategy2_live:_open_grid:657 | S2Live: failed to place limit order | {'symbol': 'CBRSUSDT', 'index': 2, 'price': 207.86, 'error': 'place_limit_order failed: retCode=110126 retMsg=You must sign the required agreement before trading this contract. symbol=CBRSUSDT price=207.86 qty=0.48'}
2026-07-22 17:42:27 | ERROR | trading.strategy2_live:_open_grid:657 | S2Live: failed to place limit order | {'symbol': 'CBRSUSDT', 'index': 1, 'price': 210.16, 'error': 'place_limit_order failed: retCode=110126 retMsg=You must sign the required agreement before trading this contract. symbol=CBRSUSDT price=210.16 qty=0.47'}
2026-07-22 17:42:27 | ERROR | trading.strategy2_live:_open_grid:657 | S2Live: failed to place limit order | {'symbol': 'CBRSUSDT', 'index': 2, 'price': 207.86, 'error': 'place_limit_order failed: retCode=110126 retMsg=You must sign the required agreement before trading this contract. symbol=CBRSUSDT price=207.86 qty=0.48'}
2026-07-22 17:42:32 | ERROR | trading.strategy2_live:_open_grid:657 | S2Live: failed to place limit order | {'symbol': 'CBRSUSDT', 'index': 1, 'price': 210.16, 'error': 'place_limit_order failed: retCode=110126 retMsg=You must sign the required agreement before trading this contract. symbol=CBRSUSDT price=210.16 qty=0.47'}
2026-07-22 17:42:32 | ERROR | trading.strategy2_live:_open_grid:657 | S2Live: failed to place limit order | {'symbol': 'CBRSUSDT', 'index': 2, 'price': 207.86, 'error': 'place_limit_order failed: retCode=110126 retMsg=You must sign the required agreement before trading this contract. symbol=CBRSUSDT price=207.86 qty=0.48'}
2026-07-22 17:42:37 | ERROR | trading.strategy2_live:_open_grid:657 | S2Live: failed to place limit order | {'symbol': 'CBRSUSDT', 'index': 1, 'price': 210.16, 'error': 'place_limit_order failed: retCode=110126 retMsg=You must sign the required agreement before trading this contract. symbol=CBRSUSDT price=210.16 qty=0.47'}
2026-07-22 17:42:37 | ERROR | trading.strategy2_live:_open_grid:657 | S2Live: failed to place limit order | {'symbol': 'CBRSUSDT', 'index': 2, 'price': 207.86, 'error': 'place_limit_order failed: retCode=110126 retMsg=You must sign the required agreement before trading this contract. symbol=CBRSUSDT price=207.86 qty=0.48'}
2026-07-22 17:42:42 | ERROR | trading.strategy2_live:_open_grid:657 | S2Live: failed to place limit order | {'symbol': 'CBRSUSDT', 'index': 1, 'price': 210.16, 'error': 'place_limit_order failed: retCode=110126 retMsg=You must sign the required agreement before trading this contract. symbol=CBRSUSDT price=210.16 qty=0.47'}
2026-07-22 17:42:42 | ERROR | trading.strategy2_live:_open_grid:657 | S2Live: failed to place limit order | {'symbol': 'CBRSUSDT', 'index': 2, 'price': 207.86, 'error': 'place_limit_order failed: retCode=110126 retMsg=You must sign the required agreement before trading this contract. symbol=CBRSUSDT price=207.86 qty=0.48'}
2026-07-22 17:42:47 | ERROR | trading.strategy2_live:_open_grid:657 | S2Live: failed to place limit order | {'symbol': 'CBRSUSDT', 'index': 1, 'price': 210.16, 'error': 'place_limit_order failed: retCode=110126 retMsg=You must sign the required agreement before trading this contract. symbol=CBRSUSDT price=210.16 qty=0.47'}
2026-07-22 17:42:47 | ERROR | trading.strategy2_live:_open_grid:657 | S2Live: failed to place limit order | {'symbol': 'CBRSUSDT', 'index': 2, 'price': 207.86, 'error': 'place_limit_order failed: retCode=110126 retMsg=You must sign the required agreement before trading this contract. symbol=CBRSUSDT price=207.86 qty=0.48'}
2026-07-22 17:42:52 | ERROR | trading.strategy2_live:_open_grid:657 | S2Live: failed to place limit order | {'symbol': 'CBRSUSDT', 'index': 1, 'price': 210.16, 'error': 'place_limit_order failed: retCode=110126 retMsg=You must sign the required agreement before trading this contract. symbol=CBRSUSDT price=210.16 qty=0.47'}
2026-07-22 17:42:52 | ERROR | trading.strategy2_live:_open_grid:657 | S2Live: failed to place limit order | {'symbol': 'CBRSUSDT', 'index': 2, 'price': 207.86, 'error': 'place_limit_order failed: retCode=110126 retMsg=You must sign the required agreement before trading this contract. symbol=CBRSUSDT price=207.86 qty=0.48'}
2026-07-22 17:42:58 | ERROR | trading.strategy2_live:_open_grid:657 | S2Live: failed to place limit order | {'symbol': 'CBRSUSDT', 'index': 1, 'price': 210.16, 'error': 'place_limit_order failed: retCode=110126 retMsg=You must sign the required agreement before trading this contract. symbol=CBRSUSDT price=210.16 qty=0.47'}
2026-07-22 17:42:59 | ERROR | trading.strategy2_live:_open_grid:657 | S2Live: failed to place limit order | {'symbol': 'CBRSUSDT', 'index': 2, 'price': 207.86, 'error': 'place_limit_order failed: retCode=110126 retMsg=You must sign the required agreement before trading this contract. symbol=CBRSUSDT price=207.86 qty=0.48'}
2026-07-22 17:43:02 | ERROR | trading.strategy2_live:_open_grid:657 | S2Live: failed to place limit order | {'symbol': 'CBRSUSDT', 'index': 1, 'price': 210.16, 'error': 'place_limit_order failed: retCode=110126 retMsg=You must sign the required agreement before trading this contract. symbol=CBRSUSDT price=210.16 qty=0.47'}
2026-07-22 17:43:02 | ERROR | trading.strategy2_live:_open_grid:657 | S2Live: failed to place limit order | {'symbol': 'CBRSUSDT', 'index': 2, 'price': 207.86, 'error': 'place_limit_order failed: retCode=110126 retMsg=You must sign the required agreement before trading this contract. symbol=CBRSUSDT price=207.86 qty=0.48'}
2026-07-22 17:43:07 | ERROR | trading.strategy2_live:_open_grid:657 | S2Live: failed to place limit order | {'symbol': 'CBRSUSDT', 'index': 1, 'price': 210.16, 'error': 'place_limit_order failed: retCode=110126 retMsg=You must sign the required agreement before trading this contract. symbol=CBRSUSDT price=210.16 qty=0.47'}
2026-07-22 17:43:08 | ERROR | trading.strategy2_live:_open_grid:657 | S2Live: failed to place limit order | {'symbol': 'CBRSUSDT', 'index': 2, 'price': 207.86, 'error': 'place_limit_order failed: retCode=110126 retMsg=You must sign the required agreement before trading this contract. symbol=CBRSUSDT price=207.86 qty=0.48'}
2026-07-22 17:43:12 | ERROR | trading.strategy2_live:_open_grid:657 | S2Live: failed to place limit order | {'symbol': 'CBRSUSDT', 'index': 1, 'price': 210.16, 'error': 'place_limit_order failed: retCode=110126 retMsg=You must sign the required agreement before trading this contract. symbol=CBRSUSDT price=210.16 qty=0.47'}
2026-07-22 17:43:13 | ERROR | trading.strategy2_live:_open_grid:657 | S2Live: failed to place limit order | {'symbol': 'CBRSUSDT', 'index': 2, 'price': 207.86, 'error': 'place_limit_order failed: retCode=110126 retMsg=You must sign the required agreement before trading this contract. symbol=CBRSUSDT price=207.86 qty=0.48'}
2026-07-22 17:43:17 | ERROR | trading.strategy2_live:_open_grid:657 | S2Live: failed to place limit order | {'symbol': 'CBRSUSDT', 'index': 1, 'price': 210.16, 'error': 'place_limit_order failed: retCode=110126 retMsg=You must sign the required agreement before trading this contract. symbol=CBRSUSDT price=210.16 qty=0.47'}
2026-07-22 17:43:18 | ERROR | trading.strategy2_live:_open_grid:657 | S2Live: failed to place limit order | {'symbol': 'CBRSUSDT', 'index': 2, 'price': 207.86, 'error': 'place_limit_order failed: retCode=110126 retMsg=You must sign the required agreement before trading this contract. symbol=CBRSUSDT price=207.86 qty=0.48'}
2026-07-22 17:43:23 | ERROR | trading.strategy2_live:_open_grid:657 | S2Live: failed to place limit order | {'symbol': 'CBRSUSDT', 'index': 1, 'price': 210.16, 'error': 'place_limit_order failed: retCode=110126 retMsg=You must sign the required agreement before trading this contract. symbol=CBRSUSDT price=210.16 qty=0.47'}
2026-07-22 17:43:23 | ERROR | trading.strategy2_live:_open_grid:657 | S2Live: failed to place limit order | {'symbol': 'CBRSUSDT', 'index': 2, 'price': 207.86, 'error': 'place_limit_order failed: retCode=110126 retMsg=You must sign the required agreement before trading this contract. symbol=CBRSUSDT price=207.86 qty=0.48'}
2026-07-22 17:43:28 | ERROR | trading.strategy2_live:_open_grid:657 | S2Live: failed to place limit order | {'symbol': 'CBRSUSDT', 'index': 1, 'price': 210.16, 'error': 'place_limit_order failed: retCode=110126 retMsg=You must sign the required agreement before trading this contract. symbol=CBRSUSDT price=210.16 qty=0.47'}
2026-07-22 17:43:28 | ERROR | trading.strategy2_live:_open_grid:657 | S2Live: failed to place limit order | {'symbol': 'CBRSUSDT', 'index': 2, 'price': 207.86, 'error': 'place_limit_order failed: retCode=110126 retMsg=You must sign the required agreement before trading this contract. symbol=CBRSUSDT price=207.86 qty=0.48'}
2026-07-22 17:43:33 | ERROR | trading.strategy2_live:_open_grid:657 | S2Live: failed to place limit order | {'symbol': 'CBRSUSDT', 'index': 1, 'price': 210.16, 'error': 'place_limit_order failed: retCode=110126 retMsg=You must sign the required agreement before trading this contract. symbol=CBRSUSDT price=210.16 qty=0.47'}
2026-07-22 17:43:33 | ERROR | trading.strategy2_live:_open_grid:657 | S2Live: failed to place limit order | {'symbol': 'CBRSUSDT', 'index': 2, 'price': 207.86, 'error': 'place_limit_order failed: retCode=110126 retMsg=You must sign the required agreement before trading this contract. symbol=CBRSUSDT price=207.86 qty=0.48'}
2026-07-22 17:43:38 | ERROR | trading.strategy2_live:_open_grid:657 | S2Live: failed to place limit order | {'symbol': 'CBRSUSDT', 'index': 1, 'price': 210.16, 'error': 'place_limit_order failed: retCode=110126 retMsg=You must sign the required agreement before trading this contract. symbol=CBRSUSDT price=210.16 qty=0.47'}
2026-07-22 17:43:38 | ERROR | trading.strategy2_live:_open_grid:657 | S2Live: failed to place limit order | {'symbol': 'CBRSUSDT', 'index': 2, 'price': 207.86, 'error': 'place_limit_order failed: retCode=110126 retMsg=You must sign the required agreement before trading this contract. symbol=CBRSUSDT price=207.86 qty=0.48'}
2026-07-22 17:43:43 | ERROR | trading.strategy2_live:_open_grid:657 | S2Live: failed to place limit order | {'symbol': 'CBRSUSDT', 'index': 1, 'price': 210.16, 'error': 'place_limit_order failed: retCode=110126 retMsg=You must sign the required agreement before trading this contract. symbol=CBRSUSDT price=210.16 qty=0.47'}
2026-07-22 17:43:43 | ERROR | trading.strategy2_live:_open_grid:657 | S2Live: failed to place limit order | {'symbol': 'CBRSUSDT', 'index': 2, 'price': 207.86, 'error': 'place_limit_order failed: retCode=110126 retMsg=You must sign the required agreement before trading this contract. symbol=CBRSUSDT price=207.86 qty=0.48'}
2026-07-22 17:43:48 | ERROR | trading.strategy2_live:_open_grid:657 | S2Live: failed to place limit order | {'symbol': 'CBRSUSDT', 'index': 1, 'price': 210.16, 'error': 'place_limit_order failed: retCode=110126 retMsg=You must sign the required agreement before trading this contract. symbol=CBRSUSDT price=210.16 qty=0.47'}
2026-07-22 17:43:48 | ERROR | trading.strategy2_live:_open_grid:657 | S2Live: failed to place limit order | {'symbol': 'CBRSUSDT', 'index': 2, 'price': 207.86, 'error': 'place_limit_order failed: retCode=110126 retMsg=You must sign the required agreement before trading this contract. symbol=CBRSUSDT price=207.86 qty=0.48'}
2026-07-22 17:43:53 | ERROR | trading.strategy2_live:_open_grid:657 | S2Live: failed to place limit order | {'symbol': 'CBRSUSDT', 'index': 1, 'price': 210.16, 'error': 'place_limit_order failed: retCode=110126 retMsg=You must sign the required agreement before trading this contract. symbol=CBRSUSDT price=210.16 qty=0.47'}
2026-07-22 17:43:53 | ERROR | trading.strategy2_live:_open_grid:657 | S2Live: failed to place limit order | {'symbol': 'CBRSUSDT', 'index': 2, 'price': 207.86, 'error': 'place_limit_order failed: retCode=110126 retMsg=You must sign the required agreement before trading this contract. symbol=CBRSUSDT price=207.86 qty=0.48'}
2026-07-22 17:43:58 | ERROR | trading.strategy2_live:_open_grid:657 | S2Live: failed to place limit order | {'symbol': 'CBRSUSDT', 'index': 1, 'price': 210.16, 'error': 'place_limit_order failed: retCode=110126 retMsg=You must sign the required agreement before trading this contract. symbol=CBRSUSDT price=210.16 qty=0.47'}
2026-07-22 17:43:58 | ERROR | trading.strategy2_live:_open_grid:657 | S2Live: failed to place limit order | {'symbol': 'CBRSUSDT', 'index': 2, 'price': 207.86, 'error': 'place_limit_order failed: retCode=110126 retMsg=You must sign the required agreement before trading this contract. symbol=CBRSUSDT price=207.86 qty=0.48'}
2026-07-22 17:44:03 | ERROR | trading.strategy2_live:_open_grid:657 | S2Live: failed to place limit order | {'symbol': 'CBRSUSDT', 'index': 1, 'price': 210.16, 'error': 'place_limit_order failed: retCode=110126 retMsg=You must sign the required agreement before trading this contract. symbol=CBRSUSDT price=210.16 qty=0.47'}
2026-07-22 17:44:03 | ERROR | trading.strategy2_live:_open_grid:657 | S2Live: failed to place limit order | {'symbol': 'CBRSUSDT', 'index': 2, 'price': 207.86, 'error': 'place_limit_order failed: retCode=110126 retMsg=You must sign the required agreement before trading this contract. symbol=CBRSUSDT price=207.86 qty=0.48'}
2026-07-22 17:44:08 | ERROR | trading.strategy2_live:_open_grid:657 | S2Live: failed to place limit order | {'symbol': 'CBRSUSDT', 'index': 1, 'price': 210.16, 'error': 'place_limit_order failed: retCode=110126 retMsg=You must sign the required agreement before trading this contract. symbol=CBRSUSDT price=210.16 qty=0.47'}
2026-07-22 17:44:09 | ERROR | trading.strategy2_live:_open_grid:657 | S2Live: failed to place limit order | {'symbol': 'CBRSUSDT', 'index': 2, 'price': 207.86, 'error': 'place_limit_order failed: retCode=110126 retMsg=You must sign the required agreement before trading this contract. symbol=CBRSUSDT price=207.86 qty=0.48'}
2026-07-22 17:44:13 | ERROR | trading.strategy2_live:_open_grid:657 | S2Live: failed to place limit order | {'symbol': 'CBRSUSDT', 'index': 1, 'price': 210.16, 'error': 'place_limit_order failed: retCode=110126 retMsg=You must sign the required agreement before trading this contract. symbol=CBRSUSDT price=210.16 qty=0.47'}
2026-07-22 17:44:14 | ERROR | trading.strategy2_live:_open_grid:657 | S2Live: failed to place limit order | {'symbol': 'CBRSUSDT', 'index': 2, 'price': 207.86, 'error': 'place_limit_order failed: retCode=110126 retMsg=You must sign the required agreement before trading this contract. symbol=CBRSUSDT price=207.86 qty=0.48'}
2026-07-22 17:44:19 | ERROR | trading.strategy2_live:_open_grid:657 | S2Live: failed to place limit order | {'symbol': 'CBRSUSDT', 'index': 1, 'price': 210.16, 'error': 'place_limit_order failed: retCode=110126 retMsg=You must sign the required agreement before trading this contract. symbol=CBRSUSDT price=210.16 qty=0.47'}
2026-07-22 17:44:19 | ERROR | trading.strategy2_live:_open_grid:657 | S2Live: failed to place limit order | {'symbol': 'CBRSUSDT', 'index': 2, 'price': 207.82, 'error': 'place_limit_order failed: retCode=110126 retMsg=You must sign the required agreement before trading this contract. symbol=CBRSUSDT price=207.82 qty=0.48'}
2026-07-22 17:44:24 | ERROR | trading.strategy2_live:_open_grid:657 | S2Live: failed to place limit order | {'symbol': 'CBRSUSDT', 'index': 1, 'price': 210.16, 'error': 'place_limit_order failed: retCode=110126 retMsg=You must sign the required agreement before trading this contract. symbol=CBRSUSDT price=210.16 qty=0.47'}
2026-07-22 17:44:24 | ERROR | trading.strategy2_live:_open_grid:657 | S2Live: failed to place limit order | {'symbol': 'CBRSUSDT', 'index': 2, 'price': 207.82, 'error': 'place_limit_order failed: retCode=110126 retMsg=You must sign the required agreement before trading this contract. symbol=CBRSUSDT price=207.82 qty=0.48'}
2026-07-22 17:44:29 | ERROR | trading.strategy2_live:_open_grid:657 | S2Live: failed to place limit order | {'symbol': 'CBRSUSDT', 'index': 1, 'price': 210.16, 'error': 'place_limit_order failed: retCode=110126 retMsg=You must sign the required agreement before trading this contract. symbol=CBRSUSDT price=210.16 qty=0.47'}
2026-07-22 17:44:29 | ERROR | trading.strategy2_live:_open_grid:657 | S2Live: failed to place limit order | {'symbol': 'CBRSUSDT', 'index': 2, 'price': 207.82, 'error': 'place_limit_order failed: retCode=110126 retMsg=You must sign the required agreement before trading this contract. symbol=CBRSUSDT price=207.82 qty=0.48'}
2026-07-22 17:44:34 | ERROR | trading.strategy2_live:_open_grid:657 | S2Live: failed to place limit order | {'symbol': 'CBRSUSDT', 'index': 1, 'price': 210.16, 'error': 'place_limit_order failed: retCode=110126 retMsg=You must sign the required agreement before trading this contract. symbol=CBRSUSDT price=210.16 qty=0.47'}
2026-07-22 17:44:34 | ERROR | trading.strategy2_live:_open_grid:657 | S2Live: failed to place limit order | {'symbol': 'CBRSUSDT', 'index': 2, 'price': 207.82, 'error': 'place_limit_order failed: retCode=110126 retMsg=You must sign the required agreement before trading this contract. symbol=CBRSUSDT price=207.82 qty=0.48'}
2026-07-22 17:44:39 | ERROR | trading.strategy2_live:_open_grid:657 | S2Live: failed to place limit order | {'symbol': 'CBRSUSDT', 'index': 1, 'price': 210.16, 'error': 'place_limit_order failed: retCode=110126 retMsg=You must sign the required agreement before trading this contract. symbol=CBRSUSDT price=210.16 qty=0.47'}
2026-07-22 17:44:39 | ERROR | trading.strategy2_live:_open_grid:657 | S2Live: failed to place limit order | {'symbol': 'CBRSUSDT', 'index': 2, 'price': 207.82, 'error': 'place_limit_order failed: retCode=110126 retMsg=You must sign the required agreement before trading this contract. symbol=CBRSUSDT price=207.82 qty=0.48'}
2026-07-22 17:44:44 | ERROR | trading.strategy2_live:_open_grid:657 | S2Live: failed to place limit order | {'symbol': 'CBRSUSDT', 'index': 1, 'price': 210.16, 'error': 'place_limit_order failed: retCode=110126 retMsg=You must sign the required agreement before trading this contract. symbol=CBRSUSDT price=210.16 qty=0.47'}
2026-07-22 17:44:44 | ERROR | trading.strategy2_live:_open_grid:657 | S2Live: failed to place limit order | {'symbol': 'CBRSUSDT', 'index': 2, 'price': 207.82, 'error': 'place_limit_order failed: retCode=110126 retMsg=You must sign the required agreement before trading this contract. symbol=CBRSUSDT price=207.82 qty=0.48'}
2026-07-22 17:44:49 | ERROR | trading.strategy2_live:_open_grid:657 | S2Live: failed to place limit order | {'symbol': 'CBRSUSDT', 'index': 1, 'price': 210.16, 'error': 'place_limit_order failed: retCode=110126 retMsg=You must sign the required agreement before trading this contract. symbol=CBRSUSDT price=210.16 qty=0.47'}
2026-07-22 17:44:49 | ERROR | trading.strategy2_live:_open_grid:657 | S2Live: failed to place limit order | {'symbol': 'CBRSUSDT', 'index': 2, 'price': 207.82, 'error': 'place_limit_order failed: retCode=110126 retMsg=You must sign the required agreement before trading this contract. symbol=CBRSUSDT price=207.82 qty=0.48'}
2026-07-22 17:44:54 | ERROR | trading.strategy2_live:_open_grid:657 | S2Live: failed to place limit order | {'symbol': 'CBRSUSDT', 'index': 1, 'price': 210.16, 'error': 'place_limit_order failed: retCode=110126 retMsg=You must sign the required agreement before trading this contract. symbol=CBRSUSDT price=210.16 qty=0.47'}
2026-07-22 17:44:54 | ERROR | trading.strategy2_live:_open_grid:657 | S2Live: failed to place limit order | {'symbol': 'CBRSUSDT', 'index': 2, 'price': 207.82, 'error': 'place_limit_order failed: retCode=110126 retMsg=You must sign the required agreement before trading this contract. symbol=CBRSUSDT price=207.82 qty=0.48'}
2026-07-22 17:44:59 | ERROR | trading.strategy2_live:_open_grid:657 | S2Live: failed to place limit order | {'symbol': 'CBRSUSDT', 'index': 1, 'price': 210.16, 'error': 'place_limit_order failed: retCode=110126 retMsg=You must sign the required agreement before trading this contract. symbol=CBRSUSDT price=210.16 qty=0.47'}
2026-07-22 17:44:59 | ERROR | trading.strategy2_live:_open_grid:657 | S2Live: failed to place limit order | {'symbol': 'CBRSUSDT', 'index': 2, 'price': 207.82, 'error': 'place_limit_order failed: retCode=110126 retMsg=You must sign the required agreement before trading this contract. symbol=CBRSUSDT price=207.82 qty=0.48'}
2026-07-22 17:45:04 | ERROR | trading.strategy2_live:_open_grid:657 | S2Live: failed to place limit order | {'symbol': 'CBRSUSDT', 'index': 1, 'price': 210.16, 'error': 'place_limit_order failed: retCode=110126 retMsg=You must sign the required agreement before trading this contract. symbol=CBRSUSDT price=210.16 qty=0.47'}
2026-07-22 17:45:05 | ERROR | trading.strategy2_live:_open_grid:657 | S2Live: failed to place limit order | {'symbol': 'CBRSUSDT', 'index': 2, 'price': 207.82, 'error': 'place_limit_order failed: retCode=110126 retMsg=You must sign the required agreement before trading this contract. symbol=CBRSUSDT price=207.82 qty=0.48'}
2026-07-22 17:45:09 | ERROR | trading.strategy2_live:_open_grid:657 | S2Live: failed to place limit order | {'symbol': 'CBRSUSDT', 'index': 1, 'price': 210.16, 'error': 'place_limit_order failed: retCode=110126 retMsg=You must sign the required agreement before trading this contract. symbol=CBRSUSDT price=210.16 qty=0.47'}
2026-07-22 17:45:10 | ERROR | trading.strategy2_live:_open_grid:657 | S2Live: failed to place limit order | {'symbol': 'CBRSUSDT', 'index': 2, 'price': 207.82, 'error': 'place_limit_order failed: retCode=110126 retMsg=You must sign the required agreement before trading this contract. symbol=CBRSUSDT price=207.82 qty=0.48'}
2026-07-22 17:45:15 | ERROR | trading.strategy2_live:_open_grid:657 | S2Live: failed to place limit order | {'symbol': 'CBRSUSDT', 'index': 1, 'price': 210.16, 'error': 'place_limit_order failed: retCode=110126 retMsg=You must sign the required agreement before trading this contract. symbol=CBRSUSDT price=210.16 qty=0.47'}
2026-07-22 17:45:15 | ERROR | trading.strategy2_live:_open_grid:657 | S2Live: failed to place limit order | {'symbol': 'CBRSUSDT', 'index': 2, 'price': 207.82, 'error': 'place_limit_order failed: retCode=110126 retMsg=You must sign the required agreement before trading this contract. symbol=CBRSUSDT price=207.82 qty=0.48'}
2026-07-22 17:45:20 | ERROR | trading.strategy2_live:_open_grid:657 | S2Live: failed to place limit order | {'symbol': 'CBRSUSDT', 'index': 1, 'price': 210.16, 'error': 'place_limit_order failed: retCode=110126 retMsg=You must sign the required agreement before trading this contract. symbol=CBRSUSDT price=210.16 qty=0.47'}
2026-07-22 17:45:20 | ERROR | trading.strategy2_live:_open_grid:657 | S2Live: failed to place limit order | {'symbol': 'CBRSUSDT', 'index': 2, 'price': 207.82, 'error': 'place_limit_order failed: retCode=110126 retMsg=You must sign the required agreement before trading this contract. symbol=CBRSUSDT price=207.82 qty=0.48'}
2026-07-22 17:45:25 | ERROR | trading.strategy2_live:_open_grid:657 | S2Live: failed to place limit order | {'symbol': 'CBRSUSDT', 'index': 1, 'price': 210.16, 'error': 'place_limit_order failed: retCode=110126 retMsg=You must sign the required agreement before trading this contract. symbol=CBRSUSDT price=210.16 qty=0.47'}
2026-07-22 17:45:25 | ERROR | trading.strategy2_live:_open_grid:657 | S2Live: failed to place limit order | {'symbol': 'CBRSUSDT', 'index': 2, 'price': 207.82, 'error': 'place_limit_order failed: retCode=110126 retMsg=You must sign the required agreement before trading this contract. symbol=CBRSUSDT price=207.82 qty=0.48'}
2026-07-22 17:45:30 | ERROR | trading.strategy2_live:_open_grid:657 | S2Live: failed to place limit order | {'symbol': 'CBRSUSDT', 'index': 1, 'price': 210.16, 'error': 'place_limit_order failed: retCode=110126 retMsg=You must sign the required agreement before trading this contract. symbol=CBRSUSDT price=210.16 qty=0.47'}
2026-07-22 17:45:30 | ERROR | trading.strategy2_live:_open_grid:657 | S2Live: failed to place limit order | {'symbol': 'CBRSUSDT', 'index': 2, 'price': 207.82, 'error': 'place_limit_order failed: retCode=110126 retMsg=You must sign the required agreement before trading this contract. symbol=CBRSUSDT price=207.82 qty=0.48'}
2026-07-22 17:45:35 | ERROR | trading.strategy2_live:_open_grid:657 | S2Live: failed to place limit order | {'symbol': 'CBRSUSDT', 'index': 1, 'price': 210.16, 'error': 'place_limit_order failed: retCode=110126 retMsg=You must sign the required agreement before trading this contract. symbol=CBRSUSDT price=210.16 qty=0.47'}
2026-07-22 17:45:35 | ERROR | trading.strategy2_live:_open_grid:657 | S2Live: failed to place limit order | {'symbol': 'CBRSUSDT', 'index': 2, 'price': 207.82, 'error': 'place_limit_order failed: retCode=110126 retMsg=You must sign the required agreement before trading this contract. symbol=CBRSUSDT price=207.82 qty=0.48'}
2026-07-22 17:45:40 | ERROR | trading.strategy2_live:_open_grid:657 | S2Live: failed to place limit order | {'symbol': 'CBRSUSDT', 'index': 1, 'price': 210.16, 'error': 'place_limit_order failed: retCode=110126 retMsg=You must sign the required agreement before trading this contract. symbol=CBRSUSDT price=210.16 qty=0.47'}
2026-07-22 17:45:41 | ERROR | trading.strategy2_live:_open_grid:657 | S2Live: failed to place limit order | {'symbol': 'CBRSUSDT', 'index': 2, 'price': 207.82, 'error': 'place_limit_order failed: retCode=110126 retMsg=You must sign the required agreement before trading this contract. symbol=CBRSUSDT price=207.82 qty=0.48'}
2026-07-22 17:45:45 | ERROR | trading.strategy2_live:_open_grid:657 | S2Live: failed to place limit order | {'symbol': 'CBRSUSDT', 'index': 1, 'price': 210.16, 'error': 'place_limit_order failed: retCode=110126 retMsg=You must sign the required agreement before trading this contract. symbol=CBRSUSDT price=210.16 qty=0.47'}
2026-07-22 17:45:45 | ERROR | trading.strategy2_live:_open_grid:657 | S2Live: failed to place limit order | {'symbol': 'CBRSUSDT', 'index': 2, 'price': 207.82, 'error': 'place_limit_order failed: retCode=110126 retMsg=You must sign the required agreement before trading this contract. symbol=CBRSUSDT price=207.82 qty=0.48'}
2026-07-22 17:45:50 | ERROR | trading.strategy2_live:_open_grid:657 | S2Live: failed to place limit order | {'symbol': 'CBRSUSDT', 'index': 1, 'price': 210.16, 'error': 'place_limit_order failed: retCode=110126 retMsg=You must sign the required agreement before trading this contract. symbol=CBRSUSDT price=210.16 qty=0.47'}
2026-07-22 17:45:50 | ERROR | trading.strategy2_live:_open_grid:657 | S2Live: failed to place limit order | {'symbol': 'CBRSUSDT', 'index': 2, 'price': 207.82, 'error': 'place_limit_order failed: retCode=110126 retMsg=You must sign the required agreement before trading this contract. symbol=CBRSUSDT price=207.82 qty=0.48'}
2026-07-22 17:45:55 | ERROR | trading.strategy2_live:_open_grid:657 | S2Live: failed to place limit order | {'symbol': 'CBRSUSDT', 'index': 1, 'price': 210.16, 'error': 'place_limit_order failed: retCode=110126 retMsg=You must sign the required agreement before trading this contract. symbol=CBRSUSDT price=210.16 qty=0.47'}
2026-07-22 17:45:55 | ERROR | trading.strategy2_live:_open_grid:657 | S2Live: failed to place limit order | {'symbol': 'CBRSUSDT', 'index': 2, 'price': 207.82, 'error': 'place_limit_order failed: retCode=110126 retMsg=You must sign the required agreement before trading this contract. symbol=CBRSUSDT price=207.82 qty=0.48'}
2026-07-22 17:46:00 | ERROR | trading.strategy2_live:_open_grid:657 | S2Live: failed to place limit order | {'symbol': 'CBRSUSDT', 'index': 1, 'price': 210.16, 'error': 'place_limit_order failed: retCode=110126 retMsg=You must sign the required agreement before trading this contract. symbol=CBRSUSDT price=210.16 qty=0.47'}
2026-07-22 17:46:01 | ERROR | trading.strategy2_live:_open_grid:657 | S2Live: failed to place limit order | {'symbol': 'CBRSUSDT', 'index': 2, 'price': 207.82, 'error': 'place_limit_order failed: retCode=110126 retMsg=You must sign the required agreement before trading this contract. symbol=CBRSUSDT price=207.82 qty=0.48'}
2026-07-22 17:46:06 | ERROR | trading.strategy2_live:_open_grid:657 | S2Live: failed to place limit order | {'symbol': 'CBRSUSDT', 'index': 1, 'price': 210.16, 'error': 'place_limit_order failed: retCode=110126 retMsg=You must sign the required agreement before trading this contract. symbol=CBRSUSDT price=210.16 qty=0.47'}
2026-07-22 17:46:06 | ERROR | trading.strategy2_live:_open_grid:657 | S2Live: failed to place limit order | {'symbol': 'CBRSUSDT', 'index': 2, 'price': 207.82, 'error': 'place_limit_order failed: retCode=110126 retMsg=You must sign the required agreement before trading this contract. symbol=CBRSUSDT price=207.82 qty=0.48'}
2026-07-22 17:46:11 | ERROR | trading.strategy2_live:_open_grid:657 | S2Live: failed to place limit order | {'symbol': 'CBRSUSDT', 'index': 1, 'price': 210.16, 'error': 'place_limit_order failed: retCode=110126 retMsg=You must sign the required agreement before trading this contract. symbol=CBRSUSDT price=210.16 qty=0.47'}
2026-07-22 17:46:11 | ERROR | trading.strategy2_live:_open_grid:657 | S2Live: failed to place limit order | {'symbol': 'CBRSUSDT', 'index': 2, 'price': 207.82, 'error': 'place_limit_order failed: retCode=110126 retMsg=You must sign the required agreement before trading this contract. symbol=CBRSUSDT price=207.82 qty=0.48'}
2026-07-22 17:46:16 | ERROR | trading.strategy2_live:_open_grid:657 | S2Live: failed to place limit order | {'symbol': 'CBRSUSDT', 'index': 1, 'price': 210.16, 'error': 'place_limit_order failed: retCode=110126 retMsg=You must sign the required agreement before trading this contract. symbol=CBRSUSDT price=210.16 qty=0.47'}
2026-07-22 17:46:16 | ERROR | trading.strategy2_live:_open_grid:657 | S2Live: failed to place limit order | {'symbol': 'CBRSUSDT', 'index': 2, 'price': 207.82, 'error': 'place_limit_order failed: retCode=110126 retMsg=You must sign the required agreement before trading this contract. symbol=CBRSUSDT price=207.82 qty=0.48'}
2026-07-22 17:48:23 | ERROR | trading.strategy2_live:_open_grid:657 | S2Live: failed to place limit order | {'symbol': 'CBRSUSDT', 'index': 1, 'price': 209.32, 'error': 'place_limit_order failed: retCode=110126 retMsg=You must sign the required agreement before trading this contract. symbol=CBRSUSDT price=209.32 qty=0.47'}
2026-07-22 17:48:23 | ERROR | trading.strategy2_live:_open_grid:657 | S2Live: failed to place limit order | {'symbol': 'CBRSUSDT', 'index': 2, 'price': 207.72, 'error': 'place_limit_order failed: retCode=110126 retMsg=You must sign the required agreement before trading this contract. symbol=CBRSUSDT price=207.72 qty=0.48'}
2026-07-22 17:48:28 | ERROR | trading.strategy2_live:_open_grid:657 | S2Live: failed to place limit order | {'symbol': 'CBRSUSDT', 'index': 1, 'price': 209.32, 'error': 'place_limit_order failed: retCode=110126 retMsg=You must sign the required agreement before trading this contract. symbol=CBRSUSDT price=209.32 qty=0.47'}
2026-07-22 17:48:28 | ERROR | trading.strategy2_live:_open_grid:657 | S2Live: failed to place limit order | {'symbol': 'CBRSUSDT', 'index': 2, 'price': 207.72, 'error': 'place_limit_order failed: retCode=110126 retMsg=You must sign the required agreement before trading this contract. symbol=CBRSUSDT price=207.72 qty=0.48'}
2026-07-22 17:48:33 | ERROR | trading.strategy2_live:_open_grid:657 | S2Live: failed to place limit order | {'symbol': 'CBRSUSDT', 'index': 1, 'price': 209.32, 'error': 'place_limit_order failed: retCode=110126 retMsg=You must sign the required agreement before trading this contract. symbol=CBRSUSDT price=209.32 qty=0.47'}
2026-07-22 17:48:33 | ERROR | trading.strategy2_live:_open_grid:657 | S2Live: failed to place limit order | {'symbol': 'CBRSUSDT', 'index': 2, 'price': 207.72, 'error': 'place_limit_order failed: retCode=110126 retMsg=You must sign the required agreement before trading this contract. symbol=CBRSUSDT price=207.72 qty=0.48'}
2026-07-22 17:48:59 | ERROR | trading.strategy2_live:_open_grid:657 | S2Live: failed to place limit order | {'symbol': 'CBRSUSDT', 'index': 1, 'price': 209.32, 'error': 'place_limit_order failed: retCode=110126 retMsg=You must sign the required agreement before trading this contract. symbol=CBRSUSDT price=209.32 qty=0.47'}
2026-07-22 17:48:59 | ERROR | trading.strategy2_live:_open_grid:657 | S2Live: failed to place limit order | {'symbol': 'CBRSUSDT', 'index': 2, 'price': 207.61, 'error': 'place_limit_order failed: retCode=110126 retMsg=You must sign the required agreement before trading this contract. symbol=CBRSUSDT price=207.61 qty=0.48'}
2026-07-22 17:49:04 | ERROR | trading.strategy2_live:_open_grid:657 | S2Live: failed to place limit order | {'symbol': 'CBRSUSDT', 'index': 1, 'price': 209.32, 'error': 'place_limit_order failed: retCode=110126 retMsg=You must sign the required agreement before trading this contract. symbol=CBRSUSDT price=209.32 qty=0.47'}
2026-07-22 17:49:04 | ERROR | trading.strategy2_live:_open_grid:657 | S2Live: failed to place limit order | {'symbol': 'CBRSUSDT', 'index': 2, 'price': 207.61, 'error': 'place_limit_order failed: retCode=110126 retMsg=You must sign the required agreement before trading this contract. symbol=CBRSUSDT price=207.61 qty=0.48'}
2026-07-22 17:49:09 | ERROR | trading.strategy2_live:_open_grid:657 | S2Live: failed to place limit order | {'symbol': 'CBRSUSDT', 'index': 1, 'price': 209.32, 'error': 'place_limit_order failed: retCode=110126 retMsg=You must sign the required agreement before trading this contract. symbol=CBRSUSDT price=209.32 qty=0.47'}
2026-07-22 17:49:09 | ERROR | trading.strategy2_live:_open_grid:657 | S2Live: failed to place limit order | {'symbol': 'CBRSUSDT', 'index': 2, 'price': 207.61, 'error': 'place_limit_order failed: retCode=110126 retMsg=You must sign the required agreement before trading this contract. symbol=CBRSUSDT price=207.61 qty=0.48'}
2026-07-22 18:02:01 | WARNING | trading.bybit_client:cancel_order:247 | bybit cancel_order unexpected response | {'symbol': 'AKEUSDT', 'order_id': 'd63821a4-de99-49dd-8b50-8c938d6a6af9', 'resp': {'retCode': 110001, 'retMsg': 'order not exists or too late to cancel', 'result': {}, 'retExtInfo': {}, 'time': 1784743321056}}
2026-07-22 18:16:42 | WARNING | trading.bybit_client:cancel_order:247 | bybit cancel_order unexpected response | {'symbol': 'ESPORTSUSDT', 'order_id': '0fa95e2f-4505-418f-b279-fa727884597c', 'resp': {'retCode': 110001, 'retMsg': 'order not exists or too late to cancel', 'result': {}, 'retExtInfo': {}, 'time': 1784744202232}}
2026-07-22 19:55:26 | WARNING | trading.strategy5_live:_open_live:137 | S5Live: no instrument info, skip | {'symbol': 'BROCCOLIF3BUSDT'}
2026-07-22 20:51:16 | WARNING | trading.bybit_client:cancel_order:247 | bybit cancel_order unexpected response | {'symbol': 'AKEUSDT', 'order_id': '52f29092-dde9-4ffa-a881-8bd3b7636a33', 'resp': {'retCode': 110001, 'retMsg': 'order not exists or too late to cancel', 'result': {}, 'retExtInfo': {}, 'time': 1784753476662}}
2026-07-22 23:02:18 | WARNING | trading.bybit_client:cancel_order:247 | bybit cancel_order unexpected response | {'symbol': 'REUSDT', 'order_id': 'a4812ef6-0b62-48a8-a969-d33a8693593b', 'resp': {'retCode': 110001, 'retMsg': 'order not exists or too late to cancel', 'result': {}, 'retExtInfo': {}, 'time': 1784761338162}}
2026-07-22 23:02:21 | WARNING | trading.strategy2_live:_realized_pnl_from_executions:1888 | S2Live: buy/sell qty mismatch on close — PnL booked on matched qty only, remainder left for reconcile | {'trade_id': 'a2106adc-c86e-4c86-b7a2-5bd6496510dc', 'symbol': 'REUSDT', 'buy_qty': 209.0, 'sell_qty': 104.0, 'matched_qty': 104.0}
2026-07-23 02:53:28 | ERROR | trading.strategy2_live:_open_grid:581 | S2Live: failed to get instrument info | {'symbol': 'DODOXUSDT', 'error': 'instrument info not found for DODOXUSDT'}
2026-07-23 02:53:31 | ERROR | trading.strategy2_live:_open_grid:657 | S2Live: failed to place limit order | {'symbol': 'ONUSDT', 'index': 1, 'price': 0.16, 'error': 'place_limit_order failed: retCode=110003 retMsg=price is invalid symbol=ONUSDT price=0.16 qty=616.07'}
2026-07-23 02:53:31 | ERROR | trading.strategy2_live:_open_grid:657 | S2Live: failed to place limit order | {'symbol': 'ONUSDT', 'index': 2, 'price': 0.16, 'error': 'place_limit_order failed: retCode=110003 retMsg=price is invalid symbol=ONUSDT price=0.16 qty=624.51'}
2026-07-23 02:54:11 | ERROR | trading.strategy2_live:_open_grid:657 | S2Live: failed to place limit order | {'symbol': 'ONUSDT', 'index': 1, 'price': 0.16, 'error': 'place_limit_order failed: retCode=110003 retMsg=price is invalid symbol=ONUSDT price=0.16 qty=616.07'}
2026-07-23 02:54:11 | ERROR | trading.strategy2_live:_open_grid:657 | S2Live: failed to place limit order | {'symbol': 'ONUSDT', 'index': 2, 'price': 0.16, 'error': 'place_limit_order failed: retCode=110003 retMsg=price is invalid symbol=ONUSDT price=0.16 qty=624.56'}
2026-07-23 02:54:27 | ERROR | trading.strategy2_live:_open_grid:657 | S2Live: failed to place limit order | {'symbol': 'ONUSDT', 'index': 1, 'price': 0.16, 'error': 'place_limit_order failed: retCode=110003 retMsg=price is invalid symbol=ONUSDT price=0.16 qty=616.07'}
2026-07-23 02:54:27 | ERROR | trading.strategy2_live:_open_grid:657 | S2Live: failed to place limit order | {'symbol': 'ONUSDT', 'index': 2, 'price': 0.16, 'error': 'place_limit_order failed: retCode=110003 retMsg=price is invalid symbol=ONUSDT price=0.16 qty=624.73'}
2026-07-23 02:54:42 | ERROR | trading.strategy2_live:_open_grid:657 | S2Live: failed to place limit order | {'symbol': 'ONUSDT', 'index': 1, 'price': 0.16, 'error': 'place_limit_order failed: retCode=110003 retMsg=price is invalid symbol=ONUSDT price=0.16 qty=616.07'}
2026-07-23 02:54:42 | ERROR | trading.strategy2_live:_open_grid:657 | S2Live: failed to place limit order | {'symbol': 'ONUSDT', 'index': 2, 'price': 0.16, 'error': 'place_limit_order failed: retCode=110003 retMsg=price is invalid symbol=ONUSDT price=0.16 qty=624.73'}
2026-07-23 02:54:57 | ERROR | trading.strategy2_live:_open_grid:657 | S2Live: failed to place limit order | {'symbol': 'ONUSDT', 'index': 1, 'price': 0.16, 'error': 'place_limit_order failed: retCode=110003 retMsg=price is invalid symbol=ONUSDT price=0.16 qty=616.07'}
2026-07-23 02:54:57 | ERROR | trading.strategy2_live:_open_grid:657 | S2Live: failed to place limit order | {'symbol': 'ONUSDT', 'index': 2, 'price': 0.16, 'error': 'place_limit_order failed: retCode=110003 retMsg=price is invalid symbol=ONUSDT price=0.16 qty=624.73'}
2026-07-23 02:55:12 | ERROR | trading.strategy2_live:_open_grid:657 | S2Live: failed to place limit order | {'symbol': 'ONUSDT', 'index': 1, 'price': 0.16, 'error': 'place_limit_order failed: retCode=110003 retMsg=price is invalid symbol=ONUSDT price=0.16 qty=616.07'}
2026-07-23 02:55:13 | ERROR | trading.strategy2_live:_open_grid:657 | S2Live: failed to place limit order | {'symbol': 'ONUSDT', 'index': 2, 'price': 0.16, 'error': 'place_limit_order failed: retCode=110003 retMsg=price is invalid symbol=ONUSDT price=0.16 qty=624.73'}
2026-07-23 02:55:28 | ERROR | trading.strategy2_live:_open_grid:657 | S2Live: failed to place limit order | {'symbol': 'ONUSDT', 'index': 1, 'price': 0.16, 'error': 'place_limit_order failed: retCode=110003 retMsg=price is invalid symbol=ONUSDT price=0.16 qty=616.07'}
2026-07-23 02:55:28 | ERROR | trading.strategy2_live:_open_grid:657 | S2Live: failed to place limit order | {'symbol': 'ONUSDT', 'index': 2, 'price': 0.16, 'error': 'place_limit_order failed: retCode=110003 retMsg=price is invalid symbol=ONUSDT price=0.16 qty=625.1'}
2026-07-23 02:55:43 | ERROR | trading.strategy2_live:_open_grid:657 | S2Live: failed to place limit order | {'symbol': 'ONUSDT', 'index': 1, 'price': 0.16, 'error': 'place_limit_order failed: retCode=110003 retMsg=price is invalid symbol=ONUSDT price=0.16 qty=616.07'}
2026-07-23 02:55:43 | ERROR | trading.strategy2_live:_open_grid:657 | S2Live: failed to place limit order | {'symbol': 'ONUSDT', 'index': 2, 'price': 0.16, 'error': 'place_limit_order failed: retCode=110003 retMsg=price is invalid symbol=ONUSDT price=0.16 qty=625.39'}
2026-07-23 02:55:58 | ERROR | trading.strategy2_live:_open_grid:657 | S2Live: failed to place limit order | {'symbol': 'ONUSDT', 'index': 1, 'price': 0.16, 'error': 'place_limit_order failed: retCode=110003 retMsg=price is invalid symbol=ONUSDT price=0.16 qty=616.07'}
2026-07-23 02:55:58 | ERROR | trading.strategy2_live:_open_grid:657 | S2Live: failed to place limit order | {'symbol': 'ONUSDT', 'index': 2, 'price': 0.16, 'error': 'place_limit_order failed: retCode=110003 retMsg=price is invalid symbol=ONUSDT price=0.16 qty=625.39'}
2026-07-23 02:56:13 | ERROR | trading.strategy2_live:_open_grid:657 | S2Live: failed to place limit order | {'symbol': 'ONUSDT', 'index': 1, 'price': 0.16, 'error': 'place_limit_order failed: retCode=110003 retMsg=price is invalid symbol=ONUSDT price=0.16 qty=616.07'}
2026-07-23 02:56:13 | ERROR | trading.strategy2_live:_open_grid:657 | S2Live: failed to place limit order | {'symbol': 'ONUSDT', 'index': 2, 'price': 0.16, 'error': 'place_limit_order failed: retCode=110003 retMsg=price is invalid symbol=ONUSDT price=0.16 qty=625.39'}
2026-07-23 02:56:29 | ERROR | trading.strategy2_live:_open_grid:657 | S2Live: failed to place limit order | {'symbol': 'ONUSDT', 'index': 1, 'price': 0.16, 'error': 'place_limit_order failed: retCode=110003 retMsg=price is invalid symbol=ONUSDT price=0.16 qty=616.07'}
2026-07-23 02:56:29 | ERROR | trading.strategy2_live:_open_grid:657 | S2Live: failed to place limit order | {'symbol': 'ONUSDT', 'index': 2, 'price': 0.16, 'error': 'place_limit_order failed: retCode=110003 retMsg=price is invalid symbol=ONUSDT price=0.16 qty=625.39'}
2026-07-23 02:56:44 | ERROR | trading.strategy2_live:_open_grid:657 | S2Live: failed to place limit order | {'symbol': 'ONUSDT', 'index': 1, 'price': 0.16, 'error': 'place_limit_order failed: retCode=110003 retMsg=price is invalid symbol=ONUSDT price=0.16 qty=616.07'}
2026-07-23 02:56:44 | ERROR | trading.strategy2_live:_open_grid:657 | S2Live: failed to place limit order | {'symbol': 'ONUSDT', 'index': 2, 'price': 0.16, 'error': 'place_limit_order failed: retCode=110003 retMsg=price is invalid symbol=ONUSDT price=0.16 qty=625.39'}
2026-07-23 02:56:59 | ERROR | trading.strategy2_live:_open_grid:657 | S2Live: failed to place limit order | {'symbol': 'ONUSDT', 'index': 1, 'price': 0.16, 'error': 'place_limit_order failed: retCode=110003 retMsg=price is invalid symbol=ONUSDT price=0.16 qty=616.07'}
2026-07-23 02:56:59 | ERROR | trading.strategy2_live:_open_grid:657 | S2Live: failed to place limit order | {'symbol': 'ONUSDT', 'index': 2, 'price': 0.16, 'error': 'place_limit_order failed: retCode=110003 retMsg=price is invalid symbol=ONUSDT price=0.16 qty=625.39'}
2026-07-23 02:57:19 | ERROR | trading.strategy2_live:_open_grid:657 | S2Live: failed to place limit order | {'symbol': 'ONUSDT', 'index': 1, 'price': 0.16, 'error': 'place_limit_order failed: retCode=110003 retMsg=price is invalid symbol=ONUSDT price=0.16 qty=616.07'}
2026-07-23 02:57:20 | ERROR | trading.strategy2_live:_open_grid:657 | S2Live: failed to place limit order | {'symbol': 'ONUSDT', 'index': 2, 'price': 0.16, 'error': 'place_limit_order failed: retCode=110003 retMsg=price is invalid symbol=ONUSDT price=0.16 qty=625.39'}
2026-07-23 02:57:35 | ERROR | trading.strategy2_live:_open_grid:657 | S2Live: failed to place limit order | {'symbol': 'ONUSDT', 'index': 1, 'price': 0.16, 'error': 'place_limit_order failed: retCode=110003 retMsg=price is invalid symbol=ONUSDT price=0.16 qty=616.07'}
2026-07-23 02:57:35 | ERROR | trading.strategy2_live:_open_grid:657 | S2Live: failed to place limit order | {'symbol': 'ONUSDT', 'index': 2, 'price': 0.16, 'error': 'place_limit_order failed: retCode=110003 retMsg=price is invalid symbol=ONUSDT price=0.16 qty=625.39'}
2026-07-23 02:57:50 | ERROR | trading.strategy2_live:_open_grid:657 | S2Live: failed to place limit order | {'symbol': 'ONUSDT', 'index': 1, 'price': 0.16, 'error': 'place_limit_order failed: retCode=110003 retMsg=price is invalid symbol=ONUSDT price=0.16 qty=616.07'}
2026-07-23 02:57:50 | ERROR | trading.strategy2_live:_open_grid:657 | S2Live: failed to place limit order | {'symbol': 'ONUSDT', 'index': 2, 'price': 0.16, 'error': 'place_limit_order failed: retCode=110003 retMsg=price is invalid symbol=ONUSDT price=0.16 qty=625.39'}
2026-07-23 02:58:05 | ERROR | trading.strategy2_live:_open_grid:657 | S2Live: failed to place limit order | {'symbol': 'ONUSDT', 'index': 1, 'price': 0.16, 'error': 'place_limit_order failed: retCode=110003 retMsg=price is invalid symbol=ONUSDT price=0.16 qty=616.07'}
2026-07-23 02:58:06 | ERROR | trading.strategy2_live:_open_grid:657 | S2Live: failed to place limit order | {'symbol': 'ONUSDT', 'index': 2, 'price': 0.16, 'error': 'place_limit_order failed: retCode=110003 retMsg=price is invalid symbol=ONUSDT price=0.16 qty=625.39'}
2026-07-23 03:00:23 | ERROR | trading.strategy2_live:_open_grid:657 | S2Live: failed to place limit order | {'symbol': 'ONUSDT', 'index': 1, 'price': 0.16, 'error': 'place_limit_order failed: retCode=110003 retMsg=price is invalid symbol=ONUSDT price=0.16 qty=616.07'}
2026-07-23 03:00:23 | ERROR | trading.strategy2_live:_open_grid:657 | S2Live: failed to place limit order | {'symbol': 'ONUSDT', 'index': 2, 'price': 0.16, 'error': 'place_limit_order failed: retCode=110003 retMsg=price is invalid symbol=ONUSDT price=0.16 qty=625.39'}
2026-07-23 04:55:20 | WARNING | trading.bybit_client_s5:set_leverage:109 | S5 set_leverage unexpected response | {'symbol': 'RIFUSDT', 'resp': {'retCode': 110074, 'retMsg': 'closed symbol error: This RIFUSDT contract is not live', 'result': {}, 'retExtInfo': {}, 'time': 1784782520064}}
2026-07-23 04:55:20 | ERROR | trading.strategy5_live:_open_live:151 | S5Live: entry order failed | {'symbol': 'RIFUSDT', 'error': 'S5 place_market_order failed: retCode=110074 retMsg=This contract is not live symbol=RIFUSDT qty=1338.0'}
2026-07-23 06:53:39 | WARNING | data.collector:_stream_agg_trades:180 | Failed to create aggTrades client | {'symbol': 'ONUSDT', 'error': 'Cannot connect to host api.binance.com:443 ssl:default [Connection reset by peer]'}
2026-07-23 07:12:39 | WARNING | trading.bybit_client:cancel_order:247 | bybit cancel_order unexpected response | {'symbol': 'AKEUSDT', 'order_id': 'ceeb83b1-4129-4669-922e-b99665efd43d', 'resp': {'retCode': 110001, 'retMsg': 'order not exists or too late to cancel', 'result': {}, 'retExtInfo': {}, 'time': 1784790759102}}
2026-07-23 07:12:41 | WARNING | trading.strategy2_live:_realized_pnl_from_executions:1888 | S2Live: buy/sell qty mismatch on close — PnL booked on matched qty only, remainder left for reconcile | {'trade_id': '788db4cf-f500-4396-a12e-bccaab291ff6', 'symbol': 'AKEUSDT', 'buy_qty': 55500.0, 'sell_qty': 27700.0, 'matched_qty': 27700.0}
2026-07-23 07:58:55 | ERROR | trading.strategy5_live:_open_live:151 | S5Live: entry order failed | {'symbol': 'ONUSDT', 'error': 'S5 place_market_order failed: retCode=110126 retMsg=You must sign the required agreement before trading this contract. symbol=ONUSDT qty=564.87'}
