2026-07-25 11:05:32 | WARNING | trading.bybit_client_s5:set_leverage:109 | S5 set_leverage unexpected response | {'symbol': 'PROMUSDT', 'resp': {'retCode': 110074, 'retMsg': 'closed symbol error: This PROMUSDT contract is not live', 'result': {}, 'retExtInfo': {}, 'time': 1784977532157}}
2026-07-25 11:05:32 | ERROR | trading.strategy5_live:_open_live:151 | S5Live: entry order failed | {'symbol': 'PROMUSDT', 'error': 'S5 place_market_order failed: retCode=110074 retMsg=This contract is not live symbol=PROMUSDT qty=48.8'}
2026-07-25 11:58:08 | WARNING | trading.bybit_client:cancel_order:247 | bybit cancel_order unexpected response | {'symbol': 'ZAMAUSDT', 'order_id': '8236f827-24ac-40fb-b448-6454cf54544f', 'resp': {'retCode': 110001, 'retMsg': 'order not exists or too late to cancel', 'result': {}, 'retExtInfo': {}, 'time': 1784980688229}}
2026-07-25 11:58:11 | WARNING | trading.strategy2_live:_realized_pnl_from_executions:1888 | S2Live: buy/sell qty mismatch on close — PnL booked on matched qty only, remainder left for reconcile | {'trade_id': 'b4f56239-9b90-401d-ac5c-ed08b795f459', 'symbol': 'ZAMAUSDT', 'buy_qty': 2018.0, 'sell_qty': 1009.0, 'matched_qty': 1009.0}
2026-07-25 15:36:14 | WARNING | trading.bybit_client:set_leverage:93 | bybit set_leverage unexpected response | {'symbol': 'PROMUSDT', 'resp': {'retCode': 110074, 'retMsg': 'closed symbol error: This PROMUSDT contract is not live', 'result': {}, 'retExtInfo': {}, 'time': 1784993774462}}
2026-07-25 15:36:15 | ERROR | trading.strategy2_live:_open_grid:657 | S2Live: failed to place limit order | {'symbol': 'PROMUSDT', 'index': 1, 'price': 1.9084, 'error': 'place_limit_order failed: retCode=110074 retMsg=This contract is not live symbol=PROMUSDT price=1.9084 qty=52.4'}
2026-07-25 15:36:15 | WARNING | trading.strategy2_live:_open_grid:663 | S2Live: symbol not live on Bybit, cooldown 24h set | {'symbol': 'PROMUSDT'}
2026-07-25 17:01:42 | ERROR | trading.strategy2_live:_open_grid:657 | S2Live: failed to place limit order | {'symbol': 'ONUSDT', 'index': 1, 'price': 0.14, 'error': 'place_limit_order failed: retCode=110003 retMsg=price is invalid symbol=ONUSDT price=0.14 qty=734.09'}
2026-07-25 17:01:42 | ERROR | trading.strategy2_live:_open_grid:657 | S2Live: failed to place limit order | {'symbol': 'ONUSDT', 'index': 2, 'price': 0.13, 'error': 'place_limit_order failed: retCode=110003 retMsg=price is invalid symbol=ONUSDT price=0.13 qty=745.2'}
2026-07-25 17:01:47 | ERROR | trading.strategy2_live:_open_grid:657 | S2Live: failed to place limit order | {'symbol': 'ONUSDT', 'index': 1, 'price': 0.14, 'error': 'place_limit_order failed: retCode=110003 retMsg=price is invalid symbol=ONUSDT price=0.14 qty=734.09'}
2026-07-25 17:01:47 | ERROR | trading.strategy2_live:_open_grid:657 | S2Live: failed to place limit order | {'symbol': 'ONUSDT', 'index': 2, 'price': 0.13, 'error': 'place_limit_order failed: retCode=110003 retMsg=price is invalid symbol=ONUSDT price=0.13 qty=745.2'}
2026-07-25 17:01:48 | ERROR | trading.strategy2_live:_open_grid:657 | S2Live: failed to place limit order | {'symbol': 'ONUSDT', 'index': 1, 'price': 0.14, 'error': 'place_limit_order failed: retCode=110003 retMsg=price is invalid symbol=ONUSDT price=0.14 qty=734.09'}
2026-07-25 17:01:48 | ERROR | trading.strategy2_live:_open_grid:657 | S2Live: failed to place limit order | {'symbol': 'ONUSDT', 'index': 2, 'price': 0.13, 'error': 'place_limit_order failed: retCode=110003 retMsg=price is invalid symbol=ONUSDT price=0.13 qty=745.2'}
2026-07-25 17:01:57 | ERROR | trading.strategy2_live:_open_grid:657 | S2Live: failed to place limit order | {'symbol': 'ONUSDT', 'index': 1, 'price': 0.14, 'error': 'place_limit_order failed: retCode=110003 retMsg=price is invalid symbol=ONUSDT price=0.14 qty=734.09'}
2026-07-25 17:01:57 | ERROR | trading.strategy2_live:_open_grid:657 | S2Live: failed to place limit order | {'symbol': 'ONUSDT', 'index': 2, 'price': 0.13, 'error': 'place_limit_order failed: retCode=110003 retMsg=price is invalid symbol=ONUSDT price=0.13 qty=745.2'}
2026-07-25 17:01:58 | ERROR | trading.strategy2_live:_open_grid:657 | S2Live: failed to place limit order | {'symbol': 'ONUSDT', 'index': 1, 'price': 0.14, 'error': 'place_limit_order failed: retCode=110003 retMsg=price is invalid symbol=ONUSDT price=0.14 qty=734.09'}
2026-07-25 17:01:58 | ERROR | trading.strategy2_live:_open_grid:657 | S2Live: failed to place limit order | {'symbol': 'ONUSDT', 'index': 2, 'price': 0.13, 'error': 'place_limit_order failed: retCode=110003 retMsg=price is invalid symbol=ONUSDT price=0.13 qty=745.2'}
2026-07-25 17:02:02 | ERROR | trading.strategy2_live:_open_grid:657 | S2Live: failed to place limit order | {'symbol': 'ONUSDT', 'index': 1, 'price': 0.14, 'error': 'place_limit_order failed: retCode=110003 retMsg=price is invalid symbol=ONUSDT price=0.14 qty=734.09'}
2026-07-25 17:02:02 | ERROR | trading.strategy2_live:_open_grid:657 | S2Live: failed to place limit order | {'symbol': 'ONUSDT', 'index': 2, 'price': 0.13, 'error': 'place_limit_order failed: retCode=110003 retMsg=price is invalid symbol=ONUSDT price=0.13 qty=745.2'}
2026-07-25 17:02:03 | ERROR | trading.strategy2_live:_open_grid:657 | S2Live: failed to place limit order | {'symbol': 'ONUSDT', 'index': 1, 'price': 0.14, 'error': 'place_limit_order failed: retCode=110003 retMsg=price is invalid symbol=ONUSDT price=0.14 qty=734.09'}
2026-07-25 17:02:03 | ERROR | trading.strategy2_live:_open_grid:657 | S2Live: failed to place limit order | {'symbol': 'ONUSDT', 'index': 2, 'price': 0.13, 'error': 'place_limit_order failed: retCode=110003 retMsg=price is invalid symbol=ONUSDT price=0.13 qty=745.2'}
2026-07-25 17:02:07 | ERROR | trading.strategy2_live:_open_grid:657 | S2Live: failed to place limit order | {'symbol': 'ONUSDT', 'index': 1, 'price': 0.14, 'error': 'place_limit_order failed: retCode=110003 retMsg=price is invalid symbol=ONUSDT price=0.14 qty=734.09'}
2026-07-25 17:02:07 | ERROR | trading.strategy2_live:_open_grid:657 | S2Live: failed to place limit order | {'symbol': 'ONUSDT', 'index': 2, 'price': 0.13, 'error': 'place_limit_order failed: retCode=110003 retMsg=price is invalid symbol=ONUSDT price=0.13 qty=745.2'}
2026-07-25 17:02:12 | ERROR | trading.strategy2_live:_open_grid:657 | S2Live: failed to place limit order | {'symbol': 'ONUSDT', 'index': 1, 'price': 0.14, 'error': 'place_limit_order failed: retCode=110003 retMsg=price is invalid symbol=ONUSDT price=0.14 qty=734.09'}
2026-07-25 17:02:12 | ERROR | trading.strategy2_live:_open_grid:657 | S2Live: failed to place limit order | {'symbol': 'ONUSDT', 'index': 2, 'price': 0.13, 'error': 'place_limit_order failed: retCode=110003 retMsg=price is invalid symbol=ONUSDT price=0.13 qty=745.2'}
2026-07-25 17:02:33 | ERROR | trading.strategy2_live:_open_grid:657 | S2Live: failed to place limit order | {'symbol': 'ONUSDT', 'index': 1, 'price': 0.14, 'error': 'place_limit_order failed: retCode=110003 retMsg=price is invalid symbol=ONUSDT price=0.14 qty=734.09'}
2026-07-25 17:02:33 | ERROR | trading.strategy2_live:_open_grid:657 | S2Live: failed to place limit order | {'symbol': 'ONUSDT', 'index': 2, 'price': 0.13, 'error': 'place_limit_order failed: retCode=110003 retMsg=price is invalid symbol=ONUSDT price=0.13 qty=745.2'}
2026-07-25 17:02:34 | ERROR | trading.strategy2_live:_open_grid:657 | S2Live: failed to place limit order | {'symbol': 'ONUSDT', 'index': 1, 'price': 0.14, 'error': 'place_limit_order failed: retCode=110003 retMsg=price is invalid symbol=ONUSDT price=0.14 qty=734.09'}
2026-07-25 17:02:34 | ERROR | trading.strategy2_live:_open_grid:657 | S2Live: failed to place limit order | {'symbol': 'ONUSDT', 'index': 2, 'price': 0.13, 'error': 'place_limit_order failed: retCode=110003 retMsg=price is invalid symbol=ONUSDT price=0.13 qty=745.2'}
2026-07-25 17:02:38 | ERROR | trading.strategy2_live:_open_grid:657 | S2Live: failed to place limit order | {'symbol': 'ONUSDT', 'index': 1, 'price': 0.14, 'error': 'place_limit_order failed: retCode=110003 retMsg=price is invalid symbol=ONUSDT price=0.14 qty=734.09'}
2026-07-25 17:02:38 | ERROR | trading.strategy2_live:_open_grid:657 | S2Live: failed to place limit order | {'symbol': 'ONUSDT', 'index': 2, 'price': 0.13, 'error': 'place_limit_order failed: retCode=110003 retMsg=price is invalid symbol=ONUSDT price=0.13 qty=745.2'}
2026-07-25 17:02:43 | ERROR | trading.strategy2_live:_open_grid:657 | S2Live: failed to place limit order | {'symbol': 'ONUSDT', 'index': 1, 'price': 0.14, 'error': 'place_limit_order failed: retCode=110003 retMsg=price is invalid symbol=ONUSDT price=0.14 qty=734.09'}
2026-07-25 17:02:43 | ERROR | trading.strategy2_live:_open_grid:657 | S2Live: failed to place limit order | {'symbol': 'ONUSDT', 'index': 2, 'price': 0.13, 'error': 'place_limit_order failed: retCode=110003 retMsg=price is invalid symbol=ONUSDT price=0.13 qty=745.2'}
2026-07-25 17:02:48 | ERROR | trading.strategy2_live:_open_grid:657 | S2Live: failed to place limit order | {'symbol': 'ONUSDT', 'index': 1, 'price': 0.14, 'error': 'place_limit_order failed: retCode=110003 retMsg=price is invalid symbol=ONUSDT price=0.14 qty=734.09'}
2026-07-25 17:02:48 | ERROR | trading.strategy2_live:_open_grid:657 | S2Live: failed to place limit order | {'symbol': 'ONUSDT', 'index': 2, 'price': 0.13, 'error': 'place_limit_order failed: retCode=110003 retMsg=price is invalid symbol=ONUSDT price=0.13 qty=745.2'}
2026-07-25 17:02:49 | ERROR | trading.strategy2_live:_open_grid:657 | S2Live: failed to place limit order | {'symbol': 'ONUSDT', 'index': 1, 'price': 0.14, 'error': 'place_limit_order failed: retCode=110003 retMsg=price is invalid symbol=ONUSDT price=0.14 qty=734.09'}
2026-07-25 17:02:49 | ERROR | trading.strategy2_live:_open_grid:657 | S2Live: failed to place limit order | {'symbol': 'ONUSDT', 'index': 2, 'price': 0.13, 'error': 'place_limit_order failed: retCode=110003 retMsg=price is invalid symbol=ONUSDT price=0.13 qty=745.2'}
2026-07-25 17:02:53 | ERROR | trading.strategy2_live:_open_grid:657 | S2Live: failed to place limit order | {'symbol': 'ONUSDT', 'index': 1, 'price': 0.14, 'error': 'place_limit_order failed: retCode=110003 retMsg=price is invalid symbol=ONUSDT price=0.14 qty=734.09'}
2026-07-25 17:02:54 | ERROR | trading.strategy2_live:_open_grid:657 | S2Live: failed to place limit order | {'symbol': 'ONUSDT', 'index': 2, 'price': 0.13, 'error': 'place_limit_order failed: retCode=110003 retMsg=price is invalid symbol=ONUSDT price=0.13 qty=745.2'}
2026-07-25 17:02:58 | ERROR | trading.strategy2_live:_open_grid:657 | S2Live: failed to place limit order | {'symbol': 'ONUSDT', 'index': 1, 'price': 0.14, 'error': 'place_limit_order failed: retCode=110003 retMsg=price is invalid symbol=ONUSDT price=0.14 qty=734.09'}
2026-07-25 17:02:59 | ERROR | trading.strategy2_live:_open_grid:657 | S2Live: failed to place limit order | {'symbol': 'ONUSDT', 'index': 2, 'price': 0.13, 'error': 'place_limit_order failed: retCode=110003 retMsg=price is invalid symbol=ONUSDT price=0.13 qty=745.2'}
2026-07-25 17:03:04 | ERROR | trading.strategy2_live:_open_grid:657 | S2Live: failed to place limit order | {'symbol': 'ONUSDT', 'index': 1, 'price': 0.14, 'error': 'place_limit_order failed: retCode=110003 retMsg=price is invalid symbol=ONUSDT price=0.14 qty=734.09'}
2026-07-25 17:03:04 | ERROR | trading.strategy2_live:_open_grid:657 | S2Live: failed to place limit order | {'symbol': 'ONUSDT', 'index': 2, 'price': 0.13, 'error': 'place_limit_order failed: retCode=110003 retMsg=price is invalid symbol=ONUSDT price=0.13 qty=745.2'}
2026-07-25 17:03:05 | ERROR | trading.strategy2_live:_open_grid:657 | S2Live: failed to place limit order | {'symbol': 'ONUSDT', 'index': 1, 'price': 0.14, 'error': 'place_limit_order failed: retCode=110003 retMsg=price is invalid symbol=ONUSDT price=0.14 qty=734.09'}
2026-07-25 17:03:05 | ERROR | trading.strategy2_live:_open_grid:657 | S2Live: failed to place limit order | {'symbol': 'ONUSDT', 'index': 2, 'price': 0.13, 'error': 'place_limit_order failed: retCode=110003 retMsg=price is invalid symbol=ONUSDT price=0.13 qty=745.2'}
2026-07-25 17:03:09 | ERROR | trading.strategy2_live:_open_grid:657 | S2Live: failed to place limit order | {'symbol': 'ONUSDT', 'index': 1, 'price': 0.14, 'error': 'place_limit_order failed: retCode=110003 retMsg=price is invalid symbol=ONUSDT price=0.14 qty=734.09'}
2026-07-25 17:03:09 | ERROR | trading.strategy2_live:_open_grid:657 | S2Live: failed to place limit order | {'symbol': 'ONUSDT', 'index': 2, 'price': 0.13, 'error': 'place_limit_order failed: retCode=110003 retMsg=price is invalid symbol=ONUSDT price=0.13 qty=745.2'}
2026-07-25 17:03:14 | ERROR | trading.strategy2_live:_open_grid:657 | S2Live: failed to place limit order | {'symbol': 'ONUSDT', 'index': 1, 'price': 0.14, 'error': 'place_limit_order failed: retCode=110003 retMsg=price is invalid symbol=ONUSDT price=0.14 qty=734.09'}
2026-07-25 17:03:14 | ERROR | trading.strategy2_live:_open_grid:657 | S2Live: failed to place limit order | {'symbol': 'ONUSDT', 'index': 2, 'price': 0.13, 'error': 'place_limit_order failed: retCode=110003 retMsg=price is invalid symbol=ONUSDT price=0.13 qty=745.2'}
2026-07-25 17:03:19 | ERROR | trading.strategy2_live:_open_grid:657 | S2Live: failed to place limit order | {'symbol': 'ONUSDT', 'index': 1, 'price': 0.14, 'error': 'place_limit_order failed: retCode=110003 retMsg=price is invalid symbol=ONUSDT price=0.14 qty=734.09'}
2026-07-25 17:03:19 | ERROR | trading.strategy2_live:_open_grid:657 | S2Live: failed to place limit order | {'symbol': 'ONUSDT', 'index': 2, 'price': 0.13, 'error': 'place_limit_order failed: retCode=110003 retMsg=price is invalid symbol=ONUSDT price=0.13 qty=745.2'}
2026-07-25 17:03:20 | ERROR | trading.strategy2_live:_open_grid:657 | S2Live: failed to place limit order | {'symbol': 'ONUSDT', 'index': 1, 'price': 0.14, 'error': 'place_limit_order failed: retCode=110003 retMsg=price is invalid symbol=ONUSDT price=0.14 qty=734.09'}
2026-07-25 17:03:20 | ERROR | trading.strategy2_live:_open_grid:657 | S2Live: failed to place limit order | {'symbol': 'ONUSDT', 'index': 2, 'price': 0.13, 'error': 'place_limit_order failed: retCode=110003 retMsg=price is invalid symbol=ONUSDT price=0.13 qty=745.2'}
2026-07-25 17:03:24 | ERROR | trading.strategy2_live:_open_grid:657 | S2Live: failed to place limit order | {'symbol': 'ONUSDT', 'index': 1, 'price': 0.14, 'error': 'place_limit_order failed: retCode=110003 retMsg=price is invalid symbol=ONUSDT price=0.14 qty=734.09'}
2026-07-25 17:03:25 | ERROR | trading.strategy2_live:_open_grid:657 | S2Live: failed to place limit order | {'symbol': 'ONUSDT', 'index': 2, 'price': 0.13, 'error': 'place_limit_order failed: retCode=110003 retMsg=price is invalid symbol=ONUSDT price=0.13 qty=745.2'}
2026-07-25 17:03:30 | ERROR | trading.strategy2_live:_open_grid:657 | S2Live: failed to place limit order | {'symbol': 'ONUSDT', 'index': 1, 'price': 0.14, 'error': 'place_limit_order failed: retCode=110003 retMsg=price is invalid symbol=ONUSDT price=0.14 qty=734.09'}
2026-07-25 17:03:30 | ERROR | trading.strategy2_live:_open_grid:657 | S2Live: failed to place limit order | {'symbol': 'ONUSDT', 'index': 2, 'price': 0.13, 'error': 'place_limit_order failed: retCode=110003 retMsg=price is invalid symbol=ONUSDT price=0.13 qty=745.2'}
2026-07-25 17:37:10 | ERROR | trading.strategy2_live:_open_grid:657 | S2Live: failed to place limit order | {'symbol': 'ONUSDT', 'index': 1, 'price': 0.12, 'error': 'place_limit_order failed: retCode=110003 retMsg=price is invalid symbol=ONUSDT price=0.12 qty=810.42'}
2026-07-25 17:37:11 | ERROR | trading.strategy2_live:_open_grid:657 | S2Live: failed to place limit order | {'symbol': 'ONUSDT', 'index': 2, 'price': 0.12, 'error': 'place_limit_order failed: retCode=110003 retMsg=price is invalid symbol=ONUSDT price=0.12 qty=822.71'}
2026-07-25 17:37:16 | ERROR | trading.strategy2_live:_open_grid:657 | S2Live: failed to place limit order | {'symbol': 'ONUSDT', 'index': 1, 'price': 0.12, 'error': 'place_limit_order failed: retCode=110003 retMsg=price is invalid symbol=ONUSDT price=0.12 qty=810.42'}
2026-07-25 17:37:16 | ERROR | trading.strategy2_live:_open_grid:657 | S2Live: failed to place limit order | {'symbol': 'ONUSDT', 'index': 2, 'price': 0.12, 'error': 'place_limit_order failed: retCode=110003 retMsg=price is invalid symbol=ONUSDT price=0.12 qty=822.71'}
2026-07-25 17:37:21 | ERROR | trading.strategy2_live:_open_grid:657 | S2Live: failed to place limit order | {'symbol': 'ONUSDT', 'index': 1, 'price': 0.12, 'error': 'place_limit_order failed: retCode=110003 retMsg=price is invalid symbol=ONUSDT price=0.12 qty=810.42'}
2026-07-25 17:37:21 | ERROR | trading.strategy2_live:_open_grid:657 | S2Live: failed to place limit order | {'symbol': 'ONUSDT', 'index': 2, 'price': 0.12, 'error': 'place_limit_order failed: retCode=110003 retMsg=price is invalid symbol=ONUSDT price=0.12 qty=822.71'}
2026-07-25 17:37:26 | ERROR | trading.strategy2_live:_open_grid:657 | S2Live: failed to place limit order | {'symbol': 'ONUSDT', 'index': 1, 'price': 0.12, 'error': 'place_limit_order failed: retCode=110003 retMsg=price is invalid symbol=ONUSDT price=0.12 qty=810.42'}
2026-07-25 17:37:26 | ERROR | trading.strategy2_live:_open_grid:657 | S2Live: failed to place limit order | {'symbol': 'ONUSDT', 'index': 2, 'price': 0.12, 'error': 'place_limit_order failed: retCode=110003 retMsg=price is invalid symbol=ONUSDT price=0.12 qty=822.71'}
2026-07-25 17:37:31 | ERROR | trading.strategy2_live:_open_grid:657 | S2Live: failed to place limit order | {'symbol': 'ONUSDT', 'index': 1, 'price': 0.12, 'error': 'place_limit_order failed: retCode=110003 retMsg=price is invalid symbol=ONUSDT price=0.12 qty=810.42'}
2026-07-25 17:37:31 | ERROR | trading.strategy2_live:_open_grid:657 | S2Live: failed to place limit order | {'symbol': 'ONUSDT', 'index': 2, 'price': 0.12, 'error': 'place_limit_order failed: retCode=110003 retMsg=price is invalid symbol=ONUSDT price=0.12 qty=822.71'}
2026-07-25 17:37:36 | ERROR | trading.strategy2_live:_open_grid:657 | S2Live: failed to place limit order | {'symbol': 'ONUSDT', 'index': 1, 'price': 0.12, 'error': 'place_limit_order failed: retCode=110003 retMsg=price is invalid symbol=ONUSDT price=0.12 qty=810.42'}
2026-07-25 17:37:36 | ERROR | trading.strategy2_live:_open_grid:657 | S2Live: failed to place limit order | {'symbol': 'ONUSDT', 'index': 2, 'price': 0.12, 'error': 'place_limit_order failed: retCode=110003 retMsg=price is invalid symbol=ONUSDT price=0.12 qty=822.71'}
2026-07-25 17:38:28 | ERROR | trading.strategy2_live:_open_grid:657 | S2Live: failed to place limit order | {'symbol': 'ONUSDT', 'index': 1, 'price': 0.12, 'error': 'place_limit_order failed: retCode=110003 retMsg=price is invalid symbol=ONUSDT price=0.12 qty=810.42'}
2026-07-25 17:38:28 | ERROR | trading.strategy2_live:_open_grid:657 | S2Live: failed to place limit order | {'symbol': 'ONUSDT', 'index': 2, 'price': 0.12, 'error': 'place_limit_order failed: retCode=110003 retMsg=price is invalid symbol=ONUSDT price=0.12 qty=822.71'}
2026-07-25 17:38:33 | ERROR | trading.strategy2_live:_open_grid:657 | S2Live: failed to place limit order | {'symbol': 'ONUSDT', 'index': 1, 'price': 0.12, 'error': 'place_limit_order failed: retCode=110003 retMsg=price is invalid symbol=ONUSDT price=0.12 qty=810.42'}
2026-07-25 17:38:33 | ERROR | trading.strategy2_live:_open_grid:657 | S2Live: failed to place limit order | {'symbol': 'ONUSDT', 'index': 2, 'price': 0.12, 'error': 'place_limit_order failed: retCode=110003 retMsg=price is invalid symbol=ONUSDT price=0.12 qty=822.71'}
2026-07-25 17:38:38 | ERROR | trading.strategy2_live:_open_grid:657 | S2Live: failed to place limit order | {'symbol': 'ONUSDT', 'index': 1, 'price': 0.12, 'error': 'place_limit_order failed: retCode=110003 retMsg=price is invalid symbol=ONUSDT price=0.12 qty=810.42'}
2026-07-25 17:38:38 | ERROR | trading.strategy2_live:_open_grid:657 | S2Live: failed to place limit order | {'symbol': 'ONUSDT', 'index': 2, 'price': 0.12, 'error': 'place_limit_order failed: retCode=110003 retMsg=price is invalid symbol=ONUSDT price=0.12 qty=822.71'}
2026-07-25 17:41:19 | ERROR | trading.strategy2_live:_open_grid:657 | S2Live: failed to place limit order | {'symbol': 'ONUSDT', 'index': 1, 'price': 0.12, 'error': 'place_limit_order failed: retCode=110003 retMsg=price is invalid symbol=ONUSDT price=0.12 qty=810.42'}
2026-07-25 17:41:19 | ERROR | trading.strategy2_live:_open_grid:657 | S2Live: failed to place limit order | {'symbol': 'ONUSDT', 'index': 2, 'price': 0.12, 'error': 'place_limit_order failed: retCode=110003 retMsg=price is invalid symbol=ONUSDT price=0.12 qty=822.71'}
2026-07-25 17:41:24 | ERROR | trading.strategy2_live:_open_grid:657 | S2Live: failed to place limit order | {'symbol': 'ONUSDT', 'index': 1, 'price': 0.12, 'error': 'place_limit_order failed: retCode=110003 retMsg=price is invalid symbol=ONUSDT price=0.12 qty=810.42'}
2026-07-25 17:41:24 | ERROR | trading.strategy2_live:_open_grid:657 | S2Live: failed to place limit order | {'symbol': 'ONUSDT', 'index': 2, 'price': 0.12, 'error': 'place_limit_order failed: retCode=110003 retMsg=price is invalid symbol=ONUSDT price=0.12 qty=822.71'}
2026-07-25 17:41:29 | ERROR | trading.strategy2_live:_open_grid:657 | S2Live: failed to place limit order | {'symbol': 'ONUSDT', 'index': 1, 'price': 0.12, 'error': 'place_limit_order failed: retCode=110003 retMsg=price is invalid symbol=ONUSDT price=0.12 qty=810.42'}
2026-07-25 17:41:29 | ERROR | trading.strategy2_live:_open_grid:657 | S2Live: failed to place limit order | {'symbol': 'ONUSDT', 'index': 2, 'price': 0.12, 'error': 'place_limit_order failed: retCode=110003 retMsg=price is invalid symbol=ONUSDT price=0.12 qty=822.71'}
2026-07-25 17:41:34 | ERROR | trading.strategy2_live:_open_grid:657 | S2Live: failed to place limit order | {'symbol': 'ONUSDT', 'index': 1, 'price': 0.12, 'error': 'place_limit_order failed: retCode=110003 retMsg=price is invalid symbol=ONUSDT price=0.12 qty=810.42'}
2026-07-25 17:41:34 | ERROR | trading.strategy2_live:_open_grid:657 | S2Live: failed to place limit order | {'symbol': 'ONUSDT', 'index': 2, 'price': 0.12, 'error': 'place_limit_order failed: retCode=110003 retMsg=price is invalid symbol=ONUSDT price=0.12 qty=822.71'}
2026-07-25 17:41:39 | ERROR | trading.strategy2_live:_open_grid:657 | S2Live: failed to place limit order | {'symbol': 'ONUSDT', 'index': 1, 'price': 0.12, 'error': 'place_limit_order failed: retCode=110003 retMsg=price is invalid symbol=ONUSDT price=0.12 qty=810.42'}
2026-07-25 17:41:40 | ERROR | trading.strategy2_live:_open_grid:657 | S2Live: failed to place limit order | {'symbol': 'ONUSDT', 'index': 2, 'price': 0.12, 'error': 'place_limit_order failed: retCode=110003 retMsg=price is invalid symbol=ONUSDT price=0.12 qty=822.71'}
2026-07-25 17:41:44 | ERROR | trading.strategy2_live:_open_grid:657 | S2Live: failed to place limit order | {'symbol': 'ONUSDT', 'index': 1, 'price': 0.12, 'error': 'place_limit_order failed: retCode=110003 retMsg=price is invalid symbol=ONUSDT price=0.12 qty=810.42'}
2026-07-25 17:41:45 | ERROR | trading.strategy2_live:_open_grid:657 | S2Live: failed to place limit order | {'symbol': 'ONUSDT', 'index': 2, 'price': 0.12, 'error': 'place_limit_order failed: retCode=110003 retMsg=price is invalid symbol=ONUSDT price=0.12 qty=822.71'}
2026-07-25 17:43:28 | ERROR | trading.strategy2_live:_open_grid:657 | S2Live: failed to place limit order | {'symbol': 'ONUSDT', 'index': 1, 'price': 0.12, 'error': 'place_limit_order failed: retCode=110003 retMsg=price is invalid symbol=ONUSDT price=0.12 qty=810.42'}
2026-07-25 17:43:28 | ERROR | trading.strategy2_live:_open_grid:657 | S2Live: failed to place limit order | {'symbol': 'ONUSDT', 'index': 2, 'price': 0.12, 'error': 'place_limit_order failed: retCode=110003 retMsg=price is invalid symbol=ONUSDT price=0.12 qty=822.71'}
2026-07-25 17:43:33 | ERROR | trading.strategy2_live:_open_grid:657 | S2Live: failed to place limit order | {'symbol': 'ONUSDT', 'index': 1, 'price': 0.12, 'error': 'place_limit_order failed: retCode=110003 retMsg=price is invalid symbol=ONUSDT price=0.12 qty=810.42'}
2026-07-25 17:43:33 | ERROR | trading.strategy2_live:_open_grid:657 | S2Live: failed to place limit order | {'symbol': 'ONUSDT', 'index': 2, 'price': 0.12, 'error': 'place_limit_order failed: retCode=110003 retMsg=price is invalid symbol=ONUSDT price=0.12 qty=822.71'}
2026-07-25 17:43:38 | ERROR | trading.strategy2_live:_open_grid:657 | S2Live: failed to place limit order | {'symbol': 'ONUSDT', 'index': 1, 'price': 0.12, 'error': 'place_limit_order failed: retCode=110003 retMsg=price is invalid symbol=ONUSDT price=0.12 qty=810.42'}
2026-07-25 17:43:38 | ERROR | trading.strategy2_live:_open_grid:657 | S2Live: failed to place limit order | {'symbol': 'ONUSDT', 'index': 2, 'price': 0.12, 'error': 'place_limit_order failed: retCode=110003 retMsg=price is invalid symbol=ONUSDT price=0.12 qty=822.71'}
2026-07-25 17:43:43 | ERROR | trading.strategy2_live:_open_grid:657 | S2Live: failed to place limit order | {'symbol': 'ONUSDT', 'index': 1, 'price': 0.12, 'error': 'place_limit_order failed: retCode=110003 retMsg=price is invalid symbol=ONUSDT price=0.12 qty=810.42'}
2026-07-25 17:43:44 | ERROR | trading.strategy2_live:_open_grid:657 | S2Live: failed to place limit order | {'symbol': 'ONUSDT', 'index': 2, 'price': 0.12, 'error': 'place_limit_order failed: retCode=110003 retMsg=price is invalid symbol=ONUSDT price=0.12 qty=822.71'}
2026-07-25 17:43:49 | ERROR | trading.strategy2_live:_open_grid:657 | S2Live: failed to place limit order | {'symbol': 'ONUSDT', 'index': 1, 'price': 0.12, 'error': 'place_limit_order failed: retCode=110003 retMsg=price is invalid symbol=ONUSDT price=0.12 qty=810.42'}
2026-07-25 17:43:49 | ERROR | trading.strategy2_live:_open_grid:657 | S2Live: failed to place limit order | {'symbol': 'ONUSDT', 'index': 2, 'price': 0.12, 'error': 'place_limit_order failed: retCode=110003 retMsg=price is invalid symbol=ONUSDT price=0.12 qty=822.71'}
2026-07-25 17:43:54 | ERROR | trading.strategy2_live:_open_grid:657 | S2Live: failed to place limit order | {'symbol': 'ONUSDT', 'index': 1, 'price': 0.12, 'error': 'place_limit_order failed: retCode=110003 retMsg=price is invalid symbol=ONUSDT price=0.12 qty=810.42'}
2026-07-25 17:43:54 | ERROR | trading.strategy2_live:_open_grid:657 | S2Live: failed to place limit order | {'symbol': 'ONUSDT', 'index': 2, 'price': 0.12, 'error': 'place_limit_order failed: retCode=110003 retMsg=price is invalid symbol=ONUSDT price=0.12 qty=822.71'}
2026-07-25 17:43:59 | ERROR | trading.strategy2_live:_open_grid:657 | S2Live: failed to place limit order | {'symbol': 'ONUSDT', 'index': 1, 'price': 0.12, 'error': 'place_limit_order failed: retCode=110003 retMsg=price is invalid symbol=ONUSDT price=0.12 qty=810.42'}
2026-07-25 17:43:59 | ERROR | trading.strategy2_live:_open_grid:657 | S2Live: failed to place limit order | {'symbol': 'ONUSDT', 'index': 2, 'price': 0.12, 'error': 'place_limit_order failed: retCode=110003 retMsg=price is invalid symbol=ONUSDT price=0.12 qty=822.71'}
2026-07-25 17:44:04 | ERROR | trading.strategy2_live:_open_grid:657 | S2Live: failed to place limit order | {'symbol': 'ONUSDT', 'index': 1, 'price': 0.12, 'error': 'place_limit_order failed: retCode=110003 retMsg=price is invalid symbol=ONUSDT price=0.12 qty=810.42'}
2026-07-25 17:44:04 | ERROR | trading.strategy2_live:_open_grid:657 | S2Live: failed to place limit order | {'symbol': 'ONUSDT', 'index': 2, 'price': 0.12, 'error': 'place_limit_order failed: retCode=110003 retMsg=price is invalid symbol=ONUSDT price=0.12 qty=822.71'}
2026-07-25 17:44:09 | ERROR | trading.strategy2_live:_open_grid:657 | S2Live: failed to place limit order | {'symbol': 'ONUSDT', 'index': 1, 'price': 0.12, 'error': 'place_limit_order failed: retCode=110003 retMsg=price is invalid symbol=ONUSDT price=0.12 qty=810.42'}
2026-07-25 17:44:09 | ERROR | trading.strategy2_live:_open_grid:657 | S2Live: failed to place limit order | {'symbol': 'ONUSDT', 'index': 2, 'price': 0.12, 'error': 'place_limit_order failed: retCode=110003 retMsg=price is invalid symbol=ONUSDT price=0.12 qty=822.71'}
2026-07-25 17:44:14 | ERROR | trading.strategy2_live:_open_grid:657 | S2Live: failed to place limit order | {'symbol': 'ONUSDT', 'index': 1, 'price': 0.12, 'error': 'place_limit_order failed: retCode=110003 retMsg=price is invalid symbol=ONUSDT price=0.12 qty=810.42'}
2026-07-25 17:44:15 | ERROR | trading.strategy2_live:_open_grid:657 | S2Live: failed to place limit order | {'symbol': 'ONUSDT', 'index': 2, 'price': 0.12, 'error': 'place_limit_order failed: retCode=110003 retMsg=price is invalid symbol=ONUSDT price=0.12 qty=822.71'}
2026-07-25 17:44:20 | ERROR | trading.strategy2_live:_open_grid:657 | S2Live: failed to place limit order | {'symbol': 'ONUSDT', 'index': 1, 'price': 0.12, 'error': 'place_limit_order failed: retCode=110003 retMsg=price is invalid symbol=ONUSDT price=0.12 qty=810.42'}
2026-07-25 17:44:20 | ERROR | trading.strategy2_live:_open_grid:657 | S2Live: failed to place limit order | {'symbol': 'ONUSDT', 'index': 2, 'price': 0.12, 'error': 'place_limit_order failed: retCode=110003 retMsg=price is invalid symbol=ONUSDT price=0.12 qty=822.71'}
2026-07-25 17:44:25 | ERROR | trading.strategy2_live:_open_grid:657 | S2Live: failed to place limit order | {'symbol': 'ONUSDT', 'index': 1, 'price': 0.12, 'error': 'place_limit_order failed: retCode=110003 retMsg=price is invalid symbol=ONUSDT price=0.12 qty=810.42'}
2026-07-25 17:44:25 | ERROR | trading.strategy2_live:_open_grid:657 | S2Live: failed to place limit order | {'symbol': 'ONUSDT', 'index': 2, 'price': 0.12, 'error': 'place_limit_order failed: retCode=110003 retMsg=price is invalid symbol=ONUSDT price=0.12 qty=822.71'}
2026-07-25 17:44:30 | ERROR | trading.strategy2_live:_open_grid:657 | S2Live: failed to place limit order | {'symbol': 'ONUSDT', 'index': 1, 'price': 0.12, 'error': 'place_limit_order failed: retCode=110003 retMsg=price is invalid symbol=ONUSDT price=0.12 qty=810.42'}
2026-07-25 17:44:30 | ERROR | trading.strategy2_live:_open_grid:657 | S2Live: failed to place limit order | {'symbol': 'ONUSDT', 'index': 2, 'price': 0.12, 'error': 'place_limit_order failed: retCode=110003 retMsg=price is invalid symbol=ONUSDT price=0.12 qty=822.71'}
2026-07-25 17:44:35 | ERROR | trading.strategy2_live:_open_grid:657 | S2Live: failed to place limit order | {'symbol': 'ONUSDT', 'index': 1, 'price': 0.12, 'error': 'place_limit_order failed: retCode=110003 retMsg=price is invalid symbol=ONUSDT price=0.12 qty=810.42'}
2026-07-25 17:44:36 | ERROR | trading.strategy2_live:_open_grid:657 | S2Live: failed to place limit order | {'symbol': 'ONUSDT', 'index': 2, 'price': 0.12, 'error': 'place_limit_order failed: retCode=110003 retMsg=price is invalid symbol=ONUSDT price=0.12 qty=822.71'}
2026-07-25 17:44:40 | ERROR | trading.strategy2_live:_open_grid:657 | S2Live: failed to place limit order | {'symbol': 'ONUSDT', 'index': 1, 'price': 0.12, 'error': 'place_limit_order failed: retCode=110003 retMsg=price is invalid symbol=ONUSDT price=0.12 qty=810.42'}
2026-07-25 17:44:40 | ERROR | trading.strategy2_live:_open_grid:657 | S2Live: failed to place limit order | {'symbol': 'ONUSDT', 'index': 2, 'price': 0.12, 'error': 'place_limit_order failed: retCode=110003 retMsg=price is invalid symbol=ONUSDT price=0.12 qty=822.71'}
2026-07-25 17:44:45 | ERROR | trading.strategy2_live:_open_grid:657 | S2Live: failed to place limit order | {'symbol': 'ONUSDT', 'index': 1, 'price': 0.12, 'error': 'place_limit_order failed: retCode=110003 retMsg=price is invalid symbol=ONUSDT price=0.12 qty=810.42'}
2026-07-25 17:44:46 | ERROR | trading.strategy2_live:_open_grid:657 | S2Live: failed to place limit order | {'symbol': 'ONUSDT', 'index': 2, 'price': 0.12, 'error': 'place_limit_order failed: retCode=110003 retMsg=price is invalid symbol=ONUSDT price=0.12 qty=822.71'}
2026-07-25 17:44:51 | ERROR | trading.strategy2_live:_open_grid:657 | S2Live: failed to place limit order | {'symbol': 'ONUSDT', 'index': 1, 'price': 0.12, 'error': 'place_limit_order failed: retCode=110003 retMsg=price is invalid symbol=ONUSDT price=0.12 qty=810.42'}
2026-07-25 17:44:51 | ERROR | trading.strategy2_live:_open_grid:657 | S2Live: failed to place limit order | {'symbol': 'ONUSDT', 'index': 2, 'price': 0.12, 'error': 'place_limit_order failed: retCode=110003 retMsg=price is invalid symbol=ONUSDT price=0.12 qty=822.71'}
2026-07-25 17:44:56 | ERROR | trading.strategy2_live:_open_grid:657 | S2Live: failed to place limit order | {'symbol': 'ONUSDT', 'index': 1, 'price': 0.12, 'error': 'place_limit_order failed: retCode=110003 retMsg=price is invalid symbol=ONUSDT price=0.12 qty=810.42'}
2026-07-25 17:44:56 | ERROR | trading.strategy2_live:_open_grid:657 | S2Live: failed to place limit order | {'symbol': 'ONUSDT', 'index': 2, 'price': 0.12, 'error': 'place_limit_order failed: retCode=110003 retMsg=price is invalid symbol=ONUSDT price=0.12 qty=822.71'}
2026-07-25 18:00:22 | ERROR | trading.strategy2_live:_open_grid:657 | S2Live: failed to place limit order | {'symbol': 'ONUSDT', 'index': 1, 'price': 0.12, 'error': 'place_limit_order failed: retCode=110003 retMsg=price is invalid symbol=ONUSDT price=0.12 qty=810.42'}
2026-07-25 18:00:22 | ERROR | trading.strategy2_live:_open_grid:657 | S2Live: failed to place limit order | {'symbol': 'ONUSDT', 'index': 2, 'price': 0.12, 'error': 'place_limit_order failed: retCode=110003 retMsg=price is invalid symbol=ONUSDT price=0.12 qty=822.71'}
2026-07-25 18:00:27 | ERROR | trading.strategy2_live:_open_grid:657 | S2Live: failed to place limit order | {'symbol': 'ONUSDT', 'index': 1, 'price': 0.12, 'error': 'place_limit_order failed: retCode=110003 retMsg=price is invalid symbol=ONUSDT price=0.12 qty=810.42'}
2026-07-25 18:00:27 | ERROR | trading.strategy2_live:_open_grid:657 | S2Live: failed to place limit order | {'symbol': 'ONUSDT', 'index': 2, 'price': 0.12, 'error': 'place_limit_order failed: retCode=110003 retMsg=price is invalid symbol=ONUSDT price=0.12 qty=822.71'}
2026-07-25 18:00:32 | ERROR | trading.strategy2_live:_open_grid:657 | S2Live: failed to place limit order | {'symbol': 'ONUSDT', 'index': 1, 'price': 0.12, 'error': 'place_limit_order failed: retCode=110003 retMsg=price is invalid symbol=ONUSDT price=0.12 qty=810.42'}
2026-07-25 18:00:32 | ERROR | trading.strategy2_live:_open_grid:657 | S2Live: failed to place limit order | {'symbol': 'ONUSDT', 'index': 2, 'price': 0.12, 'error': 'place_limit_order failed: retCode=110003 retMsg=price is invalid symbol=ONUSDT price=0.12 qty=822.71'}
2026-07-25 18:00:37 | ERROR | trading.strategy2_live:_open_grid:657 | S2Live: failed to place limit order | {'symbol': 'ONUSDT', 'index': 1, 'price': 0.12, 'error': 'place_limit_order failed: retCode=110003 retMsg=price is invalid symbol=ONUSDT price=0.12 qty=810.42'}
2026-07-25 18:00:37 | ERROR | trading.strategy2_live:_open_grid:657 | S2Live: failed to place limit order | {'symbol': 'ONUSDT', 'index': 2, 'price': 0.12, 'error': 'place_limit_order failed: retCode=110003 retMsg=price is invalid symbol=ONUSDT price=0.12 qty=822.71'}
2026-07-25 18:00:42 | ERROR | trading.strategy2_live:_open_grid:657 | S2Live: failed to place limit order | {'symbol': 'ONUSDT', 'index': 1, 'price': 0.12, 'error': 'place_limit_order failed: retCode=110003 retMsg=price is invalid symbol=ONUSDT price=0.12 qty=810.42'}
2026-07-25 18:00:42 | ERROR | trading.strategy2_live:_open_grid:657 | S2Live: failed to place limit order | {'symbol': 'ONUSDT', 'index': 2, 'price': 0.12, 'error': 'place_limit_order failed: retCode=110003 retMsg=price is invalid symbol=ONUSDT price=0.12 qty=822.71'}
2026-07-25 18:00:47 | ERROR | trading.strategy2_live:_open_grid:657 | S2Live: failed to place limit order | {'symbol': 'ONUSDT', 'index': 1, 'price': 0.12, 'error': 'place_limit_order failed: retCode=110003 retMsg=price is invalid symbol=ONUSDT price=0.12 qty=810.42'}
2026-07-25 18:00:47 | ERROR | trading.strategy2_live:_open_grid:657 | S2Live: failed to place limit order | {'symbol': 'ONUSDT', 'index': 2, 'price': 0.12, 'error': 'place_limit_order failed: retCode=110003 retMsg=price is invalid symbol=ONUSDT price=0.12 qty=822.71'}
2026-07-25 18:00:53 | ERROR | trading.strategy2_live:_open_grid:657 | S2Live: failed to place limit order | {'symbol': 'ONUSDT', 'index': 1, 'price': 0.12, 'error': 'place_limit_order failed: retCode=110003 retMsg=price is invalid symbol=ONUSDT price=0.12 qty=810.42'}
2026-07-25 18:00:53 | ERROR | trading.strategy2_live:_open_grid:657 | S2Live: failed to place limit order | {'symbol': 'ONUSDT', 'index': 2, 'price': 0.12, 'error': 'place_limit_order failed: retCode=110003 retMsg=price is invalid symbol=ONUSDT price=0.12 qty=822.71'}
2026-07-25 18:00:58 | ERROR | trading.strategy2_live:_open_grid:657 | S2Live: failed to place limit order | {'symbol': 'ONUSDT', 'index': 1, 'price': 0.12, 'error': 'place_limit_order failed: retCode=110003 retMsg=price is invalid symbol=ONUSDT price=0.12 qty=810.42'}
2026-07-25 18:00:58 | ERROR | trading.strategy2_live:_open_grid:657 | S2Live: failed to place limit order | {'symbol': 'ONUSDT', 'index': 2, 'price': 0.12, 'error': 'place_limit_order failed: retCode=110003 retMsg=price is invalid symbol=ONUSDT price=0.12 qty=822.71'}
2026-07-25 18:01:03 | ERROR | trading.strategy2_live:_open_grid:657 | S2Live: failed to place limit order | {'symbol': 'ONUSDT', 'index': 1, 'price': 0.12, 'error': 'place_limit_order failed: retCode=110003 retMsg=price is invalid symbol=ONUSDT price=0.12 qty=810.42'}
2026-07-25 18:01:03 | ERROR | trading.strategy2_live:_open_grid:657 | S2Live: failed to place limit order | {'symbol': 'ONUSDT', 'index': 2, 'price': 0.12, 'error': 'place_limit_order failed: retCode=110003 retMsg=price is invalid symbol=ONUSDT price=0.12 qty=822.71'}
2026-07-25 18:01:08 | ERROR | trading.strategy2_live:_open_grid:657 | S2Live: failed to place limit order | {'symbol': 'ONUSDT', 'index': 1, 'price': 0.12, 'error': 'place_limit_order failed: retCode=110003 retMsg=price is invalid symbol=ONUSDT price=0.12 qty=810.42'}
2026-07-25 18:01:08 | ERROR | trading.strategy2_live:_open_grid:657 | S2Live: failed to place limit order | {'symbol': 'ONUSDT', 'index': 2, 'price': 0.12, 'error': 'place_limit_order failed: retCode=110003 retMsg=price is invalid symbol=ONUSDT price=0.12 qty=822.71'}
2026-07-25 18:01:13 | ERROR | trading.strategy2_live:_open_grid:657 | S2Live: failed to place limit order | {'symbol': 'ONUSDT', 'index': 1, 'price': 0.12, 'error': 'place_limit_order failed: retCode=110003 retMsg=price is invalid symbol=ONUSDT price=0.12 qty=810.42'}
2026-07-25 18:01:13 | ERROR | trading.strategy2_live:_open_grid:657 | S2Live: failed to place limit order | {'symbol': 'ONUSDT', 'index': 2, 'price': 0.12, 'error': 'place_limit_order failed: retCode=110003 retMsg=price is invalid symbol=ONUSDT price=0.12 qty=822.71'}
2026-07-25 18:01:18 | ERROR | trading.strategy2_live:_open_grid:657 | S2Live: failed to place limit order | {'symbol': 'ONUSDT', 'index': 1, 'price': 0.12, 'error': 'place_limit_order failed: retCode=110003 retMsg=price is invalid symbol=ONUSDT price=0.12 qty=810.42'}
2026-07-25 18:01:19 | ERROR | trading.strategy2_live:_open_grid:657 | S2Live: failed to place limit order | {'symbol': 'ONUSDT', 'index': 2, 'price': 0.12, 'error': 'place_limit_order failed: retCode=110003 retMsg=price is invalid symbol=ONUSDT price=0.12 qty=822.71'}
2026-07-25 18:01:24 | ERROR | trading.strategy2_live:_open_grid:657 | S2Live: failed to place limit order | {'symbol': 'ONUSDT', 'index': 1, 'price': 0.12, 'error': 'place_limit_order failed: retCode=110003 retMsg=price is invalid symbol=ONUSDT price=0.12 qty=810.42'}
2026-07-25 18:01:24 | ERROR | trading.strategy2_live:_open_grid:657 | S2Live: failed to place limit order | {'symbol': 'ONUSDT', 'index': 2, 'price': 0.12, 'error': 'place_limit_order failed: retCode=110003 retMsg=price is invalid symbol=ONUSDT price=0.12 qty=822.71'}
2026-07-25 18:01:29 | ERROR | trading.strategy2_live:_open_grid:657 | S2Live: failed to place limit order | {'symbol': 'ONUSDT', 'index': 1, 'price': 0.12, 'error': 'place_limit_order failed: retCode=110003 retMsg=price is invalid symbol=ONUSDT price=0.12 qty=810.42'}
2026-07-25 18:01:29 | ERROR | trading.strategy2_live:_open_grid:657 | S2Live: failed to place limit order | {'symbol': 'ONUSDT', 'index': 2, 'price': 0.12, 'error': 'place_limit_order failed: retCode=110003 retMsg=price is invalid symbol=ONUSDT price=0.12 qty=822.71'}
2026-07-25 18:01:34 | ERROR | trading.strategy2_live:_open_grid:657 | S2Live: failed to place limit order | {'symbol': 'ONUSDT', 'index': 1, 'price': 0.12, 'error': 'place_limit_order failed: retCode=110003 retMsg=price is invalid symbol=ONUSDT price=0.12 qty=810.42'}
2026-07-25 18:01:34 | ERROR | trading.strategy2_live:_open_grid:657 | S2Live: failed to place limit order | {'symbol': 'ONUSDT', 'index': 2, 'price': 0.12, 'error': 'place_limit_order failed: retCode=110003 retMsg=price is invalid symbol=ONUSDT price=0.12 qty=822.71'}
2026-07-25 18:01:39 | ERROR | trading.strategy2_live:_open_grid:657 | S2Live: failed to place limit order | {'symbol': 'ONUSDT', 'index': 1, 'price': 0.12, 'error': 'place_limit_order failed: retCode=110003 retMsg=price is invalid symbol=ONUSDT price=0.12 qty=810.42'}
2026-07-25 18:01:39 | ERROR | trading.strategy2_live:_open_grid:657 | S2Live: failed to place limit order | {'symbol': 'ONUSDT', 'index': 2, 'price': 0.12, 'error': 'place_limit_order failed: retCode=110003 retMsg=price is invalid symbol=ONUSDT price=0.12 qty=822.71'}
2026-07-25 18:01:44 | ERROR | trading.strategy2_live:_open_grid:657 | S2Live: failed to place limit order | {'symbol': 'ONUSDT', 'index': 1, 'price': 0.12, 'error': 'place_limit_order failed: retCode=110003 retMsg=price is invalid symbol=ONUSDT price=0.12 qty=810.42'}
2026-07-25 18:01:45 | ERROR | trading.strategy2_live:_open_grid:657 | S2Live: failed to place limit order | {'symbol': 'ONUSDT', 'index': 2, 'price': 0.12, 'error': 'place_limit_order failed: retCode=110003 retMsg=price is invalid symbol=ONUSDT price=0.12 qty=822.71'}
2026-07-25 18:01:50 | ERROR | trading.strategy2_live:_open_grid:657 | S2Live: failed to place limit order | {'symbol': 'ONUSDT', 'index': 1, 'price': 0.12, 'error': 'place_limit_order failed: retCode=110003 retMsg=price is invalid symbol=ONUSDT price=0.12 qty=810.42'}
2026-07-25 18:01:50 | ERROR | trading.strategy2_live:_open_grid:657 | S2Live: failed to place limit order | {'symbol': 'ONUSDT', 'index': 2, 'price': 0.12, 'error': 'place_limit_order failed: retCode=110003 retMsg=price is invalid symbol=ONUSDT price=0.12 qty=822.71'}
2026-07-25 18:01:55 | ERROR | trading.strategy2_live:_open_grid:657 | S2Live: failed to place limit order | {'symbol': 'ONUSDT', 'index': 1, 'price': 0.12, 'error': 'place_limit_order failed: retCode=110003 retMsg=price is invalid symbol=ONUSDT price=0.12 qty=810.42'}
2026-07-25 18:01:55 | ERROR | trading.strategy2_live:_open_grid:657 | S2Live: failed to place limit order | {'symbol': 'ONUSDT', 'index': 2, 'price': 0.12, 'error': 'place_limit_order failed: retCode=110003 retMsg=price is invalid symbol=ONUSDT price=0.12 qty=822.71'}
2026-07-25 18:02:00 | ERROR | trading.strategy2_live:_open_grid:657 | S2Live: failed to place limit order | {'symbol': 'ONUSDT', 'index': 1, 'price': 0.12, 'error': 'place_limit_order failed: retCode=110003 retMsg=price is invalid symbol=ONUSDT price=0.12 qty=810.42'}
2026-07-25 18:02:00 | ERROR | trading.strategy2_live:_open_grid:657 | S2Live: failed to place limit order | {'symbol': 'ONUSDT', 'index': 2, 'price': 0.12, 'error': 'place_limit_order failed: retCode=110003 retMsg=price is invalid symbol=ONUSDT price=0.12 qty=822.71'}
2026-07-25 18:02:05 | ERROR | trading.strategy2_live:_open_grid:657 | S2Live: failed to place limit order | {'symbol': 'ONUSDT', 'index': 1, 'price': 0.12, 'error': 'place_limit_order failed: retCode=110003 retMsg=price is invalid symbol=ONUSDT price=0.12 qty=810.42'}
2026-07-25 18:02:05 | ERROR | trading.strategy2_live:_open_grid:657 | S2Live: failed to place limit order | {'symbol': 'ONUSDT', 'index': 2, 'price': 0.12, 'error': 'place_limit_order failed: retCode=110003 retMsg=price is invalid symbol=ONUSDT price=0.12 qty=822.71'}
2026-07-25 18:02:10 | ERROR | trading.strategy2_live:_open_grid:657 | S2Live: failed to place limit order | {'symbol': 'ONUSDT', 'index': 1, 'price': 0.12, 'error': 'place_limit_order failed: retCode=110003 retMsg=price is invalid symbol=ONUSDT price=0.12 qty=810.42'}
2026-07-25 18:02:10 | ERROR | trading.strategy2_live:_open_grid:657 | S2Live: failed to place limit order | {'symbol': 'ONUSDT', 'index': 2, 'price': 0.12, 'error': 'place_limit_order failed: retCode=110003 retMsg=price is invalid symbol=ONUSDT price=0.12 qty=822.71'}
2026-07-25 18:02:15 | ERROR | trading.strategy2_live:_open_grid:657 | S2Live: failed to place limit order | {'symbol': 'ONUSDT', 'index': 1, 'price': 0.12, 'error': 'place_limit_order failed: retCode=110003 retMsg=price is invalid symbol=ONUSDT price=0.12 qty=810.42'}
2026-07-25 18:02:16 | ERROR | trading.strategy2_live:_open_grid:657 | S2Live: failed to place limit order | {'symbol': 'ONUSDT', 'index': 2, 'price': 0.12, 'error': 'place_limit_order failed: retCode=110003 retMsg=price is invalid symbol=ONUSDT price=0.12 qty=822.71'}
2026-07-25 18:02:21 | ERROR | trading.strategy2_live:_open_grid:657 | S2Live: failed to place limit order | {'symbol': 'ONUSDT', 'index': 1, 'price': 0.12, 'error': 'place_limit_order failed: retCode=110003 retMsg=price is invalid symbol=ONUSDT price=0.12 qty=810.42'}
2026-07-25 18:02:21 | ERROR | trading.strategy2_live:_open_grid:657 | S2Live: failed to place limit order | {'symbol': 'ONUSDT', 'index': 2, 'price': 0.12, 'error': 'place_limit_order failed: retCode=110003 retMsg=price is invalid symbol=ONUSDT price=0.12 qty=822.71'}
2026-07-25 18:02:26 | ERROR | trading.strategy2_live:_open_grid:657 | S2Live: failed to place limit order | {'symbol': 'ONUSDT', 'index': 1, 'price': 0.12, 'error': 'place_limit_order failed: retCode=110003 retMsg=price is invalid symbol=ONUSDT price=0.12 qty=810.42'}
2026-07-25 18:02:26 | ERROR | trading.strategy2_live:_open_grid:657 | S2Live: failed to place limit order | {'symbol': 'ONUSDT', 'index': 2, 'price': 0.12, 'error': 'place_limit_order failed: retCode=110003 retMsg=price is invalid symbol=ONUSDT price=0.12 qty=822.71'}
2026-07-25 18:02:31 | ERROR | trading.strategy2_live:_open_grid:657 | S2Live: failed to place limit order | {'symbol': 'ONUSDT', 'index': 1, 'price': 0.12, 'error': 'place_limit_order failed: retCode=110003 retMsg=price is invalid symbol=ONUSDT price=0.12 qty=810.42'}
2026-07-25 18:02:31 | ERROR | trading.strategy2_live:_open_grid:657 | S2Live: failed to place limit order | {'symbol': 'ONUSDT', 'index': 2, 'price': 0.12, 'error': 'place_limit_order failed: retCode=110003 retMsg=price is invalid symbol=ONUSDT price=0.12 qty=822.71'}
2026-07-25 18:02:36 | ERROR | trading.strategy2_live:_open_grid:657 | S2Live: failed to place limit order | {'symbol': 'ONUSDT', 'index': 1, 'price': 0.12, 'error': 'place_limit_order failed: retCode=110003 retMsg=price is invalid symbol=ONUSDT price=0.12 qty=810.42'}
2026-07-25 18:02:36 | ERROR | trading.strategy2_live:_open_grid:657 | S2Live: failed to place limit order | {'symbol': 'ONUSDT', 'index': 2, 'price': 0.12, 'error': 'place_limit_order failed: retCode=110003 retMsg=price is invalid symbol=ONUSDT price=0.12 qty=822.71'}
2026-07-25 18:02:41 | ERROR | trading.strategy2_live:_open_grid:657 | S2Live: failed to place limit order | {'symbol': 'ONUSDT', 'index': 1, 'price': 0.12, 'error': 'place_limit_order failed: retCode=110003 retMsg=price is invalid symbol=ONUSDT price=0.12 qty=810.42'}
2026-07-25 18:02:41 | ERROR | trading.strategy2_live:_open_grid:657 | S2Live: failed to place limit order | {'symbol': 'ONUSDT', 'index': 2, 'price': 0.12, 'error': 'place_limit_order failed: retCode=110003 retMsg=price is invalid symbol=ONUSDT price=0.12 qty=822.71'}
2026-07-25 18:02:47 | ERROR | trading.strategy2_live:_open_grid:657 | S2Live: failed to place limit order | {'symbol': 'ONUSDT', 'index': 1, 'price': 0.12, 'error': 'place_limit_order failed: retCode=110003 retMsg=price is invalid symbol=ONUSDT price=0.12 qty=810.42'}
2026-07-25 18:02:47 | ERROR | trading.strategy2_live:_open_grid:657 | S2Live: failed to place limit order | {'symbol': 'ONUSDT', 'index': 2, 'price': 0.12, 'error': 'place_limit_order failed: retCode=110003 retMsg=price is invalid symbol=ONUSDT price=0.12 qty=822.71'}
2026-07-25 18:02:52 | ERROR | trading.strategy2_live:_open_grid:657 | S2Live: failed to place limit order | {'symbol': 'ONUSDT', 'index': 1, 'price': 0.12, 'error': 'place_limit_order failed: retCode=110003 retMsg=price is invalid symbol=ONUSDT price=0.12 qty=810.42'}
2026-07-25 18:02:52 | ERROR | trading.strategy2_live:_open_grid:657 | S2Live: failed to place limit order | {'symbol': 'ONUSDT', 'index': 2, 'price': 0.12, 'error': 'place_limit_order failed: retCode=110003 retMsg=price is invalid symbol=ONUSDT price=0.12 qty=822.71'}
2026-07-25 18:02:57 | ERROR | trading.strategy2_live:_open_grid:657 | S2Live: failed to place limit order | {'symbol': 'ONUSDT', 'index': 1, 'price': 0.12, 'error': 'place_limit_order failed: retCode=110003 retMsg=price is invalid symbol=ONUSDT price=0.12 qty=810.42'}
2026-07-25 18:02:57 | ERROR | trading.strategy2_live:_open_grid:657 | S2Live: failed to place limit order | {'symbol': 'ONUSDT', 'index': 2, 'price': 0.12, 'error': 'place_limit_order failed: retCode=110003 retMsg=price is invalid symbol=ONUSDT price=0.12 qty=822.71'}
2026-07-25 18:03:02 | ERROR | trading.strategy2_live:_open_grid:657 | S2Live: failed to place limit order | {'symbol': 'ONUSDT', 'index': 1, 'price': 0.12, 'error': 'place_limit_order failed: retCode=110003 retMsg=price is invalid symbol=ONUSDT price=0.12 qty=810.42'}
2026-07-25 18:03:03 | ERROR | trading.strategy2_live:_open_grid:657 | S2Live: failed to place limit order | {'symbol': 'ONUSDT', 'index': 2, 'price': 0.12, 'error': 'place_limit_order failed: retCode=110003 retMsg=price is invalid symbol=ONUSDT price=0.12 qty=822.71'}
2026-07-25 18:03:07 | ERROR | trading.strategy2_live:_open_grid:657 | S2Live: failed to place limit order | {'symbol': 'ONUSDT', 'index': 1, 'price': 0.12, 'error': 'place_limit_order failed: retCode=110003 retMsg=price is invalid symbol=ONUSDT price=0.12 qty=810.42'}
2026-07-25 18:03:07 | ERROR | trading.strategy2_live:_open_grid:657 | S2Live: failed to place limit order | {'symbol': 'ONUSDT', 'index': 2, 'price': 0.12, 'error': 'place_limit_order failed: retCode=110003 retMsg=price is invalid symbol=ONUSDT price=0.12 qty=822.71'}
2026-07-25 18:03:12 | ERROR | trading.strategy2_live:_open_grid:657 | S2Live: failed to place limit order | {'symbol': 'ONUSDT', 'index': 1, 'price': 0.12, 'error': 'place_limit_order failed: retCode=110003 retMsg=price is invalid symbol=ONUSDT price=0.12 qty=810.42'}
2026-07-25 18:03:13 | ERROR | trading.strategy2_live:_open_grid:657 | S2Live: failed to place limit order | {'symbol': 'ONUSDT', 'index': 2, 'price': 0.12, 'error': 'place_limit_order failed: retCode=110003 retMsg=price is invalid symbol=ONUSDT price=0.12 qty=822.71'}
2026-07-25 18:03:18 | ERROR | trading.strategy2_live:_open_grid:657 | S2Live: failed to place limit order | {'symbol': 'ONUSDT', 'index': 1, 'price': 0.12, 'error': 'place_limit_order failed: retCode=110003 retMsg=price is invalid symbol=ONUSDT price=0.12 qty=810.42'}
2026-07-25 18:03:18 | ERROR | trading.strategy2_live:_open_grid:657 | S2Live: failed to place limit order | {'symbol': 'ONUSDT', 'index': 2, 'price': 0.12, 'error': 'place_limit_order failed: retCode=110003 retMsg=price is invalid symbol=ONUSDT price=0.12 qty=822.71'}
2026-07-25 18:03:23 | ERROR | trading.strategy2_live:_open_grid:657 | S2Live: failed to place limit order | {'symbol': 'ONUSDT', 'index': 1, 'price': 0.12, 'error': 'place_limit_order failed: retCode=110003 retMsg=price is invalid symbol=ONUSDT price=0.12 qty=810.42'}
2026-07-25 18:03:23 | ERROR | trading.strategy2_live:_open_grid:657 | S2Live: failed to place limit order | {'symbol': 'ONUSDT', 'index': 2, 'price': 0.12, 'error': 'place_limit_order failed: retCode=110003 retMsg=price is invalid symbol=ONUSDT price=0.12 qty=822.71'}
2026-07-25 18:03:28 | ERROR | trading.strategy2_live:_open_grid:657 | S2Live: failed to place limit order | {'symbol': 'ONUSDT', 'index': 1, 'price': 0.12, 'error': 'place_limit_order failed: retCode=110003 retMsg=price is invalid symbol=ONUSDT price=0.12 qty=810.42'}
2026-07-25 18:03:28 | ERROR | trading.strategy2_live:_open_grid:657 | S2Live: failed to place limit order | {'symbol': 'ONUSDT', 'index': 2, 'price': 0.12, 'error': 'place_limit_order failed: retCode=110003 retMsg=price is invalid symbol=ONUSDT price=0.12 qty=822.71'}
2026-07-25 18:03:33 | ERROR | trading.strategy2_live:_open_grid:657 | S2Live: failed to place limit order | {'symbol': 'ONUSDT', 'index': 1, 'price': 0.12, 'error': 'place_limit_order failed: retCode=110003 retMsg=price is invalid symbol=ONUSDT price=0.12 qty=810.42'}
2026-07-25 18:03:33 | ERROR | trading.strategy2_live:_open_grid:657 | S2Live: failed to place limit order | {'symbol': 'ONUSDT', 'index': 2, 'price': 0.12, 'error': 'place_limit_order failed: retCode=110003 retMsg=price is invalid symbol=ONUSDT price=0.12 qty=822.71'}
2026-07-25 18:03:38 | ERROR | trading.strategy2_live:_open_grid:657 | S2Live: failed to place limit order | {'symbol': 'ONUSDT', 'index': 1, 'price': 0.12, 'error': 'place_limit_order failed: retCode=110003 retMsg=price is invalid symbol=ONUSDT price=0.12 qty=810.42'}
2026-07-25 18:03:39 | ERROR | trading.strategy2_live:_open_grid:657 | S2Live: failed to place limit order | {'symbol': 'ONUSDT', 'index': 2, 'price': 0.12, 'error': 'place_limit_order failed: retCode=110003 retMsg=price is invalid symbol=ONUSDT price=0.12 qty=822.71'}
2026-07-25 18:03:44 | ERROR | trading.strategy2_live:_open_grid:657 | S2Live: failed to place limit order | {'symbol': 'ONUSDT', 'index': 1, 'price': 0.12, 'error': 'place_limit_order failed: retCode=110003 retMsg=price is invalid symbol=ONUSDT price=0.12 qty=810.42'}
2026-07-25 18:03:44 | ERROR | trading.strategy2_live:_open_grid:657 | S2Live: failed to place limit order | {'symbol': 'ONUSDT', 'index': 2, 'price': 0.12, 'error': 'place_limit_order failed: retCode=110003 retMsg=price is invalid symbol=ONUSDT price=0.12 qty=822.71'}
2026-07-25 18:03:49 | ERROR | trading.strategy2_live:_open_grid:657 | S2Live: failed to place limit order | {'symbol': 'ONUSDT', 'index': 1, 'price': 0.12, 'error': 'place_limit_order failed: retCode=110003 retMsg=price is invalid symbol=ONUSDT price=0.12 qty=810.42'}
2026-07-25 18:03:49 | ERROR | trading.strategy2_live:_open_grid:657 | S2Live: failed to place limit order | {'symbol': 'ONUSDT', 'index': 2, 'price': 0.12, 'error': 'place_limit_order failed: retCode=110003 retMsg=price is invalid symbol=ONUSDT price=0.12 qty=822.71'}
2026-07-25 18:03:54 | ERROR | trading.strategy2_live:_open_grid:657 | S2Live: failed to place limit order | {'symbol': 'ONUSDT', 'index': 1, 'price': 0.12, 'error': 'place_limit_order failed: retCode=110003 retMsg=price is invalid symbol=ONUSDT price=0.12 qty=810.42'}
2026-07-25 18:03:54 | ERROR | trading.strategy2_live:_open_grid:657 | S2Live: failed to place limit order | {'symbol': 'ONUSDT', 'index': 2, 'price': 0.12, 'error': 'place_limit_order failed: retCode=110003 retMsg=price is invalid symbol=ONUSDT price=0.12 qty=822.71'}
2026-07-25 18:03:59 | ERROR | trading.strategy2_live:_open_grid:657 | S2Live: failed to place limit order | {'symbol': 'ONUSDT', 'index': 1, 'price': 0.12, 'error': 'place_limit_order failed: retCode=110003 retMsg=price is invalid symbol=ONUSDT price=0.12 qty=810.42'}
2026-07-25 18:03:59 | ERROR | trading.strategy2_live:_open_grid:657 | S2Live: failed to place limit order | {'symbol': 'ONUSDT', 'index': 2, 'price': 0.12, 'error': 'place_limit_order failed: retCode=110003 retMsg=price is invalid symbol=ONUSDT price=0.12 qty=822.71'}
2026-07-25 18:04:04 | ERROR | trading.strategy2_live:_open_grid:657 | S2Live: failed to place limit order | {'symbol': 'ONUSDT', 'index': 1, 'price': 0.12, 'error': 'place_limit_order failed: retCode=110003 retMsg=price is invalid symbol=ONUSDT price=0.12 qty=810.42'}
2026-07-25 18:04:05 | ERROR | trading.strategy2_live:_open_grid:657 | S2Live: failed to place limit order | {'symbol': 'ONUSDT', 'index': 2, 'price': 0.12, 'error': 'place_limit_order failed: retCode=110003 retMsg=price is invalid symbol=ONUSDT price=0.12 qty=822.71'}
2026-07-25 18:04:09 | ERROR | trading.strategy2_live:_open_grid:657 | S2Live: failed to place limit order | {'symbol': 'ONUSDT', 'index': 1, 'price': 0.12, 'error': 'place_limit_order failed: retCode=110003 retMsg=price is invalid symbol=ONUSDT price=0.12 qty=810.42'}
2026-07-25 18:04:10 | ERROR | trading.strategy2_live:_open_grid:657 | S2Live: failed to place limit order | {'symbol': 'ONUSDT', 'index': 2, 'price': 0.12, 'error': 'place_limit_order failed: retCode=110003 retMsg=price is invalid symbol=ONUSDT price=0.12 qty=822.71'}
2026-07-25 18:04:15 | ERROR | trading.strategy2_live:_open_grid:657 | S2Live: failed to place limit order | {'symbol': 'ONUSDT', 'index': 1, 'price': 0.12, 'error': 'place_limit_order failed: retCode=110003 retMsg=price is invalid symbol=ONUSDT price=0.12 qty=810.42'}
2026-07-25 18:04:15 | ERROR | trading.strategy2_live:_open_grid:657 | S2Live: failed to place limit order | {'symbol': 'ONUSDT', 'index': 2, 'price': 0.12, 'error': 'place_limit_order failed: retCode=110003 retMsg=price is invalid symbol=ONUSDT price=0.12 qty=822.71'}
2026-07-25 18:04:20 | ERROR | trading.strategy2_live:_open_grid:657 | S2Live: failed to place limit order | {'symbol': 'ONUSDT', 'index': 1, 'price': 0.12, 'error': 'place_limit_order failed: retCode=110003 retMsg=price is invalid symbol=ONUSDT price=0.12 qty=810.42'}
2026-07-25 18:04:20 | ERROR | trading.strategy2_live:_open_grid:657 | S2Live: failed to place limit order | {'symbol': 'ONUSDT', 'index': 2, 'price': 0.12, 'error': 'place_limit_order failed: retCode=110003 retMsg=price is invalid symbol=ONUSDT price=0.12 qty=822.71'}
2026-07-25 18:04:25 | ERROR | trading.strategy2_live:_open_grid:657 | S2Live: failed to place limit order | {'symbol': 'ONUSDT', 'index': 1, 'price': 0.12, 'error': 'place_limit_order failed: retCode=110003 retMsg=price is invalid symbol=ONUSDT price=0.12 qty=810.42'}
2026-07-25 18:04:25 | ERROR | trading.strategy2_live:_open_grid:657 | S2Live: failed to place limit order | {'symbol': 'ONUSDT', 'index': 2, 'price': 0.12, 'error': 'place_limit_order failed: retCode=110003 retMsg=price is invalid symbol=ONUSDT price=0.12 qty=822.71'}
2026-07-25 18:04:31 | ERROR | trading.strategy2_live:_open_grid:657 | S2Live: failed to place limit order | {'symbol': 'ONUSDT', 'index': 1, 'price': 0.12, 'error': 'place_limit_order failed: retCode=110003 retMsg=price is invalid symbol=ONUSDT price=0.12 qty=810.42'}
2026-07-25 18:04:31 | ERROR | trading.strategy2_live:_open_grid:657 | S2Live: failed to place limit order | {'symbol': 'ONUSDT', 'index': 2, 'price': 0.12, 'error': 'place_limit_order failed: retCode=110003 retMsg=price is invalid symbol=ONUSDT price=0.12 qty=822.71'}
2026-07-25 18:04:35 | ERROR | trading.strategy2_live:_open_grid:657 | S2Live: failed to place limit order | {'symbol': 'ONUSDT', 'index': 1, 'price': 0.12, 'error': 'place_limit_order failed: retCode=110003 retMsg=price is invalid symbol=ONUSDT price=0.12 qty=810.42'}
2026-07-25 18:04:35 | ERROR | trading.strategy2_live:_open_grid:657 | S2Live: failed to place limit order | {'symbol': 'ONUSDT', 'index': 2, 'price': 0.12, 'error': 'place_limit_order failed: retCode=110003 retMsg=price is invalid symbol=ONUSDT price=0.12 qty=822.71'}
2026-07-25 18:04:40 | ERROR | trading.strategy2_live:_open_grid:657 | S2Live: failed to place limit order | {'symbol': 'ONUSDT', 'index': 1, 'price': 0.12, 'error': 'place_limit_order failed: retCode=110003 retMsg=price is invalid symbol=ONUSDT price=0.12 qty=810.42'}
2026-07-25 18:04:41 | ERROR | trading.strategy2_live:_open_grid:657 | S2Live: failed to place limit order | {'symbol': 'ONUSDT', 'index': 2, 'price': 0.12, 'error': 'place_limit_order failed: retCode=110003 retMsg=price is invalid symbol=ONUSDT price=0.12 qty=822.71'}
2026-07-25 18:04:46 | ERROR | trading.strategy2_live:_open_grid:657 | S2Live: failed to place limit order | {'symbol': 'ONUSDT', 'index': 1, 'price': 0.12, 'error': 'place_limit_order failed: retCode=110003 retMsg=price is invalid symbol=ONUSDT price=0.12 qty=810.42'}
2026-07-25 18:04:46 | ERROR | trading.strategy2_live:_open_grid:657 | S2Live: failed to place limit order | {'symbol': 'ONUSDT', 'index': 2, 'price': 0.12, 'error': 'place_limit_order failed: retCode=110003 retMsg=price is invalid symbol=ONUSDT price=0.12 qty=822.71'}
2026-07-25 18:05:07 | ERROR | trading.strategy2_live:_open_grid:657 | S2Live: failed to place limit order | {'symbol': 'ONUSDT', 'index': 1, 'price': 0.12, 'error': 'place_limit_order failed: retCode=110003 retMsg=price is invalid symbol=ONUSDT price=0.12 qty=810.42'}
2026-07-25 18:05:07 | ERROR | trading.strategy2_live:_open_grid:657 | S2Live: failed to place limit order | {'symbol': 'ONUSDT', 'index': 2, 'price': 0.12, 'error': 'place_limit_order failed: retCode=110003 retMsg=price is invalid symbol=ONUSDT price=0.12 qty=822.71'}
2026-07-25 18:05:12 | ERROR | trading.strategy2_live:_open_grid:657 | S2Live: failed to place limit order | {'symbol': 'ONUSDT', 'index': 1, 'price': 0.12, 'error': 'place_limit_order failed: retCode=110003 retMsg=price is invalid symbol=ONUSDT price=0.12 qty=810.42'}
2026-07-25 18:05:12 | ERROR | trading.strategy2_live:_open_grid:657 | S2Live: failed to place limit order | {'symbol': 'ONUSDT', 'index': 2, 'price': 0.12, 'error': 'place_limit_order failed: retCode=110003 retMsg=price is invalid symbol=ONUSDT price=0.12 qty=822.71'}
2026-07-25 18:05:17 | ERROR | trading.strategy2_live:_open_grid:657 | S2Live: failed to place limit order | {'symbol': 'ONUSDT', 'index': 1, 'price': 0.12, 'error': 'place_limit_order failed: retCode=110003 retMsg=price is invalid symbol=ONUSDT price=0.12 qty=810.42'}
2026-07-25 18:05:17 | ERROR | trading.strategy2_live:_open_grid:657 | S2Live: failed to place limit order | {'symbol': 'ONUSDT', 'index': 2, 'price': 0.12, 'error': 'place_limit_order failed: retCode=110003 retMsg=price is invalid symbol=ONUSDT price=0.12 qty=822.71'}
2026-07-25 18:05:22 | ERROR | trading.strategy2_live:_open_grid:657 | S2Live: failed to place limit order | {'symbol': 'ONUSDT', 'index': 1, 'price': 0.12, 'error': 'place_limit_order failed: retCode=110003 retMsg=price is invalid symbol=ONUSDT price=0.12 qty=810.42'}
2026-07-25 18:05:22 | ERROR | trading.strategy2_live:_open_grid:657 | S2Live: failed to place limit order | {'symbol': 'ONUSDT', 'index': 2, 'price': 0.12, 'error': 'place_limit_order failed: retCode=110003 retMsg=price is invalid symbol=ONUSDT price=0.12 qty=822.71'}
2026-07-25 18:05:27 | ERROR | trading.strategy2_live:_open_grid:657 | S2Live: failed to place limit order | {'symbol': 'ONUSDT', 'index': 1, 'price': 0.12, 'error': 'place_limit_order failed: retCode=110003 retMsg=price is invalid symbol=ONUSDT price=0.12 qty=810.42'}
2026-07-25 18:05:27 | ERROR | trading.strategy2_live:_open_grid:657 | S2Live: failed to place limit order | {'symbol': 'ONUSDT', 'index': 2, 'price': 0.12, 'error': 'place_limit_order failed: retCode=110003 retMsg=price is invalid symbol=ONUSDT price=0.12 qty=822.71'}
2026-07-25 18:05:32 | ERROR | trading.strategy2_live:_open_grid:657 | S2Live: failed to place limit order | {'symbol': 'ONUSDT', 'index': 1, 'price': 0.12, 'error': 'place_limit_order failed: retCode=110003 retMsg=price is invalid symbol=ONUSDT price=0.12 qty=810.42'}
2026-07-25 18:05:32 | ERROR | trading.strategy2_live:_open_grid:657 | S2Live: failed to place limit order | {'symbol': 'ONUSDT', 'index': 2, 'price': 0.12, 'error': 'place_limit_order failed: retCode=110003 retMsg=price is invalid symbol=ONUSDT price=0.12 qty=822.71'}
2026-07-25 18:05:53 | ERROR | trading.strategy2_live:_open_grid:657 | S2Live: failed to place limit order | {'symbol': 'ONUSDT', 'index': 1, 'price': 0.12, 'error': 'place_limit_order failed: retCode=110003 retMsg=price is invalid symbol=ONUSDT price=0.12 qty=810.42'}
2026-07-25 18:05:53 | ERROR | trading.strategy2_live:_open_grid:657 | S2Live: failed to place limit order | {'symbol': 'ONUSDT', 'index': 2, 'price': 0.12, 'error': 'place_limit_order failed: retCode=110003 retMsg=price is invalid symbol=ONUSDT price=0.12 qty=822.71'}
2026-07-25 18:05:58 | ERROR | trading.strategy2_live:_open_grid:657 | S2Live: failed to place limit order | {'symbol': 'ONUSDT', 'index': 1, 'price': 0.12, 'error': 'place_limit_order failed: retCode=110003 retMsg=price is invalid symbol=ONUSDT price=0.12 qty=810.42'}
2026-07-25 18:05:58 | ERROR | trading.strategy2_live:_open_grid:657 | S2Live: failed to place limit order | {'symbol': 'ONUSDT', 'index': 2, 'price': 0.12, 'error': 'place_limit_order failed: retCode=110003 retMsg=price is invalid symbol=ONUSDT price=0.12 qty=822.71'}
2026-07-25 18:06:03 | ERROR | trading.strategy2_live:_open_grid:657 | S2Live: failed to place limit order | {'symbol': 'ONUSDT', 'index': 1, 'price': 0.12, 'error': 'place_limit_order failed: retCode=110003 retMsg=price is invalid symbol=ONUSDT price=0.12 qty=810.42'}
2026-07-25 18:06:03 | ERROR | trading.strategy2_live:_open_grid:657 | S2Live: failed to place limit order | {'symbol': 'ONUSDT', 'index': 2, 'price': 0.12, 'error': 'place_limit_order failed: retCode=110003 retMsg=price is invalid symbol=ONUSDT price=0.12 qty=822.71'}
2026-07-25 18:06:24 | ERROR | trading.strategy2_live:_open_grid:657 | S2Live: failed to place limit order | {'symbol': 'ONUSDT', 'index': 1, 'price': 0.12, 'error': 'place_limit_order failed: retCode=110003 retMsg=price is invalid symbol=ONUSDT price=0.12 qty=810.42'}
2026-07-25 18:06:24 | ERROR | trading.strategy2_live:_open_grid:657 | S2Live: failed to place limit order | {'symbol': 'ONUSDT', 'index': 2, 'price': 0.12, 'error': 'place_limit_order failed: retCode=110003 retMsg=price is invalid symbol=ONUSDT price=0.12 qty=822.71'}
2026-07-25 18:06:29 | ERROR | trading.strategy2_live:_open_grid:657 | S2Live: failed to place limit order | {'symbol': 'ONUSDT', 'index': 1, 'price': 0.12, 'error': 'place_limit_order failed: retCode=110003 retMsg=price is invalid symbol=ONUSDT price=0.12 qty=810.42'}
2026-07-25 18:06:29 | ERROR | trading.strategy2_live:_open_grid:657 | S2Live: failed to place limit order | {'symbol': 'ONUSDT', 'index': 2, 'price': 0.12, 'error': 'place_limit_order failed: retCode=110003 retMsg=price is invalid symbol=ONUSDT price=0.12 qty=822.71'}
2026-07-25 18:06:34 | ERROR | trading.strategy2_live:_open_grid:657 | S2Live: failed to place limit order | {'symbol': 'ONUSDT', 'index': 1, 'price': 0.12, 'error': 'place_limit_order failed: retCode=110003 retMsg=price is invalid symbol=ONUSDT price=0.12 qty=810.42'}
2026-07-25 18:06:34 | ERROR | trading.strategy2_live:_open_grid:657 | S2Live: failed to place limit order | {'symbol': 'ONUSDT', 'index': 2, 'price': 0.12, 'error': 'place_limit_order failed: retCode=110003 retMsg=price is invalid symbol=ONUSDT price=0.12 qty=822.71'}
2026-07-25 18:08:49 | ERROR | trading.strategy2_live:_open_grid:657 | S2Live: failed to place limit order | {'symbol': 'ONUSDT', 'index': 1, 'price': 0.12, 'error': 'place_limit_order failed: retCode=110003 retMsg=price is invalid symbol=ONUSDT price=0.12 qty=810.42'}
2026-07-25 18:08:49 | ERROR | trading.strategy2_live:_open_grid:657 | S2Live: failed to place limit order | {'symbol': 'ONUSDT', 'index': 2, 'price': 0.12, 'error': 'place_limit_order failed: retCode=110003 retMsg=price is invalid symbol=ONUSDT price=0.12 qty=822.71'}
2026-07-25 18:08:54 | ERROR | trading.strategy2_live:_open_grid:657 | S2Live: failed to place limit order | {'symbol': 'ONUSDT', 'index': 1, 'price': 0.12, 'error': 'place_limit_order failed: retCode=110003 retMsg=price is invalid symbol=ONUSDT price=0.12 qty=810.42'}
2026-07-25 18:08:54 | ERROR | trading.strategy2_live:_open_grid:657 | S2Live: failed to place limit order | {'symbol': 'ONUSDT', 'index': 2, 'price': 0.12, 'error': 'place_limit_order failed: retCode=110003 retMsg=price is invalid symbol=ONUSDT price=0.12 qty=822.71'}
2026-07-25 18:08:59 | ERROR | trading.strategy2_live:_open_grid:657 | S2Live: failed to place limit order | {'symbol': 'ONUSDT', 'index': 1, 'price': 0.12, 'error': 'place_limit_order failed: retCode=110003 retMsg=price is invalid symbol=ONUSDT price=0.12 qty=810.42'}
2026-07-25 18:08:59 | ERROR | trading.strategy2_live:_open_grid:657 | S2Live: failed to place limit order | {'symbol': 'ONUSDT', 'index': 2, 'price': 0.12, 'error': 'place_limit_order failed: retCode=110003 retMsg=price is invalid symbol=ONUSDT price=0.12 qty=822.71'}
2026-07-25 18:09:04 | ERROR | trading.strategy2_live:_open_grid:657 | S2Live: failed to place limit order | {'symbol': 'ONUSDT', 'index': 1, 'price': 0.12, 'error': 'place_limit_order failed: retCode=110003 retMsg=price is invalid symbol=ONUSDT price=0.12 qty=810.42'}
2026-07-25 18:09:05 | ERROR | trading.strategy2_live:_open_grid:657 | S2Live: failed to place limit order | {'symbol': 'ONUSDT', 'index': 2, 'price': 0.12, 'error': 'place_limit_order failed: retCode=110003 retMsg=price is invalid symbol=ONUSDT price=0.12 qty=822.71'}
2026-07-25 18:09:10 | ERROR | trading.strategy2_live:_open_grid:657 | S2Live: failed to place limit order | {'symbol': 'ONUSDT', 'index': 1, 'price': 0.12, 'error': 'place_limit_order failed: retCode=110003 retMsg=price is invalid symbol=ONUSDT price=0.12 qty=810.42'}
2026-07-25 18:09:10 | ERROR | trading.strategy2_live:_open_grid:657 | S2Live: failed to place limit order | {'symbol': 'ONUSDT', 'index': 2, 'price': 0.12, 'error': 'place_limit_order failed: retCode=110003 retMsg=price is invalid symbol=ONUSDT price=0.12 qty=822.71'}
2026-07-25 18:09:15 | ERROR | trading.strategy2_live:_open_grid:657 | S2Live: failed to place limit order | {'symbol': 'ONUSDT', 'index': 1, 'price': 0.12, 'error': 'place_limit_order failed: retCode=110003 retMsg=price is invalid symbol=ONUSDT price=0.12 qty=810.42'}
2026-07-25 18:09:15 | ERROR | trading.strategy2_live:_open_grid:657 | S2Live: failed to place limit order | {'symbol': 'ONUSDT', 'index': 2, 'price': 0.12, 'error': 'place_limit_order failed: retCode=110003 retMsg=price is invalid symbol=ONUSDT price=0.12 qty=822.71'}
2026-07-25 18:09:51 | ERROR | trading.strategy2_live:_open_grid:657 | S2Live: failed to place limit order | {'symbol': 'ONUSDT', 'index': 1, 'price': 0.12, 'error': 'place_limit_order failed: retCode=110003 retMsg=price is invalid symbol=ONUSDT price=0.12 qty=810.42'}
2026-07-25 18:09:51 | ERROR | trading.strategy2_live:_open_grid:657 | S2Live: failed to place limit order | {'symbol': 'ONUSDT', 'index': 2, 'price': 0.12, 'error': 'place_limit_order failed: retCode=110003 retMsg=price is invalid symbol=ONUSDT price=0.12 qty=822.71'}
2026-07-25 18:09:56 | ERROR | trading.strategy2_live:_open_grid:657 | S2Live: failed to place limit order | {'symbol': 'ONUSDT', 'index': 1, 'price': 0.12, 'error': 'place_limit_order failed: retCode=110003 retMsg=price is invalid symbol=ONUSDT price=0.12 qty=810.42'}
2026-07-25 18:09:56 | ERROR | trading.strategy2_live:_open_grid:657 | S2Live: failed to place limit order | {'symbol': 'ONUSDT', 'index': 2, 'price': 0.12, 'error': 'place_limit_order failed: retCode=110003 retMsg=price is invalid symbol=ONUSDT price=0.12 qty=822.71'}
2026-07-25 18:10:01 | ERROR | trading.strategy2_live:_open_grid:657 | S2Live: failed to place limit order | {'symbol': 'ONUSDT', 'index': 1, 'price': 0.12, 'error': 'place_limit_order failed: retCode=110003 retMsg=price is invalid symbol=ONUSDT price=0.12 qty=810.42'}
2026-07-25 18:10:02 | ERROR | trading.strategy2_live:_open_grid:657 | S2Live: failed to place limit order | {'symbol': 'ONUSDT', 'index': 2, 'price': 0.12, 'error': 'place_limit_order failed: retCode=110003 retMsg=price is invalid symbol=ONUSDT price=0.12 qty=822.71'}
2026-07-25 18:10:07 | ERROR | trading.strategy2_live:_open_grid:657 | S2Live: failed to place limit order | {'symbol': 'ONUSDT', 'index': 1, 'price': 0.12, 'error': 'place_limit_order failed: retCode=110003 retMsg=price is invalid symbol=ONUSDT price=0.12 qty=810.42'}
2026-07-25 18:10:07 | ERROR | trading.strategy2_live:_open_grid:657 | S2Live: failed to place limit order | {'symbol': 'ONUSDT', 'index': 2, 'price': 0.12, 'error': 'place_limit_order failed: retCode=110003 retMsg=price is invalid symbol=ONUSDT price=0.12 qty=822.71'}
2026-07-25 18:10:12 | ERROR | trading.strategy2_live:_open_grid:657 | S2Live: failed to place limit order | {'symbol': 'ONUSDT', 'index': 1, 'price': 0.12, 'error': 'place_limit_order failed: retCode=110003 retMsg=price is invalid symbol=ONUSDT price=0.12 qty=810.42'}
2026-07-25 18:10:12 | ERROR | trading.strategy2_live:_open_grid:657 | S2Live: failed to place limit order | {'symbol': 'ONUSDT', 'index': 2, 'price': 0.12, 'error': 'place_limit_order failed: retCode=110003 retMsg=price is invalid symbol=ONUSDT price=0.12 qty=822.71'}
2026-07-25 18:10:17 | ERROR | trading.strategy2_live:_open_grid:657 | S2Live: failed to place limit order | {'symbol': 'ONUSDT', 'index': 1, 'price': 0.12, 'error': 'place_limit_order failed: retCode=110003 retMsg=price is invalid symbol=ONUSDT price=0.12 qty=810.42'}
2026-07-25 18:10:17 | ERROR | trading.strategy2_live:_open_grid:657 | S2Live: failed to place limit order | {'symbol': 'ONUSDT', 'index': 2, 'price': 0.12, 'error': 'place_limit_order failed: retCode=110003 retMsg=price is invalid symbol=ONUSDT price=0.12 qty=822.71'}
2026-07-25 18:10:22 | ERROR | trading.strategy2_live:_open_grid:657 | S2Live: failed to place limit order | {'symbol': 'ONUSDT', 'index': 1, 'price': 0.12, 'error': 'place_limit_order failed: retCode=110003 retMsg=price is invalid symbol=ONUSDT price=0.12 qty=810.42'}
2026-07-25 18:10:22 | ERROR | trading.strategy2_live:_open_grid:657 | S2Live: failed to place limit order | {'symbol': 'ONUSDT', 'index': 2, 'price': 0.12, 'error': 'place_limit_order failed: retCode=110003 retMsg=price is invalid symbol=ONUSDT price=0.12 qty=822.71'}
2026-07-25 18:10:27 | ERROR | trading.strategy2_live:_open_grid:657 | S2Live: failed to place limit order | {'symbol': 'ONUSDT', 'index': 1, 'price': 0.12, 'error': 'place_limit_order failed: retCode=110003 retMsg=price is invalid symbol=ONUSDT price=0.12 qty=810.42'}
2026-07-25 18:10:28 | ERROR | trading.strategy2_live:_open_grid:657 | S2Live: failed to place limit order | {'symbol': 'ONUSDT', 'index': 2, 'price': 0.12, 'error': 'place_limit_order failed: retCode=110003 retMsg=price is invalid symbol=ONUSDT price=0.12 qty=822.71'}
2026-07-25 18:10:32 | ERROR | trading.strategy2_live:_open_grid:657 | S2Live: failed to place limit order | {'symbol': 'ONUSDT', 'index': 1, 'price': 0.12, 'error': 'place_limit_order failed: retCode=110003 retMsg=price is invalid symbol=ONUSDT price=0.12 qty=810.42'}
2026-07-25 18:10:33 | ERROR | trading.strategy2_live:_open_grid:657 | S2Live: failed to place limit order | {'symbol': 'ONUSDT', 'index': 2, 'price': 0.12, 'error': 'place_limit_order failed: retCode=110003 retMsg=price is invalid symbol=ONUSDT price=0.12 qty=822.71'}
2026-07-25 18:10:38 | ERROR | trading.strategy2_live:_open_grid:657 | S2Live: failed to place limit order | {'symbol': 'ONUSDT', 'index': 1, 'price': 0.12, 'error': 'place_limit_order failed: retCode=110003 retMsg=price is invalid symbol=ONUSDT price=0.12 qty=810.42'}
2026-07-25 18:10:38 | ERROR | trading.strategy2_live:_open_grid:657 | S2Live: failed to place limit order | {'symbol': 'ONUSDT', 'index': 2, 'price': 0.12, 'error': 'place_limit_order failed: retCode=110003 retMsg=price is invalid symbol=ONUSDT price=0.12 qty=822.71'}
2026-07-25 18:10:43 | ERROR | trading.strategy2_live:_open_grid:657 | S2Live: failed to place limit order | {'symbol': 'ONUSDT', 'index': 1, 'price': 0.12, 'error': 'place_limit_order failed: retCode=110003 retMsg=price is invalid symbol=ONUSDT price=0.12 qty=810.42'}
2026-07-25 18:10:43 | ERROR | trading.strategy2_live:_open_grid:657 | S2Live: failed to place limit order | {'symbol': 'ONUSDT', 'index': 2, 'price': 0.12, 'error': 'place_limit_order failed: retCode=110003 retMsg=price is invalid symbol=ONUSDT price=0.12 qty=822.71'}
2026-07-25 18:10:48 | ERROR | trading.strategy2_live:_open_grid:657 | S2Live: failed to place limit order | {'symbol': 'ONUSDT', 'index': 1, 'price': 0.12, 'error': 'place_limit_order failed: retCode=110003 retMsg=price is invalid symbol=ONUSDT price=0.12 qty=810.42'}
2026-07-25 18:10:48 | ERROR | trading.strategy2_live:_open_grid:657 | S2Live: failed to place limit order | {'symbol': 'ONUSDT', 'index': 2, 'price': 0.12, 'error': 'place_limit_order failed: retCode=110003 retMsg=price is invalid symbol=ONUSDT price=0.12 qty=822.71'}
2026-07-25 18:10:53 | ERROR | trading.strategy2_live:_open_grid:657 | S2Live: failed to place limit order | {'symbol': 'ONUSDT', 'index': 1, 'price': 0.12, 'error': 'place_limit_order failed: retCode=110003 retMsg=price is invalid symbol=ONUSDT price=0.12 qty=810.42'}
2026-07-25 18:10:53 | ERROR | trading.strategy2_live:_open_grid:657 | S2Live: failed to place limit order | {'symbol': 'ONUSDT', 'index': 2, 'price': 0.12, 'error': 'place_limit_order failed: retCode=110003 retMsg=price is invalid symbol=ONUSDT price=0.12 qty=822.71'}
2026-07-25 18:10:58 | ERROR | trading.strategy2_live:_open_grid:657 | S2Live: failed to place limit order | {'symbol': 'ONUSDT', 'index': 1, 'price': 0.12, 'error': 'place_limit_order failed: retCode=110003 retMsg=price is invalid symbol=ONUSDT price=0.12 qty=810.42'}
2026-07-25 18:10:59 | ERROR | trading.strategy2_live:_open_grid:657 | S2Live: failed to place limit order | {'symbol': 'ONUSDT', 'index': 2, 'price': 0.12, 'error': 'place_limit_order failed: retCode=110003 retMsg=price is invalid symbol=ONUSDT price=0.12 qty=822.71'}
2026-07-25 18:11:03 | ERROR | trading.strategy2_live:_open_grid:657 | S2Live: failed to place limit order | {'symbol': 'ONUSDT', 'index': 1, 'price': 0.12, 'error': 'place_limit_order failed: retCode=110003 retMsg=price is invalid symbol=ONUSDT price=0.12 qty=810.42'}
2026-07-25 18:11:04 | ERROR | trading.strategy2_live:_open_grid:657 | S2Live: failed to place limit order | {'symbol': 'ONUSDT', 'index': 2, 'price': 0.12, 'error': 'place_limit_order failed: retCode=110003 retMsg=price is invalid symbol=ONUSDT price=0.12 qty=822.71'}
2026-07-25 18:15:07 | ERROR | trading.strategy2_live:_open_grid:657 | S2Live: failed to place limit order | {'symbol': 'ONUSDT', 'index': 1, 'price': 0.12, 'error': 'place_limit_order failed: retCode=110003 retMsg=price is invalid symbol=ONUSDT price=0.12 qty=810.42'}
2026-07-25 18:15:07 | ERROR | trading.strategy2_live:_open_grid:657 | S2Live: failed to place limit order | {'symbol': 'ONUSDT', 'index': 2, 'price': 0.12, 'error': 'place_limit_order failed: retCode=110003 retMsg=price is invalid symbol=ONUSDT price=0.12 qty=822.71'}
2026-07-25 18:15:12 | ERROR | trading.strategy2_live:_open_grid:657 | S2Live: failed to place limit order | {'symbol': 'ONUSDT', 'index': 1, 'price': 0.12, 'error': 'place_limit_order failed: retCode=110003 retMsg=price is invalid symbol=ONUSDT price=0.12 qty=810.42'}
2026-07-25 18:15:12 | ERROR | trading.strategy2_live:_open_grid:657 | S2Live: failed to place limit order | {'symbol': 'ONUSDT', 'index': 2, 'price': 0.12, 'error': 'place_limit_order failed: retCode=110003 retMsg=price is invalid symbol=ONUSDT price=0.12 qty=822.71'}
2026-07-25 18:15:17 | ERROR | trading.strategy2_live:_open_grid:657 | S2Live: failed to place limit order | {'symbol': 'ONUSDT', 'index': 1, 'price': 0.12, 'error': 'place_limit_order failed: retCode=110003 retMsg=price is invalid symbol=ONUSDT price=0.12 qty=810.42'}
2026-07-25 18:15:17 | ERROR | trading.strategy2_live:_open_grid:657 | S2Live: failed to place limit order | {'symbol': 'ONUSDT', 'index': 2, 'price': 0.12, 'error': 'place_limit_order failed: retCode=110003 retMsg=price is invalid symbol=ONUSDT price=0.12 qty=822.71'}
2026-07-25 18:15:22 | ERROR | trading.strategy2_live:_open_grid:657 | S2Live: failed to place limit order | {'symbol': 'ONUSDT', 'index': 1, 'price': 0.12, 'error': 'place_limit_order failed: retCode=110003 retMsg=price is invalid symbol=ONUSDT price=0.12 qty=810.42'}
2026-07-25 18:15:22 | ERROR | trading.strategy2_live:_open_grid:657 | S2Live: failed to place limit order | {'symbol': 'ONUSDT', 'index': 2, 'price': 0.12, 'error': 'place_limit_order failed: retCode=110003 retMsg=price is invalid symbol=ONUSDT price=0.12 qty=822.71'}
2026-07-25 18:15:27 | ERROR | trading.strategy2_live:_open_grid:657 | S2Live: failed to place limit order | {'symbol': 'ONUSDT', 'index': 1, 'price': 0.12, 'error': 'place_limit_order failed: retCode=110003 retMsg=price is invalid symbol=ONUSDT price=0.12 qty=810.42'}
2026-07-25 18:15:28 | ERROR | trading.strategy2_live:_open_grid:657 | S2Live: failed to place limit order | {'symbol': 'ONUSDT', 'index': 2, 'price': 0.12, 'error': 'place_limit_order failed: retCode=110003 retMsg=price is invalid symbol=ONUSDT price=0.12 qty=822.71'}
2026-07-25 18:15:33 | ERROR | trading.strategy2_live:_open_grid:657 | S2Live: failed to place limit order | {'symbol': 'ONUSDT', 'index': 1, 'price': 0.12, 'error': 'place_limit_order failed: retCode=110003 retMsg=price is invalid symbol=ONUSDT price=0.12 qty=810.42'}
2026-07-25 18:15:33 | ERROR | trading.strategy2_live:_open_grid:657 | S2Live: failed to place limit order | {'symbol': 'ONUSDT', 'index': 2, 'price': 0.12, 'error': 'place_limit_order failed: retCode=110003 retMsg=price is invalid symbol=ONUSDT price=0.12 qty=822.71'}
2026-07-25 18:15:38 | ERROR | trading.strategy2_live:_open_grid:657 | S2Live: failed to place limit order | {'symbol': 'ONUSDT', 'index': 1, 'price': 0.12, 'error': 'place_limit_order failed: retCode=110003 retMsg=price is invalid symbol=ONUSDT price=0.12 qty=810.42'}
2026-07-25 18:15:38 | ERROR | trading.strategy2_live:_open_grid:657 | S2Live: failed to place limit order | {'symbol': 'ONUSDT', 'index': 2, 'price': 0.12, 'error': 'place_limit_order failed: retCode=110003 retMsg=price is invalid symbol=ONUSDT price=0.12 qty=822.71'}
2026-07-25 18:15:43 | ERROR | trading.strategy2_live:_open_grid:657 | S2Live: failed to place limit order | {'symbol': 'ONUSDT', 'index': 1, 'price': 0.12, 'error': 'place_limit_order failed: retCode=110003 retMsg=price is invalid symbol=ONUSDT price=0.12 qty=810.42'}
2026-07-25 18:15:43 | ERROR | trading.strategy2_live:_open_grid:657 | S2Live: failed to place limit order | {'symbol': 'ONUSDT', 'index': 2, 'price': 0.12, 'error': 'place_limit_order failed: retCode=110003 retMsg=price is invalid symbol=ONUSDT price=0.12 qty=822.71'}
2026-07-25 18:15:48 | ERROR | trading.strategy2_live:_open_grid:657 | S2Live: failed to place limit order | {'symbol': 'ONUSDT', 'index': 1, 'price': 0.12, 'error': 'place_limit_order failed: retCode=110003 retMsg=price is invalid symbol=ONUSDT price=0.12 qty=810.42'}
2026-07-25 18:15:48 | ERROR | trading.strategy2_live:_open_grid:657 | S2Live: failed to place limit order | {'symbol': 'ONUSDT', 'index': 2, 'price': 0.12, 'error': 'place_limit_order failed: retCode=110003 retMsg=price is invalid symbol=ONUSDT price=0.12 qty=822.71'}
2026-07-25 18:15:53 | ERROR | trading.strategy2_live:_open_grid:657 | S2Live: failed to place limit order | {'symbol': 'ONUSDT', 'index': 1, 'price': 0.12, 'error': 'place_limit_order failed: retCode=110003 retMsg=price is invalid symbol=ONUSDT price=0.12 qty=810.42'}
2026-07-25 18:15:54 | ERROR | trading.strategy2_live:_open_grid:657 | S2Live: failed to place limit order | {'symbol': 'ONUSDT', 'index': 2, 'price': 0.12, 'error': 'place_limit_order failed: retCode=110003 retMsg=price is invalid symbol=ONUSDT price=0.12 qty=822.71'}
2026-07-25 18:15:58 | ERROR | trading.strategy2_live:_open_grid:657 | S2Live: failed to place limit order | {'symbol': 'ONUSDT', 'index': 1, 'price': 0.12, 'error': 'place_limit_order failed: retCode=110003 retMsg=price is invalid symbol=ONUSDT price=0.12 qty=810.42'}
2026-07-25 18:15:59 | ERROR | trading.strategy2_live:_open_grid:657 | S2Live: failed to place limit order | {'symbol': 'ONUSDT', 'index': 2, 'price': 0.12, 'error': 'place_limit_order failed: retCode=110003 retMsg=price is invalid symbol=ONUSDT price=0.12 qty=822.71'}
2026-07-25 18:16:04 | ERROR | trading.strategy2_live:_open_grid:657 | S2Live: failed to place limit order | {'symbol': 'ONUSDT', 'index': 1, 'price': 0.12, 'error': 'place_limit_order failed: retCode=110003 retMsg=price is invalid symbol=ONUSDT price=0.12 qty=810.42'}
2026-07-25 18:16:04 | ERROR | trading.strategy2_live:_open_grid:657 | S2Live: failed to place limit order | {'symbol': 'ONUSDT', 'index': 2, 'price': 0.12, 'error': 'place_limit_order failed: retCode=110003 retMsg=price is invalid symbol=ONUSDT price=0.12 qty=822.71'}
2026-07-25 18:16:09 | ERROR | trading.strategy2_live:_open_grid:657 | S2Live: failed to place limit order | {'symbol': 'ONUSDT', 'index': 1, 'price': 0.12, 'error': 'place_limit_order failed: retCode=110003 retMsg=price is invalid symbol=ONUSDT price=0.12 qty=810.42'}
2026-07-25 18:16:09 | ERROR | trading.strategy2_live:_open_grid:657 | S2Live: failed to place limit order | {'symbol': 'ONUSDT', 'index': 2, 'price': 0.12, 'error': 'place_limit_order failed: retCode=110003 retMsg=price is invalid symbol=ONUSDT price=0.12 qty=822.71'}
2026-07-25 18:16:14 | ERROR | trading.strategy2_live:_open_grid:657 | S2Live: failed to place limit order | {'symbol': 'ONUSDT', 'index': 1, 'price': 0.12, 'error': 'place_limit_order failed: retCode=110003 retMsg=price is invalid symbol=ONUSDT price=0.12 qty=810.42'}
2026-07-25 18:16:14 | ERROR | trading.strategy2_live:_open_grid:657 | S2Live: failed to place limit order | {'symbol': 'ONUSDT', 'index': 2, 'price': 0.12, 'error': 'place_limit_order failed: retCode=110003 retMsg=price is invalid symbol=ONUSDT price=0.12 qty=822.71'}
2026-07-25 18:16:19 | ERROR | trading.strategy2_live:_open_grid:657 | S2Live: failed to place limit order | {'symbol': 'ONUSDT', 'index': 1, 'price': 0.12, 'error': 'place_limit_order failed: retCode=110003 retMsg=price is invalid symbol=ONUSDT price=0.12 qty=810.42'}
2026-07-25 18:16:19 | ERROR | trading.strategy2_live:_open_grid:657 | S2Live: failed to place limit order | {'symbol': 'ONUSDT', 'index': 2, 'price': 0.12, 'error': 'place_limit_order failed: retCode=110003 retMsg=price is invalid symbol=ONUSDT price=0.12 qty=822.71'}
2026-07-25 18:16:24 | ERROR | trading.strategy2_live:_open_grid:657 | S2Live: failed to place limit order | {'symbol': 'ONUSDT', 'index': 1, 'price': 0.12, 'error': 'place_limit_order failed: retCode=110003 retMsg=price is invalid symbol=ONUSDT price=0.12 qty=810.42'}
2026-07-25 18:16:25 | ERROR | trading.strategy2_live:_open_grid:657 | S2Live: failed to place limit order | {'symbol': 'ONUSDT', 'index': 2, 'price': 0.12, 'error': 'place_limit_order failed: retCode=110003 retMsg=price is invalid symbol=ONUSDT price=0.12 qty=822.71'}
2026-07-25 18:16:30 | ERROR | trading.strategy2_live:_open_grid:657 | S2Live: failed to place limit order | {'symbol': 'ONUSDT', 'index': 1, 'price': 0.12, 'error': 'place_limit_order failed: retCode=110003 retMsg=price is invalid symbol=ONUSDT price=0.12 qty=810.42'}
2026-07-25 18:16:30 | ERROR | trading.strategy2_live:_open_grid:657 | S2Live: failed to place limit order | {'symbol': 'ONUSDT', 'index': 2, 'price': 0.12, 'error': 'place_limit_order failed: retCode=110003 retMsg=price is invalid symbol=ONUSDT price=0.12 qty=822.71'}
2026-07-25 18:16:35 | ERROR | trading.strategy2_live:_open_grid:657 | S2Live: failed to place limit order | {'symbol': 'ONUSDT', 'index': 1, 'price': 0.12, 'error': 'place_limit_order failed: retCode=110003 retMsg=price is invalid symbol=ONUSDT price=0.12 qty=810.42'}
2026-07-25 18:16:35 | ERROR | trading.strategy2_live:_open_grid:657 | S2Live: failed to place limit order | {'symbol': 'ONUSDT', 'index': 2, 'price': 0.12, 'error': 'place_limit_order failed: retCode=110003 retMsg=price is invalid symbol=ONUSDT price=0.12 qty=822.71'}
2026-07-25 18:16:40 | ERROR | trading.strategy2_live:_open_grid:657 | S2Live: failed to place limit order | {'symbol': 'ONUSDT', 'index': 1, 'price': 0.12, 'error': 'place_limit_order failed: retCode=110003 retMsg=price is invalid symbol=ONUSDT price=0.12 qty=810.42'}
2026-07-25 18:16:40 | ERROR | trading.strategy2_live:_open_grid:657 | S2Live: failed to place limit order | {'symbol': 'ONUSDT', 'index': 2, 'price': 0.12, 'error': 'place_limit_order failed: retCode=110003 retMsg=price is invalid symbol=ONUSDT price=0.12 qty=822.71'}
2026-07-25 18:16:45 | ERROR | trading.strategy2_live:_open_grid:657 | S2Live: failed to place limit order | {'symbol': 'ONUSDT', 'index': 1, 'price': 0.12, 'error': 'place_limit_order failed: retCode=110003 retMsg=price is invalid symbol=ONUSDT price=0.12 qty=810.42'}
2026-07-25 18:16:45 | ERROR | trading.strategy2_live:_open_grid:657 | S2Live: failed to place limit order | {'symbol': 'ONUSDT', 'index': 2, 'price': 0.12, 'error': 'place_limit_order failed: retCode=110003 retMsg=price is invalid symbol=ONUSDT price=0.12 qty=822.71'}
2026-07-25 18:16:50 | ERROR | trading.strategy2_live:_open_grid:657 | S2Live: failed to place limit order | {'symbol': 'ONUSDT', 'index': 1, 'price': 0.12, 'error': 'place_limit_order failed: retCode=110003 retMsg=price is invalid symbol=ONUSDT price=0.12 qty=810.42'}
2026-07-25 18:16:50 | ERROR | trading.strategy2_live:_open_grid:657 | S2Live: failed to place limit order | {'symbol': 'ONUSDT', 'index': 2, 'price': 0.12, 'error': 'place_limit_order failed: retCode=110003 retMsg=price is invalid symbol=ONUSDT price=0.12 qty=822.71'}
2026-07-25 18:16:55 | ERROR | trading.strategy2_live:_open_grid:657 | S2Live: failed to place limit order | {'symbol': 'ONUSDT', 'index': 1, 'price': 0.12, 'error': 'place_limit_order failed: retCode=110003 retMsg=price is invalid symbol=ONUSDT price=0.12 qty=810.42'}
2026-07-25 18:16:56 | ERROR | trading.strategy2_live:_open_grid:657 | S2Live: failed to place limit order | {'symbol': 'ONUSDT', 'index': 2, 'price': 0.12, 'error': 'place_limit_order failed: retCode=110003 retMsg=price is invalid symbol=ONUSDT price=0.12 qty=821.95'}
2026-07-25 18:17:01 | ERROR | trading.strategy2_live:_open_grid:657 | S2Live: failed to place limit order | {'symbol': 'ONUSDT', 'index': 1, 'price': 0.12, 'error': 'place_limit_order failed: retCode=110003 retMsg=price is invalid symbol=ONUSDT price=0.12 qty=810.42'}
2026-07-25 18:17:01 | ERROR | trading.strategy2_live:_open_grid:657 | S2Live: failed to place limit order | {'symbol': 'ONUSDT', 'index': 2, 'price': 0.12, 'error': 'place_limit_order failed: retCode=110003 retMsg=price is invalid symbol=ONUSDT price=0.12 qty=821.95'}
2026-07-25 18:17:06 | ERROR | trading.strategy2_live:_open_grid:657 | S2Live: failed to place limit order | {'symbol': 'ONUSDT', 'index': 1, 'price': 0.12, 'error': 'place_limit_order failed: retCode=110003 retMsg=price is invalid symbol=ONUSDT price=0.12 qty=810.42'}
2026-07-25 18:17:06 | ERROR | trading.strategy2_live:_open_grid:657 | S2Live: failed to place limit order | {'symbol': 'ONUSDT', 'index': 2, 'price': 0.12, 'error': 'place_limit_order failed: retCode=110003 retMsg=price is invalid symbol=ONUSDT price=0.12 qty=821.95'}
2026-07-25 18:17:11 | ERROR | trading.strategy2_live:_open_grid:657 | S2Live: failed to place limit order | {'symbol': 'ONUSDT', 'index': 1, 'price': 0.12, 'error': 'place_limit_order failed: retCode=110003 retMsg=price is invalid symbol=ONUSDT price=0.12 qty=810.42'}
2026-07-25 18:17:11 | ERROR | trading.strategy2_live:_open_grid:657 | S2Live: failed to place limit order | {'symbol': 'ONUSDT', 'index': 2, 'price': 0.12, 'error': 'place_limit_order failed: retCode=110003 retMsg=price is invalid symbol=ONUSDT price=0.12 qty=821.95'}
2026-07-25 18:17:16 | ERROR | trading.strategy2_live:_open_grid:657 | S2Live: failed to place limit order | {'symbol': 'ONUSDT', 'index': 1, 'price': 0.12, 'error': 'place_limit_order failed: retCode=110003 retMsg=price is invalid symbol=ONUSDT price=0.12 qty=810.42'}
2026-07-25 18:17:16 | ERROR | trading.strategy2_live:_open_grid:657 | S2Live: failed to place limit order | {'symbol': 'ONUSDT', 'index': 2, 'price': 0.12, 'error': 'place_limit_order failed: retCode=110003 retMsg=price is invalid symbol=ONUSDT price=0.12 qty=821.95'}
2026-07-25 18:17:21 | ERROR | trading.strategy2_live:_open_grid:657 | S2Live: failed to place limit order | {'symbol': 'ONUSDT', 'index': 1, 'price': 0.12, 'error': 'place_limit_order failed: retCode=110003 retMsg=price is invalid symbol=ONUSDT price=0.12 qty=810.42'}
2026-07-25 18:17:21 | ERROR | trading.strategy2_live:_open_grid:657 | S2Live: failed to place limit order | {'symbol': 'ONUSDT', 'index': 2, 'price': 0.12, 'error': 'place_limit_order failed: retCode=110003 retMsg=price is invalid symbol=ONUSDT price=0.12 qty=821.95'}
2026-07-25 18:17:31 | ERROR | trading.strategy2_live:_open_grid:657 | S2Live: failed to place limit order | {'symbol': 'ONUSDT', 'index': 1, 'price': 0.12, 'error': 'place_limit_order failed: retCode=110003 retMsg=price is invalid symbol=ONUSDT price=0.12 qty=810.42'}
2026-07-25 18:17:32 | ERROR | trading.strategy2_live:_open_grid:657 | S2Live: failed to place limit order | {'symbol': 'ONUSDT', 'index': 2, 'price': 0.12, 'error': 'place_limit_order failed: retCode=110003 retMsg=price is invalid symbol=ONUSDT price=0.12 qty=821.95'}
2026-07-25 18:17:32 | ERROR | trading.strategy2_live:_open_grid:657 | S2Live: failed to place limit order | {'symbol': 'ONUSDT', 'index': 1, 'price': 0.12, 'error': 'place_limit_order failed: retCode=110003 retMsg=price is invalid symbol=ONUSDT price=0.12 qty=810.42'}
2026-07-25 18:17:33 | ERROR | trading.strategy2_live:_open_grid:657 | S2Live: failed to place limit order | {'symbol': 'ONUSDT', 'index': 2, 'price': 0.12, 'error': 'place_limit_order failed: retCode=110003 retMsg=price is invalid symbol=ONUSDT price=0.12 qty=821.95'}
2026-07-25 18:17:37 | ERROR | trading.strategy2_live:_open_grid:657 | S2Live: failed to place limit order | {'symbol': 'ONUSDT', 'index': 1, 'price': 0.12, 'error': 'place_limit_order failed: retCode=110003 retMsg=price is invalid symbol=ONUSDT price=0.12 qty=810.42'}
2026-07-25 18:17:37 | ERROR | trading.strategy2_live:_open_grid:657 | S2Live: failed to place limit order | {'symbol': 'ONUSDT', 'index': 2, 'price': 0.12, 'error': 'place_limit_order failed: retCode=110003 retMsg=price is invalid symbol=ONUSDT price=0.12 qty=821.95'}
2026-07-25 18:17:42 | ERROR | trading.strategy2_live:_open_grid:657 | S2Live: failed to place limit order | {'symbol': 'ONUSDT', 'index': 1, 'price': 0.12, 'error': 'place_limit_order failed: retCode=110003 retMsg=price is invalid symbol=ONUSDT price=0.12 qty=810.42'}
2026-07-25 18:17:42 | ERROR | trading.strategy2_live:_open_grid:657 | S2Live: failed to place limit order | {'symbol': 'ONUSDT', 'index': 2, 'price': 0.12, 'error': 'place_limit_order failed: retCode=110003 retMsg=price is invalid symbol=ONUSDT price=0.12 qty=821.95'}
2026-07-25 18:17:47 | ERROR | trading.strategy2_live:_open_grid:657 | S2Live: failed to place limit order | {'symbol': 'ONUSDT', 'index': 1, 'price': 0.12, 'error': 'place_limit_order failed: retCode=110003 retMsg=price is invalid symbol=ONUSDT price=0.12 qty=810.42'}
2026-07-25 18:17:47 | ERROR | trading.strategy2_live:_open_grid:657 | S2Live: failed to place limit order | {'symbol': 'ONUSDT', 'index': 2, 'price': 0.12, 'error': 'place_limit_order failed: retCode=110003 retMsg=price is invalid symbol=ONUSDT price=0.12 qty=821.95'}
2026-07-25 18:17:52 | ERROR | trading.strategy2_live:_open_grid:657 | S2Live: failed to place limit order | {'symbol': 'ONUSDT', 'index': 1, 'price': 0.12, 'error': 'place_limit_order failed: retCode=110003 retMsg=price is invalid symbol=ONUSDT price=0.12 qty=810.42'}
2026-07-25 18:17:53 | ERROR | trading.strategy2_live:_open_grid:657 | S2Live: failed to place limit order | {'symbol': 'ONUSDT', 'index': 2, 'price': 0.12, 'error': 'place_limit_order failed: retCode=110003 retMsg=price is invalid symbol=ONUSDT price=0.12 qty=821.95'}
2026-07-25 18:17:58 | ERROR | trading.strategy2_live:_open_grid:657 | S2Live: failed to place limit order | {'symbol': 'ONUSDT', 'index': 1, 'price': 0.12, 'error': 'place_limit_order failed: retCode=110003 retMsg=price is invalid symbol=ONUSDT price=0.12 qty=810.42'}
2026-07-25 18:17:58 | ERROR | trading.strategy2_live:_open_grid:657 | S2Live: failed to place limit order | {'symbol': 'ONUSDT', 'index': 2, 'price': 0.12, 'error': 'place_limit_order failed: retCode=110003 retMsg=price is invalid symbol=ONUSDT price=0.12 qty=821.95'}
2026-07-25 18:18:03 | ERROR | trading.strategy2_live:_open_grid:657 | S2Live: failed to place limit order | {'symbol': 'ONUSDT', 'index': 1, 'price': 0.12, 'error': 'place_limit_order failed: retCode=110003 retMsg=price is invalid symbol=ONUSDT price=0.12 qty=810.42'}
2026-07-25 18:18:03 | ERROR | trading.strategy2_live:_open_grid:657 | S2Live: failed to place limit order | {'symbol': 'ONUSDT', 'index': 2, 'price': 0.12, 'error': 'place_limit_order failed: retCode=110003 retMsg=price is invalid symbol=ONUSDT price=0.12 qty=821.95'}
2026-07-25 18:18:08 | ERROR | trading.strategy2_live:_open_grid:657 | S2Live: failed to place limit order | {'symbol': 'ONUSDT', 'index': 1, 'price': 0.12, 'error': 'place_limit_order failed: retCode=110003 retMsg=price is invalid symbol=ONUSDT price=0.12 qty=810.42'}
2026-07-25 18:18:08 | ERROR | trading.strategy2_live:_open_grid:657 | S2Live: failed to place limit order | {'symbol': 'ONUSDT', 'index': 2, 'price': 0.12, 'error': 'place_limit_order failed: retCode=110003 retMsg=price is invalid symbol=ONUSDT price=0.12 qty=821.95'}
2026-07-25 18:18:13 | ERROR | trading.strategy2_live:_open_grid:657 | S2Live: failed to place limit order | {'symbol': 'ONUSDT', 'index': 1, 'price': 0.12, 'error': 'place_limit_order failed: retCode=110003 retMsg=price is invalid symbol=ONUSDT price=0.12 qty=810.42'}
2026-07-25 18:18:13 | ERROR | trading.strategy2_live:_open_grid:657 | S2Live: failed to place limit order | {'symbol': 'ONUSDT', 'index': 2, 'price': 0.12, 'error': 'place_limit_order failed: retCode=110003 retMsg=price is invalid symbol=ONUSDT price=0.12 qty=821.95'}
2026-07-25 18:18:18 | ERROR | trading.strategy2_live:_open_grid:657 | S2Live: failed to place limit order | {'symbol': 'ONUSDT', 'index': 1, 'price': 0.12, 'error': 'place_limit_order failed: retCode=110003 retMsg=price is invalid symbol=ONUSDT price=0.12 qty=810.42'}
2026-07-25 18:18:18 | ERROR | trading.strategy2_live:_open_grid:657 | S2Live: failed to place limit order | {'symbol': 'ONUSDT', 'index': 2, 'price': 0.12, 'error': 'place_limit_order failed: retCode=110003 retMsg=price is invalid symbol=ONUSDT price=0.12 qty=821.95'}
2026-07-25 18:18:23 | ERROR | trading.strategy2_live:_open_grid:657 | S2Live: failed to place limit order | {'symbol': 'ONUSDT', 'index': 1, 'price': 0.12, 'error': 'place_limit_order failed: retCode=110003 retMsg=price is invalid symbol=ONUSDT price=0.12 qty=810.42'}
2026-07-25 18:18:24 | ERROR | trading.strategy2_live:_open_grid:657 | S2Live: failed to place limit order | {'symbol': 'ONUSDT', 'index': 2, 'price': 0.12, 'error': 'place_limit_order failed: retCode=110003 retMsg=price is invalid symbol=ONUSDT price=0.12 qty=821.95'}
2026-07-25 18:18:29 | ERROR | trading.strategy2_live:_open_grid:657 | S2Live: failed to place limit order | {'symbol': 'ONUSDT', 'index': 1, 'price': 0.12, 'error': 'place_limit_order failed: retCode=110003 retMsg=price is invalid symbol=ONUSDT price=0.12 qty=810.42'}
2026-07-25 18:18:29 | ERROR | trading.strategy2_live:_open_grid:657 | S2Live: failed to place limit order | {'symbol': 'ONUSDT', 'index': 2, 'price': 0.12, 'error': 'place_limit_order failed: retCode=110003 retMsg=price is invalid symbol=ONUSDT price=0.12 qty=821.95'}
2026-07-25 18:18:34 | ERROR | trading.strategy2_live:_open_grid:657 | S2Live: failed to place limit order | {'symbol': 'ONUSDT', 'index': 1, 'price': 0.12, 'error': 'place_limit_order failed: retCode=110003 retMsg=price is invalid symbol=ONUSDT price=0.12 qty=810.42'}
2026-07-25 18:18:34 | ERROR | trading.strategy2_live:_open_grid:657 | S2Live: failed to place limit order | {'symbol': 'ONUSDT', 'index': 2, 'price': 0.12, 'error': 'place_limit_order failed: retCode=110003 retMsg=price is invalid symbol=ONUSDT price=0.12 qty=821.95'}
2026-07-25 18:18:39 | ERROR | trading.strategy2_live:_open_grid:657 | S2Live: failed to place limit order | {'symbol': 'ONUSDT', 'index': 1, 'price': 0.12, 'error': 'place_limit_order failed: retCode=110003 retMsg=price is invalid symbol=ONUSDT price=0.12 qty=810.42'}
2026-07-25 18:18:39 | ERROR | trading.strategy2_live:_open_grid:657 | S2Live: failed to place limit order | {'symbol': 'ONUSDT', 'index': 2, 'price': 0.12, 'error': 'place_limit_order failed: retCode=110003 retMsg=price is invalid symbol=ONUSDT price=0.12 qty=821.95'}
2026-07-25 18:18:44 | ERROR | trading.strategy2_live:_open_grid:657 | S2Live: failed to place limit order | {'symbol': 'ONUSDT', 'index': 1, 'price': 0.12, 'error': 'place_limit_order failed: retCode=110003 retMsg=price is invalid symbol=ONUSDT price=0.12 qty=810.42'}
2026-07-25 18:18:44 | ERROR | trading.strategy2_live:_open_grid:657 | S2Live: failed to place limit order | {'symbol': 'ONUSDT', 'index': 2, 'price': 0.12, 'error': 'place_limit_order failed: retCode=110003 retMsg=price is invalid symbol=ONUSDT price=0.12 qty=821.95'}
2026-07-25 18:18:49 | ERROR | trading.strategy2_live:_open_grid:657 | S2Live: failed to place limit order | {'symbol': 'ONUSDT', 'index': 1, 'price': 0.12, 'error': 'place_limit_order failed: retCode=110003 retMsg=price is invalid symbol=ONUSDT price=0.12 qty=810.42'}
2026-07-25 18:18:49 | ERROR | trading.strategy2_live:_open_grid:657 | S2Live: failed to place limit order | {'symbol': 'ONUSDT', 'index': 2, 'price': 0.12, 'error': 'place_limit_order failed: retCode=110003 retMsg=price is invalid symbol=ONUSDT price=0.12 qty=821.95'}
2026-07-25 18:18:54 | ERROR | trading.strategy2_live:_open_grid:657 | S2Live: failed to place limit order | {'symbol': 'ONUSDT', 'index': 1, 'price': 0.12, 'error': 'place_limit_order failed: retCode=110003 retMsg=price is invalid symbol=ONUSDT price=0.12 qty=810.42'}
2026-07-25 18:18:55 | ERROR | trading.strategy2_live:_open_grid:657 | S2Live: failed to place limit order | {'symbol': 'ONUSDT', 'index': 2, 'price': 0.12, 'error': 'place_limit_order failed: retCode=110003 retMsg=price is invalid symbol=ONUSDT price=0.12 qty=821.95'}
2026-07-25 18:19:00 | ERROR | trading.strategy2_live:_open_grid:657 | S2Live: failed to place limit order | {'symbol': 'ONUSDT', 'index': 1, 'price': 0.12, 'error': 'place_limit_order failed: retCode=110003 retMsg=price is invalid symbol=ONUSDT price=0.12 qty=810.42'}
2026-07-25 18:19:00 | ERROR | trading.strategy2_live:_open_grid:657 | S2Live: failed to place limit order | {'symbol': 'ONUSDT', 'index': 2, 'price': 0.12, 'error': 'place_limit_order failed: retCode=110003 retMsg=price is invalid symbol=ONUSDT price=0.12 qty=821.95'}
2026-07-25 18:19:05 | ERROR | trading.strategy2_live:_open_grid:657 | S2Live: failed to place limit order | {'symbol': 'ONUSDT', 'index': 1, 'price': 0.12, 'error': 'place_limit_order failed: retCode=110003 retMsg=price is invalid symbol=ONUSDT price=0.12 qty=810.42'}
2026-07-25 18:19:05 | ERROR | trading.strategy2_live:_open_grid:657 | S2Live: failed to place limit order | {'symbol': 'ONUSDT', 'index': 2, 'price': 0.12, 'error': 'place_limit_order failed: retCode=110003 retMsg=price is invalid symbol=ONUSDT price=0.12 qty=821.95'}
2026-07-25 18:19:10 | ERROR | trading.strategy2_live:_open_grid:657 | S2Live: failed to place limit order | {'symbol': 'ONUSDT', 'index': 1, 'price': 0.12, 'error': 'place_limit_order failed: retCode=110003 retMsg=price is invalid symbol=ONUSDT price=0.12 qty=810.42'}
2026-07-25 18:19:10 | ERROR | trading.strategy2_live:_open_grid:657 | S2Live: failed to place limit order | {'symbol': 'ONUSDT', 'index': 2, 'price': 0.12, 'error': 'place_limit_order failed: retCode=110003 retMsg=price is invalid symbol=ONUSDT price=0.12 qty=821.95'}
2026-07-25 18:19:15 | ERROR | trading.strategy2_live:_open_grid:657 | S2Live: failed to place limit order | {'symbol': 'ONUSDT', 'index': 1, 'price': 0.12, 'error': 'place_limit_order failed: retCode=110003 retMsg=price is invalid symbol=ONUSDT price=0.12 qty=810.42'}
2026-07-25 18:19:15 | ERROR | trading.strategy2_live:_open_grid:657 | S2Live: failed to place limit order | {'symbol': 'ONUSDT', 'index': 2, 'price': 0.12, 'error': 'place_limit_order failed: retCode=110003 retMsg=price is invalid symbol=ONUSDT price=0.12 qty=821.95'}
2026-07-25 18:19:20 | ERROR | trading.strategy2_live:_open_grid:657 | S2Live: failed to place limit order | {'symbol': 'ONUSDT', 'index': 1, 'price': 0.12, 'error': 'place_limit_order failed: retCode=110003 retMsg=price is invalid symbol=ONUSDT price=0.12 qty=810.42'}
2026-07-25 18:19:20 | ERROR | trading.strategy2_live:_open_grid:657 | S2Live: failed to place limit order | {'symbol': 'ONUSDT', 'index': 2, 'price': 0.12, 'error': 'place_limit_order failed: retCode=110003 retMsg=price is invalid symbol=ONUSDT price=0.12 qty=821.95'}
2026-07-25 18:19:26 | ERROR | trading.strategy2_live:_open_grid:657 | S2Live: failed to place limit order | {'symbol': 'ONUSDT', 'index': 1, 'price': 0.12, 'error': 'place_limit_order failed: retCode=110003 retMsg=price is invalid symbol=ONUSDT price=0.12 qty=810.42'}
2026-07-25 18:19:26 | ERROR | trading.strategy2_live:_open_grid:657 | S2Live: failed to place limit order | {'symbol': 'ONUSDT', 'index': 2, 'price': 0.12, 'error': 'place_limit_order failed: retCode=110003 retMsg=price is invalid symbol=ONUSDT price=0.12 qty=821.95'}
2026-07-25 18:19:31 | ERROR | trading.strategy2_live:_open_grid:657 | S2Live: failed to place limit order | {'symbol': 'ONUSDT', 'index': 1, 'price': 0.12, 'error': 'place_limit_order failed: retCode=110003 retMsg=price is invalid symbol=ONUSDT price=0.12 qty=810.42'}
2026-07-25 18:19:31 | ERROR | trading.strategy2_live:_open_grid:657 | S2Live: failed to place limit order | {'symbol': 'ONUSDT', 'index': 2, 'price': 0.12, 'error': 'place_limit_order failed: retCode=110003 retMsg=price is invalid symbol=ONUSDT price=0.12 qty=821.95'}
2026-07-25 18:19:36 | ERROR | trading.strategy2_live:_open_grid:657 | S2Live: failed to place limit order | {'symbol': 'ONUSDT', 'index': 1, 'price': 0.12, 'error': 'place_limit_order failed: retCode=110003 retMsg=price is invalid symbol=ONUSDT price=0.12 qty=810.42'}
2026-07-25 18:19:36 | ERROR | trading.strategy2_live:_open_grid:657 | S2Live: failed to place limit order | {'symbol': 'ONUSDT', 'index': 2, 'price': 0.12, 'error': 'place_limit_order failed: retCode=110003 retMsg=price is invalid symbol=ONUSDT price=0.12 qty=821.95'}
2026-07-25 18:19:41 | ERROR | trading.strategy2_live:_open_grid:657 | S2Live: failed to place limit order | {'symbol': 'ONUSDT', 'index': 1, 'price': 0.12, 'error': 'place_limit_order failed: retCode=110003 retMsg=price is invalid symbol=ONUSDT price=0.12 qty=810.42'}
2026-07-25 18:19:41 | ERROR | trading.strategy2_live:_open_grid:657 | S2Live: failed to place limit order | {'symbol': 'ONUSDT', 'index': 2, 'price': 0.12, 'error': 'place_limit_order failed: retCode=110003 retMsg=price is invalid symbol=ONUSDT price=0.12 qty=821.95'}
2026-07-25 18:19:46 | ERROR | trading.strategy2_live:_open_grid:657 | S2Live: failed to place limit order | {'symbol': 'ONUSDT', 'index': 1, 'price': 0.12, 'error': 'place_limit_order failed: retCode=110003 retMsg=price is invalid symbol=ONUSDT price=0.12 qty=810.42'}
2026-07-25 18:19:46 | ERROR | trading.strategy2_live:_open_grid:657 | S2Live: failed to place limit order | {'symbol': 'ONUSDT', 'index': 2, 'price': 0.12, 'error': 'place_limit_order failed: retCode=110003 retMsg=price is invalid symbol=ONUSDT price=0.12 qty=821.95'}
2026-07-25 18:19:51 | ERROR | trading.strategy2_live:_open_grid:657 | S2Live: failed to place limit order | {'symbol': 'ONUSDT', 'index': 1, 'price': 0.12, 'error': 'place_limit_order failed: retCode=110003 retMsg=price is invalid symbol=ONUSDT price=0.12 qty=810.42'}
2026-07-25 18:19:52 | ERROR | trading.strategy2_live:_open_grid:657 | S2Live: failed to place limit order | {'symbol': 'ONUSDT', 'index': 2, 'price': 0.12, 'error': 'place_limit_order failed: retCode=110003 retMsg=price is invalid symbol=ONUSDT price=0.12 qty=821.95'}
2026-07-25 18:19:57 | ERROR | trading.strategy2_live:_open_grid:657 | S2Live: failed to place limit order | {'symbol': 'ONUSDT', 'index': 1, 'price': 0.12, 'error': 'place_limit_order failed: retCode=110003 retMsg=price is invalid symbol=ONUSDT price=0.12 qty=810.42'}
2026-07-25 18:19:57 | ERROR | trading.strategy2_live:_open_grid:657 | S2Live: failed to place limit order | {'symbol': 'ONUSDT', 'index': 2, 'price': 0.12, 'error': 'place_limit_order failed: retCode=110003 retMsg=price is invalid symbol=ONUSDT price=0.12 qty=821.95'}
2026-07-25 18:20:02 | ERROR | trading.strategy2_live:_open_grid:657 | S2Live: failed to place limit order | {'symbol': 'ONUSDT', 'index': 1, 'price': 0.12, 'error': 'place_limit_order failed: retCode=110003 retMsg=price is invalid symbol=ONUSDT price=0.12 qty=810.42'}
2026-07-25 18:20:02 | ERROR | trading.strategy2_live:_open_grid:657 | S2Live: failed to place limit order | {'symbol': 'ONUSDT', 'index': 2, 'price': 0.12, 'error': 'place_limit_order failed: retCode=110003 retMsg=price is invalid symbol=ONUSDT price=0.12 qty=821.95'}
2026-07-25 18:20:07 | ERROR | trading.strategy2_live:_open_grid:657 | S2Live: failed to place limit order | {'symbol': 'ONUSDT', 'index': 1, 'price': 0.12, 'error': 'place_limit_order failed: retCode=110003 retMsg=price is invalid symbol=ONUSDT price=0.12 qty=810.42'}
2026-07-25 18:20:07 | ERROR | trading.strategy2_live:_open_grid:657 | S2Live: failed to place limit order | {'symbol': 'ONUSDT', 'index': 2, 'price': 0.12, 'error': 'place_limit_order failed: retCode=110003 retMsg=price is invalid symbol=ONUSDT price=0.12 qty=821.95'}
2026-07-25 18:20:12 | ERROR | trading.strategy2_live:_open_grid:657 | S2Live: failed to place limit order | {'symbol': 'ONUSDT', 'index': 1, 'price': 0.12, 'error': 'place_limit_order failed: retCode=110003 retMsg=price is invalid symbol=ONUSDT price=0.12 qty=810.42'}
2026-07-25 18:20:12 | ERROR | trading.strategy2_live:_open_grid:657 | S2Live: failed to place limit order | {'symbol': 'ONUSDT', 'index': 2, 'price': 0.12, 'error': 'place_limit_order failed: retCode=110003 retMsg=price is invalid symbol=ONUSDT price=0.12 qty=821.95'}
2026-07-25 18:20:17 | ERROR | trading.strategy2_live:_open_grid:657 | S2Live: failed to place limit order | {'symbol': 'ONUSDT', 'index': 1, 'price': 0.12, 'error': 'place_limit_order failed: retCode=110003 retMsg=price is invalid symbol=ONUSDT price=0.12 qty=810.42'}
2026-07-25 18:20:17 | ERROR | trading.strategy2_live:_open_grid:657 | S2Live: failed to place limit order | {'symbol': 'ONUSDT', 'index': 2, 'price': 0.12, 'error': 'place_limit_order failed: retCode=110003 retMsg=price is invalid symbol=ONUSDT price=0.12 qty=821.95'}
2026-07-25 18:20:22 | ERROR | trading.strategy2_live:_open_grid:657 | S2Live: failed to place limit order | {'symbol': 'ONUSDT', 'index': 1, 'price': 0.12, 'error': 'place_limit_order failed: retCode=110003 retMsg=price is invalid symbol=ONUSDT price=0.12 qty=810.42'}
2026-07-25 18:20:23 | ERROR | trading.strategy2_live:_open_grid:657 | S2Live: failed to place limit order | {'symbol': 'ONUSDT', 'index': 2, 'price': 0.12, 'error': 'place_limit_order failed: retCode=110003 retMsg=price is invalid symbol=ONUSDT price=0.12 qty=821.95'}
2026-07-25 18:20:28 | ERROR | trading.strategy2_live:_open_grid:657 | S2Live: failed to place limit order | {'symbol': 'ONUSDT', 'index': 1, 'price': 0.12, 'error': 'place_limit_order failed: retCode=110003 retMsg=price is invalid symbol=ONUSDT price=0.12 qty=810.42'}
2026-07-25 18:20:28 | ERROR | trading.strategy2_live:_open_grid:657 | S2Live: failed to place limit order | {'symbol': 'ONUSDT', 'index': 2, 'price': 0.12, 'error': 'place_limit_order failed: retCode=110003 retMsg=price is invalid symbol=ONUSDT price=0.12 qty=821.95'}
2026-07-25 18:20:33 | ERROR | trading.strategy2_live:_open_grid:657 | S2Live: failed to place limit order | {'symbol': 'ONUSDT', 'index': 1, 'price': 0.12, 'error': 'place_limit_order failed: retCode=110003 retMsg=price is invalid symbol=ONUSDT price=0.12 qty=810.42'}
2026-07-25 18:20:33 | ERROR | trading.strategy2_live:_open_grid:657 | S2Live: failed to place limit order | {'symbol': 'ONUSDT', 'index': 2, 'price': 0.12, 'error': 'place_limit_order failed: retCode=110003 retMsg=price is invalid symbol=ONUSDT price=0.12 qty=821.95'}
2026-07-25 18:20:38 | ERROR | trading.strategy2_live:_open_grid:657 | S2Live: failed to place limit order | {'symbol': 'ONUSDT', 'index': 1, 'price': 0.12, 'error': 'place_limit_order failed: retCode=110003 retMsg=price is invalid symbol=ONUSDT price=0.12 qty=810.42'}
2026-07-25 18:20:38 | ERROR | trading.strategy2_live:_open_grid:657 | S2Live: failed to place limit order | {'symbol': 'ONUSDT', 'index': 2, 'price': 0.12, 'error': 'place_limit_order failed: retCode=110003 retMsg=price is invalid symbol=ONUSDT price=0.12 qty=821.95'}
2026-07-25 18:20:43 | ERROR | trading.strategy2_live:_open_grid:657 | S2Live: failed to place limit order | {'symbol': 'ONUSDT', 'index': 1, 'price': 0.12, 'error': 'place_limit_order failed: retCode=110003 retMsg=price is invalid symbol=ONUSDT price=0.12 qty=810.42'}
2026-07-25 18:20:43 | ERROR | trading.strategy2_live:_open_grid:657 | S2Live: failed to place limit order | {'symbol': 'ONUSDT', 'index': 2, 'price': 0.12, 'error': 'place_limit_order failed: retCode=110003 retMsg=price is invalid symbol=ONUSDT price=0.12 qty=821.95'}
2026-07-25 18:20:48 | ERROR | trading.strategy2_live:_open_grid:657 | S2Live: failed to place limit order | {'symbol': 'ONUSDT', 'index': 1, 'price': 0.12, 'error': 'place_limit_order failed: retCode=110003 retMsg=price is invalid symbol=ONUSDT price=0.12 qty=810.42'}
2026-07-25 18:20:49 | ERROR | trading.strategy2_live:_open_grid:657 | S2Live: failed to place limit order | {'symbol': 'ONUSDT', 'index': 2, 'price': 0.12, 'error': 'place_limit_order failed: retCode=110003 retMsg=price is invalid symbol=ONUSDT price=0.12 qty=821.95'}
2026-07-25 18:20:53 | ERROR | trading.strategy2_live:_open_grid:657 | S2Live: failed to place limit order | {'symbol': 'ONUSDT', 'index': 1, 'price': 0.12, 'error': 'place_limit_order failed: retCode=110003 retMsg=price is invalid symbol=ONUSDT price=0.12 qty=810.42'}
2026-07-25 18:20:54 | ERROR | trading.strategy2_live:_open_grid:657 | S2Live: failed to place limit order | {'symbol': 'ONUSDT', 'index': 2, 'price': 0.12, 'error': 'place_limit_order failed: retCode=110003 retMsg=price is invalid symbol=ONUSDT price=0.12 qty=821.95'}
2026-07-25 18:20:59 | ERROR | trading.strategy2_live:_open_grid:657 | S2Live: failed to place limit order | {'symbol': 'ONUSDT', 'index': 1, 'price': 0.12, 'error': 'place_limit_order failed: retCode=110003 retMsg=price is invalid symbol=ONUSDT price=0.12 qty=810.42'}
2026-07-25 18:20:59 | ERROR | trading.strategy2_live:_open_grid:657 | S2Live: failed to place limit order | {'symbol': 'ONUSDT', 'index': 2, 'price': 0.12, 'error': 'place_limit_order failed: retCode=110003 retMsg=price is invalid symbol=ONUSDT price=0.12 qty=821.95'}
2026-07-25 18:21:04 | ERROR | trading.strategy2_live:_open_grid:657 | S2Live: failed to place limit order | {'symbol': 'ONUSDT', 'index': 1, 'price': 0.12, 'error': 'place_limit_order failed: retCode=110003 retMsg=price is invalid symbol=ONUSDT price=0.12 qty=810.42'}
2026-07-25 18:21:04 | ERROR | trading.strategy2_live:_open_grid:657 | S2Live: failed to place limit order | {'symbol': 'ONUSDT', 'index': 2, 'price': 0.12, 'error': 'place_limit_order failed: retCode=110003 retMsg=price is invalid symbol=ONUSDT price=0.12 qty=821.95'}
2026-07-25 18:21:09 | ERROR | trading.strategy2_live:_open_grid:657 | S2Live: failed to place limit order | {'symbol': 'ONUSDT', 'index': 1, 'price': 0.12, 'error': 'place_limit_order failed: retCode=110003 retMsg=price is invalid symbol=ONUSDT price=0.12 qty=810.42'}
2026-07-25 18:21:09 | ERROR | trading.strategy2_live:_open_grid:657 | S2Live: failed to place limit order | {'symbol': 'ONUSDT', 'index': 2, 'price': 0.12, 'error': 'place_limit_order failed: retCode=110003 retMsg=price is invalid symbol=ONUSDT price=0.12 qty=821.95'}
2026-07-25 18:21:14 | ERROR | trading.strategy2_live:_open_grid:657 | S2Live: failed to place limit order | {'symbol': 'ONUSDT', 'index': 1, 'price': 0.12, 'error': 'place_limit_order failed: retCode=110003 retMsg=price is invalid symbol=ONUSDT price=0.12 qty=810.42'}
2026-07-25 18:21:14 | ERROR | trading.strategy2_live:_open_grid:657 | S2Live: failed to place limit order | {'symbol': 'ONUSDT', 'index': 2, 'price': 0.12, 'error': 'place_limit_order failed: retCode=110003 retMsg=price is invalid symbol=ONUSDT price=0.12 qty=821.95'}
2026-07-25 18:21:19 | ERROR | trading.strategy2_live:_open_grid:657 | S2Live: failed to place limit order | {'symbol': 'ONUSDT', 'index': 1, 'price': 0.12, 'error': 'place_limit_order failed: retCode=110003 retMsg=price is invalid symbol=ONUSDT price=0.12 qty=810.42'}
2026-07-25 18:21:20 | ERROR | trading.strategy2_live:_open_grid:657 | S2Live: failed to place limit order | {'symbol': 'ONUSDT', 'index': 2, 'price': 0.12, 'error': 'place_limit_order failed: retCode=110003 retMsg=price is invalid symbol=ONUSDT price=0.12 qty=821.95'}
2026-07-25 18:21:25 | ERROR | trading.strategy2_live:_open_grid:657 | S2Live: failed to place limit order | {'symbol': 'ONUSDT', 'index': 1, 'price': 0.12, 'error': 'place_limit_order failed: retCode=110003 retMsg=price is invalid symbol=ONUSDT price=0.12 qty=810.42'}
2026-07-25 18:21:25 | ERROR | trading.strategy2_live:_open_grid:657 | S2Live: failed to place limit order | {'symbol': 'ONUSDT', 'index': 2, 'price': 0.12, 'error': 'place_limit_order failed: retCode=110003 retMsg=price is invalid symbol=ONUSDT price=0.12 qty=821.95'}
2026-07-25 18:21:30 | ERROR | trading.strategy2_live:_open_grid:657 | S2Live: failed to place limit order | {'symbol': 'ONUSDT', 'index': 1, 'price': 0.12, 'error': 'place_limit_order failed: retCode=110003 retMsg=price is invalid symbol=ONUSDT price=0.12 qty=810.42'}
2026-07-25 18:21:30 | ERROR | trading.strategy2_live:_open_grid:657 | S2Live: failed to place limit order | {'symbol': 'ONUSDT', 'index': 2, 'price': 0.12, 'error': 'place_limit_order failed: retCode=110003 retMsg=price is invalid symbol=ONUSDT price=0.12 qty=821.95'}
2026-07-25 18:21:35 | ERROR | trading.strategy2_live:_open_grid:657 | S2Live: failed to place limit order | {'symbol': 'ONUSDT', 'index': 1, 'price': 0.12, 'error': 'place_limit_order failed: retCode=110003 retMsg=price is invalid symbol=ONUSDT price=0.12 qty=810.42'}
2026-07-25 18:21:35 | ERROR | trading.strategy2_live:_open_grid:657 | S2Live: failed to place limit order | {'symbol': 'ONUSDT', 'index': 2, 'price': 0.12, 'error': 'place_limit_order failed: retCode=110003 retMsg=price is invalid symbol=ONUSDT price=0.12 qty=821.95'}
2026-07-25 18:21:40 | ERROR | trading.strategy2_live:_open_grid:657 | S2Live: failed to place limit order | {'symbol': 'ONUSDT', 'index': 1, 'price': 0.12, 'error': 'place_limit_order failed: retCode=110003 retMsg=price is invalid symbol=ONUSDT price=0.12 qty=810.42'}
2026-07-25 18:21:40 | ERROR | trading.strategy2_live:_open_grid:657 | S2Live: failed to place limit order | {'symbol': 'ONUSDT', 'index': 2, 'price': 0.12, 'error': 'place_limit_order failed: retCode=110003 retMsg=price is invalid symbol=ONUSDT price=0.12 qty=821.95'}
2026-07-25 18:21:45 | ERROR | trading.strategy2_live:_open_grid:657 | S2Live: failed to place limit order | {'symbol': 'ONUSDT', 'index': 1, 'price': 0.12, 'error': 'place_limit_order failed: retCode=110003 retMsg=price is invalid symbol=ONUSDT price=0.12 qty=810.42'}
2026-07-25 18:21:45 | ERROR | trading.strategy2_live:_open_grid:657 | S2Live: failed to place limit order | {'symbol': 'ONUSDT', 'index': 2, 'price': 0.12, 'error': 'place_limit_order failed: retCode=110003 retMsg=price is invalid symbol=ONUSDT price=0.12 qty=821.95'}
2026-07-25 18:21:50 | ERROR | trading.strategy2_live:_open_grid:657 | S2Live: failed to place limit order | {'symbol': 'ONUSDT', 'index': 1, 'price': 0.12, 'error': 'place_limit_order failed: retCode=110003 retMsg=price is invalid symbol=ONUSDT price=0.12 qty=810.42'}
2026-07-25 18:21:51 | ERROR | trading.strategy2_live:_open_grid:657 | S2Live: failed to place limit order | {'symbol': 'ONUSDT', 'index': 2, 'price': 0.12, 'error': 'place_limit_order failed: retCode=110003 retMsg=price is invalid symbol=ONUSDT price=0.12 qty=821.95'}
2026-07-25 18:21:56 | ERROR | trading.strategy2_live:_open_grid:657 | S2Live: failed to place limit order | {'symbol': 'ONUSDT', 'index': 1, 'price': 0.12, 'error': 'place_limit_order failed: retCode=110003 retMsg=price is invalid symbol=ONUSDT price=0.12 qty=810.42'}
2026-07-25 18:21:56 | ERROR | trading.strategy2_live:_open_grid:657 | S2Live: failed to place limit order | {'symbol': 'ONUSDT', 'index': 2, 'price': 0.12, 'error': 'place_limit_order failed: retCode=110003 retMsg=price is invalid symbol=ONUSDT price=0.12 qty=821.95'}
2026-07-25 18:22:01 | ERROR | trading.strategy2_live:_open_grid:657 | S2Live: failed to place limit order | {'symbol': 'ONUSDT', 'index': 1, 'price': 0.12, 'error': 'place_limit_order failed: retCode=110003 retMsg=price is invalid symbol=ONUSDT price=0.12 qty=810.42'}
2026-07-25 18:22:01 | ERROR | trading.strategy2_live:_open_grid:657 | S2Live: failed to place limit order | {'symbol': 'ONUSDT', 'index': 2, 'price': 0.12, 'error': 'place_limit_order failed: retCode=110003 retMsg=price is invalid symbol=ONUSDT price=0.12 qty=821.95'}
2026-07-25 18:22:06 | ERROR | trading.strategy2_live:_open_grid:657 | S2Live: failed to place limit order | {'symbol': 'ONUSDT', 'index': 1, 'price': 0.12, 'error': 'place_limit_order failed: retCode=110003 retMsg=price is invalid symbol=ONUSDT price=0.12 qty=810.42'}
2026-07-25 18:22:06 | ERROR | trading.strategy2_live:_open_grid:657 | S2Live: failed to place limit order | {'symbol': 'ONUSDT', 'index': 2, 'price': 0.12, 'error': 'place_limit_order failed: retCode=110003 retMsg=price is invalid symbol=ONUSDT price=0.12 qty=821.99'}
2026-07-25 18:22:11 | ERROR | trading.strategy2_live:_open_grid:657 | S2Live: failed to place limit order | {'symbol': 'ONUSDT', 'index': 1, 'price': 0.12, 'error': 'place_limit_order failed: retCode=110003 retMsg=price is invalid symbol=ONUSDT price=0.12 qty=810.42'}
2026-07-25 18:22:11 | ERROR | trading.strategy2_live:_open_grid:657 | S2Live: failed to place limit order | {'symbol': 'ONUSDT', 'index': 2, 'price': 0.12, 'error': 'place_limit_order failed: retCode=110003 retMsg=price is invalid symbol=ONUSDT price=0.12 qty=821.99'}
2026-07-25 18:22:16 | ERROR | trading.strategy2_live:_open_grid:657 | S2Live: failed to place limit order | {'symbol': 'ONUSDT', 'index': 1, 'price': 0.12, 'error': 'place_limit_order failed: retCode=110003 retMsg=price is invalid symbol=ONUSDT price=0.12 qty=810.42'}
2026-07-25 18:22:17 | ERROR | trading.strategy2_live:_open_grid:657 | S2Live: failed to place limit order | {'symbol': 'ONUSDT', 'index': 2, 'price': 0.12, 'error': 'place_limit_order failed: retCode=110003 retMsg=price is invalid symbol=ONUSDT price=0.12 qty=821.99'}
2026-07-25 18:22:21 | ERROR | trading.strategy2_live:_open_grid:657 | S2Live: failed to place limit order | {'symbol': 'ONUSDT', 'index': 1, 'price': 0.12, 'error': 'place_limit_order failed: retCode=110003 retMsg=price is invalid symbol=ONUSDT price=0.12 qty=810.42'}
2026-07-25 18:22:22 | ERROR | trading.strategy2_live:_open_grid:657 | S2Live: failed to place limit order | {'symbol': 'ONUSDT', 'index': 2, 'price': 0.12, 'error': 'place_limit_order failed: retCode=110003 retMsg=price is invalid symbol=ONUSDT price=0.12 qty=821.99'}
2026-07-25 18:22:27 | ERROR | trading.strategy2_live:_open_grid:657 | S2Live: failed to place limit order | {'symbol': 'ONUSDT', 'index': 1, 'price': 0.12, 'error': 'place_limit_order failed: retCode=110003 retMsg=price is invalid symbol=ONUSDT price=0.12 qty=810.42'}
2026-07-25 18:22:27 | ERROR | trading.strategy2_live:_open_grid:657 | S2Live: failed to place limit order | {'symbol': 'ONUSDT', 'index': 2, 'price': 0.12, 'error': 'place_limit_order failed: retCode=110003 retMsg=price is invalid symbol=ONUSDT price=0.12 qty=821.99'}
2026-07-25 18:22:32 | ERROR | trading.strategy2_live:_open_grid:657 | S2Live: failed to place limit order | {'symbol': 'ONUSDT', 'index': 1, 'price': 0.12, 'error': 'place_limit_order failed: retCode=110003 retMsg=price is invalid symbol=ONUSDT price=0.12 qty=810.42'}
2026-07-25 18:22:32 | ERROR | trading.strategy2_live:_open_grid:657 | S2Live: failed to place limit order | {'symbol': 'ONUSDT', 'index': 2, 'price': 0.12, 'error': 'place_limit_order failed: retCode=110003 retMsg=price is invalid symbol=ONUSDT price=0.12 qty=821.99'}
2026-07-25 18:22:37 | ERROR | trading.strategy2_live:_open_grid:657 | S2Live: failed to place limit order | {'symbol': 'ONUSDT', 'index': 1, 'price': 0.12, 'error': 'place_limit_order failed: retCode=110003 retMsg=price is invalid symbol=ONUSDT price=0.12 qty=810.42'}
2026-07-25 18:22:37 | ERROR | trading.strategy2_live:_open_grid:657 | S2Live: failed to place limit order | {'symbol': 'ONUSDT', 'index': 2, 'price': 0.12, 'error': 'place_limit_order failed: retCode=110003 retMsg=price is invalid symbol=ONUSDT price=0.12 qty=821.99'}
2026-07-25 18:22:42 | ERROR | trading.strategy2_live:_open_grid:657 | S2Live: failed to place limit order | {'symbol': 'ONUSDT', 'index': 1, 'price': 0.12, 'error': 'place_limit_order failed: retCode=110003 retMsg=price is invalid symbol=ONUSDT price=0.12 qty=810.42'}
2026-07-25 18:22:42 | ERROR | trading.strategy2_live:_open_grid:657 | S2Live: failed to place limit order | {'symbol': 'ONUSDT', 'index': 2, 'price': 0.12, 'error': 'place_limit_order failed: retCode=110003 retMsg=price is invalid symbol=ONUSDT price=0.12 qty=821.99'}
2026-07-25 18:22:47 | ERROR | trading.strategy2_live:_open_grid:657 | S2Live: failed to place limit order | {'symbol': 'ONUSDT', 'index': 1, 'price': 0.12, 'error': 'place_limit_order failed: retCode=110003 retMsg=price is invalid symbol=ONUSDT price=0.12 qty=810.42'}
2026-07-25 18:22:48 | ERROR | trading.strategy2_live:_open_grid:657 | S2Live: failed to place limit order | {'symbol': 'ONUSDT', 'index': 2, 'price': 0.12, 'error': 'place_limit_order failed: retCode=110003 retMsg=price is invalid symbol=ONUSDT price=0.12 qty=821.99'}
2026-07-25 18:22:53 | ERROR | trading.strategy2_live:_open_grid:657 | S2Live: failed to place limit order | {'symbol': 'ONUSDT', 'index': 1, 'price': 0.12, 'error': 'place_limit_order failed: retCode=110003 retMsg=price is invalid symbol=ONUSDT price=0.12 qty=810.42'}
2026-07-25 18:22:53 | ERROR | trading.strategy2_live:_open_grid:657 | S2Live: failed to place limit order | {'symbol': 'ONUSDT', 'index': 2, 'price': 0.12, 'error': 'place_limit_order failed: retCode=110003 retMsg=price is invalid symbol=ONUSDT price=0.12 qty=821.99'}
2026-07-25 18:22:58 | ERROR | trading.strategy2_live:_open_grid:657 | S2Live: failed to place limit order | {'symbol': 'ONUSDT', 'index': 1, 'price': 0.12, 'error': 'place_limit_order failed: retCode=110003 retMsg=price is invalid symbol=ONUSDT price=0.12 qty=810.42'}
2026-07-25 18:22:58 | ERROR | trading.strategy2_live:_open_grid:657 | S2Live: failed to place limit order | {'symbol': 'ONUSDT', 'index': 2, 'price': 0.12, 'error': 'place_limit_order failed: retCode=110003 retMsg=price is invalid symbol=ONUSDT price=0.12 qty=821.99'}
2026-07-25 18:23:03 | ERROR | trading.strategy2_live:_open_grid:657 | S2Live: failed to place limit order | {'symbol': 'ONUSDT', 'index': 1, 'price': 0.12, 'error': 'place_limit_order failed: retCode=110003 retMsg=price is invalid symbol=ONUSDT price=0.12 qty=810.42'}
2026-07-25 18:23:03 | ERROR | trading.strategy2_live:_open_grid:657 | S2Live: failed to place limit order | {'symbol': 'ONUSDT', 'index': 2, 'price': 0.12, 'error': 'place_limit_order failed: retCode=110003 retMsg=price is invalid symbol=ONUSDT price=0.12 qty=821.99'}
2026-07-25 18:23:08 | ERROR | trading.strategy2_live:_open_grid:657 | S2Live: failed to place limit order | {'symbol': 'ONUSDT', 'index': 1, 'price': 0.12, 'error': 'place_limit_order failed: retCode=110003 retMsg=price is invalid symbol=ONUSDT price=0.12 qty=810.42'}
2026-07-25 18:23:08 | ERROR | trading.strategy2_live:_open_grid:657 | S2Live: failed to place limit order | {'symbol': 'ONUSDT', 'index': 2, 'price': 0.12, 'error': 'place_limit_order failed: retCode=110003 retMsg=price is invalid symbol=ONUSDT price=0.12 qty=821.99'}
2026-07-25 18:23:13 | ERROR | trading.strategy2_live:_open_grid:657 | S2Live: failed to place limit order | {'symbol': 'ONUSDT', 'index': 1, 'price': 0.12, 'error': 'place_limit_order failed: retCode=110003 retMsg=price is invalid symbol=ONUSDT price=0.12 qty=810.42'}
2026-07-25 18:23:14 | ERROR | trading.strategy2_live:_open_grid:657 | S2Live: failed to place limit order | {'symbol': 'ONUSDT', 'index': 2, 'price': 0.12, 'error': 'place_limit_order failed: retCode=110003 retMsg=price is invalid symbol=ONUSDT price=0.12 qty=821.99'}
2026-07-25 18:23:19 | ERROR | trading.strategy2_live:_open_grid:657 | S2Live: failed to place limit order | {'symbol': 'ONUSDT', 'index': 1, 'price': 0.12, 'error': 'place_limit_order failed: retCode=110003 retMsg=price is invalid symbol=ONUSDT price=0.12 qty=810.42'}
2026-07-25 18:23:19 | ERROR | trading.strategy2_live:_open_grid:657 | S2Live: failed to place limit order | {'symbol': 'ONUSDT', 'index': 2, 'price': 0.12, 'error': 'place_limit_order failed: retCode=110003 retMsg=price is invalid symbol=ONUSDT price=0.12 qty=821.99'}
2026-07-25 18:23:24 | ERROR | trading.strategy2_live:_open_grid:657 | S2Live: failed to place limit order | {'symbol': 'ONUSDT', 'index': 1, 'price': 0.12, 'error': 'place_limit_order failed: retCode=110003 retMsg=price is invalid symbol=ONUSDT price=0.12 qty=810.42'}
2026-07-25 18:23:24 | ERROR | trading.strategy2_live:_open_grid:657 | S2Live: failed to place limit order | {'symbol': 'ONUSDT', 'index': 2, 'price': 0.12, 'error': 'place_limit_order failed: retCode=110003 retMsg=price is invalid symbol=ONUSDT price=0.12 qty=821.99'}
2026-07-25 18:23:29 | ERROR | trading.strategy2_live:_open_grid:657 | S2Live: failed to place limit order | {'symbol': 'ONUSDT', 'index': 1, 'price': 0.12, 'error': 'place_limit_order failed: retCode=110003 retMsg=price is invalid symbol=ONUSDT price=0.12 qty=810.42'}
2026-07-25 18:23:29 | ERROR | trading.strategy2_live:_open_grid:657 | S2Live: failed to place limit order | {'symbol': 'ONUSDT', 'index': 2, 'price': 0.12, 'error': 'place_limit_order failed: retCode=110003 retMsg=price is invalid symbol=ONUSDT price=0.12 qty=821.99'}
2026-07-25 18:23:34 | ERROR | trading.strategy2_live:_open_grid:657 | S2Live: failed to place limit order | {'symbol': 'ONUSDT', 'index': 1, 'price': 0.12, 'error': 'place_limit_order failed: retCode=110003 retMsg=price is invalid symbol=ONUSDT price=0.12 qty=810.42'}
2026-07-25 18:23:34 | ERROR | trading.strategy2_live:_open_grid:657 | S2Live: failed to place limit order | {'symbol': 'ONUSDT', 'index': 2, 'price': 0.12, 'error': 'place_limit_order failed: retCode=110003 retMsg=price is invalid symbol=ONUSDT price=0.12 qty=821.99'}
2026-07-25 18:23:39 | ERROR | trading.strategy2_live:_open_grid:657 | S2Live: failed to place limit order | {'symbol': 'ONUSDT', 'index': 1, 'price': 0.12, 'error': 'place_limit_order failed: retCode=110003 retMsg=price is invalid symbol=ONUSDT price=0.12 qty=810.42'}
2026-07-25 18:23:39 | ERROR | trading.strategy2_live:_open_grid:657 | S2Live: failed to place limit order | {'symbol': 'ONUSDT', 'index': 2, 'price': 0.12, 'error': 'place_limit_order failed: retCode=110003 retMsg=price is invalid symbol=ONUSDT price=0.12 qty=821.99'}
2026-07-25 18:23:44 | ERROR | trading.strategy2_live:_open_grid:657 | S2Live: failed to place limit order | {'symbol': 'ONUSDT', 'index': 1, 'price': 0.12, 'error': 'place_limit_order failed: retCode=110003 retMsg=price is invalid symbol=ONUSDT price=0.12 qty=810.42'}
2026-07-25 18:23:45 | ERROR | trading.strategy2_live:_open_grid:657 | S2Live: failed to place limit order | {'symbol': 'ONUSDT', 'index': 2, 'price': 0.12, 'error': 'place_limit_order failed: retCode=110003 retMsg=price is invalid symbol=ONUSDT price=0.12 qty=821.99'}
2026-07-25 18:23:50 | ERROR | trading.strategy2_live:_open_grid:657 | S2Live: failed to place limit order | {'symbol': 'ONUSDT', 'index': 1, 'price': 0.12, 'error': 'place_limit_order failed: retCode=110003 retMsg=price is invalid symbol=ONUSDT price=0.12 qty=810.42'}
2026-07-25 18:23:50 | ERROR | trading.strategy2_live:_open_grid:657 | S2Live: failed to place limit order | {'symbol': 'ONUSDT', 'index': 2, 'price': 0.12, 'error': 'place_limit_order failed: retCode=110003 retMsg=price is invalid symbol=ONUSDT price=0.12 qty=821.99'}
2026-07-25 18:23:55 | ERROR | trading.strategy2_live:_open_grid:657 | S2Live: failed to place limit order | {'symbol': 'ONUSDT', 'index': 1, 'price': 0.12, 'error': 'place_limit_order failed: retCode=110003 retMsg=price is invalid symbol=ONUSDT price=0.12 qty=810.42'}
2026-07-25 18:23:55 | ERROR | trading.strategy2_live:_open_grid:657 | S2Live: failed to place limit order | {'symbol': 'ONUSDT', 'index': 2, 'price': 0.12, 'error': 'place_limit_order failed: retCode=110003 retMsg=price is invalid symbol=ONUSDT price=0.12 qty=821.99'}
2026-07-25 18:24:00 | ERROR | trading.strategy2_live:_open_grid:657 | S2Live: failed to place limit order | {'symbol': 'ONUSDT', 'index': 1, 'price': 0.12, 'error': 'place_limit_order failed: retCode=110003 retMsg=price is invalid symbol=ONUSDT price=0.12 qty=810.42'}
2026-07-25 18:24:00 | ERROR | trading.strategy2_live:_open_grid:657 | S2Live: failed to place limit order | {'symbol': 'ONUSDT', 'index': 2, 'price': 0.12, 'error': 'place_limit_order failed: retCode=110003 retMsg=price is invalid symbol=ONUSDT price=0.12 qty=821.99'}
2026-07-25 18:24:05 | ERROR | trading.strategy2_live:_open_grid:657 | S2Live: failed to place limit order | {'symbol': 'ONUSDT', 'index': 1, 'price': 0.12, 'error': 'place_limit_order failed: retCode=110003 retMsg=price is invalid symbol=ONUSDT price=0.12 qty=810.42'}
2026-07-25 18:24:05 | ERROR | trading.strategy2_live:_open_grid:657 | S2Live: failed to place limit order | {'symbol': 'ONUSDT', 'index': 2, 'price': 0.12, 'error': 'place_limit_order failed: retCode=110003 retMsg=price is invalid symbol=ONUSDT price=0.12 qty=821.99'}
2026-07-25 18:24:10 | ERROR | trading.strategy2_live:_open_grid:657 | S2Live: failed to place limit order | {'symbol': 'ONUSDT', 'index': 1, 'price': 0.12, 'error': 'place_limit_order failed: retCode=110003 retMsg=price is invalid symbol=ONUSDT price=0.12 qty=810.42'}
2026-07-25 18:24:11 | ERROR | trading.strategy2_live:_open_grid:657 | S2Live: failed to place limit order | {'symbol': 'ONUSDT', 'index': 2, 'price': 0.12, 'error': 'place_limit_order failed: retCode=110003 retMsg=price is invalid symbol=ONUSDT price=0.12 qty=821.99'}
2026-07-25 18:24:16 | ERROR | trading.strategy2_live:_open_grid:657 | S2Live: failed to place limit order | {'symbol': 'ONUSDT', 'index': 1, 'price': 0.12, 'error': 'place_limit_order failed: retCode=110003 retMsg=price is invalid symbol=ONUSDT price=0.12 qty=810.42'}
2026-07-25 18:24:16 | ERROR | trading.strategy2_live:_open_grid:657 | S2Live: failed to place limit order | {'symbol': 'ONUSDT', 'index': 2, 'price': 0.12, 'error': 'place_limit_order failed: retCode=110003 retMsg=price is invalid symbol=ONUSDT price=0.12 qty=821.99'}
2026-07-25 18:24:21 | ERROR | trading.strategy2_live:_open_grid:657 | S2Live: failed to place limit order | {'symbol': 'ONUSDT', 'index': 1, 'price': 0.12, 'error': 'place_limit_order failed: retCode=110003 retMsg=price is invalid symbol=ONUSDT price=0.12 qty=810.42'}
2026-07-25 18:24:21 | ERROR | trading.strategy2_live:_open_grid:657 | S2Live: failed to place limit order | {'symbol': 'ONUSDT', 'index': 2, 'price': 0.12, 'error': 'place_limit_order failed: retCode=110003 retMsg=price is invalid symbol=ONUSDT price=0.12 qty=821.99'}
2026-07-25 18:24:26 | ERROR | trading.strategy2_live:_open_grid:657 | S2Live: failed to place limit order | {'symbol': 'ONUSDT', 'index': 1, 'price': 0.12, 'error': 'place_limit_order failed: retCode=110003 retMsg=price is invalid symbol=ONUSDT price=0.12 qty=810.42'}
2026-07-25 18:24:26 | ERROR | trading.strategy2_live:_open_grid:657 | S2Live: failed to place limit order | {'symbol': 'ONUSDT', 'index': 2, 'price': 0.12, 'error': 'place_limit_order failed: retCode=110003 retMsg=price is invalid symbol=ONUSDT price=0.12 qty=821.99'}
2026-07-25 18:24:31 | ERROR | trading.strategy2_live:_open_grid:657 | S2Live: failed to place limit order | {'symbol': 'ONUSDT', 'index': 1, 'price': 0.12, 'error': 'place_limit_order failed: retCode=110003 retMsg=price is invalid symbol=ONUSDT price=0.12 qty=810.42'}
2026-07-25 18:24:31 | ERROR | trading.strategy2_live:_open_grid:657 | S2Live: failed to place limit order | {'symbol': 'ONUSDT', 'index': 2, 'price': 0.12, 'error': 'place_limit_order failed: retCode=110003 retMsg=price is invalid symbol=ONUSDT price=0.12 qty=821.99'}
2026-07-25 18:24:36 | ERROR | trading.strategy2_live:_open_grid:657 | S2Live: failed to place limit order | {'symbol': 'ONUSDT', 'index': 1, 'price': 0.12, 'error': 'place_limit_order failed: retCode=110003 retMsg=price is invalid symbol=ONUSDT price=0.12 qty=810.42'}
2026-07-25 18:24:36 | ERROR | trading.strategy2_live:_open_grid:657 | S2Live: failed to place limit order | {'symbol': 'ONUSDT', 'index': 2, 'price': 0.12, 'error': 'place_limit_order failed: retCode=110003 retMsg=price is invalid symbol=ONUSDT price=0.12 qty=821.99'}
2026-07-25 18:24:41 | ERROR | trading.strategy2_live:_open_grid:657 | S2Live: failed to place limit order | {'symbol': 'ONUSDT', 'index': 1, 'price': 0.12, 'error': 'place_limit_order failed: retCode=110003 retMsg=price is invalid symbol=ONUSDT price=0.12 qty=810.42'}
2026-07-25 18:24:42 | ERROR | trading.strategy2_live:_open_grid:657 | S2Live: failed to place limit order | {'symbol': 'ONUSDT', 'index': 2, 'price': 0.12, 'error': 'place_limit_order failed: retCode=110003 retMsg=price is invalid symbol=ONUSDT price=0.12 qty=821.99'}
2026-07-25 18:24:47 | ERROR | trading.strategy2_live:_open_grid:657 | S2Live: failed to place limit order | {'symbol': 'ONUSDT', 'index': 1, 'price': 0.12, 'error': 'place_limit_order failed: retCode=110003 retMsg=price is invalid symbol=ONUSDT price=0.12 qty=810.42'}
2026-07-25 18:24:47 | ERROR | trading.strategy2_live:_open_grid:657 | S2Live: failed to place limit order | {'symbol': 'ONUSDT', 'index': 2, 'price': 0.12, 'error': 'place_limit_order failed: retCode=110003 retMsg=price is invalid symbol=ONUSDT price=0.12 qty=821.99'}
2026-07-25 18:24:52 | ERROR | trading.strategy2_live:_open_grid:657 | S2Live: failed to place limit order | {'symbol': 'ONUSDT', 'index': 1, 'price': 0.12, 'error': 'place_limit_order failed: retCode=110003 retMsg=price is invalid symbol=ONUSDT price=0.12 qty=810.42'}
2026-07-25 18:24:52 | ERROR | trading.strategy2_live:_open_grid:657 | S2Live: failed to place limit order | {'symbol': 'ONUSDT', 'index': 2, 'price': 0.12, 'error': 'place_limit_order failed: retCode=110003 retMsg=price is invalid symbol=ONUSDT price=0.12 qty=821.99'}
2026-07-25 18:24:57 | ERROR | trading.strategy2_live:_open_grid:657 | S2Live: failed to place limit order | {'symbol': 'ONUSDT', 'index': 1, 'price': 0.12, 'error': 'place_limit_order failed: retCode=110003 retMsg=price is invalid symbol=ONUSDT price=0.12 qty=810.42'}
2026-07-25 18:24:57 | ERROR | trading.strategy2_live:_open_grid:657 | S2Live: failed to place limit order | {'symbol': 'ONUSDT', 'index': 2, 'price': 0.12, 'error': 'place_limit_order failed: retCode=110003 retMsg=price is invalid symbol=ONUSDT price=0.12 qty=821.99'}
2026-07-25 18:25:02 | ERROR | trading.strategy2_live:_open_grid:657 | S2Live: failed to place limit order | {'symbol': 'ONUSDT', 'index': 1, 'price': 0.12, 'error': 'place_limit_order failed: retCode=110003 retMsg=price is invalid symbol=ONUSDT price=0.12 qty=810.42'}
2026-07-25 18:25:02 | ERROR | trading.strategy2_live:_open_grid:657 | S2Live: failed to place limit order | {'symbol': 'ONUSDT', 'index': 2, 'price': 0.12, 'error': 'place_limit_order failed: retCode=110003 retMsg=price is invalid symbol=ONUSDT price=0.12 qty=821.99'}
2026-07-25 18:25:07 | ERROR | trading.strategy2_live:_open_grid:657 | S2Live: failed to place limit order | {'symbol': 'ONUSDT', 'index': 1, 'price': 0.12, 'error': 'place_limit_order failed: retCode=110003 retMsg=price is invalid symbol=ONUSDT price=0.12 qty=810.42'}
2026-07-25 18:25:08 | ERROR | trading.strategy2_live:_open_grid:657 | S2Live: failed to place limit order | {'symbol': 'ONUSDT', 'index': 2, 'price': 0.12, 'error': 'place_limit_order failed: retCode=110003 retMsg=price is invalid symbol=ONUSDT price=0.12 qty=821.99'}
2026-07-25 18:25:13 | ERROR | trading.strategy2_live:_open_grid:657 | S2Live: failed to place limit order | {'symbol': 'ONUSDT', 'index': 1, 'price': 0.12, 'error': 'place_limit_order failed: retCode=110003 retMsg=price is invalid symbol=ONUSDT price=0.12 qty=810.42'}
2026-07-25 18:25:13 | ERROR | trading.strategy2_live:_open_grid:657 | S2Live: failed to place limit order | {'symbol': 'ONUSDT', 'index': 2, 'price': 0.12, 'error': 'place_limit_order failed: retCode=110003 retMsg=price is invalid symbol=ONUSDT price=0.12 qty=821.99'}
2026-07-25 18:25:18 | ERROR | trading.strategy2_live:_open_grid:657 | S2Live: failed to place limit order | {'symbol': 'ONUSDT', 'index': 1, 'price': 0.12, 'error': 'place_limit_order failed: retCode=110003 retMsg=price is invalid symbol=ONUSDT price=0.12 qty=810.42'}
2026-07-25 18:25:18 | ERROR | trading.strategy2_live:_open_grid:657 | S2Live: failed to place limit order | {'symbol': 'ONUSDT', 'index': 2, 'price': 0.12, 'error': 'place_limit_order failed: retCode=110003 retMsg=price is invalid symbol=ONUSDT price=0.12 qty=821.99'}
2026-07-25 18:25:23 | ERROR | trading.strategy2_live:_open_grid:657 | S2Live: failed to place limit order | {'symbol': 'ONUSDT', 'index': 1, 'price': 0.12, 'error': 'place_limit_order failed: retCode=110003 retMsg=price is invalid symbol=ONUSDT price=0.12 qty=810.42'}
2026-07-25 18:25:23 | ERROR | trading.strategy2_live:_open_grid:657 | S2Live: failed to place limit order | {'symbol': 'ONUSDT', 'index': 2, 'price': 0.12, 'error': 'place_limit_order failed: retCode=110003 retMsg=price is invalid symbol=ONUSDT price=0.12 qty=821.99'}
2026-07-25 18:25:28 | ERROR | trading.strategy2_live:_open_grid:657 | S2Live: failed to place limit order | {'symbol': 'ONUSDT', 'index': 1, 'price': 0.12, 'error': 'place_limit_order failed: retCode=110003 retMsg=price is invalid symbol=ONUSDT price=0.12 qty=810.42'}
2026-07-25 18:25:28 | ERROR | trading.strategy2_live:_open_grid:657 | S2Live: failed to place limit order | {'symbol': 'ONUSDT', 'index': 2, 'price': 0.12, 'error': 'place_limit_order failed: retCode=110003 retMsg=price is invalid symbol=ONUSDT price=0.12 qty=821.99'}
2026-07-25 18:25:33 | ERROR | trading.strategy2_live:_open_grid:657 | S2Live: failed to place limit order | {'symbol': 'ONUSDT', 'index': 1, 'price': 0.12, 'error': 'place_limit_order failed: retCode=110003 retMsg=price is invalid symbol=ONUSDT price=0.12 qty=810.42'}
2026-07-25 18:25:33 | ERROR | trading.strategy2_live:_open_grid:657 | S2Live: failed to place limit order | {'symbol': 'ONUSDT', 'index': 2, 'price': 0.12, 'error': 'place_limit_order failed: retCode=110003 retMsg=price is invalid symbol=ONUSDT price=0.12 qty=821.99'}
2026-07-25 18:25:38 | ERROR | trading.strategy2_live:_open_grid:657 | S2Live: failed to place limit order | {'symbol': 'ONUSDT', 'index': 1, 'price': 0.12, 'error': 'place_limit_order failed: retCode=110003 retMsg=price is invalid symbol=ONUSDT price=0.12 qty=810.42'}
2026-07-25 18:25:39 | ERROR | trading.strategy2_live:_open_grid:657 | S2Live: failed to place limit order | {'symbol': 'ONUSDT', 'index': 2, 'price': 0.12, 'error': 'place_limit_order failed: retCode=110003 retMsg=price is invalid symbol=ONUSDT price=0.12 qty=821.99'}
2026-07-25 18:25:44 | ERROR | trading.strategy2_live:_open_grid:657 | S2Live: failed to place limit order | {'symbol': 'ONUSDT', 'index': 1, 'price': 0.12, 'error': 'place_limit_order failed: retCode=110003 retMsg=price is invalid symbol=ONUSDT price=0.12 qty=810.42'}
2026-07-25 18:25:44 | ERROR | trading.strategy2_live:_open_grid:657 | S2Live: failed to place limit order | {'symbol': 'ONUSDT', 'index': 2, 'price': 0.12, 'error': 'place_limit_order failed: retCode=110003 retMsg=price is invalid symbol=ONUSDT price=0.12 qty=821.99'}
2026-07-25 18:25:49 | ERROR | trading.strategy2_live:_open_grid:657 | S2Live: failed to place limit order | {'symbol': 'ONUSDT', 'index': 1, 'price': 0.12, 'error': 'place_limit_order failed: retCode=110003 retMsg=price is invalid symbol=ONUSDT price=0.12 qty=810.42'}
2026-07-25 18:25:49 | ERROR | trading.strategy2_live:_open_grid:657 | S2Live: failed to place limit order | {'symbol': 'ONUSDT', 'index': 2, 'price': 0.12, 'error': 'place_limit_order failed: retCode=110003 retMsg=price is invalid symbol=ONUSDT price=0.12 qty=821.99'}
2026-07-25 18:25:54 | ERROR | trading.strategy2_live:_open_grid:657 | S2Live: failed to place limit order | {'symbol': 'ONUSDT', 'index': 1, 'price': 0.12, 'error': 'place_limit_order failed: retCode=110003 retMsg=price is invalid symbol=ONUSDT price=0.12 qty=810.42'}
2026-07-25 18:25:54 | ERROR | trading.strategy2_live:_open_grid:657 | S2Live: failed to place limit order | {'symbol': 'ONUSDT', 'index': 2, 'price': 0.12, 'error': 'place_limit_order failed: retCode=110003 retMsg=price is invalid symbol=ONUSDT price=0.12 qty=821.99'}
2026-07-25 18:25:59 | ERROR | trading.strategy2_live:_open_grid:657 | S2Live: failed to place limit order | {'symbol': 'ONUSDT', 'index': 1, 'price': 0.12, 'error': 'place_limit_order failed: retCode=110003 retMsg=price is invalid symbol=ONUSDT price=0.12 qty=810.42'}
2026-07-25 18:25:59 | ERROR | trading.strategy2_live:_open_grid:657 | S2Live: failed to place limit order | {'symbol': 'ONUSDT', 'index': 2, 'price': 0.12, 'error': 'place_limit_order failed: retCode=110003 retMsg=price is invalid symbol=ONUSDT price=0.12 qty=821.99'}
2026-07-25 18:26:04 | ERROR | trading.strategy2_live:_open_grid:657 | S2Live: failed to place limit order | {'symbol': 'ONUSDT', 'index': 1, 'price': 0.12, 'error': 'place_limit_order failed: retCode=110003 retMsg=price is invalid symbol=ONUSDT price=0.12 qty=810.42'}
2026-07-25 18:26:04 | ERROR | trading.strategy2_live:_open_grid:657 | S2Live: failed to place limit order | {'symbol': 'ONUSDT', 'index': 2, 'price': 0.12, 'error': 'place_limit_order failed: retCode=110003 retMsg=price is invalid symbol=ONUSDT price=0.12 qty=821.99'}
2026-07-25 18:26:09 | ERROR | trading.strategy2_live:_open_grid:657 | S2Live: failed to place limit order | {'symbol': 'ONUSDT', 'index': 1, 'price': 0.12, 'error': 'place_limit_order failed: retCode=110003 retMsg=price is invalid symbol=ONUSDT price=0.12 qty=810.42'}
2026-07-25 18:26:10 | ERROR | trading.strategy2_live:_open_grid:657 | S2Live: failed to place limit order | {'symbol': 'ONUSDT', 'index': 2, 'price': 0.12, 'error': 'place_limit_order failed: retCode=110003 retMsg=price is invalid symbol=ONUSDT price=0.12 qty=821.99'}
2026-07-25 18:26:15 | ERROR | trading.strategy2_live:_open_grid:657 | S2Live: failed to place limit order | {'symbol': 'ONUSDT', 'index': 1, 'price': 0.12, 'error': 'place_limit_order failed: retCode=110003 retMsg=price is invalid symbol=ONUSDT price=0.12 qty=810.42'}
2026-07-25 18:26:15 | ERROR | trading.strategy2_live:_open_grid:657 | S2Live: failed to place limit order | {'symbol': 'ONUSDT', 'index': 2, 'price': 0.12, 'error': 'place_limit_order failed: retCode=110003 retMsg=price is invalid symbol=ONUSDT price=0.12 qty=821.99'}
2026-07-25 18:26:20 | ERROR | trading.strategy2_live:_open_grid:657 | S2Live: failed to place limit order | {'symbol': 'ONUSDT', 'index': 1, 'price': 0.12, 'error': 'place_limit_order failed: retCode=110003 retMsg=price is invalid symbol=ONUSDT price=0.12 qty=810.42'}
2026-07-25 18:26:20 | ERROR | trading.strategy2_live:_open_grid:657 | S2Live: failed to place limit order | {'symbol': 'ONUSDT', 'index': 2, 'price': 0.12, 'error': 'place_limit_order failed: retCode=110003 retMsg=price is invalid symbol=ONUSDT price=0.12 qty=821.99'}
2026-07-25 18:26:25 | ERROR | trading.strategy2_live:_open_grid:657 | S2Live: failed to place limit order | {'symbol': 'ONUSDT', 'index': 1, 'price': 0.12, 'error': 'place_limit_order failed: retCode=110003 retMsg=price is invalid symbol=ONUSDT price=0.12 qty=810.42'}
2026-07-25 18:26:25 | ERROR | trading.strategy2_live:_open_grid:657 | S2Live: failed to place limit order | {'symbol': 'ONUSDT', 'index': 2, 'price': 0.12, 'error': 'place_limit_order failed: retCode=110003 retMsg=price is invalid symbol=ONUSDT price=0.12 qty=821.99'}
2026-07-25 18:26:30 | ERROR | trading.strategy2_live:_open_grid:657 | S2Live: failed to place limit order | {'symbol': 'ONUSDT', 'index': 1, 'price': 0.12, 'error': 'place_limit_order failed: retCode=110003 retMsg=price is invalid symbol=ONUSDT price=0.12 qty=810.42'}
2026-07-25 18:26:30 | ERROR | trading.strategy2_live:_open_grid:657 | S2Live: failed to place limit order | {'symbol': 'ONUSDT', 'index': 2, 'price': 0.12, 'error': 'place_limit_order failed: retCode=110003 retMsg=price is invalid symbol=ONUSDT price=0.12 qty=821.99'}
2026-07-25 18:26:35 | ERROR | trading.strategy2_live:_open_grid:657 | S2Live: failed to place limit order | {'symbol': 'ONUSDT', 'index': 1, 'price': 0.12, 'error': 'place_limit_order failed: retCode=110003 retMsg=price is invalid symbol=ONUSDT price=0.12 qty=810.42'}
2026-07-25 18:26:36 | ERROR | trading.strategy2_live:_open_grid:657 | S2Live: failed to place limit order | {'symbol': 'ONUSDT', 'index': 2, 'price': 0.12, 'error': 'place_limit_order failed: retCode=110003 retMsg=price is invalid symbol=ONUSDT price=0.12 qty=821.99'}
2026-07-25 18:26:40 | ERROR | trading.strategy2_live:_open_grid:657 | S2Live: failed to place limit order | {'symbol': 'ONUSDT', 'index': 1, 'price': 0.12, 'error': 'place_limit_order failed: retCode=110003 retMsg=price is invalid symbol=ONUSDT price=0.12 qty=810.42'}
2026-07-25 18:26:41 | ERROR | trading.strategy2_live:_open_grid:657 | S2Live: failed to place limit order | {'symbol': 'ONUSDT', 'index': 2, 'price': 0.12, 'error': 'place_limit_order failed: retCode=110003 retMsg=price is invalid symbol=ONUSDT price=0.12 qty=821.99'}
2026-07-25 18:26:46 | ERROR | trading.strategy2_live:_open_grid:657 | S2Live: failed to place limit order | {'symbol': 'ONUSDT', 'index': 1, 'price': 0.12, 'error': 'place_limit_order failed: retCode=110003 retMsg=price is invalid symbol=ONUSDT price=0.12 qty=810.42'}
2026-07-25 18:26:46 | ERROR | trading.strategy2_live:_open_grid:657 | S2Live: failed to place limit order | {'symbol': 'ONUSDT', 'index': 2, 'price': 0.12, 'error': 'place_limit_order failed: retCode=110003 retMsg=price is invalid symbol=ONUSDT price=0.12 qty=821.99'}
2026-07-25 18:26:51 | ERROR | trading.strategy2_live:_open_grid:657 | S2Live: failed to place limit order | {'symbol': 'ONUSDT', 'index': 1, 'price': 0.12, 'error': 'place_limit_order failed: retCode=110003 retMsg=price is invalid symbol=ONUSDT price=0.12 qty=810.42'}
2026-07-25 18:26:51 | ERROR | trading.strategy2_live:_open_grid:657 | S2Live: failed to place limit order | {'symbol': 'ONUSDT', 'index': 2, 'price': 0.12, 'error': 'place_limit_order failed: retCode=110003 retMsg=price is invalid symbol=ONUSDT price=0.12 qty=821.99'}
2026-07-25 18:26:56 | ERROR | trading.strategy2_live:_open_grid:657 | S2Live: failed to place limit order | {'symbol': 'ONUSDT', 'index': 1, 'price': 0.12, 'error': 'place_limit_order failed: retCode=110003 retMsg=price is invalid symbol=ONUSDT price=0.12 qty=810.42'}
2026-07-25 18:26:56 | ERROR | trading.strategy2_live:_open_grid:657 | S2Live: failed to place limit order | {'symbol': 'ONUSDT', 'index': 2, 'price': 0.12, 'error': 'place_limit_order failed: retCode=110003 retMsg=price is invalid symbol=ONUSDT price=0.12 qty=821.99'}
2026-07-25 18:27:01 | ERROR | trading.strategy2_live:_open_grid:657 | S2Live: failed to place limit order | {'symbol': 'ONUSDT', 'index': 1, 'price': 0.12, 'error': 'place_limit_order failed: retCode=110003 retMsg=price is invalid symbol=ONUSDT price=0.12 qty=810.42'}
2026-07-25 18:27:01 | ERROR | trading.strategy2_live:_open_grid:657 | S2Live: failed to place limit order | {'symbol': 'ONUSDT', 'index': 2, 'price': 0.12, 'error': 'place_limit_order failed: retCode=110003 retMsg=price is invalid symbol=ONUSDT price=0.12 qty=821.99'}
2026-07-25 18:27:07 | ERROR | trading.strategy2_live:_open_grid:657 | S2Live: failed to place limit order | {'symbol': 'ONUSDT', 'index': 1, 'price': 0.12, 'error': 'place_limit_order failed: retCode=110003 retMsg=price is invalid symbol=ONUSDT price=0.12 qty=810.42'}
2026-07-25 18:27:07 | ERROR | trading.strategy2_live:_open_grid:657 | S2Live: failed to place limit order | {'symbol': 'ONUSDT', 'index': 2, 'price': 0.12, 'error': 'place_limit_order failed: retCode=110003 retMsg=price is invalid symbol=ONUSDT price=0.12 qty=821.99'}
2026-07-25 18:27:11 | ERROR | trading.strategy2_live:_open_grid:657 | S2Live: failed to place limit order | {'symbol': 'ONUSDT', 'index': 1, 'price': 0.12, 'error': 'place_limit_order failed: retCode=110003 retMsg=price is invalid symbol=ONUSDT price=0.12 qty=810.42'}
2026-07-25 18:27:12 | ERROR | trading.strategy2_live:_open_grid:657 | S2Live: failed to place limit order | {'symbol': 'ONUSDT', 'index': 2, 'price': 0.12, 'error': 'place_limit_order failed: retCode=110003 retMsg=price is invalid symbol=ONUSDT price=0.12 qty=821.99'}
2026-07-25 18:27:17 | ERROR | trading.strategy2_live:_open_grid:657 | S2Live: failed to place limit order | {'symbol': 'ONUSDT', 'index': 1, 'price': 0.12, 'error': 'place_limit_order failed: retCode=110003 retMsg=price is invalid symbol=ONUSDT price=0.12 qty=810.42'}
2026-07-25 18:27:17 | ERROR | trading.strategy2_live:_open_grid:657 | S2Live: failed to place limit order | {'symbol': 'ONUSDT', 'index': 2, 'price': 0.12, 'error': 'place_limit_order failed: retCode=110003 retMsg=price is invalid symbol=ONUSDT price=0.12 qty=820.95'}
2026-07-25 18:27:22 | ERROR | trading.strategy2_live:_open_grid:657 | S2Live: failed to place limit order | {'symbol': 'ONUSDT', 'index': 1, 'price': 0.12, 'error': 'place_limit_order failed: retCode=110003 retMsg=price is invalid symbol=ONUSDT price=0.12 qty=810.42'}
2026-07-25 18:27:22 | ERROR | trading.strategy2_live:_open_grid:657 | S2Live: failed to place limit order | {'symbol': 'ONUSDT', 'index': 2, 'price': 0.12, 'error': 'place_limit_order failed: retCode=110003 retMsg=price is invalid symbol=ONUSDT price=0.12 qty=820.95'}
2026-07-25 18:27:27 | ERROR | trading.strategy2_live:_open_grid:657 | S2Live: failed to place limit order | {'symbol': 'ONUSDT', 'index': 1, 'price': 0.12, 'error': 'place_limit_order failed: retCode=110003 retMsg=price is invalid symbol=ONUSDT price=0.12 qty=810.42'}
2026-07-25 18:27:27 | ERROR | trading.strategy2_live:_open_grid:657 | S2Live: failed to place limit order | {'symbol': 'ONUSDT', 'index': 2, 'price': 0.12, 'error': 'place_limit_order failed: retCode=110003 retMsg=price is invalid symbol=ONUSDT price=0.12 qty=820.95'}
2026-07-25 18:27:32 | ERROR | trading.strategy2_live:_open_grid:657 | S2Live: failed to place limit order | {'symbol': 'ONUSDT', 'index': 1, 'price': 0.12, 'error': 'place_limit_order failed: retCode=110003 retMsg=price is invalid symbol=ONUSDT price=0.12 qty=810.42'}
2026-07-25 18:27:32 | ERROR | trading.strategy2_live:_open_grid:657 | S2Live: failed to place limit order | {'symbol': 'ONUSDT', 'index': 2, 'price': 0.12, 'error': 'place_limit_order failed: retCode=110003 retMsg=price is invalid symbol=ONUSDT price=0.12 qty=820.95'}
2026-07-25 18:27:37 | ERROR | trading.strategy2_live:_open_grid:657 | S2Live: failed to place limit order | {'symbol': 'ONUSDT', 'index': 1, 'price': 0.12, 'error': 'place_limit_order failed: retCode=110003 retMsg=price is invalid symbol=ONUSDT price=0.12 qty=810.42'}
2026-07-25 18:27:38 | ERROR | trading.strategy2_live:_open_grid:657 | S2Live: failed to place limit order | {'symbol': 'ONUSDT', 'index': 2, 'price': 0.12, 'error': 'place_limit_order failed: retCode=110003 retMsg=price is invalid symbol=ONUSDT price=0.12 qty=820.95'}
2026-07-25 18:27:43 | ERROR | trading.strategy2_live:_open_grid:657 | S2Live: failed to place limit order | {'symbol': 'ONUSDT', 'index': 1, 'price': 0.12, 'error': 'place_limit_order failed: retCode=110003 retMsg=price is invalid symbol=ONUSDT price=0.12 qty=810.42'}
2026-07-25 18:27:43 | ERROR | trading.strategy2_live:_open_grid:657 | S2Live: failed to place limit order | {'symbol': 'ONUSDT', 'index': 2, 'price': 0.12, 'error': 'place_limit_order failed: retCode=110003 retMsg=price is invalid symbol=ONUSDT price=0.12 qty=820.95'}
2026-07-25 18:27:48 | ERROR | trading.strategy2_live:_open_grid:657 | S2Live: failed to place limit order | {'symbol': 'ONUSDT', 'index': 1, 'price': 0.12, 'error': 'place_limit_order failed: retCode=110003 retMsg=price is invalid symbol=ONUSDT price=0.12 qty=810.42'}
2026-07-25 18:27:48 | ERROR | trading.strategy2_live:_open_grid:657 | S2Live: failed to place limit order | {'symbol': 'ONUSDT', 'index': 2, 'price': 0.12, 'error': 'place_limit_order failed: retCode=110003 retMsg=price is invalid symbol=ONUSDT price=0.12 qty=820.95'}
2026-07-25 18:27:53 | ERROR | trading.strategy2_live:_open_grid:657 | S2Live: failed to place limit order | {'symbol': 'ONUSDT', 'index': 1, 'price': 0.12, 'error': 'place_limit_order failed: retCode=110003 retMsg=price is invalid symbol=ONUSDT price=0.12 qty=810.42'}
2026-07-25 18:27:53 | ERROR | trading.strategy2_live:_open_grid:657 | S2Live: failed to place limit order | {'symbol': 'ONUSDT', 'index': 2, 'price': 0.12, 'error': 'place_limit_order failed: retCode=110003 retMsg=price is invalid symbol=ONUSDT price=0.12 qty=820.95'}
2026-07-25 18:27:58 | ERROR | trading.strategy2_live:_open_grid:657 | S2Live: failed to place limit order | {'symbol': 'ONUSDT', 'index': 1, 'price': 0.12, 'error': 'place_limit_order failed: retCode=110003 retMsg=price is invalid symbol=ONUSDT price=0.12 qty=810.42'}
2026-07-25 18:27:58 | ERROR | trading.strategy2_live:_open_grid:657 | S2Live: failed to place limit order | {'symbol': 'ONUSDT', 'index': 2, 'price': 0.12, 'error': 'place_limit_order failed: retCode=110003 retMsg=price is invalid symbol=ONUSDT price=0.12 qty=820.95'}
2026-07-25 18:28:03 | ERROR | trading.strategy2_live:_open_grid:657 | S2Live: failed to place limit order | {'symbol': 'ONUSDT', 'index': 1, 'price': 0.12, 'error': 'place_limit_order failed: retCode=110003 retMsg=price is invalid symbol=ONUSDT price=0.12 qty=810.42'}
2026-07-25 18:28:03 | ERROR | trading.strategy2_live:_open_grid:657 | S2Live: failed to place limit order | {'symbol': 'ONUSDT', 'index': 2, 'price': 0.12, 'error': 'place_limit_order failed: retCode=110003 retMsg=price is invalid symbol=ONUSDT price=0.12 qty=820.95'}
2026-07-25 18:28:08 | ERROR | trading.strategy2_live:_open_grid:657 | S2Live: failed to place limit order | {'symbol': 'ONUSDT', 'index': 1, 'price': 0.12, 'error': 'place_limit_order failed: retCode=110003 retMsg=price is invalid symbol=ONUSDT price=0.12 qty=810.42'}
2026-07-25 18:28:09 | ERROR | trading.strategy2_live:_open_grid:657 | S2Live: failed to place limit order | {'symbol': 'ONUSDT', 'index': 2, 'price': 0.12, 'error': 'place_limit_order failed: retCode=110003 retMsg=price is invalid symbol=ONUSDT price=0.12 qty=820.95'}
2026-07-25 18:28:14 | ERROR | trading.strategy2_live:_open_grid:657 | S2Live: failed to place limit order | {'symbol': 'ONUSDT', 'index': 1, 'price': 0.12, 'error': 'place_limit_order failed: retCode=110003 retMsg=price is invalid symbol=ONUSDT price=0.12 qty=810.42'}
2026-07-25 18:28:14 | ERROR | trading.strategy2_live:_open_grid:657 | S2Live: failed to place limit order | {'symbol': 'ONUSDT', 'index': 2, 'price': 0.12, 'error': 'place_limit_order failed: retCode=110003 retMsg=price is invalid symbol=ONUSDT price=0.12 qty=820.95'}
2026-07-25 18:28:19 | ERROR | trading.strategy2_live:_open_grid:657 | S2Live: failed to place limit order | {'symbol': 'ONUSDT', 'index': 1, 'price': 0.12, 'error': 'place_limit_order failed: retCode=110003 retMsg=price is invalid symbol=ONUSDT price=0.12 qty=810.42'}
2026-07-25 18:28:19 | ERROR | trading.strategy2_live:_open_grid:657 | S2Live: failed to place limit order | {'symbol': 'ONUSDT', 'index': 2, 'price': 0.12, 'error': 'place_limit_order failed: retCode=110003 retMsg=price is invalid symbol=ONUSDT price=0.12 qty=820.95'}
2026-07-25 18:28:24 | ERROR | trading.strategy2_live:_open_grid:657 | S2Live: failed to place limit order | {'symbol': 'ONUSDT', 'index': 1, 'price': 0.12, 'error': 'place_limit_order failed: retCode=110003 retMsg=price is invalid symbol=ONUSDT price=0.12 qty=810.42'}
2026-07-25 18:28:24 | ERROR | trading.strategy2_live:_open_grid:657 | S2Live: failed to place limit order | {'symbol': 'ONUSDT', 'index': 2, 'price': 0.12, 'error': 'place_limit_order failed: retCode=110003 retMsg=price is invalid symbol=ONUSDT price=0.12 qty=820.95'}
2026-07-25 18:28:29 | ERROR | trading.strategy2_live:_open_grid:657 | S2Live: failed to place limit order | {'symbol': 'ONUSDT', 'index': 1, 'price': 0.12, 'error': 'place_limit_order failed: retCode=110003 retMsg=price is invalid symbol=ONUSDT price=0.12 qty=810.42'}
2026-07-25 18:28:29 | ERROR | trading.strategy2_live:_open_grid:657 | S2Live: failed to place limit order | {'symbol': 'ONUSDT', 'index': 2, 'price': 0.12, 'error': 'place_limit_order failed: retCode=110003 retMsg=price is invalid symbol=ONUSDT price=0.12 qty=820.95'}
2026-07-25 18:28:34 | ERROR | trading.strategy2_live:_open_grid:657 | S2Live: failed to place limit order | {'symbol': 'ONUSDT', 'index': 1, 'price': 0.12, 'error': 'place_limit_order failed: retCode=110003 retMsg=price is invalid symbol=ONUSDT price=0.12 qty=810.42'}
2026-07-25 18:28:35 | ERROR | trading.strategy2_live:_open_grid:657 | S2Live: failed to place limit order | {'symbol': 'ONUSDT', 'index': 2, 'price': 0.12, 'error': 'place_limit_order failed: retCode=110003 retMsg=price is invalid symbol=ONUSDT price=0.12 qty=820.95'}
2026-07-25 18:28:39 | ERROR | trading.strategy2_live:_open_grid:657 | S2Live: failed to place limit order | {'symbol': 'ONUSDT', 'index': 1, 'price': 0.12, 'error': 'place_limit_order failed: retCode=110003 retMsg=price is invalid symbol=ONUSDT price=0.12 qty=810.42'}
2026-07-25 18:28:40 | ERROR | trading.strategy2_live:_open_grid:657 | S2Live: failed to place limit order | {'symbol': 'ONUSDT', 'index': 2, 'price': 0.12, 'error': 'place_limit_order failed: retCode=110003 retMsg=price is invalid symbol=ONUSDT price=0.12 qty=820.95'}
2026-07-25 18:28:45 | ERROR | trading.strategy2_live:_open_grid:657 | S2Live: failed to place limit order | {'symbol': 'ONUSDT', 'index': 1, 'price': 0.12, 'error': 'place_limit_order failed: retCode=110003 retMsg=price is invalid symbol=ONUSDT price=0.12 qty=810.42'}
2026-07-25 18:28:45 | ERROR | trading.strategy2_live:_open_grid:657 | S2Live: failed to place limit order | {'symbol': 'ONUSDT', 'index': 2, 'price': 0.12, 'error': 'place_limit_order failed: retCode=110003 retMsg=price is invalid symbol=ONUSDT price=0.12 qty=820.95'}
2026-07-25 18:28:50 | ERROR | trading.strategy2_live:_open_grid:657 | S2Live: failed to place limit order | {'symbol': 'ONUSDT', 'index': 1, 'price': 0.12, 'error': 'place_limit_order failed: retCode=110003 retMsg=price is invalid symbol=ONUSDT price=0.12 qty=810.42'}
2026-07-25 18:28:50 | ERROR | trading.strategy2_live:_open_grid:657 | S2Live: failed to place limit order | {'symbol': 'ONUSDT', 'index': 2, 'price': 0.12, 'error': 'place_limit_order failed: retCode=110003 retMsg=price is invalid symbol=ONUSDT price=0.12 qty=820.95'}
2026-07-25 18:28:55 | ERROR | trading.strategy2_live:_open_grid:657 | S2Live: failed to place limit order | {'symbol': 'ONUSDT', 'index': 1, 'price': 0.12, 'error': 'place_limit_order failed: retCode=110003 retMsg=price is invalid symbol=ONUSDT price=0.12 qty=810.42'}
2026-07-25 18:28:55 | ERROR | trading.strategy2_live:_open_grid:657 | S2Live: failed to place limit order | {'symbol': 'ONUSDT', 'index': 2, 'price': 0.12, 'error': 'place_limit_order failed: retCode=110003 retMsg=price is invalid symbol=ONUSDT price=0.12 qty=820.95'}
2026-07-25 18:29:00 | ERROR | trading.strategy2_live:_open_grid:657 | S2Live: failed to place limit order | {'symbol': 'ONUSDT', 'index': 1, 'price': 0.12, 'error': 'place_limit_order failed: retCode=110003 retMsg=price is invalid symbol=ONUSDT price=0.12 qty=810.42'}
2026-07-25 18:29:00 | ERROR | trading.strategy2_live:_open_grid:657 | S2Live: failed to place limit order | {'symbol': 'ONUSDT', 'index': 2, 'price': 0.12, 'error': 'place_limit_order failed: retCode=110003 retMsg=price is invalid symbol=ONUSDT price=0.12 qty=820.95'}
2026-07-25 18:29:05 | ERROR | trading.strategy2_live:_open_grid:657 | S2Live: failed to place limit order | {'symbol': 'ONUSDT', 'index': 1, 'price': 0.12, 'error': 'place_limit_order failed: retCode=110003 retMsg=price is invalid symbol=ONUSDT price=0.12 qty=810.42'}
2026-07-25 18:29:06 | ERROR | trading.strategy2_live:_open_grid:657 | S2Live: failed to place limit order | {'symbol': 'ONUSDT', 'index': 2, 'price': 0.12, 'error': 'place_limit_order failed: retCode=110003 retMsg=price is invalid symbol=ONUSDT price=0.12 qty=820.95'}
2026-07-25 18:29:10 | ERROR | trading.strategy2_live:_open_grid:657 | S2Live: failed to place limit order | {'symbol': 'ONUSDT', 'index': 1, 'price': 0.12, 'error': 'place_limit_order failed: retCode=110003 retMsg=price is invalid symbol=ONUSDT price=0.12 qty=810.42'}
2026-07-25 18:29:11 | ERROR | trading.strategy2_live:_open_grid:657 | S2Live: failed to place limit order | {'symbol': 'ONUSDT', 'index': 2, 'price': 0.12, 'error': 'place_limit_order failed: retCode=110003 retMsg=price is invalid symbol=ONUSDT price=0.12 qty=820.95'}
2026-07-25 18:29:16 | ERROR | trading.strategy2_live:_open_grid:657 | S2Live: failed to place limit order | {'symbol': 'ONUSDT', 'index': 1, 'price': 0.12, 'error': 'place_limit_order failed: retCode=110003 retMsg=price is invalid symbol=ONUSDT price=0.12 qty=810.42'}
2026-07-25 18:29:16 | ERROR | trading.strategy2_live:_open_grid:657 | S2Live: failed to place limit order | {'symbol': 'ONUSDT', 'index': 2, 'price': 0.12, 'error': 'place_limit_order failed: retCode=110003 retMsg=price is invalid symbol=ONUSDT price=0.12 qty=820.95'}
2026-07-25 18:29:21 | ERROR | trading.strategy2_live:_open_grid:657 | S2Live: failed to place limit order | {'symbol': 'ONUSDT', 'index': 1, 'price': 0.12, 'error': 'place_limit_order failed: retCode=110003 retMsg=price is invalid symbol=ONUSDT price=0.12 qty=810.42'}
2026-07-25 18:29:21 | ERROR | trading.strategy2_live:_open_grid:657 | S2Live: failed to place limit order | {'symbol': 'ONUSDT', 'index': 2, 'price': 0.12, 'error': 'place_limit_order failed: retCode=110003 retMsg=price is invalid symbol=ONUSDT price=0.12 qty=820.95'}
2026-07-25 18:29:26 | ERROR | trading.strategy2_live:_open_grid:657 | S2Live: failed to place limit order | {'symbol': 'ONUSDT', 'index': 1, 'price': 0.12, 'error': 'place_limit_order failed: retCode=110003 retMsg=price is invalid symbol=ONUSDT price=0.12 qty=810.42'}
2026-07-25 18:29:26 | ERROR | trading.strategy2_live:_open_grid:657 | S2Live: failed to place limit order | {'symbol': 'ONUSDT', 'index': 2, 'price': 0.12, 'error': 'place_limit_order failed: retCode=110003 retMsg=price is invalid symbol=ONUSDT price=0.12 qty=820.95'}
2026-07-25 18:29:31 | ERROR | trading.strategy2_live:_open_grid:657 | S2Live: failed to place limit order | {'symbol': 'ONUSDT', 'index': 1, 'price': 0.12, 'error': 'place_limit_order failed: retCode=110003 retMsg=price is invalid symbol=ONUSDT price=0.12 qty=810.42'}
2026-07-25 18:29:31 | ERROR | trading.strategy2_live:_open_grid:657 | S2Live: failed to place limit order | {'symbol': 'ONUSDT', 'index': 2, 'price': 0.12, 'error': 'place_limit_order failed: retCode=110003 retMsg=price is invalid symbol=ONUSDT price=0.12 qty=820.95'}
2026-07-25 18:29:36 | ERROR | trading.strategy2_live:_open_grid:657 | S2Live: failed to place limit order | {'symbol': 'ONUSDT', 'index': 1, 'price': 0.12, 'error': 'place_limit_order failed: retCode=110003 retMsg=price is invalid symbol=ONUSDT price=0.12 qty=810.42'}
2026-07-25 18:29:37 | ERROR | trading.strategy2_live:_open_grid:657 | S2Live: failed to place limit order | {'symbol': 'ONUSDT', 'index': 2, 'price': 0.12, 'error': 'place_limit_order failed: retCode=110003 retMsg=price is invalid symbol=ONUSDT price=0.12 qty=820.95'}
2026-07-25 18:29:42 | ERROR | trading.strategy2_live:_open_grid:657 | S2Live: failed to place limit order | {'symbol': 'ONUSDT', 'index': 1, 'price': 0.12, 'error': 'place_limit_order failed: retCode=110003 retMsg=price is invalid symbol=ONUSDT price=0.12 qty=810.42'}
2026-07-25 18:29:42 | ERROR | trading.strategy2_live:_open_grid:657 | S2Live: failed to place limit order | {'symbol': 'ONUSDT', 'index': 2, 'price': 0.12, 'error': 'place_limit_order failed: retCode=110003 retMsg=price is invalid symbol=ONUSDT price=0.12 qty=820.95'}
2026-07-25 18:29:47 | ERROR | trading.strategy2_live:_open_grid:657 | S2Live: failed to place limit order | {'symbol': 'ONUSDT', 'index': 1, 'price': 0.12, 'error': 'place_limit_order failed: retCode=110003 retMsg=price is invalid symbol=ONUSDT price=0.12 qty=810.42'}
2026-07-25 18:29:47 | ERROR | trading.strategy2_live:_open_grid:657 | S2Live: failed to place limit order | {'symbol': 'ONUSDT', 'index': 2, 'price': 0.12, 'error': 'place_limit_order failed: retCode=110003 retMsg=price is invalid symbol=ONUSDT price=0.12 qty=820.95'}
2026-07-25 18:29:52 | ERROR | trading.strategy2_live:_open_grid:657 | S2Live: failed to place limit order | {'symbol': 'ONUSDT', 'index': 1, 'price': 0.12, 'error': 'place_limit_order failed: retCode=110003 retMsg=price is invalid symbol=ONUSDT price=0.12 qty=810.42'}
2026-07-25 18:29:52 | ERROR | trading.strategy2_live:_open_grid:657 | S2Live: failed to place limit order | {'symbol': 'ONUSDT', 'index': 2, 'price': 0.12, 'error': 'place_limit_order failed: retCode=110003 retMsg=price is invalid symbol=ONUSDT price=0.12 qty=820.95'}
2026-07-25 18:29:57 | ERROR | trading.strategy2_live:_open_grid:657 | S2Live: failed to place limit order | {'symbol': 'ONUSDT', 'index': 1, 'price': 0.12, 'error': 'place_limit_order failed: retCode=110003 retMsg=price is invalid symbol=ONUSDT price=0.12 qty=810.42'}
2026-07-25 18:29:57 | ERROR | trading.strategy2_live:_open_grid:657 | S2Live: failed to place limit order | {'symbol': 'ONUSDT', 'index': 2, 'price': 0.12, 'error': 'place_limit_order failed: retCode=110003 retMsg=price is invalid symbol=ONUSDT price=0.12 qty=820.95'}
2026-07-25 18:30:02 | ERROR | trading.strategy2_live:_open_grid:657 | S2Live: failed to place limit order | {'symbol': 'ONUSDT', 'index': 1, 'price': 0.12, 'error': 'place_limit_order failed: retCode=110003 retMsg=price is invalid symbol=ONUSDT price=0.12 qty=810.42'}
2026-07-25 18:30:02 | ERROR | trading.strategy2_live:_open_grid:657 | S2Live: failed to place limit order | {'symbol': 'ONUSDT', 'index': 2, 'price': 0.12, 'error': 'place_limit_order failed: retCode=110003 retMsg=price is invalid symbol=ONUSDT price=0.12 qty=820.95'}
2026-07-25 18:30:07 | ERROR | trading.strategy2_live:_open_grid:657 | S2Live: failed to place limit order | {'symbol': 'ONUSDT', 'index': 1, 'price': 0.12, 'error': 'place_limit_order failed: retCode=110003 retMsg=price is invalid symbol=ONUSDT price=0.12 qty=810.42'}
2026-07-25 18:30:08 | ERROR | trading.strategy2_live:_open_grid:657 | S2Live: failed to place limit order | {'symbol': 'ONUSDT', 'index': 2, 'price': 0.12, 'error': 'place_limit_order failed: retCode=110003 retMsg=price is invalid symbol=ONUSDT price=0.12 qty=820.95'}
2026-07-25 18:30:13 | ERROR | trading.strategy2_live:_open_grid:657 | S2Live: failed to place limit order | {'symbol': 'ONUSDT', 'index': 1, 'price': 0.12, 'error': 'place_limit_order failed: retCode=110003 retMsg=price is invalid symbol=ONUSDT price=0.12 qty=810.42'}
2026-07-25 18:30:13 | ERROR | trading.strategy2_live:_open_grid:657 | S2Live: failed to place limit order | {'symbol': 'ONUSDT', 'index': 2, 'price': 0.12, 'error': 'place_limit_order failed: retCode=110003 retMsg=price is invalid symbol=ONUSDT price=0.12 qty=820.95'}
2026-07-25 18:30:18 | ERROR | trading.strategy2_live:_open_grid:657 | S2Live: failed to place limit order | {'symbol': 'ONUSDT', 'index': 1, 'price': 0.12, 'error': 'place_limit_order failed: retCode=110003 retMsg=price is invalid symbol=ONUSDT price=0.12 qty=810.42'}
2026-07-25 18:30:18 | ERROR | trading.strategy2_live:_open_grid:657 | S2Live: failed to place limit order | {'symbol': 'ONUSDT', 'index': 2, 'price': 0.12, 'error': 'place_limit_order failed: retCode=110003 retMsg=price is invalid symbol=ONUSDT price=0.12 qty=820.95'}
2026-07-25 18:30:23 | ERROR | trading.strategy2_live:_open_grid:657 | S2Live: failed to place limit order | {'symbol': 'ONUSDT', 'index': 1, 'price': 0.12, 'error': 'place_limit_order failed: retCode=110003 retMsg=price is invalid symbol=ONUSDT price=0.12 qty=810.42'}
2026-07-25 18:30:23 | ERROR | trading.strategy2_live:_open_grid:657 | S2Live: failed to place limit order | {'symbol': 'ONUSDT', 'index': 2, 'price': 0.12, 'error': 'place_limit_order failed: retCode=110003 retMsg=price is invalid symbol=ONUSDT price=0.12 qty=820.95'}
2026-07-25 18:30:28 | ERROR | trading.strategy2_live:_open_grid:657 | S2Live: failed to place limit order | {'symbol': 'ONUSDT', 'index': 1, 'price': 0.12, 'error': 'place_limit_order failed: retCode=110003 retMsg=price is invalid symbol=ONUSDT price=0.12 qty=810.42'}
2026-07-25 18:30:28 | ERROR | trading.strategy2_live:_open_grid:657 | S2Live: failed to place limit order | {'symbol': 'ONUSDT', 'index': 2, 'price': 0.12, 'error': 'place_limit_order failed: retCode=110003 retMsg=price is invalid symbol=ONUSDT price=0.12 qty=820.95'}
2026-07-25 18:30:33 | ERROR | trading.strategy2_live:_open_grid:657 | S2Live: failed to place limit order | {'symbol': 'ONUSDT', 'index': 1, 'price': 0.12, 'error': 'place_limit_order failed: retCode=110003 retMsg=price is invalid symbol=ONUSDT price=0.12 qty=810.42'}
2026-07-25 18:30:34 | ERROR | trading.strategy2_live:_open_grid:657 | S2Live: failed to place limit order | {'symbol': 'ONUSDT', 'index': 2, 'price': 0.12, 'error': 'place_limit_order failed: retCode=110003 retMsg=price is invalid symbol=ONUSDT price=0.12 qty=820.95'}
2026-07-25 18:30:39 | ERROR | trading.strategy2_live:_open_grid:657 | S2Live: failed to place limit order | {'symbol': 'ONUSDT', 'index': 1, 'price': 0.12, 'error': 'place_limit_order failed: retCode=110003 retMsg=price is invalid symbol=ONUSDT price=0.12 qty=810.42'}
2026-07-25 18:30:39 | ERROR | trading.strategy2_live:_open_grid:657 | S2Live: failed to place limit order | {'symbol': 'ONUSDT', 'index': 2, 'price': 0.12, 'error': 'place_limit_order failed: retCode=110003 retMsg=price is invalid symbol=ONUSDT price=0.12 qty=820.95'}
2026-07-25 18:30:44 | ERROR | trading.strategy2_live:_open_grid:657 | S2Live: failed to place limit order | {'symbol': 'ONUSDT', 'index': 1, 'price': 0.12, 'error': 'place_limit_order failed: retCode=110003 retMsg=price is invalid symbol=ONUSDT price=0.12 qty=810.42'}
2026-07-25 18:30:44 | ERROR | trading.strategy2_live:_open_grid:657 | S2Live: failed to place limit order | {'symbol': 'ONUSDT', 'index': 2, 'price': 0.12, 'error': 'place_limit_order failed: retCode=110003 retMsg=price is invalid symbol=ONUSDT price=0.12 qty=820.95'}
2026-07-25 18:30:49 | ERROR | trading.strategy2_live:_open_grid:657 | S2Live: failed to place limit order | {'symbol': 'ONUSDT', 'index': 1, 'price': 0.12, 'error': 'place_limit_order failed: retCode=110003 retMsg=price is invalid symbol=ONUSDT price=0.12 qty=810.42'}
2026-07-25 18:30:49 | ERROR | trading.strategy2_live:_open_grid:657 | S2Live: failed to place limit order | {'symbol': 'ONUSDT', 'index': 2, 'price': 0.12, 'error': 'place_limit_order failed: retCode=110003 retMsg=price is invalid symbol=ONUSDT price=0.12 qty=820.95'}
2026-07-25 18:30:54 | ERROR | trading.strategy2_live:_open_grid:657 | S2Live: failed to place limit order | {'symbol': 'ONUSDT', 'index': 1, 'price': 0.12, 'error': 'place_limit_order failed: retCode=110003 retMsg=price is invalid symbol=ONUSDT price=0.12 qty=810.42'}
2026-07-25 18:30:54 | ERROR | trading.strategy2_live:_open_grid:657 | S2Live: failed to place limit order | {'symbol': 'ONUSDT', 'index': 2, 'price': 0.12, 'error': 'place_limit_order failed: retCode=110003 retMsg=price is invalid symbol=ONUSDT price=0.12 qty=820.95'}
2026-07-25 18:30:59 | ERROR | trading.strategy2_live:_open_grid:657 | S2Live: failed to place limit order | {'symbol': 'ONUSDT', 'index': 1, 'price': 0.12, 'error': 'place_limit_order failed: retCode=110003 retMsg=price is invalid symbol=ONUSDT price=0.12 qty=810.42'}
2026-07-25 18:30:59 | ERROR | trading.strategy2_live:_open_grid:657 | S2Live: failed to place limit order | {'symbol': 'ONUSDT', 'index': 2, 'price': 0.12, 'error': 'place_limit_order failed: retCode=110003 retMsg=price is invalid symbol=ONUSDT price=0.12 qty=820.95'}
2026-07-25 18:31:04 | ERROR | trading.strategy2_live:_open_grid:657 | S2Live: failed to place limit order | {'symbol': 'ONUSDT', 'index': 1, 'price': 0.12, 'error': 'place_limit_order failed: retCode=110003 retMsg=price is invalid symbol=ONUSDT price=0.12 qty=810.42'}
2026-07-25 18:31:05 | ERROR | trading.strategy2_live:_open_grid:657 | S2Live: failed to place limit order | {'symbol': 'ONUSDT', 'index': 2, 'price': 0.12, 'error': 'place_limit_order failed: retCode=110003 retMsg=price is invalid symbol=ONUSDT price=0.12 qty=820.95'}
2026-07-25 18:31:09 | ERROR | trading.strategy2_live:_open_grid:657 | S2Live: failed to place limit order | {'symbol': 'ONUSDT', 'index': 1, 'price': 0.12, 'error': 'place_limit_order failed: retCode=110003 retMsg=price is invalid symbol=ONUSDT price=0.12 qty=810.42'}
2026-07-25 18:31:10 | ERROR | trading.strategy2_live:_open_grid:657 | S2Live: failed to place limit order | {'symbol': 'ONUSDT', 'index': 2, 'price': 0.12, 'error': 'place_limit_order failed: retCode=110003 retMsg=price is invalid symbol=ONUSDT price=0.12 qty=820.95'}
2026-07-25 18:31:15 | ERROR | trading.strategy2_live:_open_grid:657 | S2Live: failed to place limit order | {'symbol': 'ONUSDT', 'index': 1, 'price': 0.12, 'error': 'place_limit_order failed: retCode=110003 retMsg=price is invalid symbol=ONUSDT price=0.12 qty=810.42'}
2026-07-25 18:31:15 | ERROR | trading.strategy2_live:_open_grid:657 | S2Live: failed to place limit order | {'symbol': 'ONUSDT', 'index': 2, 'price': 0.12, 'error': 'place_limit_order failed: retCode=110003 retMsg=price is invalid symbol=ONUSDT price=0.12 qty=820.95'}
2026-07-25 18:31:20 | ERROR | trading.strategy2_live:_open_grid:657 | S2Live: failed to place limit order | {'symbol': 'ONUSDT', 'index': 1, 'price': 0.12, 'error': 'place_limit_order failed: retCode=110003 retMsg=price is invalid symbol=ONUSDT price=0.12 qty=810.42'}
2026-07-25 18:31:20 | ERROR | trading.strategy2_live:_open_grid:657 | S2Live: failed to place limit order | {'symbol': 'ONUSDT', 'index': 2, 'price': 0.12, 'error': 'place_limit_order failed: retCode=110003 retMsg=price is invalid symbol=ONUSDT price=0.12 qty=820.95'}
2026-07-25 18:31:25 | ERROR | trading.strategy2_live:_open_grid:657 | S2Live: failed to place limit order | {'symbol': 'ONUSDT', 'index': 1, 'price': 0.12, 'error': 'place_limit_order failed: retCode=110003 retMsg=price is invalid symbol=ONUSDT price=0.12 qty=810.42'}
2026-07-25 18:31:25 | ERROR | trading.strategy2_live:_open_grid:657 | S2Live: failed to place limit order | {'symbol': 'ONUSDT', 'index': 2, 'price': 0.12, 'error': 'place_limit_order failed: retCode=110003 retMsg=price is invalid symbol=ONUSDT price=0.12 qty=820.95'}
2026-07-25 18:31:30 | ERROR | trading.strategy2_live:_open_grid:657 | S2Live: failed to place limit order | {'symbol': 'ONUSDT', 'index': 1, 'price': 0.12, 'error': 'place_limit_order failed: retCode=110003 retMsg=price is invalid symbol=ONUSDT price=0.12 qty=810.42'}
2026-07-25 18:31:30 | ERROR | trading.strategy2_live:_open_grid:657 | S2Live: failed to place limit order | {'symbol': 'ONUSDT', 'index': 2, 'price': 0.12, 'error': 'place_limit_order failed: retCode=110003 retMsg=price is invalid symbol=ONUSDT price=0.12 qty=820.95'}
2026-07-25 18:31:35 | ERROR | trading.strategy2_live:_open_grid:657 | S2Live: failed to place limit order | {'symbol': 'ONUSDT', 'index': 1, 'price': 0.12, 'error': 'place_limit_order failed: retCode=110003 retMsg=price is invalid symbol=ONUSDT price=0.12 qty=810.42'}
2026-07-25 18:31:36 | ERROR | trading.strategy2_live:_open_grid:657 | S2Live: failed to place limit order | {'symbol': 'ONUSDT', 'index': 2, 'price': 0.12, 'error': 'place_limit_order failed: retCode=110003 retMsg=price is invalid symbol=ONUSDT price=0.12 qty=820.95'}
2026-07-25 18:31:41 | ERROR | trading.strategy2_live:_open_grid:657 | S2Live: failed to place limit order | {'symbol': 'ONUSDT', 'index': 1, 'price': 0.12, 'error': 'place_limit_order failed: retCode=110003 retMsg=price is invalid symbol=ONUSDT price=0.12 qty=810.42'}
2026-07-25 18:31:41 | ERROR | trading.strategy2_live:_open_grid:657 | S2Live: failed to place limit order | {'symbol': 'ONUSDT', 'index': 2, 'price': 0.12, 'error': 'place_limit_order failed: retCode=110003 retMsg=price is invalid symbol=ONUSDT price=0.12 qty=820.95'}
2026-07-25 18:31:46 | ERROR | trading.strategy2_live:_open_grid:657 | S2Live: failed to place limit order | {'symbol': 'ONUSDT', 'index': 1, 'price': 0.12, 'error': 'place_limit_order failed: retCode=110003 retMsg=price is invalid symbol=ONUSDT price=0.12 qty=810.42'}
2026-07-25 18:31:46 | ERROR | trading.strategy2_live:_open_grid:657 | S2Live: failed to place limit order | {'symbol': 'ONUSDT', 'index': 2, 'price': 0.12, 'error': 'place_limit_order failed: retCode=110003 retMsg=price is invalid symbol=ONUSDT price=0.12 qty=820.95'}
2026-07-25 18:31:51 | ERROR | trading.strategy2_live:_open_grid:657 | S2Live: failed to place limit order | {'symbol': 'ONUSDT', 'index': 1, 'price': 0.12, 'error': 'place_limit_order failed: retCode=110003 retMsg=price is invalid symbol=ONUSDT price=0.12 qty=810.42'}
2026-07-25 18:31:51 | ERROR | trading.strategy2_live:_open_grid:657 | S2Live: failed to place limit order | {'symbol': 'ONUSDT', 'index': 2, 'price': 0.12, 'error': 'place_limit_order failed: retCode=110003 retMsg=price is invalid symbol=ONUSDT price=0.12 qty=820.95'}
2026-07-25 18:31:56 | ERROR | trading.strategy2_live:_open_grid:657 | S2Live: failed to place limit order | {'symbol': 'ONUSDT', 'index': 1, 'price': 0.12, 'error': 'place_limit_order failed: retCode=110003 retMsg=price is invalid symbol=ONUSDT price=0.12 qty=810.42'}
2026-07-25 18:31:56 | ERROR | trading.strategy2_live:_open_grid:657 | S2Live: failed to place limit order | {'symbol': 'ONUSDT', 'index': 2, 'price': 0.12, 'error': 'place_limit_order failed: retCode=110003 retMsg=price is invalid symbol=ONUSDT price=0.12 qty=820.95'}
2026-07-25 18:32:01 | ERROR | trading.strategy2_live:_open_grid:657 | S2Live: failed to place limit order | {'symbol': 'ONUSDT', 'index': 1, 'price': 0.12, 'error': 'place_limit_order failed: retCode=110003 retMsg=price is invalid symbol=ONUSDT price=0.12 qty=810.42'}
2026-07-25 18:32:01 | ERROR | trading.strategy2_live:_open_grid:657 | S2Live: failed to place limit order | {'symbol': 'ONUSDT', 'index': 2, 'price': 0.12, 'error': 'place_limit_order failed: retCode=110003 retMsg=price is invalid symbol=ONUSDT price=0.12 qty=820.95'}
2026-07-25 18:32:06 | ERROR | trading.strategy2_live:_open_grid:657 | S2Live: failed to place limit order | {'symbol': 'ONUSDT', 'index': 1, 'price': 0.12, 'error': 'place_limit_order failed: retCode=110003 retMsg=price is invalid symbol=ONUSDT price=0.12 qty=810.42'}
2026-07-25 18:32:07 | ERROR | trading.strategy2_live:_open_grid:657 | S2Live: failed to place limit order | {'symbol': 'ONUSDT', 'index': 2, 'price': 0.12, 'error': 'place_limit_order failed: retCode=110003 retMsg=price is invalid symbol=ONUSDT price=0.12 qty=820.95'}
2026-07-25 18:32:12 | ERROR | trading.strategy2_live:_open_grid:657 | S2Live: failed to place limit order | {'symbol': 'ONUSDT', 'index': 1, 'price': 0.12, 'error': 'place_limit_order failed: retCode=110003 retMsg=price is invalid symbol=ONUSDT price=0.12 qty=810.42'}
2026-07-25 18:32:12 | ERROR | trading.strategy2_live:_open_grid:657 | S2Live: failed to place limit order | {'symbol': 'ONUSDT', 'index': 2, 'price': 0.12, 'error': 'place_limit_order failed: retCode=110003 retMsg=price is invalid symbol=ONUSDT price=0.12 qty=820.95'}
2026-07-25 18:32:17 | ERROR | trading.strategy2_live:_open_grid:657 | S2Live: failed to place limit order | {'symbol': 'ONUSDT', 'index': 1, 'price': 0.12, 'error': 'place_limit_order failed: retCode=110003 retMsg=price is invalid symbol=ONUSDT price=0.12 qty=810.42'}
2026-07-25 18:32:17 | ERROR | trading.strategy2_live:_open_grid:657 | S2Live: failed to place limit order | {'symbol': 'ONUSDT', 'index': 2, 'price': 0.12, 'error': 'place_limit_order failed: retCode=110003 retMsg=price is invalid symbol=ONUSDT price=0.12 qty=820.95'}
2026-07-25 18:32:22 | ERROR | trading.strategy2_live:_open_grid:657 | S2Live: failed to place limit order | {'symbol': 'ONUSDT', 'index': 1, 'price': 0.12, 'error': 'place_limit_order failed: retCode=110003 retMsg=price is invalid symbol=ONUSDT price=0.12 qty=810.42'}
2026-07-25 18:32:22 | ERROR | trading.strategy2_live:_open_grid:657 | S2Live: failed to place limit order | {'symbol': 'ONUSDT', 'index': 2, 'price': 0.12, 'error': 'place_limit_order failed: retCode=110003 retMsg=price is invalid symbol=ONUSDT price=0.12 qty=820.95'}
2026-07-25 18:32:27 | ERROR | trading.strategy2_live:_open_grid:657 | S2Live: failed to place limit order | {'symbol': 'ONUSDT', 'index': 1, 'price': 0.12, 'error': 'place_limit_order failed: retCode=110003 retMsg=price is invalid symbol=ONUSDT price=0.12 qty=810.42'}
2026-07-25 18:32:27 | ERROR | trading.strategy2_live:_open_grid:657 | S2Live: failed to place limit order | {'symbol': 'ONUSDT', 'index': 2, 'price': 0.12, 'error': 'place_limit_order failed: retCode=110003 retMsg=price is invalid symbol=ONUSDT price=0.12 qty=818.72'}
2026-07-25 18:32:32 | ERROR | trading.strategy2_live:_open_grid:657 | S2Live: failed to place limit order | {'symbol': 'ONUSDT', 'index': 1, 'price': 0.12, 'error': 'place_limit_order failed: retCode=110003 retMsg=price is invalid symbol=ONUSDT price=0.12 qty=810.42'}
2026-07-25 18:32:32 | ERROR | trading.strategy2_live:_open_grid:657 | S2Live: failed to place limit order | {'symbol': 'ONUSDT', 'index': 2, 'price': 0.12, 'error': 'place_limit_order failed: retCode=110003 retMsg=price is invalid symbol=ONUSDT price=0.12 qty=818.72'}
2026-07-25 18:32:37 | ERROR | trading.strategy2_live:_open_grid:657 | S2Live: failed to place limit order | {'symbol': 'ONUSDT', 'index': 1, 'price': 0.12, 'error': 'place_limit_order failed: retCode=110003 retMsg=price is invalid symbol=ONUSDT price=0.12 qty=810.42'}
2026-07-25 18:32:38 | ERROR | trading.strategy2_live:_open_grid:657 | S2Live: failed to place limit order | {'symbol': 'ONUSDT', 'index': 2, 'price': 0.12, 'error': 'place_limit_order failed: retCode=110003 retMsg=price is invalid symbol=ONUSDT price=0.12 qty=818.72'}
2026-07-25 18:32:43 | ERROR | trading.strategy2_live:_open_grid:657 | S2Live: failed to place limit order | {'symbol': 'ONUSDT', 'index': 1, 'price': 0.12, 'error': 'place_limit_order failed: retCode=110003 retMsg=price is invalid symbol=ONUSDT price=0.12 qty=810.42'}
2026-07-25 18:32:43 | ERROR | trading.strategy2_live:_open_grid:657 | S2Live: failed to place limit order | {'symbol': 'ONUSDT', 'index': 2, 'price': 0.12, 'error': 'place_limit_order failed: retCode=110003 retMsg=price is invalid symbol=ONUSDT price=0.12 qty=818.72'}
2026-07-25 18:32:48 | ERROR | trading.strategy2_live:_open_grid:657 | S2Live: failed to place limit order | {'symbol': 'ONUSDT', 'index': 1, 'price': 0.12, 'error': 'place_limit_order failed: retCode=110003 retMsg=price is invalid symbol=ONUSDT price=0.12 qty=810.42'}
2026-07-25 18:32:48 | ERROR | trading.strategy2_live:_open_grid:657 | S2Live: failed to place limit order | {'symbol': 'ONUSDT', 'index': 2, 'price': 0.12, 'error': 'place_limit_order failed: retCode=110003 retMsg=price is invalid symbol=ONUSDT price=0.12 qty=818.72'}
2026-07-25 18:32:53 | ERROR | trading.strategy2_live:_open_grid:657 | S2Live: failed to place limit order | {'symbol': 'ONUSDT', 'index': 1, 'price': 0.12, 'error': 'place_limit_order failed: retCode=110003 retMsg=price is invalid symbol=ONUSDT price=0.12 qty=810.42'}
2026-07-25 18:32:53 | ERROR | trading.strategy2_live:_open_grid:657 | S2Live: failed to place limit order | {'symbol': 'ONUSDT', 'index': 2, 'price': 0.12, 'error': 'place_limit_order failed: retCode=110003 retMsg=price is invalid symbol=ONUSDT price=0.12 qty=818.72'}
2026-07-25 18:32:58 | ERROR | trading.strategy2_live:_open_grid:657 | S2Live: failed to place limit order | {'symbol': 'ONUSDT', 'index': 1, 'price': 0.12, 'error': 'place_limit_order failed: retCode=110003 retMsg=price is invalid symbol=ONUSDT price=0.12 qty=810.42'}
2026-07-25 18:32:58 | ERROR | trading.strategy2_live:_open_grid:657 | S2Live: failed to place limit order | {'symbol': 'ONUSDT', 'index': 2, 'price': 0.12, 'error': 'place_limit_order failed: retCode=110003 retMsg=price is invalid symbol=ONUSDT price=0.12 qty=818.72'}
2026-07-25 18:33:03 | ERROR | trading.strategy2_live:_open_grid:657 | S2Live: failed to place limit order | {'symbol': 'ONUSDT', 'index': 1, 'price': 0.12, 'error': 'place_limit_order failed: retCode=110003 retMsg=price is invalid symbol=ONUSDT price=0.12 qty=810.42'}
2026-07-25 18:33:04 | ERROR | trading.strategy2_live:_open_grid:657 | S2Live: failed to place limit order | {'symbol': 'ONUSDT', 'index': 2, 'price': 0.12, 'error': 'place_limit_order failed: retCode=110003 retMsg=price is invalid symbol=ONUSDT price=0.12 qty=818.72'}
2026-07-25 18:33:09 | ERROR | trading.strategy2_live:_open_grid:657 | S2Live: failed to place limit order | {'symbol': 'ONUSDT', 'index': 1, 'price': 0.12, 'error': 'place_limit_order failed: retCode=110003 retMsg=price is invalid symbol=ONUSDT price=0.12 qty=810.42'}
2026-07-25 18:33:09 | ERROR | trading.strategy2_live:_open_grid:657 | S2Live: failed to place limit order | {'symbol': 'ONUSDT', 'index': 2, 'price': 0.12, 'error': 'place_limit_order failed: retCode=110003 retMsg=price is invalid symbol=ONUSDT price=0.12 qty=818.72'}
2026-07-25 18:33:14 | ERROR | trading.strategy2_live:_open_grid:657 | S2Live: failed to place limit order | {'symbol': 'ONUSDT', 'index': 1, 'price': 0.12, 'error': 'place_limit_order failed: retCode=110003 retMsg=price is invalid symbol=ONUSDT price=0.12 qty=810.42'}
2026-07-25 18:33:14 | ERROR | trading.strategy2_live:_open_grid:657 | S2Live: failed to place limit order | {'symbol': 'ONUSDT', 'index': 2, 'price': 0.12, 'error': 'place_limit_order failed: retCode=110003 retMsg=price is invalid symbol=ONUSDT price=0.12 qty=818.72'}
2026-07-25 18:33:19 | ERROR | trading.strategy2_live:_open_grid:657 | S2Live: failed to place limit order | {'symbol': 'ONUSDT', 'index': 1, 'price': 0.12, 'error': 'place_limit_order failed: retCode=110003 retMsg=price is invalid symbol=ONUSDT price=0.12 qty=810.42'}
2026-07-25 18:33:19 | ERROR | trading.strategy2_live:_open_grid:657 | S2Live: failed to place limit order | {'symbol': 'ONUSDT', 'index': 2, 'price': 0.12, 'error': 'place_limit_order failed: retCode=110003 retMsg=price is invalid symbol=ONUSDT price=0.12 qty=818.72'}
2026-07-25 18:33:24 | ERROR | trading.strategy2_live:_open_grid:657 | S2Live: failed to place limit order | {'symbol': 'ONUSDT', 'index': 1, 'price': 0.12, 'error': 'place_limit_order failed: retCode=110003 retMsg=price is invalid symbol=ONUSDT price=0.12 qty=810.42'}
2026-07-25 18:33:24 | ERROR | trading.strategy2_live:_open_grid:657 | S2Live: failed to place limit order | {'symbol': 'ONUSDT', 'index': 2, 'price': 0.12, 'error': 'place_limit_order failed: retCode=110003 retMsg=price is invalid symbol=ONUSDT price=0.12 qty=818.72'}
2026-07-25 18:33:29 | ERROR | trading.strategy2_live:_open_grid:657 | S2Live: failed to place limit order | {'symbol': 'ONUSDT', 'index': 1, 'price': 0.12, 'error': 'place_limit_order failed: retCode=110003 retMsg=price is invalid symbol=ONUSDT price=0.12 qty=810.42'}
2026-07-25 18:33:29 | ERROR | trading.strategy2_live:_open_grid:657 | S2Live: failed to place limit order | {'symbol': 'ONUSDT', 'index': 2, 'price': 0.12, 'error': 'place_limit_order failed: retCode=110003 retMsg=price is invalid symbol=ONUSDT price=0.12 qty=818.72'}
2026-07-25 18:33:34 | ERROR | trading.strategy2_live:_open_grid:657 | S2Live: failed to place limit order | {'symbol': 'ONUSDT', 'index': 1, 'price': 0.12, 'error': 'place_limit_order failed: retCode=110003 retMsg=price is invalid symbol=ONUSDT price=0.12 qty=810.42'}
2026-07-25 18:33:35 | ERROR | trading.strategy2_live:_open_grid:657 | S2Live: failed to place limit order | {'symbol': 'ONUSDT', 'index': 2, 'price': 0.12, 'error': 'place_limit_order failed: retCode=110003 retMsg=price is invalid symbol=ONUSDT price=0.12 qty=818.72'}
2026-07-25 18:33:40 | ERROR | trading.strategy2_live:_open_grid:657 | S2Live: failed to place limit order | {'symbol': 'ONUSDT', 'index': 1, 'price': 0.12, 'error': 'place_limit_order failed: retCode=110003 retMsg=price is invalid symbol=ONUSDT price=0.12 qty=810.42'}
2026-07-25 18:33:40 | ERROR | trading.strategy2_live:_open_grid:657 | S2Live: failed to place limit order | {'symbol': 'ONUSDT', 'index': 2, 'price': 0.12, 'error': 'place_limit_order failed: retCode=110003 retMsg=price is invalid symbol=ONUSDT price=0.12 qty=818.72'}
2026-07-25 18:33:45 | ERROR | trading.strategy2_live:_open_grid:657 | S2Live: failed to place limit order | {'symbol': 'ONUSDT', 'index': 1, 'price': 0.12, 'error': 'place_limit_order failed: retCode=110003 retMsg=price is invalid symbol=ONUSDT price=0.12 qty=810.42'}
2026-07-25 18:33:45 | ERROR | trading.strategy2_live:_open_grid:657 | S2Live: failed to place limit order | {'symbol': 'ONUSDT', 'index': 2, 'price': 0.12, 'error': 'place_limit_order failed: retCode=110003 retMsg=price is invalid symbol=ONUSDT price=0.12 qty=818.72'}
2026-07-25 18:33:50 | ERROR | trading.strategy2_live:_open_grid:657 | S2Live: failed to place limit order | {'symbol': 'ONUSDT', 'index': 1, 'price': 0.12, 'error': 'place_limit_order failed: retCode=110003 retMsg=price is invalid symbol=ONUSDT price=0.12 qty=810.42'}
2026-07-25 18:33:50 | ERROR | trading.strategy2_live:_open_grid:657 | S2Live: failed to place limit order | {'symbol': 'ONUSDT', 'index': 2, 'price': 0.12, 'error': 'place_limit_order failed: retCode=110003 retMsg=price is invalid symbol=ONUSDT price=0.12 qty=818.72'}
2026-07-25 18:33:55 | ERROR | trading.strategy2_live:_open_grid:657 | S2Live: failed to place limit order | {'symbol': 'ONUSDT', 'index': 1, 'price': 0.12, 'error': 'place_limit_order failed: retCode=110003 retMsg=price is invalid symbol=ONUSDT price=0.12 qty=810.42'}
2026-07-25 18:33:55 | ERROR | trading.strategy2_live:_open_grid:657 | S2Live: failed to place limit order | {'symbol': 'ONUSDT', 'index': 2, 'price': 0.12, 'error': 'place_limit_order failed: retCode=110003 retMsg=price is invalid symbol=ONUSDT price=0.12 qty=818.72'}
2026-07-25 18:34:00 | ERROR | trading.strategy2_live:_open_grid:657 | S2Live: failed to place limit order | {'symbol': 'ONUSDT', 'index': 1, 'price': 0.12, 'error': 'place_limit_order failed: retCode=110003 retMsg=price is invalid symbol=ONUSDT price=0.12 qty=810.42'}
2026-07-25 18:34:00 | ERROR | trading.strategy2_live:_open_grid:657 | S2Live: failed to place limit order | {'symbol': 'ONUSDT', 'index': 2, 'price': 0.12, 'error': 'place_limit_order failed: retCode=110003 retMsg=price is invalid symbol=ONUSDT price=0.12 qty=818.72'}
2026-07-25 18:34:05 | ERROR | trading.strategy2_live:_open_grid:657 | S2Live: failed to place limit order | {'symbol': 'ONUSDT', 'index': 1, 'price': 0.12, 'error': 'place_limit_order failed: retCode=110003 retMsg=price is invalid symbol=ONUSDT price=0.12 qty=810.42'}
2026-07-25 18:34:06 | ERROR | trading.strategy2_live:_open_grid:657 | S2Live: failed to place limit order | {'symbol': 'ONUSDT', 'index': 2, 'price': 0.12, 'error': 'place_limit_order failed: retCode=110003 retMsg=price is invalid symbol=ONUSDT price=0.12 qty=818.72'}
2026-07-25 18:34:11 | ERROR | trading.strategy2_live:_open_grid:657 | S2Live: failed to place limit order | {'symbol': 'ONUSDT', 'index': 1, 'price': 0.12, 'error': 'place_limit_order failed: retCode=110003 retMsg=price is invalid symbol=ONUSDT price=0.12 qty=810.42'}
2026-07-25 18:34:11 | ERROR | trading.strategy2_live:_open_grid:657 | S2Live: failed to place limit order | {'symbol': 'ONUSDT', 'index': 2, 'price': 0.12, 'error': 'place_limit_order failed: retCode=110003 retMsg=price is invalid symbol=ONUSDT price=0.12 qty=818.72'}
2026-07-25 18:34:16 | ERROR | trading.strategy2_live:_open_grid:657 | S2Live: failed to place limit order | {'symbol': 'ONUSDT', 'index': 1, 'price': 0.12, 'error': 'place_limit_order failed: retCode=110003 retMsg=price is invalid symbol=ONUSDT price=0.12 qty=810.42'}
2026-07-25 18:34:16 | ERROR | trading.strategy2_live:_open_grid:657 | S2Live: failed to place limit order | {'symbol': 'ONUSDT', 'index': 2, 'price': 0.12, 'error': 'place_limit_order failed: retCode=110003 retMsg=price is invalid symbol=ONUSDT price=0.12 qty=818.72'}
2026-07-25 18:34:21 | ERROR | trading.strategy2_live:_open_grid:657 | S2Live: failed to place limit order | {'symbol': 'ONUSDT', 'index': 1, 'price': 0.12, 'error': 'place_limit_order failed: retCode=110003 retMsg=price is invalid symbol=ONUSDT price=0.12 qty=810.42'}
2026-07-25 18:34:21 | ERROR | trading.strategy2_live:_open_grid:657 | S2Live: failed to place limit order | {'symbol': 'ONUSDT', 'index': 2, 'price': 0.12, 'error': 'place_limit_order failed: retCode=110003 retMsg=price is invalid symbol=ONUSDT price=0.12 qty=818.72'}
2026-07-25 18:34:26 | ERROR | trading.strategy2_live:_open_grid:657 | S2Live: failed to place limit order | {'symbol': 'ONUSDT', 'index': 1, 'price': 0.12, 'error': 'place_limit_order failed: retCode=110003 retMsg=price is invalid symbol=ONUSDT price=0.12 qty=810.42'}
2026-07-25 18:34:26 | ERROR | trading.strategy2_live:_open_grid:657 | S2Live: failed to place limit order | {'symbol': 'ONUSDT', 'index': 2, 'price': 0.12, 'error': 'place_limit_order failed: retCode=110003 retMsg=price is invalid symbol=ONUSDT price=0.12 qty=818.72'}
2026-07-25 18:34:32 | ERROR | trading.strategy2_live:_open_grid:657 | S2Live: failed to place limit order | {'symbol': 'ONUSDT', 'index': 1, 'price': 0.12, 'error': 'place_limit_order failed: retCode=110003 retMsg=price is invalid symbol=ONUSDT price=0.12 qty=810.42'}
2026-07-25 18:34:32 | ERROR | trading.strategy2_live:_open_grid:657 | S2Live: failed to place limit order | {'symbol': 'ONUSDT', 'index': 2, 'price': 0.12, 'error': 'place_limit_order failed: retCode=110003 retMsg=price is invalid symbol=ONUSDT price=0.12 qty=818.72'}
2026-07-25 18:34:36 | ERROR | trading.strategy2_live:_open_grid:657 | S2Live: failed to place limit order | {'symbol': 'ONUSDT', 'index': 1, 'price': 0.12, 'error': 'place_limit_order failed: retCode=110003 retMsg=price is invalid symbol=ONUSDT price=0.12 qty=810.42'}
2026-07-25 18:34:37 | ERROR | trading.strategy2_live:_open_grid:657 | S2Live: failed to place limit order | {'symbol': 'ONUSDT', 'index': 2, 'price': 0.12, 'error': 'place_limit_order failed: retCode=110003 retMsg=price is invalid symbol=ONUSDT price=0.12 qty=818.72'}
2026-07-25 18:34:42 | ERROR | trading.strategy2_live:_open_grid:657 | S2Live: failed to place limit order | {'symbol': 'ONUSDT', 'index': 1, 'price': 0.12, 'error': 'place_limit_order failed: retCode=110003 retMsg=price is invalid symbol=ONUSDT price=0.12 qty=810.42'}
2026-07-25 18:34:42 | ERROR | trading.strategy2_live:_open_grid:657 | S2Live: failed to place limit order | {'symbol': 'ONUSDT', 'index': 2, 'price': 0.12, 'error': 'place_limit_order failed: retCode=110003 retMsg=price is invalid symbol=ONUSDT price=0.12 qty=818.72'}
2026-07-25 18:34:47 | ERROR | trading.strategy2_live:_open_grid:657 | S2Live: failed to place limit order | {'symbol': 'ONUSDT', 'index': 1, 'price': 0.12, 'error': 'place_limit_order failed: retCode=110003 retMsg=price is invalid symbol=ONUSDT price=0.12 qty=810.42'}
2026-07-25 18:34:47 | ERROR | trading.strategy2_live:_open_grid:657 | S2Live: failed to place limit order | {'symbol': 'ONUSDT', 'index': 2, 'price': 0.12, 'error': 'place_limit_order failed: retCode=110003 retMsg=price is invalid symbol=ONUSDT price=0.12 qty=818.72'}
2026-07-25 18:34:52 | ERROR | trading.strategy2_live:_open_grid:657 | S2Live: failed to place limit order | {'symbol': 'ONUSDT', 'index': 1, 'price': 0.12, 'error': 'place_limit_order failed: retCode=110003 retMsg=price is invalid symbol=ONUSDT price=0.12 qty=810.42'}
2026-07-25 18:34:52 | ERROR | trading.strategy2_live:_open_grid:657 | S2Live: failed to place limit order | {'symbol': 'ONUSDT', 'index': 2, 'price': 0.12, 'error': 'place_limit_order failed: retCode=110003 retMsg=price is invalid symbol=ONUSDT price=0.12 qty=818.72'}
2026-07-25 18:34:57 | ERROR | trading.strategy2_live:_open_grid:657 | S2Live: failed to place limit order | {'symbol': 'ONUSDT', 'index': 1, 'price': 0.12, 'error': 'place_limit_order failed: retCode=110003 retMsg=price is invalid symbol=ONUSDT price=0.12 qty=810.42'}
2026-07-25 18:34:57 | ERROR | trading.strategy2_live:_open_grid:657 | S2Live: failed to place limit order | {'symbol': 'ONUSDT', 'index': 2, 'price': 0.12, 'error': 'place_limit_order failed: retCode=110003 retMsg=price is invalid symbol=ONUSDT price=0.12 qty=818.72'}
2026-07-25 18:35:02 | ERROR | trading.strategy2_live:_open_grid:657 | S2Live: failed to place limit order | {'symbol': 'ONUSDT', 'index': 1, 'price': 0.12, 'error': 'place_limit_order failed: retCode=110003 retMsg=price is invalid symbol=ONUSDT price=0.12 qty=810.42'}
2026-07-25 18:35:03 | ERROR | trading.strategy2_live:_open_grid:657 | S2Live: failed to place limit order | {'symbol': 'ONUSDT', 'index': 2, 'price': 0.12, 'error': 'place_limit_order failed: retCode=110003 retMsg=price is invalid symbol=ONUSDT price=0.12 qty=818.72'}
2026-07-25 18:35:08 | ERROR | trading.strategy2_live:_open_grid:657 | S2Live: failed to place limit order | {'symbol': 'ONUSDT', 'index': 1, 'price': 0.12, 'error': 'place_limit_order failed: retCode=110003 retMsg=price is invalid symbol=ONUSDT price=0.12 qty=810.42'}
2026-07-25 18:35:08 | ERROR | trading.strategy2_live:_open_grid:657 | S2Live: failed to place limit order | {'symbol': 'ONUSDT', 'index': 2, 'price': 0.12, 'error': 'place_limit_order failed: retCode=110003 retMsg=price is invalid symbol=ONUSDT price=0.12 qty=818.72'}
2026-07-25 18:35:13 | ERROR | trading.strategy2_live:_open_grid:657 | S2Live: failed to place limit order | {'symbol': 'ONUSDT', 'index': 1, 'price': 0.12, 'error': 'place_limit_order failed: retCode=110003 retMsg=price is invalid symbol=ONUSDT price=0.12 qty=810.42'}
2026-07-25 18:35:13 | ERROR | trading.strategy2_live:_open_grid:657 | S2Live: failed to place limit order | {'symbol': 'ONUSDT', 'index': 2, 'price': 0.12, 'error': 'place_limit_order failed: retCode=110003 retMsg=price is invalid symbol=ONUSDT price=0.12 qty=818.72'}
2026-07-25 18:35:18 | ERROR | trading.strategy2_live:_open_grid:657 | S2Live: failed to place limit order | {'symbol': 'ONUSDT', 'index': 1, 'price': 0.12, 'error': 'place_limit_order failed: retCode=110003 retMsg=price is invalid symbol=ONUSDT price=0.12 qty=810.42'}
2026-07-25 18:35:18 | ERROR | trading.strategy2_live:_open_grid:657 | S2Live: failed to place limit order | {'symbol': 'ONUSDT', 'index': 2, 'price': 0.12, 'error': 'place_limit_order failed: retCode=110003 retMsg=price is invalid symbol=ONUSDT price=0.12 qty=818.72'}
2026-07-25 18:35:23 | ERROR | trading.strategy2_live:_open_grid:657 | S2Live: failed to place limit order | {'symbol': 'ONUSDT', 'index': 1, 'price': 0.12, 'error': 'place_limit_order failed: retCode=110003 retMsg=price is invalid symbol=ONUSDT price=0.12 qty=810.42'}
2026-07-25 18:35:23 | ERROR | trading.strategy2_live:_open_grid:657 | S2Live: failed to place limit order | {'symbol': 'ONUSDT', 'index': 2, 'price': 0.12, 'error': 'place_limit_order failed: retCode=110003 retMsg=price is invalid symbol=ONUSDT price=0.12 qty=818.72'}
2026-07-25 18:35:28 | ERROR | trading.strategy2_live:_open_grid:657 | S2Live: failed to place limit order | {'symbol': 'ONUSDT', 'index': 1, 'price': 0.12, 'error': 'place_limit_order failed: retCode=110003 retMsg=price is invalid symbol=ONUSDT price=0.12 qty=810.42'}
2026-07-25 18:35:28 | ERROR | trading.strategy2_live:_open_grid:657 | S2Live: failed to place limit order | {'symbol': 'ONUSDT', 'index': 2, 'price': 0.12, 'error': 'place_limit_order failed: retCode=110003 retMsg=price is invalid symbol=ONUSDT price=0.12 qty=818.72'}
2026-07-25 18:35:33 | ERROR | trading.strategy2_live:_open_grid:657 | S2Live: failed to place limit order | {'symbol': 'ONUSDT', 'index': 1, 'price': 0.12, 'error': 'place_limit_order failed: retCode=110003 retMsg=price is invalid symbol=ONUSDT price=0.12 qty=810.42'}
2026-07-25 18:35:34 | ERROR | trading.strategy2_live:_open_grid:657 | S2Live: failed to place limit order | {'symbol': 'ONUSDT', 'index': 2, 'price': 0.12, 'error': 'place_limit_order failed: retCode=110003 retMsg=price is invalid symbol=ONUSDT price=0.12 qty=818.72'}
2026-07-25 18:35:39 | ERROR | trading.strategy2_live:_open_grid:657 | S2Live: failed to place limit order | {'symbol': 'ONUSDT', 'index': 1, 'price': 0.12, 'error': 'place_limit_order failed: retCode=110003 retMsg=price is invalid symbol=ONUSDT price=0.12 qty=810.42'}
2026-07-25 18:35:39 | ERROR | trading.strategy2_live:_open_grid:657 | S2Live: failed to place limit order | {'symbol': 'ONUSDT', 'index': 2, 'price': 0.12, 'error': 'place_limit_order failed: retCode=110003 retMsg=price is invalid symbol=ONUSDT price=0.12 qty=818.72'}
2026-07-25 18:35:44 | ERROR | trading.strategy2_live:_open_grid:657 | S2Live: failed to place limit order | {'symbol': 'ONUSDT', 'index': 1, 'price': 0.12, 'error': 'place_limit_order failed: retCode=110003 retMsg=price is invalid symbol=ONUSDT price=0.12 qty=810.42'}
2026-07-25 18:35:44 | ERROR | trading.strategy2_live:_open_grid:657 | S2Live: failed to place limit order | {'symbol': 'ONUSDT', 'index': 2, 'price': 0.12, 'error': 'place_limit_order failed: retCode=110003 retMsg=price is invalid symbol=ONUSDT price=0.12 qty=818.72'}
2026-07-25 18:35:49 | ERROR | trading.strategy2_live:_open_grid:657 | S2Live: failed to place limit order | {'symbol': 'ONUSDT', 'index': 1, 'price': 0.12, 'error': 'place_limit_order failed: retCode=110003 retMsg=price is invalid symbol=ONUSDT price=0.12 qty=810.42'}
2026-07-25 18:35:49 | ERROR | trading.strategy2_live:_open_grid:657 | S2Live: failed to place limit order | {'symbol': 'ONUSDT', 'index': 2, 'price': 0.12, 'error': 'place_limit_order failed: retCode=110003 retMsg=price is invalid symbol=ONUSDT price=0.12 qty=818.72'}
2026-07-25 18:35:54 | ERROR | trading.strategy2_live:_open_grid:657 | S2Live: failed to place limit order | {'symbol': 'ONUSDT', 'index': 1, 'price': 0.12, 'error': 'place_limit_order failed: retCode=110003 retMsg=price is invalid symbol=ONUSDT price=0.12 qty=810.42'}
2026-07-25 18:35:54 | ERROR | trading.strategy2_live:_open_grid:657 | S2Live: failed to place limit order | {'symbol': 'ONUSDT', 'index': 2, 'price': 0.12, 'error': 'place_limit_order failed: retCode=110003 retMsg=price is invalid symbol=ONUSDT price=0.12 qty=818.72'}
2026-07-25 18:35:59 | ERROR | trading.strategy2_live:_open_grid:657 | S2Live: failed to place limit order | {'symbol': 'ONUSDT', 'index': 1, 'price': 0.12, 'error': 'place_limit_order failed: retCode=110003 retMsg=price is invalid symbol=ONUSDT price=0.12 qty=810.42'}
2026-07-25 18:35:59 | ERROR | trading.strategy2_live:_open_grid:657 | S2Live: failed to place limit order | {'symbol': 'ONUSDT', 'index': 2, 'price': 0.12, 'error': 'place_limit_order failed: retCode=110003 retMsg=price is invalid symbol=ONUSDT price=0.12 qty=818.72'}
2026-07-25 18:36:04 | ERROR | trading.strategy2_live:_open_grid:657 | S2Live: failed to place limit order | {'symbol': 'ONUSDT', 'index': 1, 'price': 0.12, 'error': 'place_limit_order failed: retCode=110003 retMsg=price is invalid symbol=ONUSDT price=0.12 qty=810.42'}
2026-07-25 18:36:05 | ERROR | trading.strategy2_live:_open_grid:657 | S2Live: failed to place limit order | {'symbol': 'ONUSDT', 'index': 2, 'price': 0.12, 'error': 'place_limit_order failed: retCode=110003 retMsg=price is invalid symbol=ONUSDT price=0.12 qty=818.72'}
2026-07-25 18:36:09 | ERROR | trading.strategy2_live:_open_grid:657 | S2Live: failed to place limit order | {'symbol': 'ONUSDT', 'index': 1, 'price': 0.12, 'error': 'place_limit_order failed: retCode=110003 retMsg=price is invalid symbol=ONUSDT price=0.12 qty=810.42'}
2026-07-25 18:36:10 | ERROR | trading.strategy2_live:_open_grid:657 | S2Live: failed to place limit order | {'symbol': 'ONUSDT', 'index': 2, 'price': 0.12, 'error': 'place_limit_order failed: retCode=110003 retMsg=price is invalid symbol=ONUSDT price=0.12 qty=818.72'}
2026-07-25 18:36:15 | ERROR | trading.strategy2_live:_open_grid:657 | S2Live: failed to place limit order | {'symbol': 'ONUSDT', 'index': 1, 'price': 0.12, 'error': 'place_limit_order failed: retCode=110003 retMsg=price is invalid symbol=ONUSDT price=0.12 qty=810.42'}
2026-07-25 18:36:15 | ERROR | trading.strategy2_live:_open_grid:657 | S2Live: failed to place limit order | {'symbol': 'ONUSDT', 'index': 2, 'price': 0.12, 'error': 'place_limit_order failed: retCode=110003 retMsg=price is invalid symbol=ONUSDT price=0.12 qty=818.72'}
2026-07-25 18:36:20 | ERROR | trading.strategy2_live:_open_grid:657 | S2Live: failed to place limit order | {'symbol': 'ONUSDT', 'index': 1, 'price': 0.12, 'error': 'place_limit_order failed: retCode=110003 retMsg=price is invalid symbol=ONUSDT price=0.12 qty=810.42'}
2026-07-25 18:36:20 | ERROR | trading.strategy2_live:_open_grid:657 | S2Live: failed to place limit order | {'symbol': 'ONUSDT', 'index': 2, 'price': 0.12, 'error': 'place_limit_order failed: retCode=110003 retMsg=price is invalid symbol=ONUSDT price=0.12 qty=818.72'}
2026-07-25 18:36:25 | ERROR | trading.strategy2_live:_open_grid:657 | S2Live: failed to place limit order | {'symbol': 'ONUSDT', 'index': 1, 'price': 0.12, 'error': 'place_limit_order failed: retCode=110003 retMsg=price is invalid symbol=ONUSDT price=0.12 qty=810.42'}
2026-07-25 18:36:25 | ERROR | trading.strategy2_live:_open_grid:657 | S2Live: failed to place limit order | {'symbol': 'ONUSDT', 'index': 2, 'price': 0.12, 'error': 'place_limit_order failed: retCode=110003 retMsg=price is invalid symbol=ONUSDT price=0.12 qty=818.72'}
2026-07-25 18:36:30 | ERROR | trading.strategy2_live:_open_grid:657 | S2Live: failed to place limit order | {'symbol': 'ONUSDT', 'index': 1, 'price': 0.12, 'error': 'place_limit_order failed: retCode=110003 retMsg=price is invalid symbol=ONUSDT price=0.12 qty=810.42'}
2026-07-25 18:36:30 | ERROR | trading.strategy2_live:_open_grid:657 | S2Live: failed to place limit order | {'symbol': 'ONUSDT', 'index': 2, 'price': 0.12, 'error': 'place_limit_order failed: retCode=110003 retMsg=price is invalid symbol=ONUSDT price=0.12 qty=818.72'}
2026-07-25 18:36:35 | ERROR | trading.strategy2_live:_open_grid:657 | S2Live: failed to place limit order | {'symbol': 'ONUSDT', 'index': 1, 'price': 0.12, 'error': 'place_limit_order failed: retCode=110003 retMsg=price is invalid symbol=ONUSDT price=0.12 qty=810.42'}
2026-07-25 18:36:35 | ERROR | trading.strategy2_live:_open_grid:657 | S2Live: failed to place limit order | {'symbol': 'ONUSDT', 'index': 2, 'price': 0.12, 'error': 'place_limit_order failed: retCode=110003 retMsg=price is invalid symbol=ONUSDT price=0.12 qty=818.72'}
2026-07-25 18:36:40 | ERROR | trading.strategy2_live:_open_grid:657 | S2Live: failed to place limit order | {'symbol': 'ONUSDT', 'index': 1, 'price': 0.12, 'error': 'place_limit_order failed: retCode=110003 retMsg=price is invalid symbol=ONUSDT price=0.12 qty=810.42'}
2026-07-25 18:36:41 | ERROR | trading.strategy2_live:_open_grid:657 | S2Live: failed to place limit order | {'symbol': 'ONUSDT', 'index': 2, 'price': 0.12, 'error': 'place_limit_order failed: retCode=110003 retMsg=price is invalid symbol=ONUSDT price=0.12 qty=818.72'}
2026-07-25 18:36:46 | ERROR | trading.strategy2_live:_open_grid:657 | S2Live: failed to place limit order | {'symbol': 'ONUSDT', 'index': 1, 'price': 0.12, 'error': 'place_limit_order failed: retCode=110003 retMsg=price is invalid symbol=ONUSDT price=0.12 qty=810.42'}
2026-07-25 18:36:46 | ERROR | trading.strategy2_live:_open_grid:657 | S2Live: failed to place limit order | {'symbol': 'ONUSDT', 'index': 2, 'price': 0.12, 'error': 'place_limit_order failed: retCode=110003 retMsg=price is invalid symbol=ONUSDT price=0.12 qty=818.72'}
2026-07-25 18:36:51 | ERROR | trading.strategy2_live:_open_grid:657 | S2Live: failed to place limit order | {'symbol': 'ONUSDT', 'index': 1, 'price': 0.12, 'error': 'place_limit_order failed: retCode=110003 retMsg=price is invalid symbol=ONUSDT price=0.12 qty=810.42'}
2026-07-25 18:36:51 | ERROR | trading.strategy2_live:_open_grid:657 | S2Live: failed to place limit order | {'symbol': 'ONUSDT', 'index': 2, 'price': 0.12, 'error': 'place_limit_order failed: retCode=110003 retMsg=price is invalid symbol=ONUSDT price=0.12 qty=818.72'}
2026-07-25 18:36:56 | ERROR | trading.strategy2_live:_open_grid:657 | S2Live: failed to place limit order | {'symbol': 'ONUSDT', 'index': 1, 'price': 0.12, 'error': 'place_limit_order failed: retCode=110003 retMsg=price is invalid symbol=ONUSDT price=0.12 qty=810.42'}
2026-07-25 18:36:56 | ERROR | trading.strategy2_live:_open_grid:657 | S2Live: failed to place limit order | {'symbol': 'ONUSDT', 'index': 2, 'price': 0.12, 'error': 'place_limit_order failed: retCode=110003 retMsg=price is invalid symbol=ONUSDT price=0.12 qty=818.72'}
2026-07-25 18:37:01 | ERROR | trading.strategy2_live:_open_grid:657 | S2Live: failed to place limit order | {'symbol': 'ONUSDT', 'index': 1, 'price': 0.12, 'error': 'place_limit_order failed: retCode=110003 retMsg=price is invalid symbol=ONUSDT price=0.12 qty=810.42'}
2026-07-25 18:37:01 | ERROR | trading.strategy2_live:_open_grid:657 | S2Live: failed to place limit order | {'symbol': 'ONUSDT', 'index': 2, 'price': 0.12, 'error': 'place_limit_order failed: retCode=110003 retMsg=price is invalid symbol=ONUSDT price=0.12 qty=818.72'}
2026-07-25 18:37:07 | ERROR | trading.strategy2_live:_open_grid:657 | S2Live: failed to place limit order | {'symbol': 'ONUSDT', 'index': 1, 'price': 0.12, 'error': 'place_limit_order failed: retCode=110003 retMsg=price is invalid symbol=ONUSDT price=0.12 qty=810.42'}
2026-07-25 18:37:07 | ERROR | trading.strategy2_live:_open_grid:657 | S2Live: failed to place limit order | {'symbol': 'ONUSDT', 'index': 2, 'price': 0.12, 'error': 'place_limit_order failed: retCode=110003 retMsg=price is invalid symbol=ONUSDT price=0.12 qty=818.72'}
2026-07-25 18:37:12 | ERROR | trading.strategy2_live:_open_grid:657 | S2Live: failed to place limit order | {'symbol': 'ONUSDT', 'index': 1, 'price': 0.12, 'error': 'place_limit_order failed: retCode=110003 retMsg=price is invalid symbol=ONUSDT price=0.12 qty=810.42'}
2026-07-25 18:37:12 | ERROR | trading.strategy2_live:_open_grid:657 | S2Live: failed to place limit order | {'symbol': 'ONUSDT', 'index': 2, 'price': 0.12, 'error': 'place_limit_order failed: retCode=110003 retMsg=price is invalid symbol=ONUSDT price=0.12 qty=818.72'}
2026-07-25 18:37:17 | ERROR | trading.strategy2_live:_open_grid:657 | S2Live: failed to place limit order | {'symbol': 'ONUSDT', 'index': 1, 'price': 0.12, 'error': 'place_limit_order failed: retCode=110003 retMsg=price is invalid symbol=ONUSDT price=0.12 qty=810.42'}
2026-07-25 18:37:17 | ERROR | trading.strategy2_live:_open_grid:657 | S2Live: failed to place limit order | {'symbol': 'ONUSDT', 'index': 2, 'price': 0.12, 'error': 'place_limit_order failed: retCode=110003 retMsg=price is invalid symbol=ONUSDT price=0.12 qty=818.72'}
2026-07-25 18:37:22 | ERROR | trading.strategy2_live:_open_grid:657 | S2Live: failed to place limit order | {'symbol': 'ONUSDT', 'index': 1, 'price': 0.12, 'error': 'place_limit_order failed: retCode=110003 retMsg=price is invalid symbol=ONUSDT price=0.12 qty=810.42'}
2026-07-25 18:37:22 | ERROR | trading.strategy2_live:_open_grid:657 | S2Live: failed to place limit order | {'symbol': 'ONUSDT', 'index': 2, 'price': 0.12, 'error': 'place_limit_order failed: retCode=110003 retMsg=price is invalid symbol=ONUSDT price=0.12 qty=818.72'}
2026-07-25 18:37:27 | ERROR | trading.strategy2_live:_open_grid:657 | S2Live: failed to place limit order | {'symbol': 'ONUSDT', 'index': 1, 'price': 0.12, 'error': 'place_limit_order failed: retCode=110003 retMsg=price is invalid symbol=ONUSDT price=0.12 qty=810.42'}
2026-07-25 18:37:27 | ERROR | trading.strategy2_live:_open_grid:657 | S2Live: failed to place limit order | {'symbol': 'ONUSDT', 'index': 2, 'price': 0.12, 'error': 'place_limit_order failed: retCode=110003 retMsg=price is invalid symbol=ONUSDT price=0.12 qty=818.72'}
2026-07-25 18:37:32 | ERROR | trading.strategy2_live:_open_grid:657 | S2Live: failed to place limit order | {'symbol': 'ONUSDT', 'index': 1, 'price': 0.12, 'error': 'place_limit_order failed: retCode=110003 retMsg=price is invalid symbol=ONUSDT price=0.12 qty=810.42'}
2026-07-25 18:37:32 | ERROR | trading.strategy2_live:_open_grid:657 | S2Live: failed to place limit order | {'symbol': 'ONUSDT', 'index': 2, 'price': 0.12, 'error': 'place_limit_order failed: retCode=110003 retMsg=price is invalid symbol=ONUSDT price=0.12 qty=818.72'}
2026-07-25 18:40:02 | ERROR | trading.strategy2_live:_open_grid:657 | S2Live: failed to place limit order | {'symbol': 'ONUSDT', 'index': 1, 'price': 0.12, 'error': 'place_limit_order failed: retCode=110003 retMsg=price is invalid symbol=ONUSDT price=0.12 qty=810.42'}
2026-07-25 18:40:02 | ERROR | trading.strategy2_live:_open_grid:657 | S2Live: failed to place limit order | {'symbol': 'ONUSDT', 'index': 2, 'price': 0.12, 'error': 'place_limit_order failed: retCode=110003 retMsg=price is invalid symbol=ONUSDT price=0.12 qty=819.99'}
2026-07-25 18:40:07 | ERROR | trading.strategy2_live:_open_grid:657 | S2Live: failed to place limit order | {'symbol': 'ONUSDT', 'index': 1, 'price': 0.12, 'error': 'place_limit_order failed: retCode=110003 retMsg=price is invalid symbol=ONUSDT price=0.12 qty=810.42'}
2026-07-25 18:40:08 | ERROR | trading.strategy2_live:_open_grid:657 | S2Live: failed to place limit order | {'symbol': 'ONUSDT', 'index': 2, 'price': 0.12, 'error': 'place_limit_order failed: retCode=110003 retMsg=price is invalid symbol=ONUSDT price=0.12 qty=819.99'}
2026-07-25 18:40:13 | ERROR | trading.strategy2_live:_open_grid:657 | S2Live: failed to place limit order | {'symbol': 'ONUSDT', 'index': 1, 'price': 0.12, 'error': 'place_limit_order failed: retCode=110003 retMsg=price is invalid symbol=ONUSDT price=0.12 qty=810.42'}
2026-07-25 18:40:13 | ERROR | trading.strategy2_live:_open_grid:657 | S2Live: failed to place limit order | {'symbol': 'ONUSDT', 'index': 2, 'price': 0.12, 'error': 'place_limit_order failed: retCode=110003 retMsg=price is invalid symbol=ONUSDT price=0.12 qty=819.99'}
2026-07-25 18:42:06 | ERROR | trading.strategy2_live:_open_grid:657 | S2Live: failed to place limit order | {'symbol': 'ONUSDT', 'index': 1, 'price': 0.12, 'error': 'place_limit_order failed: retCode=110003 retMsg=price is invalid symbol=ONUSDT price=0.12 qty=810.42'}
2026-07-25 18:42:07 | ERROR | trading.strategy2_live:_open_grid:657 | S2Live: failed to place limit order | {'symbol': 'ONUSDT', 'index': 2, 'price': 0.12, 'error': 'place_limit_order failed: retCode=110003 retMsg=price is invalid symbol=ONUSDT price=0.12 qty=819.99'}
2026-07-25 18:42:12 | ERROR | trading.strategy2_live:_open_grid:657 | S2Live: failed to place limit order | {'symbol': 'ONUSDT', 'index': 1, 'price': 0.12, 'error': 'place_limit_order failed: retCode=110003 retMsg=price is invalid symbol=ONUSDT price=0.12 qty=810.42'}
2026-07-25 18:42:12 | ERROR | trading.strategy2_live:_open_grid:657 | S2Live: failed to place limit order | {'symbol': 'ONUSDT', 'index': 2, 'price': 0.12, 'error': 'place_limit_order failed: retCode=110003 retMsg=price is invalid symbol=ONUSDT price=0.12 qty=819.99'}
2026-07-25 18:42:17 | ERROR | trading.strategy2_live:_open_grid:657 | S2Live: failed to place limit order | {'symbol': 'ONUSDT', 'index': 1, 'price': 0.12, 'error': 'place_limit_order failed: retCode=110003 retMsg=price is invalid symbol=ONUSDT price=0.12 qty=810.42'}
2026-07-25 18:42:17 | ERROR | trading.strategy2_live:_open_grid:657 | S2Live: failed to place limit order | {'symbol': 'ONUSDT', 'index': 2, 'price': 0.12, 'error': 'place_limit_order failed: retCode=110003 retMsg=price is invalid symbol=ONUSDT price=0.12 qty=819.99'}
2026-07-25 18:42:22 | ERROR | trading.strategy2_live:_open_grid:657 | S2Live: failed to place limit order | {'symbol': 'ONUSDT', 'index': 1, 'price': 0.12, 'error': 'place_limit_order failed: retCode=110003 retMsg=price is invalid symbol=ONUSDT price=0.12 qty=810.42'}
2026-07-25 18:42:22 | ERROR | trading.strategy2_live:_open_grid:657 | S2Live: failed to place limit order | {'symbol': 'ONUSDT', 'index': 2, 'price': 0.12, 'error': 'place_limit_order failed: retCode=110003 retMsg=price is invalid symbol=ONUSDT price=0.12 qty=819.99'}
2026-07-25 18:42:27 | ERROR | trading.strategy2_live:_open_grid:657 | S2Live: failed to place limit order | {'symbol': 'ONUSDT', 'index': 1, 'price': 0.12, 'error': 'place_limit_order failed: retCode=110003 retMsg=price is invalid symbol=ONUSDT price=0.12 qty=810.42'}
2026-07-25 18:42:27 | ERROR | trading.strategy2_live:_open_grid:657 | S2Live: failed to place limit order | {'symbol': 'ONUSDT', 'index': 2, 'price': 0.12, 'error': 'place_limit_order failed: retCode=110003 retMsg=price is invalid symbol=ONUSDT price=0.12 qty=819.99'}
2026-07-25 18:42:32 | ERROR | trading.strategy2_live:_open_grid:657 | S2Live: failed to place limit order | {'symbol': 'ONUSDT', 'index': 1, 'price': 0.12, 'error': 'place_limit_order failed: retCode=110003 retMsg=price is invalid symbol=ONUSDT price=0.12 qty=810.42'}
2026-07-25 18:42:32 | ERROR | trading.strategy2_live:_open_grid:657 | S2Live: failed to place limit order | {'symbol': 'ONUSDT', 'index': 2, 'price': 0.12, 'error': 'place_limit_order failed: retCode=110003 retMsg=price is invalid symbol=ONUSDT price=0.12 qty=819.99'}
2026-07-25 18:42:38 | ERROR | trading.strategy2_live:_open_grid:657 | S2Live: failed to place limit order | {'symbol': 'ONUSDT', 'index': 1, 'price': 0.12, 'error': 'place_limit_order failed: retCode=110003 retMsg=price is invalid symbol=ONUSDT price=0.12 qty=810.42'}
2026-07-25 18:42:38 | ERROR | trading.strategy2_live:_open_grid:657 | S2Live: failed to place limit order | {'symbol': 'ONUSDT', 'index': 2, 'price': 0.12, 'error': 'place_limit_order failed: retCode=110003 retMsg=price is invalid symbol=ONUSDT price=0.12 qty=819.99'}
2026-07-25 18:42:43 | ERROR | trading.strategy2_live:_open_grid:657 | S2Live: failed to place limit order | {'symbol': 'ONUSDT', 'index': 1, 'price': 0.12, 'error': 'place_limit_order failed: retCode=110003 retMsg=price is invalid symbol=ONUSDT price=0.12 qty=810.42'}
2026-07-25 18:42:43 | ERROR | trading.strategy2_live:_open_grid:657 | S2Live: failed to place limit order | {'symbol': 'ONUSDT', 'index': 2, 'price': 0.12, 'error': 'place_limit_order failed: retCode=110003 retMsg=price is invalid symbol=ONUSDT price=0.12 qty=819.99'}
2026-07-25 18:42:48 | ERROR | trading.strategy2_live:_open_grid:657 | S2Live: failed to place limit order | {'symbol': 'ONUSDT', 'index': 1, 'price': 0.12, 'error': 'place_limit_order failed: retCode=110003 retMsg=price is invalid symbol=ONUSDT price=0.12 qty=810.42'}
2026-07-25 18:42:48 | ERROR | trading.strategy2_live:_open_grid:657 | S2Live: failed to place limit order | {'symbol': 'ONUSDT', 'index': 2, 'price': 0.12, 'error': 'place_limit_order failed: retCode=110003 retMsg=price is invalid symbol=ONUSDT price=0.12 qty=820.83'}
2026-07-25 18:42:53 | ERROR | trading.strategy2_live:_open_grid:657 | S2Live: failed to place limit order | {'symbol': 'ONUSDT', 'index': 1, 'price': 0.12, 'error': 'place_limit_order failed: retCode=110003 retMsg=price is invalid symbol=ONUSDT price=0.12 qty=810.42'}
2026-07-25 18:42:53 | ERROR | trading.strategy2_live:_open_grid:657 | S2Live: failed to place limit order | {'symbol': 'ONUSDT', 'index': 2, 'price': 0.12, 'error': 'place_limit_order failed: retCode=110003 retMsg=price is invalid symbol=ONUSDT price=0.12 qty=820.83'}
2026-07-25 18:42:58 | ERROR | trading.strategy2_live:_open_grid:657 | S2Live: failed to place limit order | {'symbol': 'ONUSDT', 'index': 1, 'price': 0.12, 'error': 'place_limit_order failed: retCode=110003 retMsg=price is invalid symbol=ONUSDT price=0.12 qty=810.42'}
2026-07-25 18:42:58 | ERROR | trading.strategy2_live:_open_grid:657 | S2Live: failed to place limit order | {'symbol': 'ONUSDT', 'index': 2, 'price': 0.12, 'error': 'place_limit_order failed: retCode=110003 retMsg=price is invalid symbol=ONUSDT price=0.12 qty=820.83'}
2026-07-25 18:43:03 | ERROR | trading.strategy2_live:_open_grid:657 | S2Live: failed to place limit order | {'symbol': 'ONUSDT', 'index': 1, 'price': 0.12, 'error': 'place_limit_order failed: retCode=110003 retMsg=price is invalid symbol=ONUSDT price=0.12 qty=810.42'}
2026-07-25 18:43:04 | ERROR | trading.strategy2_live:_open_grid:657 | S2Live: failed to place limit order | {'symbol': 'ONUSDT', 'index': 2, 'price': 0.12, 'error': 'place_limit_order failed: retCode=110003 retMsg=price is invalid symbol=ONUSDT price=0.12 qty=820.83'}
2026-07-25 18:43:09 | ERROR | trading.strategy2_live:_open_grid:657 | S2Live: failed to place limit order | {'symbol': 'ONUSDT', 'index': 1, 'price': 0.12, 'error': 'place_limit_order failed: retCode=110003 retMsg=price is invalid symbol=ONUSDT price=0.12 qty=810.42'}
2026-07-25 18:43:09 | ERROR | trading.strategy2_live:_open_grid:657 | S2Live: failed to place limit order | {'symbol': 'ONUSDT', 'index': 2, 'price': 0.12, 'error': 'place_limit_order failed: retCode=110003 retMsg=price is invalid symbol=ONUSDT price=0.12 qty=820.83'}
2026-07-25 18:43:14 | ERROR | trading.strategy2_live:_open_grid:657 | S2Live: failed to place limit order | {'symbol': 'ONUSDT', 'index': 1, 'price': 0.12, 'error': 'place_limit_order failed: retCode=110003 retMsg=price is invalid symbol=ONUSDT price=0.12 qty=810.42'}
2026-07-25 18:43:14 | ERROR | trading.strategy2_live:_open_grid:657 | S2Live: failed to place limit order | {'symbol': 'ONUSDT', 'index': 2, 'price': 0.12, 'error': 'place_limit_order failed: retCode=110003 retMsg=price is invalid symbol=ONUSDT price=0.12 qty=820.83'}
2026-07-25 18:43:19 | ERROR | trading.strategy2_live:_open_grid:657 | S2Live: failed to place limit order | {'symbol': 'ONUSDT', 'index': 1, 'price': 0.12, 'error': 'place_limit_order failed: retCode=110003 retMsg=price is invalid symbol=ONUSDT price=0.12 qty=810.42'}
2026-07-25 18:43:19 | ERROR | trading.strategy2_live:_open_grid:657 | S2Live: failed to place limit order | {'symbol': 'ONUSDT', 'index': 2, 'price': 0.12, 'error': 'place_limit_order failed: retCode=110003 retMsg=price is invalid symbol=ONUSDT price=0.12 qty=820.83'}
2026-07-25 18:43:24 | ERROR | trading.strategy2_live:_open_grid:657 | S2Live: failed to place limit order | {'symbol': 'ONUSDT', 'index': 1, 'price': 0.12, 'error': 'place_limit_order failed: retCode=110003 retMsg=price is invalid symbol=ONUSDT price=0.12 qty=810.42'}
2026-07-25 18:43:24 | ERROR | trading.strategy2_live:_open_grid:657 | S2Live: failed to place limit order | {'symbol': 'ONUSDT', 'index': 2, 'price': 0.12, 'error': 'place_limit_order failed: retCode=110003 retMsg=price is invalid symbol=ONUSDT price=0.12 qty=820.83'}
2026-07-25 18:43:29 | ERROR | trading.strategy2_live:_open_grid:657 | S2Live: failed to place limit order | {'symbol': 'ONUSDT', 'index': 1, 'price': 0.12, 'error': 'place_limit_order failed: retCode=110003 retMsg=price is invalid symbol=ONUSDT price=0.12 qty=810.42'}
2026-07-25 18:43:29 | ERROR | trading.strategy2_live:_open_grid:657 | S2Live: failed to place limit order | {'symbol': 'ONUSDT', 'index': 2, 'price': 0.12, 'error': 'place_limit_order failed: retCode=110003 retMsg=price is invalid symbol=ONUSDT price=0.12 qty=820.83'}
2026-07-25 18:43:34 | ERROR | trading.strategy2_live:_open_grid:657 | S2Live: failed to place limit order | {'symbol': 'ONUSDT', 'index': 1, 'price': 0.12, 'error': 'place_limit_order failed: retCode=110003 retMsg=price is invalid symbol=ONUSDT price=0.12 qty=810.42'}
2026-07-25 18:43:34 | ERROR | trading.strategy2_live:_open_grid:657 | S2Live: failed to place limit order | {'symbol': 'ONUSDT', 'index': 2, 'price': 0.12, 'error': 'place_limit_order failed: retCode=110003 retMsg=price is invalid symbol=ONUSDT price=0.12 qty=820.83'}
2026-07-25 18:43:39 | ERROR | trading.strategy2_live:_open_grid:657 | S2Live: failed to place limit order | {'symbol': 'ONUSDT', 'index': 1, 'price': 0.12, 'error': 'place_limit_order failed: retCode=110003 retMsg=price is invalid symbol=ONUSDT price=0.12 qty=810.42'}
2026-07-25 18:43:40 | ERROR | trading.strategy2_live:_open_grid:657 | S2Live: failed to place limit order | {'symbol': 'ONUSDT', 'index': 2, 'price': 0.12, 'error': 'place_limit_order failed: retCode=110003 retMsg=price is invalid symbol=ONUSDT price=0.12 qty=820.83'}
2026-07-25 18:43:45 | ERROR | trading.strategy2_live:_open_grid:657 | S2Live: failed to place limit order | {'symbol': 'ONUSDT', 'index': 1, 'price': 0.12, 'error': 'place_limit_order failed: retCode=110003 retMsg=price is invalid symbol=ONUSDT price=0.12 qty=810.42'}
2026-07-25 18:43:45 | ERROR | trading.strategy2_live:_open_grid:657 | S2Live: failed to place limit order | {'symbol': 'ONUSDT', 'index': 2, 'price': 0.12, 'error': 'place_limit_order failed: retCode=110003 retMsg=price is invalid symbol=ONUSDT price=0.12 qty=820.83'}
2026-07-25 18:43:50 | ERROR | trading.strategy2_live:_open_grid:657 | S2Live: failed to place limit order | {'symbol': 'ONUSDT', 'index': 1, 'price': 0.12, 'error': 'place_limit_order failed: retCode=110003 retMsg=price is invalid symbol=ONUSDT price=0.12 qty=810.42'}
2026-07-25 18:43:50 | ERROR | trading.strategy2_live:_open_grid:657 | S2Live: failed to place limit order | {'symbol': 'ONUSDT', 'index': 2, 'price': 0.12, 'error': 'place_limit_order failed: retCode=110003 retMsg=price is invalid symbol=ONUSDT price=0.12 qty=820.83'}
2026-07-25 18:43:55 | ERROR | trading.strategy2_live:_open_grid:657 | S2Live: failed to place limit order | {'symbol': 'ONUSDT', 'index': 1, 'price': 0.12, 'error': 'place_limit_order failed: retCode=110003 retMsg=price is invalid symbol=ONUSDT price=0.12 qty=810.42'}
2026-07-25 18:43:55 | ERROR | trading.strategy2_live:_open_grid:657 | S2Live: failed to place limit order | {'symbol': 'ONUSDT', 'index': 2, 'price': 0.12, 'error': 'place_limit_order failed: retCode=110003 retMsg=price is invalid symbol=ONUSDT price=0.12 qty=820.83'}
2026-07-25 18:44:00 | ERROR | trading.strategy2_live:_open_grid:657 | S2Live: failed to place limit order | {'symbol': 'ONUSDT', 'index': 1, 'price': 0.12, 'error': 'place_limit_order failed: retCode=110003 retMsg=price is invalid symbol=ONUSDT price=0.12 qty=810.42'}
2026-07-25 18:44:00 | ERROR | trading.strategy2_live:_open_grid:657 | S2Live: failed to place limit order | {'symbol': 'ONUSDT', 'index': 2, 'price': 0.12, 'error': 'place_limit_order failed: retCode=110003 retMsg=price is invalid symbol=ONUSDT price=0.12 qty=820.83'}
2026-07-25 18:44:05 | ERROR | trading.strategy2_live:_open_grid:657 | S2Live: failed to place limit order | {'symbol': 'ONUSDT', 'index': 1, 'price': 0.12, 'error': 'place_limit_order failed: retCode=110003 retMsg=price is invalid symbol=ONUSDT price=0.12 qty=810.42'}
2026-07-25 18:44:06 | ERROR | trading.strategy2_live:_open_grid:657 | S2Live: failed to place limit order | {'symbol': 'ONUSDT', 'index': 2, 'price': 0.12, 'error': 'place_limit_order failed: retCode=110003 retMsg=price is invalid symbol=ONUSDT price=0.12 qty=820.83'}
2026-07-25 18:44:10 | ERROR | trading.strategy2_live:_open_grid:657 | S2Live: failed to place limit order | {'symbol': 'ONUSDT', 'index': 1, 'price': 0.12, 'error': 'place_limit_order failed: retCode=110003 retMsg=price is invalid symbol=ONUSDT price=0.12 qty=810.42'}
2026-07-25 18:44:11 | ERROR | trading.strategy2_live:_open_grid:657 | S2Live: failed to place limit order | {'symbol': 'ONUSDT', 'index': 2, 'price': 0.12, 'error': 'place_limit_order failed: retCode=110003 retMsg=price is invalid symbol=ONUSDT price=0.12 qty=820.83'}
2026-07-25 18:44:16 | ERROR | trading.strategy2_live:_open_grid:657 | S2Live: failed to place limit order | {'symbol': 'ONUSDT', 'index': 1, 'price': 0.12, 'error': 'place_limit_order failed: retCode=110003 retMsg=price is invalid symbol=ONUSDT price=0.12 qty=810.42'}
2026-07-25 18:44:16 | ERROR | trading.strategy2_live:_open_grid:657 | S2Live: failed to place limit order | {'symbol': 'ONUSDT', 'index': 2, 'price': 0.12, 'error': 'place_limit_order failed: retCode=110003 retMsg=price is invalid symbol=ONUSDT price=0.12 qty=820.83'}
2026-07-25 18:44:21 | ERROR | trading.strategy2_live:_open_grid:657 | S2Live: failed to place limit order | {'symbol': 'ONUSDT', 'index': 1, 'price': 0.12, 'error': 'place_limit_order failed: retCode=110003 retMsg=price is invalid symbol=ONUSDT price=0.12 qty=810.42'}
2026-07-25 18:44:21 | ERROR | trading.strategy2_live:_open_grid:657 | S2Live: failed to place limit order | {'symbol': 'ONUSDT', 'index': 2, 'price': 0.12, 'error': 'place_limit_order failed: retCode=110003 retMsg=price is invalid symbol=ONUSDT price=0.12 qty=820.83'}
2026-07-25 18:44:26 | ERROR | trading.strategy2_live:_open_grid:657 | S2Live: failed to place limit order | {'symbol': 'ONUSDT', 'index': 1, 'price': 0.12, 'error': 'place_limit_order failed: retCode=110003 retMsg=price is invalid symbol=ONUSDT price=0.12 qty=810.42'}
2026-07-25 18:44:26 | ERROR | trading.strategy2_live:_open_grid:657 | S2Live: failed to place limit order | {'symbol': 'ONUSDT', 'index': 2, 'price': 0.12, 'error': 'place_limit_order failed: retCode=110003 retMsg=price is invalid symbol=ONUSDT price=0.12 qty=820.83'}
2026-07-25 18:44:31 | ERROR | trading.strategy2_live:_open_grid:657 | S2Live: failed to place limit order | {'symbol': 'ONUSDT', 'index': 1, 'price': 0.12, 'error': 'place_limit_order failed: retCode=110003 retMsg=price is invalid symbol=ONUSDT price=0.12 qty=810.42'}
2026-07-25 18:44:31 | ERROR | trading.strategy2_live:_open_grid:657 | S2Live: failed to place limit order | {'symbol': 'ONUSDT', 'index': 2, 'price': 0.12, 'error': 'place_limit_order failed: retCode=110003 retMsg=price is invalid symbol=ONUSDT price=0.12 qty=820.83'}
2026-07-25 18:44:36 | ERROR | trading.strategy2_live:_open_grid:657 | S2Live: failed to place limit order | {'symbol': 'ONUSDT', 'index': 1, 'price': 0.12, 'error': 'place_limit_order failed: retCode=110003 retMsg=price is invalid symbol=ONUSDT price=0.12 qty=810.42'}
2026-07-25 18:44:37 | ERROR | trading.strategy2_live:_open_grid:657 | S2Live: failed to place limit order | {'symbol': 'ONUSDT', 'index': 2, 'price': 0.12, 'error': 'place_limit_order failed: retCode=110003 retMsg=price is invalid symbol=ONUSDT price=0.12 qty=820.83'}
2026-07-25 18:44:42 | ERROR | trading.strategy2_live:_open_grid:657 | S2Live: failed to place limit order | {'symbol': 'ONUSDT', 'index': 1, 'price': 0.12, 'error': 'place_limit_order failed: retCode=110003 retMsg=price is invalid symbol=ONUSDT price=0.12 qty=810.42'}
2026-07-25 18:44:42 | ERROR | trading.strategy2_live:_open_grid:657 | S2Live: failed to place limit order | {'symbol': 'ONUSDT', 'index': 2, 'price': 0.12, 'error': 'place_limit_order failed: retCode=110003 retMsg=price is invalid symbol=ONUSDT price=0.12 qty=820.83'}
2026-07-25 18:44:47 | ERROR | trading.strategy2_live:_open_grid:657 | S2Live: failed to place limit order | {'symbol': 'ONUSDT', 'index': 1, 'price': 0.12, 'error': 'place_limit_order failed: retCode=110003 retMsg=price is invalid symbol=ONUSDT price=0.12 qty=810.42'}
2026-07-25 18:44:47 | ERROR | trading.strategy2_live:_open_grid:657 | S2Live: failed to place limit order | {'symbol': 'ONUSDT', 'index': 2, 'price': 0.12, 'error': 'place_limit_order failed: retCode=110003 retMsg=price is invalid symbol=ONUSDT price=0.12 qty=820.83'}
2026-07-25 18:44:52 | ERROR | trading.strategy2_live:_open_grid:657 | S2Live: failed to place limit order | {'symbol': 'ONUSDT', 'index': 1, 'price': 0.12, 'error': 'place_limit_order failed: retCode=110003 retMsg=price is invalid symbol=ONUSDT price=0.12 qty=810.42'}
2026-07-25 18:44:52 | ERROR | trading.strategy2_live:_open_grid:657 | S2Live: failed to place limit order | {'symbol': 'ONUSDT', 'index': 2, 'price': 0.12, 'error': 'place_limit_order failed: retCode=110003 retMsg=price is invalid symbol=ONUSDT price=0.12 qty=820.83'}
2026-07-25 18:44:57 | ERROR | trading.strategy2_live:_open_grid:657 | S2Live: failed to place limit order | {'symbol': 'ONUSDT', 'index': 1, 'price': 0.12, 'error': 'place_limit_order failed: retCode=110003 retMsg=price is invalid symbol=ONUSDT price=0.12 qty=810.42'}
2026-07-25 18:44:57 | ERROR | trading.strategy2_live:_open_grid:657 | S2Live: failed to place limit order | {'symbol': 'ONUSDT', 'index': 2, 'price': 0.12, 'error': 'place_limit_order failed: retCode=110003 retMsg=price is invalid symbol=ONUSDT price=0.12 qty=820.83'}
2026-07-25 18:45:02 | ERROR | trading.strategy2_live:_open_grid:657 | S2Live: failed to place limit order | {'symbol': 'ONUSDT', 'index': 1, 'price': 0.12, 'error': 'place_limit_order failed: retCode=110003 retMsg=price is invalid symbol=ONUSDT price=0.12 qty=810.42'}
2026-07-25 18:45:02 | ERROR | trading.strategy2_live:_open_grid:657 | S2Live: failed to place limit order | {'symbol': 'ONUSDT', 'index': 2, 'price': 0.12, 'error': 'place_limit_order failed: retCode=110003 retMsg=price is invalid symbol=ONUSDT price=0.12 qty=820.83'}
2026-07-25 18:45:07 | ERROR | trading.strategy2_live:_open_grid:657 | S2Live: failed to place limit order | {'symbol': 'ONUSDT', 'index': 1, 'price': 0.12, 'error': 'place_limit_order failed: retCode=110003 retMsg=price is invalid symbol=ONUSDT price=0.12 qty=810.42'}
2026-07-25 18:45:08 | ERROR | trading.strategy2_live:_open_grid:657 | S2Live: failed to place limit order | {'symbol': 'ONUSDT', 'index': 2, 'price': 0.12, 'error': 'place_limit_order failed: retCode=110003 retMsg=price is invalid symbol=ONUSDT price=0.12 qty=820.83'}
2026-07-25 18:45:13 | ERROR | trading.strategy2_live:_open_grid:657 | S2Live: failed to place limit order | {'symbol': 'ONUSDT', 'index': 1, 'price': 0.12, 'error': 'place_limit_order failed: retCode=110003 retMsg=price is invalid symbol=ONUSDT price=0.12 qty=810.42'}
2026-07-25 18:45:13 | ERROR | trading.strategy2_live:_open_grid:657 | S2Live: failed to place limit order | {'symbol': 'ONUSDT', 'index': 2, 'price': 0.12, 'error': 'place_limit_order failed: retCode=110003 retMsg=price is invalid symbol=ONUSDT price=0.12 qty=820.83'}
2026-07-25 18:45:18 | ERROR | trading.strategy2_live:_open_grid:657 | S2Live: failed to place limit order | {'symbol': 'ONUSDT', 'index': 1, 'price': 0.12, 'error': 'place_limit_order failed: retCode=110003 retMsg=price is invalid symbol=ONUSDT price=0.12 qty=810.42'}
2026-07-25 18:45:18 | ERROR | trading.strategy2_live:_open_grid:657 | S2Live: failed to place limit order | {'symbol': 'ONUSDT', 'index': 2, 'price': 0.12, 'error': 'place_limit_order failed: retCode=110003 retMsg=price is invalid symbol=ONUSDT price=0.12 qty=820.83'}
2026-07-25 18:45:23 | ERROR | trading.strategy2_live:_open_grid:657 | S2Live: failed to place limit order | {'symbol': 'ONUSDT', 'index': 1, 'price': 0.12, 'error': 'place_limit_order failed: retCode=110003 retMsg=price is invalid symbol=ONUSDT price=0.12 qty=810.42'}
2026-07-25 18:45:23 | ERROR | trading.strategy2_live:_open_grid:657 | S2Live: failed to place limit order | {'symbol': 'ONUSDT', 'index': 2, 'price': 0.12, 'error': 'place_limit_order failed: retCode=110003 retMsg=price is invalid symbol=ONUSDT price=0.12 qty=820.83'}
2026-07-25 18:45:28 | ERROR | trading.strategy2_live:_open_grid:657 | S2Live: failed to place limit order | {'symbol': 'ONUSDT', 'index': 1, 'price': 0.12, 'error': 'place_limit_order failed: retCode=110003 retMsg=price is invalid symbol=ONUSDT price=0.12 qty=810.42'}
2026-07-25 18:45:28 | ERROR | trading.strategy2_live:_open_grid:657 | S2Live: failed to place limit order | {'symbol': 'ONUSDT', 'index': 2, 'price': 0.12, 'error': 'place_limit_order failed: retCode=110003 retMsg=price is invalid symbol=ONUSDT price=0.12 qty=820.83'}
2026-07-25 18:45:33 | ERROR | trading.strategy2_live:_open_grid:657 | S2Live: failed to place limit order | {'symbol': 'ONUSDT', 'index': 1, 'price': 0.12, 'error': 'place_limit_order failed: retCode=110003 retMsg=price is invalid symbol=ONUSDT price=0.12 qty=810.42'}
2026-07-25 18:45:34 | ERROR | trading.strategy2_live:_open_grid:657 | S2Live: failed to place limit order | {'symbol': 'ONUSDT', 'index': 2, 'price': 0.12, 'error': 'place_limit_order failed: retCode=110003 retMsg=price is invalid symbol=ONUSDT price=0.12 qty=820.83'}
2026-07-25 18:45:38 | ERROR | trading.strategy2_live:_open_grid:657 | S2Live: failed to place limit order | {'symbol': 'ONUSDT', 'index': 1, 'price': 0.12, 'error': 'place_limit_order failed: retCode=110003 retMsg=price is invalid symbol=ONUSDT price=0.12 qty=810.42'}
2026-07-25 18:45:39 | ERROR | trading.strategy2_live:_open_grid:657 | S2Live: failed to place limit order | {'symbol': 'ONUSDT', 'index': 2, 'price': 0.12, 'error': 'place_limit_order failed: retCode=110003 retMsg=price is invalid symbol=ONUSDT price=0.12 qty=820.83'}
2026-07-25 18:45:44 | ERROR | trading.strategy2_live:_open_grid:657 | S2Live: failed to place limit order | {'symbol': 'ONUSDT', 'index': 1, 'price': 0.12, 'error': 'place_limit_order failed: retCode=110003 retMsg=price is invalid symbol=ONUSDT price=0.12 qty=810.42'}
2026-07-25 18:45:44 | ERROR | trading.strategy2_live:_open_grid:657 | S2Live: failed to place limit order | {'symbol': 'ONUSDT', 'index': 2, 'price': 0.12, 'error': 'place_limit_order failed: retCode=110003 retMsg=price is invalid symbol=ONUSDT price=0.12 qty=820.83'}
2026-07-25 18:45:49 | ERROR | trading.strategy2_live:_open_grid:657 | S2Live: failed to place limit order | {'symbol': 'ONUSDT', 'index': 1, 'price': 0.12, 'error': 'place_limit_order failed: retCode=110003 retMsg=price is invalid symbol=ONUSDT price=0.12 qty=810.42'}
2026-07-25 18:45:49 | ERROR | trading.strategy2_live:_open_grid:657 | S2Live: failed to place limit order | {'symbol': 'ONUSDT', 'index': 2, 'price': 0.12, 'error': 'place_limit_order failed: retCode=110003 retMsg=price is invalid symbol=ONUSDT price=0.12 qty=820.83'}
2026-07-25 18:45:54 | ERROR | trading.strategy2_live:_open_grid:657 | S2Live: failed to place limit order | {'symbol': 'ONUSDT', 'index': 1, 'price': 0.12, 'error': 'place_limit_order failed: retCode=110003 retMsg=price is invalid symbol=ONUSDT price=0.12 qty=810.42'}
2026-07-25 18:45:54 | ERROR | trading.strategy2_live:_open_grid:657 | S2Live: failed to place limit order | {'symbol': 'ONUSDT', 'index': 2, 'price': 0.12, 'error': 'place_limit_order failed: retCode=110003 retMsg=price is invalid symbol=ONUSDT price=0.12 qty=820.83'}
2026-07-25 18:45:59 | ERROR | trading.strategy2_live:_open_grid:657 | S2Live: failed to place limit order | {'symbol': 'ONUSDT', 'index': 1, 'price': 0.12, 'error': 'place_limit_order failed: retCode=110003 retMsg=price is invalid symbol=ONUSDT price=0.12 qty=810.42'}
2026-07-25 18:45:59 | ERROR | trading.strategy2_live:_open_grid:657 | S2Live: failed to place limit order | {'symbol': 'ONUSDT', 'index': 2, 'price': 0.12, 'error': 'place_limit_order failed: retCode=110003 retMsg=price is invalid symbol=ONUSDT price=0.12 qty=820.83'}
2026-07-25 18:46:04 | ERROR | trading.strategy2_live:_open_grid:657 | S2Live: failed to place limit order | {'symbol': 'ONUSDT', 'index': 1, 'price': 0.12, 'error': 'place_limit_order failed: retCode=110003 retMsg=price is invalid symbol=ONUSDT price=0.12 qty=810.42'}
2026-07-25 18:46:05 | ERROR | trading.strategy2_live:_open_grid:657 | S2Live: failed to place limit order | {'symbol': 'ONUSDT', 'index': 2, 'price': 0.12, 'error': 'place_limit_order failed: retCode=110003 retMsg=price is invalid symbol=ONUSDT price=0.12 qty=820.83'}
2026-07-25 18:46:09 | ERROR | trading.strategy2_live:_open_grid:657 | S2Live: failed to place limit order | {'symbol': 'ONUSDT', 'index': 1, 'price': 0.12, 'error': 'place_limit_order failed: retCode=110003 retMsg=price is invalid symbol=ONUSDT price=0.12 qty=810.42'}
2026-07-25 18:46:10 | ERROR | trading.strategy2_live:_open_grid:657 | S2Live: failed to place limit order | {'symbol': 'ONUSDT', 'index': 2, 'price': 0.12, 'error': 'place_limit_order failed: retCode=110003 retMsg=price is invalid symbol=ONUSDT price=0.12 qty=820.83'}
2026-07-25 18:46:15 | ERROR | trading.strategy2_live:_open_grid:657 | S2Live: failed to place limit order | {'symbol': 'ONUSDT', 'index': 1, 'price': 0.12, 'error': 'place_limit_order failed: retCode=110003 retMsg=price is invalid symbol=ONUSDT price=0.12 qty=810.42'}
2026-07-25 18:46:15 | ERROR | trading.strategy2_live:_open_grid:657 | S2Live: failed to place limit order | {'symbol': 'ONUSDT', 'index': 2, 'price': 0.12, 'error': 'place_limit_order failed: retCode=110003 retMsg=price is invalid symbol=ONUSDT price=0.12 qty=820.83'}
2026-07-25 18:46:20 | ERROR | trading.strategy2_live:_open_grid:657 | S2Live: failed to place limit order | {'symbol': 'ONUSDT', 'index': 1, 'price': 0.12, 'error': 'place_limit_order failed: retCode=110003 retMsg=price is invalid symbol=ONUSDT price=0.12 qty=810.42'}
2026-07-25 18:46:20 | ERROR | trading.strategy2_live:_open_grid:657 | S2Live: failed to place limit order | {'symbol': 'ONUSDT', 'index': 2, 'price': 0.12, 'error': 'place_limit_order failed: retCode=110003 retMsg=price is invalid symbol=ONUSDT price=0.12 qty=820.83'}
2026-07-25 18:46:25 | ERROR | trading.strategy2_live:_open_grid:657 | S2Live: failed to place limit order | {'symbol': 'ONUSDT', 'index': 1, 'price': 0.12, 'error': 'place_limit_order failed: retCode=110003 retMsg=price is invalid symbol=ONUSDT price=0.12 qty=810.42'}
2026-07-25 18:46:25 | ERROR | trading.strategy2_live:_open_grid:657 | S2Live: failed to place limit order | {'symbol': 'ONUSDT', 'index': 2, 'price': 0.12, 'error': 'place_limit_order failed: retCode=110003 retMsg=price is invalid symbol=ONUSDT price=0.12 qty=820.83'}
2026-07-25 18:46:30 | ERROR | trading.strategy2_live:_open_grid:657 | S2Live: failed to place limit order | {'symbol': 'ONUSDT', 'index': 1, 'price': 0.12, 'error': 'place_limit_order failed: retCode=110003 retMsg=price is invalid symbol=ONUSDT price=0.12 qty=810.42'}
2026-07-25 18:46:30 | ERROR | trading.strategy2_live:_open_grid:657 | S2Live: failed to place limit order | {'symbol': 'ONUSDT', 'index': 2, 'price': 0.12, 'error': 'place_limit_order failed: retCode=110003 retMsg=price is invalid symbol=ONUSDT price=0.12 qty=820.83'}
2026-07-25 19:09:21 | ERROR | trading.strategy2_live:_open_grid:787 | S2Live: failed to place SL order | {'symbol': 'DEXEUSDT', 'trade_id': '0aece2fc-1e90-4a1c-a18e-ad91d7cae697', 'error': 'place_stop_market_order failed: retCode=10001 retMsg=Qty invalid symbol=DEXEUSDT trigger=4.017'}
2026-07-26 03:43:14 | ERROR | trading.strategy2_live:_open_grid:657 | S2Live: failed to place limit order | {'symbol': 'ONUSDT', 'index': 1, 'price': 0.13, 'error': 'place_limit_order failed: retCode=110003 retMsg=price is invalid symbol=ONUSDT price=0.13 qty=788.54'}
2026-07-26 03:43:15 | ERROR | trading.strategy2_live:_open_grid:657 | S2Live: failed to place limit order | {'symbol': 'ONUSDT', 'index': 2, 'price': 0.13, 'error': 'place_limit_order failed: retCode=110003 retMsg=price is invalid symbol=ONUSDT price=0.13 qty=795.49'}
2026-07-26 03:43:30 | ERROR | trading.strategy2_live:_open_grid:657 | S2Live: failed to place limit order | {'symbol': 'ONUSDT', 'index': 1, 'price': 0.13, 'error': 'place_limit_order failed: retCode=110003 retMsg=price is invalid symbol=ONUSDT price=0.13 qty=788.54'}
2026-07-26 03:43:30 | ERROR | trading.strategy2_live:_open_grid:657 | S2Live: failed to place limit order | {'symbol': 'ONUSDT', 'index': 2, 'price': 0.13, 'error': 'place_limit_order failed: retCode=110003 retMsg=price is invalid symbol=ONUSDT price=0.13 qty=795.55'}
2026-07-26 03:44:01 | ERROR | trading.strategy2_live:_open_grid:657 | S2Live: failed to place limit order | {'symbol': 'ONUSDT', 'index': 1, 'price': 0.13, 'error': 'place_limit_order failed: retCode=110003 retMsg=price is invalid symbol=ONUSDT price=0.13 qty=788.54'}
2026-07-26 03:44:01 | ERROR | trading.strategy2_live:_open_grid:657 | S2Live: failed to place limit order | {'symbol': 'ONUSDT', 'index': 2, 'price': 0.13, 'error': 'place_limit_order failed: retCode=110003 retMsg=price is invalid symbol=ONUSDT price=0.13 qty=795.73'}
2026-07-26 03:44:16 | ERROR | trading.strategy2_live:_open_grid:657 | S2Live: failed to place limit order | {'symbol': 'ONUSDT', 'index': 1, 'price': 0.13, 'error': 'place_limit_order failed: retCode=110003 retMsg=price is invalid symbol=ONUSDT price=0.13 qty=788.54'}
2026-07-26 03:44:16 | ERROR | trading.strategy2_live:_open_grid:657 | S2Live: failed to place limit order | {'symbol': 'ONUSDT', 'index': 2, 'price': 0.13, 'error': 'place_limit_order failed: retCode=110003 retMsg=price is invalid symbol=ONUSDT price=0.13 qty=794.62'}
2026-07-26 03:44:32 | ERROR | trading.strategy2_live:_open_grid:657 | S2Live: failed to place limit order | {'symbol': 'ONUSDT', 'index': 1, 'price': 0.13, 'error': 'place_limit_order failed: retCode=110003 retMsg=price is invalid symbol=ONUSDT price=0.13 qty=788.54'}
2026-07-26 03:44:32 | ERROR | trading.strategy2_live:_open_grid:657 | S2Live: failed to place limit order | {'symbol': 'ONUSDT', 'index': 2, 'price': 0.13, 'error': 'place_limit_order failed: retCode=110003 retMsg=price is invalid symbol=ONUSDT price=0.13 qty=794.7'}
2026-07-26 03:44:47 | ERROR | trading.strategy2_live:_open_grid:657 | S2Live: failed to place limit order | {'symbol': 'ONUSDT', 'index': 1, 'price': 0.13, 'error': 'place_limit_order failed: retCode=110003 retMsg=price is invalid symbol=ONUSDT price=0.13 qty=788.54'}
2026-07-26 03:44:47 | ERROR | trading.strategy2_live:_open_grid:657 | S2Live: failed to place limit order | {'symbol': 'ONUSDT', 'index': 2, 'price': 0.13, 'error': 'place_limit_order failed: retCode=110003 retMsg=price is invalid symbol=ONUSDT price=0.13 qty=794.72'}
2026-07-26 03:45:28 | ERROR | trading.strategy2_live:_open_grid:657 | S2Live: failed to place limit order | {'symbol': 'ONUSDT', 'index': 1, 'price': 0.13, 'error': 'place_limit_order failed: retCode=110003 retMsg=price is invalid symbol=ONUSDT price=0.13 qty=788.54'}
2026-07-26 03:45:29 | ERROR | trading.strategy2_live:_open_grid:657 | S2Live: failed to place limit order | {'symbol': 'ONUSDT', 'index': 2, 'price': 0.13, 'error': 'place_limit_order failed: retCode=110003 retMsg=price is invalid symbol=ONUSDT price=0.13 qty=795.07'}
2026-07-26 03:45:44 | ERROR | trading.strategy2_live:_open_grid:657 | S2Live: failed to place limit order | {'symbol': 'ONUSDT', 'index': 1, 'price': 0.13, 'error': 'place_limit_order failed: retCode=110003 retMsg=price is invalid symbol=ONUSDT price=0.13 qty=788.54'}
2026-07-26 03:45:44 | ERROR | trading.strategy2_live:_open_grid:657 | S2Live: failed to place limit order | {'symbol': 'ONUSDT', 'index': 2, 'price': 0.13, 'error': 'place_limit_order failed: retCode=110003 retMsg=price is invalid symbol=ONUSDT price=0.13 qty=795.08'}
2026-07-26 03:45:59 | ERROR | trading.strategy2_live:_open_grid:657 | S2Live: failed to place limit order | {'symbol': 'ONUSDT', 'index': 1, 'price': 0.13, 'error': 'place_limit_order failed: retCode=110003 retMsg=price is invalid symbol=ONUSDT price=0.13 qty=788.54'}
2026-07-26 03:46:00 | ERROR | trading.strategy2_live:_open_grid:657 | S2Live: failed to place limit order | {'symbol': 'ONUSDT', 'index': 2, 'price': 0.13, 'error': 'place_limit_order failed: retCode=110003 retMsg=price is invalid symbol=ONUSDT price=0.13 qty=795.39'}
2026-07-26 03:46:15 | ERROR | trading.strategy2_live:_open_grid:657 | S2Live: failed to place limit order | {'symbol': 'ONUSDT', 'index': 1, 'price': 0.13, 'error': 'place_limit_order failed: retCode=110003 retMsg=price is invalid symbol=ONUSDT price=0.13 qty=788.54'}
2026-07-26 03:46:15 | ERROR | trading.strategy2_live:_open_grid:657 | S2Live: failed to place limit order | {'symbol': 'ONUSDT', 'index': 2, 'price': 0.13, 'error': 'place_limit_order failed: retCode=110003 retMsg=price is invalid symbol=ONUSDT price=0.13 qty=795.3'}
2026-07-26 03:46:30 | ERROR | trading.strategy2_live:_open_grid:657 | S2Live: failed to place limit order | {'symbol': 'ONUSDT', 'index': 1, 'price': 0.13, 'error': 'place_limit_order failed: retCode=110003 retMsg=price is invalid symbol=ONUSDT price=0.13 qty=788.54'}
2026-07-26 03:46:30 | ERROR | trading.strategy2_live:_open_grid:657 | S2Live: failed to place limit order | {'symbol': 'ONUSDT', 'index': 2, 'price': 0.13, 'error': 'place_limit_order failed: retCode=110003 retMsg=price is invalid symbol=ONUSDT price=0.13 qty=795.55'}
2026-07-26 03:46:46 | ERROR | trading.strategy2_live:_open_grid:657 | S2Live: failed to place limit order | {'symbol': 'ONUSDT', 'index': 1, 'price': 0.13, 'error': 'place_limit_order failed: retCode=110003 retMsg=price is invalid symbol=ONUSDT price=0.13 qty=788.54'}
2026-07-26 03:46:46 | ERROR | trading.strategy2_live:_open_grid:657 | S2Live: failed to place limit order | {'symbol': 'ONUSDT', 'index': 2, 'price': 0.13, 'error': 'place_limit_order failed: retCode=110003 retMsg=price is invalid symbol=ONUSDT price=0.13 qty=795.55'}
2026-07-26 03:47:01 | ERROR | trading.strategy2_live:_open_grid:657 | S2Live: failed to place limit order | {'symbol': 'ONUSDT', 'index': 1, 'price': 0.13, 'error': 'place_limit_order failed: retCode=110003 retMsg=price is invalid symbol=ONUSDT price=0.13 qty=788.54'}
2026-07-26 03:47:01 | ERROR | trading.strategy2_live:_open_grid:657 | S2Live: failed to place limit order | {'symbol': 'ONUSDT', 'index': 2, 'price': 0.13, 'error': 'place_limit_order failed: retCode=110003 retMsg=price is invalid symbol=ONUSDT price=0.13 qty=795.55'}
2026-07-26 03:47:17 | ERROR | trading.strategy2_live:_open_grid:657 | S2Live: failed to place limit order | {'symbol': 'ONUSDT', 'index': 1, 'price': 0.13, 'error': 'place_limit_order failed: retCode=110003 retMsg=price is invalid symbol=ONUSDT price=0.13 qty=788.54'}
2026-07-26 03:47:17 | ERROR | trading.strategy2_live:_open_grid:657 | S2Live: failed to place limit order | {'symbol': 'ONUSDT', 'index': 2, 'price': 0.13, 'error': 'place_limit_order failed: retCode=110003 retMsg=price is invalid symbol=ONUSDT price=0.13 qty=794.7'}
2026-07-26 03:47:32 | ERROR | trading.strategy2_live:_open_grid:657 | S2Live: failed to place limit order | {'symbol': 'ONUSDT', 'index': 1, 'price': 0.13, 'error': 'place_limit_order failed: retCode=110003 retMsg=price is invalid symbol=ONUSDT price=0.13 qty=788.54'}
2026-07-26 03:47:32 | ERROR | trading.strategy2_live:_open_grid:657 | S2Live: failed to place limit order | {'symbol': 'ONUSDT', 'index': 2, 'price': 0.13, 'error': 'place_limit_order failed: retCode=110003 retMsg=price is invalid symbol=ONUSDT price=0.13 qty=794.74'}
2026-07-26 03:47:48 | ERROR | trading.strategy2_live:_open_grid:657 | S2Live: failed to place limit order | {'symbol': 'ONUSDT', 'index': 1, 'price': 0.13, 'error': 'place_limit_order failed: retCode=110003 retMsg=price is invalid symbol=ONUSDT price=0.13 qty=788.54'}
2026-07-26 03:47:48 | ERROR | trading.strategy2_live:_open_grid:657 | S2Live: failed to place limit order | {'symbol': 'ONUSDT', 'index': 2, 'price': 0.13, 'error': 'place_limit_order failed: retCode=110003 retMsg=price is invalid symbol=ONUSDT price=0.13 qty=794.74'}
2026-07-26 03:48:03 | ERROR | trading.strategy2_live:_open_grid:657 | S2Live: failed to place limit order | {'symbol': 'ONUSDT', 'index': 1, 'price': 0.13, 'error': 'place_limit_order failed: retCode=110003 retMsg=price is invalid symbol=ONUSDT price=0.13 qty=788.54'}
2026-07-26 03:48:03 | ERROR | trading.strategy2_live:_open_grid:657 | S2Live: failed to place limit order | {'symbol': 'ONUSDT', 'index': 2, 'price': 0.13, 'error': 'place_limit_order failed: retCode=110003 retMsg=price is invalid symbol=ONUSDT price=0.13 qty=794.74'}
2026-07-26 03:48:19 | ERROR | trading.strategy2_live:_open_grid:657 | S2Live: failed to place limit order | {'symbol': 'ONUSDT', 'index': 1, 'price': 0.13, 'error': 'place_limit_order failed: retCode=110003 retMsg=price is invalid symbol=ONUSDT price=0.13 qty=788.54'}
2026-07-26 03:48:19 | ERROR | trading.strategy2_live:_open_grid:657 | S2Live: failed to place limit order | {'symbol': 'ONUSDT', 'index': 2, 'price': 0.13, 'error': 'place_limit_order failed: retCode=110003 retMsg=price is invalid symbol=ONUSDT price=0.13 qty=794.48'}
2026-07-26 03:49:00 | ERROR | trading.strategy2_live:_open_grid:657 | S2Live: failed to place limit order | {'symbol': 'ONUSDT', 'index': 1, 'price': 0.13, 'error': 'place_limit_order failed: retCode=110003 retMsg=price is invalid symbol=ONUSDT price=0.13 qty=788.54'}
2026-07-26 03:49:00 | ERROR | trading.strategy2_live:_open_grid:657 | S2Live: failed to place limit order | {'symbol': 'ONUSDT', 'index': 2, 'price': 0.13, 'error': 'place_limit_order failed: retCode=110003 retMsg=price is invalid symbol=ONUSDT price=0.13 qty=794.95'}
2026-07-26 03:49:31 | ERROR | trading.strategy2_live:_open_grid:657 | S2Live: failed to place limit order | {'symbol': 'ONUSDT', 'index': 1, 'price': 0.13, 'error': 'place_limit_order failed: retCode=110003 retMsg=price is invalid symbol=ONUSDT price=0.13 qty=788.54'}
2026-07-26 03:49:31 | ERROR | trading.strategy2_live:_open_grid:657 | S2Live: failed to place limit order | {'symbol': 'ONUSDT', 'index': 2, 'price': 0.13, 'error': 'place_limit_order failed: retCode=110003 retMsg=price is invalid symbol=ONUSDT price=0.13 qty=794.59'}
2026-07-26 03:49:46 | ERROR | trading.strategy2_live:_open_grid:657 | S2Live: failed to place limit order | {'symbol': 'ONUSDT', 'index': 1, 'price': 0.13, 'error': 'place_limit_order failed: retCode=110003 retMsg=price is invalid symbol=ONUSDT price=0.13 qty=788.54'}
2026-07-26 03:49:46 | ERROR | trading.strategy2_live:_open_grid:657 | S2Live: failed to place limit order | {'symbol': 'ONUSDT', 'index': 2, 'price': 0.13, 'error': 'place_limit_order failed: retCode=110003 retMsg=price is invalid symbol=ONUSDT price=0.13 qty=794.82'}
2026-07-26 03:50:02 | ERROR | trading.strategy2_live:_open_grid:657 | S2Live: failed to place limit order | {'symbol': 'ONUSDT', 'index': 1, 'price': 0.13, 'error': 'place_limit_order failed: retCode=110003 retMsg=price is invalid symbol=ONUSDT price=0.13 qty=788.54'}
2026-07-26 03:50:02 | ERROR | trading.strategy2_live:_open_grid:657 | S2Live: failed to place limit order | {'symbol': 'ONUSDT', 'index': 2, 'price': 0.13, 'error': 'place_limit_order failed: retCode=110003 retMsg=price is invalid symbol=ONUSDT price=0.13 qty=794.82'}
2026-07-26 04:43:12 | WARNING | trading.bybit_client:cancel_order:247 | bybit cancel_order unexpected response | {'symbol': 'BANKUSDT', 'order_id': '1d02cb6e-d9a7-4db9-868f-cad89aa930c3', 'resp': {'retCode': 110001, 'retMsg': 'order not exists or too late to cancel', 'result': {}, 'retExtInfo': {}, 'time': 1785040992241}}
2026-07-26 04:43:14 | WARNING | trading.strategy2_live:_realized_pnl_from_executions:1888 | S2Live: buy/sell qty mismatch on close — PnL booked on matched qty only, remainder left for reconcile | {'trade_id': '9c4ee65d-3efa-4c5f-bbb4-19de4bd76318', 'symbol': 'BANKUSDT', 'buy_qty': 270.0, 'sell_qty': 130.0, 'matched_qty': 130.0}
2026-07-26 05:08:53 | ERROR | trading.strategy2_live:_open_grid:657 | S2Live: failed to place limit order | {'symbol': 'ONUSDT', 'index': 1, 'price': 0.12, 'error': 'place_limit_order failed: retCode=110003 retMsg=price is invalid symbol=ONUSDT price=0.12 qty=828.36'}
2026-07-26 05:08:54 | ERROR | trading.strategy2_live:_open_grid:657 | S2Live: failed to place limit order | {'symbol': 'ONUSDT', 'index': 2, 'price': 0.12, 'error': 'place_limit_order failed: retCode=110003 retMsg=price is invalid symbol=ONUSDT price=0.12 qty=840.56'}
2026-07-26 05:08:57 | ERROR | trading.strategy2_live:_open_grid:657 | S2Live: failed to place limit order | {'symbol': 'ONUSDT', 'index': 1, 'price': 0.12, 'error': 'place_limit_order failed: retCode=110003 retMsg=price is invalid symbol=ONUSDT price=0.12 qty=828.36'}
2026-07-26 05:08:57 | ERROR | trading.strategy2_live:_open_grid:657 | S2Live: failed to place limit order | {'symbol': 'ONUSDT', 'index': 2, 'price': 0.12, 'error': 'place_limit_order failed: retCode=110003 retMsg=price is invalid symbol=ONUSDT price=0.12 qty=840.56'}
2026-07-26 05:08:58 | ERROR | trading.strategy2_live:_open_grid:657 | S2Live: failed to place limit order | {'symbol': 'ONUSDT', 'index': 1, 'price': 0.12, 'error': 'place_limit_order failed: retCode=110003 retMsg=price is invalid symbol=ONUSDT price=0.12 qty=828.36'}
2026-07-26 05:08:59 | ERROR | trading.strategy2_live:_open_grid:657 | S2Live: failed to place limit order | {'symbol': 'ONUSDT', 'index': 2, 'price': 0.12, 'error': 'place_limit_order failed: retCode=110003 retMsg=price is invalid symbol=ONUSDT price=0.12 qty=840.56'}
2026-07-26 05:09:03 | ERROR | trading.strategy2_live:_open_grid:657 | S2Live: failed to place limit order | {'symbol': 'ONUSDT', 'index': 1, 'price': 0.12, 'error': 'place_limit_order failed: retCode=110003 retMsg=price is invalid symbol=ONUSDT price=0.12 qty=828.36'}
2026-07-26 05:09:04 | ERROR | trading.strategy2_live:_open_grid:657 | S2Live: failed to place limit order | {'symbol': 'ONUSDT', 'index': 2, 'price': 0.12, 'error': 'place_limit_order failed: retCode=110003 retMsg=price is invalid symbol=ONUSDT price=0.12 qty=840.56'}
2026-07-26 05:09:04 | WARNING | trading.bybit_client:cancel_order:247 | bybit cancel_order unexpected response | {'symbol': 'AKEUSDT', 'order_id': '9934faa6-ad92-46af-a737-d36d549aa1ea', 'resp': {'retCode': 110001, 'retMsg': 'order not exists or too late to cancel', 'result': {}, 'retExtInfo': {}, 'time': 1785042544913}}
2026-07-26 05:09:08 | ERROR | trading.strategy2_live:_open_grid:657 | S2Live: failed to place limit order | {'symbol': 'ONUSDT', 'index': 1, 'price': 0.12, 'error': 'place_limit_order failed: retCode=110003 retMsg=price is invalid symbol=ONUSDT price=0.12 qty=828.36'}
2026-07-26 05:09:09 | ERROR | trading.strategy2_live:_open_grid:657 | S2Live: failed to place limit order | {'symbol': 'ONUSDT', 'index': 2, 'price': 0.12, 'error': 'place_limit_order failed: retCode=110003 retMsg=price is invalid symbol=ONUSDT price=0.12 qty=840.56'}
2026-07-26 05:09:12 | ERROR | trading.strategy2_live:_open_grid:657 | S2Live: failed to place limit order | {'symbol': 'ONUSDT', 'index': 1, 'price': 0.12, 'error': 'place_limit_order failed: retCode=110003 retMsg=price is invalid symbol=ONUSDT price=0.12 qty=828.36'}
2026-07-26 05:09:12 | ERROR | trading.strategy2_live:_open_grid:657 | S2Live: failed to place limit order | {'symbol': 'ONUSDT', 'index': 2, 'price': 0.12, 'error': 'place_limit_order failed: retCode=110003 retMsg=price is invalid symbol=ONUSDT price=0.12 qty=840.56'}
2026-07-26 05:09:13 | ERROR | trading.strategy2_live:_open_grid:657 | S2Live: failed to place limit order | {'symbol': 'ONUSDT', 'index': 1, 'price': 0.12, 'error': 'place_limit_order failed: retCode=110003 retMsg=price is invalid symbol=ONUSDT price=0.12 qty=828.36'}
2026-07-26 05:09:14 | ERROR | trading.strategy2_live:_open_grid:657 | S2Live: failed to place limit order | {'symbol': 'ONUSDT', 'index': 2, 'price': 0.12, 'error': 'place_limit_order failed: retCode=110003 retMsg=price is invalid symbol=ONUSDT price=0.12 qty=840.56'}
2026-07-26 05:09:18 | ERROR | trading.strategy2_live:_open_grid:657 | S2Live: failed to place limit order | {'symbol': 'ONUSDT', 'index': 1, 'price': 0.12, 'error': 'place_limit_order failed: retCode=110003 retMsg=price is invalid symbol=ONUSDT price=0.12 qty=828.36'}
2026-07-26 05:09:19 | ERROR | trading.strategy2_live:_open_grid:657 | S2Live: failed to place limit order | {'symbol': 'ONUSDT', 'index': 2, 'price': 0.12, 'error': 'place_limit_order failed: retCode=110003 retMsg=price is invalid symbol=ONUSDT price=0.12 qty=840.56'}
2026-07-26 05:09:23 | ERROR | trading.strategy2_live:_open_grid:657 | S2Live: failed to place limit order | {'symbol': 'ONUSDT', 'index': 1, 'price': 0.12, 'error': 'place_limit_order failed: retCode=110003 retMsg=price is invalid symbol=ONUSDT price=0.12 qty=828.36'}
2026-07-26 05:09:24 | ERROR | trading.strategy2_live:_open_grid:657 | S2Live: failed to place limit order | {'symbol': 'ONUSDT', 'index': 2, 'price': 0.12, 'error': 'place_limit_order failed: retCode=110003 retMsg=price is invalid symbol=ONUSDT price=0.12 qty=840.56'}
2026-07-26 05:09:27 | ERROR | trading.strategy2_live:_open_grid:657 | S2Live: failed to place limit order | {'symbol': 'ONUSDT', 'index': 1, 'price': 0.12, 'error': 'place_limit_order failed: retCode=110003 retMsg=price is invalid symbol=ONUSDT price=0.12 qty=828.36'}
2026-07-26 05:09:28 | ERROR | trading.strategy2_live:_open_grid:657 | S2Live: failed to place limit order | {'symbol': 'ONUSDT', 'index': 2, 'price': 0.12, 'error': 'place_limit_order failed: retCode=110003 retMsg=price is invalid symbol=ONUSDT price=0.12 qty=840.05'}
2026-07-26 05:09:28 | ERROR | trading.strategy2_live:_open_grid:657 | S2Live: failed to place limit order | {'symbol': 'ONUSDT', 'index': 1, 'price': 0.12, 'error': 'place_limit_order failed: retCode=110003 retMsg=price is invalid symbol=ONUSDT price=0.12 qty=828.36'}
2026-07-26 05:09:29 | ERROR | trading.strategy2_live:_open_grid:657 | S2Live: failed to place limit order | {'symbol': 'ONUSDT', 'index': 2, 'price': 0.12, 'error': 'place_limit_order failed: retCode=110003 retMsg=price is invalid symbol=ONUSDT price=0.12 qty=840.56'}
2026-07-26 05:09:33 | ERROR | trading.strategy2_live:_open_grid:657 | S2Live: failed to place limit order | {'symbol': 'ONUSDT', 'index': 1, 'price': 0.12, 'error': 'place_limit_order failed: retCode=110003 retMsg=price is invalid symbol=ONUSDT price=0.12 qty=828.36'}
2026-07-26 05:09:34 | ERROR | trading.strategy2_live:_open_grid:657 | S2Live: failed to place limit order | {'symbol': 'ONUSDT', 'index': 2, 'price': 0.12, 'error': 'place_limit_order failed: retCode=110003 retMsg=price is invalid symbol=ONUSDT price=0.12 qty=840.56'}
2026-07-26 05:21:04 | ERROR | trading.strategy2_live:_open_grid:657 | S2Live: failed to place limit order | {'symbol': 'ONUSDT', 'index': 1, 'price': 0.12, 'error': 'place_limit_order failed: retCode=110003 retMsg=price is invalid symbol=ONUSDT price=0.12 qty=828.36'}
2026-07-26 05:21:04 | ERROR | trading.strategy2_live:_open_grid:657 | S2Live: failed to place limit order | {'symbol': 'ONUSDT', 'index': 2, 'price': 0.12, 'error': 'place_limit_order failed: retCode=110003 retMsg=price is invalid symbol=ONUSDT price=0.12 qty=840.9'}
2026-07-26 05:21:09 | ERROR | trading.strategy2_live:_open_grid:657 | S2Live: failed to place limit order | {'symbol': 'ONUSDT', 'index': 1, 'price': 0.12, 'error': 'place_limit_order failed: retCode=110003 retMsg=price is invalid symbol=ONUSDT price=0.12 qty=828.36'}
2026-07-26 05:21:09 | ERROR | trading.strategy2_live:_open_grid:657 | S2Live: failed to place limit order | {'symbol': 'ONUSDT', 'index': 2, 'price': 0.12, 'error': 'place_limit_order failed: retCode=110003 retMsg=price is invalid symbol=ONUSDT price=0.12 qty=840.9'}
2026-07-26 05:21:14 | ERROR | trading.strategy2_live:_open_grid:657 | S2Live: failed to place limit order | {'symbol': 'ONUSDT', 'index': 1, 'price': 0.12, 'error': 'place_limit_order failed: retCode=110003 retMsg=price is invalid symbol=ONUSDT price=0.12 qty=828.36'}
2026-07-26 05:21:15 | ERROR | trading.strategy2_live:_open_grid:657 | S2Live: failed to place limit order | {'symbol': 'ONUSDT', 'index': 2, 'price': 0.12, 'error': 'place_limit_order failed: retCode=110003 retMsg=price is invalid symbol=ONUSDT price=0.12 qty=840.9'}
2026-07-26 05:21:20 | ERROR | trading.strategy2_live:_open_grid:657 | S2Live: failed to place limit order | {'symbol': 'ONUSDT', 'index': 1, 'price': 0.12, 'error': 'place_limit_order failed: retCode=110003 retMsg=price is invalid symbol=ONUSDT price=0.12 qty=828.36'}
2026-07-26 05:21:20 | ERROR | trading.strategy2_live:_open_grid:657 | S2Live: failed to place limit order | {'symbol': 'ONUSDT', 'index': 2, 'price': 0.12, 'error': 'place_limit_order failed: retCode=110003 retMsg=price is invalid symbol=ONUSDT price=0.12 qty=840.9'}
2026-07-26 05:21:20 | ERROR | trading.strategy2_live:_open_grid:657 | S2Live: failed to place limit order | {'symbol': 'ONUSDT', 'index': 1, 'price': 0.12, 'error': 'place_limit_order failed: retCode=110003 retMsg=price is invalid symbol=ONUSDT price=0.12 qty=828.36'}
2026-07-26 05:21:21 | ERROR | trading.strategy2_live:_open_grid:657 | S2Live: failed to place limit order | {'symbol': 'ONUSDT', 'index': 2, 'price': 0.12, 'error': 'place_limit_order failed: retCode=110003 retMsg=price is invalid symbol=ONUSDT price=0.12 qty=840.9'}
2026-07-26 05:21:25 | ERROR | trading.strategy2_live:_open_grid:657 | S2Live: failed to place limit order | {'symbol': 'ONUSDT', 'index': 1, 'price': 0.12, 'error': 'place_limit_order failed: retCode=110003 retMsg=price is invalid symbol=ONUSDT price=0.12 qty=828.36'}
2026-07-26 05:21:25 | ERROR | trading.strategy2_live:_open_grid:657 | S2Live: failed to place limit order | {'symbol': 'ONUSDT', 'index': 2, 'price': 0.12, 'error': 'place_limit_order failed: retCode=110003 retMsg=price is invalid symbol=ONUSDT price=0.12 qty=840.9'}
2026-07-26 05:21:30 | ERROR | trading.strategy2_live:_open_grid:657 | S2Live: failed to place limit order | {'symbol': 'ONUSDT', 'index': 1, 'price': 0.12, 'error': 'place_limit_order failed: retCode=110003 retMsg=price is invalid symbol=ONUSDT price=0.12 qty=828.36'}
2026-07-26 05:21:30 | ERROR | trading.strategy2_live:_open_grid:657 | S2Live: failed to place limit order | {'symbol': 'ONUSDT', 'index': 2, 'price': 0.12, 'error': 'place_limit_order failed: retCode=110003 retMsg=price is invalid symbol=ONUSDT price=0.12 qty=840.9'}
2026-07-26 05:21:35 | ERROR | trading.strategy2_live:_open_grid:657 | S2Live: failed to place limit order | {'symbol': 'ONUSDT', 'index': 1, 'price': 0.12, 'error': 'place_limit_order failed: retCode=110003 retMsg=price is invalid symbol=ONUSDT price=0.12 qty=828.36'}
2026-07-26 05:21:35 | ERROR | trading.strategy2_live:_open_grid:657 | S2Live: failed to place limit order | {'symbol': 'ONUSDT', 'index': 2, 'price': 0.12, 'error': 'place_limit_order failed: retCode=110003 retMsg=price is invalid symbol=ONUSDT price=0.12 qty=840.9'}
2026-07-26 05:21:36 | ERROR | trading.strategy2_live:_open_grid:657 | S2Live: failed to place limit order | {'symbol': 'ONUSDT', 'index': 1, 'price': 0.12, 'error': 'place_limit_order failed: retCode=110003 retMsg=price is invalid symbol=ONUSDT price=0.12 qty=828.36'}
2026-07-26 05:21:36 | ERROR | trading.strategy2_live:_open_grid:657 | S2Live: failed to place limit order | {'symbol': 'ONUSDT', 'index': 2, 'price': 0.12, 'error': 'place_limit_order failed: retCode=110003 retMsg=price is invalid symbol=ONUSDT price=0.12 qty=840.9'}
2026-07-26 05:21:40 | ERROR | trading.strategy2_live:_open_grid:657 | S2Live: failed to place limit order | {'symbol': 'ONUSDT', 'index': 1, 'price': 0.12, 'error': 'place_limit_order failed: retCode=110003 retMsg=price is invalid symbol=ONUSDT price=0.12 qty=828.36'}
2026-07-26 05:21:40 | ERROR | trading.strategy2_live:_open_grid:657 | S2Live: failed to place limit order | {'symbol': 'ONUSDT', 'index': 2, 'price': 0.12, 'error': 'place_limit_order failed: retCode=110003 retMsg=price is invalid symbol=ONUSDT price=0.12 qty=840.9'}
2026-07-26 05:21:45 | ERROR | trading.strategy2_live:_open_grid:657 | S2Live: failed to place limit order | {'symbol': 'ONUSDT', 'index': 1, 'price': 0.12, 'error': 'place_limit_order failed: retCode=110003 retMsg=price is invalid symbol=ONUSDT price=0.12 qty=828.36'}
2026-07-26 05:21:46 | ERROR | trading.strategy2_live:_open_grid:657 | S2Live: failed to place limit order | {'symbol': 'ONUSDT', 'index': 2, 'price': 0.12, 'error': 'place_limit_order failed: retCode=110003 retMsg=price is invalid symbol=ONUSDT price=0.12 qty=840.9'}
2026-07-26 05:21:51 | ERROR | trading.strategy2_live:_open_grid:657 | S2Live: failed to place limit order | {'symbol': 'ONUSDT', 'index': 1, 'price': 0.12, 'error': 'place_limit_order failed: retCode=110003 retMsg=price is invalid symbol=ONUSDT price=0.12 qty=828.36'}
2026-07-26 05:21:51 | ERROR | trading.strategy2_live:_open_grid:657 | S2Live: failed to place limit order | {'symbol': 'ONUSDT', 'index': 2, 'price': 0.12, 'error': 'place_limit_order failed: retCode=110003 retMsg=price is invalid symbol=ONUSDT price=0.12 qty=840.9'}
2026-07-26 05:21:51 | ERROR | trading.strategy2_live:_open_grid:657 | S2Live: failed to place limit order | {'symbol': 'ONUSDT', 'index': 1, 'price': 0.12, 'error': 'place_limit_order failed: retCode=110003 retMsg=price is invalid symbol=ONUSDT price=0.12 qty=828.36'}
2026-07-26 05:21:52 | ERROR | trading.strategy2_live:_open_grid:657 | S2Live: failed to place limit order | {'symbol': 'ONUSDT', 'index': 2, 'price': 0.12, 'error': 'place_limit_order failed: retCode=110003 retMsg=price is invalid symbol=ONUSDT price=0.12 qty=840.9'}
2026-07-26 05:21:56 | ERROR | trading.strategy2_live:_open_grid:657 | S2Live: failed to place limit order | {'symbol': 'ONUSDT', 'index': 1, 'price': 0.12, 'error': 'place_limit_order failed: retCode=110003 retMsg=price is invalid symbol=ONUSDT price=0.12 qty=828.36'}
2026-07-26 05:21:56 | ERROR | trading.strategy2_live:_open_grid:657 | S2Live: failed to place limit order | {'symbol': 'ONUSDT', 'index': 2, 'price': 0.12, 'error': 'place_limit_order failed: retCode=110003 retMsg=price is invalid symbol=ONUSDT price=0.12 qty=840.9'}
2026-07-26 05:22:01 | ERROR | trading.strategy2_live:_open_grid:657 | S2Live: failed to place limit order | {'symbol': 'ONUSDT', 'index': 1, 'price': 0.12, 'error': 'place_limit_order failed: retCode=110003 retMsg=price is invalid symbol=ONUSDT price=0.12 qty=828.36'}
2026-07-26 05:22:01 | ERROR | trading.strategy2_live:_open_grid:657 | S2Live: failed to place limit order | {'symbol': 'ONUSDT', 'index': 2, 'price': 0.12, 'error': 'place_limit_order failed: retCode=110003 retMsg=price is invalid symbol=ONUSDT price=0.12 qty=840.9'}
2026-07-26 05:22:32 | ERROR | trading.strategy2_live:_open_grid:657 | S2Live: failed to place limit order | {'symbol': 'ONUSDT', 'index': 1, 'price': 0.12, 'error': 'place_limit_order failed: retCode=110003 retMsg=price is invalid symbol=ONUSDT price=0.12 qty=833.33'}
2026-07-26 05:22:32 | ERROR | trading.strategy2_live:_open_grid:657 | S2Live: failed to place limit order | {'symbol': 'ONUSDT', 'index': 2, 'price': 0.12, 'error': 'place_limit_order failed: retCode=110003 retMsg=price is invalid symbol=ONUSDT price=0.12 qty=846.02'}
2026-07-26 05:22:37 | ERROR | trading.strategy2_live:_open_grid:657 | S2Live: failed to place limit order | {'symbol': 'ONUSDT', 'index': 1, 'price': 0.12, 'error': 'place_limit_order failed: retCode=110003 retMsg=price is invalid symbol=ONUSDT price=0.12 qty=833.33'}
2026-07-26 05:22:37 | ERROR | trading.strategy2_live:_open_grid:657 | S2Live: failed to place limit order | {'symbol': 'ONUSDT', 'index': 2, 'price': 0.12, 'error': 'place_limit_order failed: retCode=110003 retMsg=price is invalid symbol=ONUSDT price=0.12 qty=846.02'}
