2026-07-26 06:53:18 | DEBUG | trading.strategy5_continuation:_scan_symbol:379 | S5 skip: recent loss on symbol | {'symbol': 'BANKUSDT', 'hours_since_loss': 10.8}
2026-07-26 06:53:18 | DEBUG | trading.strategy5_continuation:_scan_symbol:379 | S5 skip: recent loss on symbol | {'symbol': 'ESPORTSUSDT', 'hours_since_loss': 11.8}
2026-07-26 06:53:18 | DEBUG | trading.strategy5_continuation:_scan_symbol:379 | S5 skip: recent loss on symbol | {'symbol': 'EULUSDT', 'hours_since_loss': 8.8}
2026-07-26 06:53:23 | DEBUG | trading.strategy5_continuation:_scan_symbol:379 | S5 skip: recent loss on symbol | {'symbol': 'BANKUSDT', 'hours_since_loss': 10.8}
2026-07-26 06:53:23 | DEBUG | trading.strategy5_continuation:_scan_symbol:379 | S5 skip: recent loss on symbol | {'symbol': 'ESPORTSUSDT', 'hours_since_loss': 11.8}
2026-07-26 06:53:23 | DEBUG | trading.strategy5_continuation:_scan_symbol:379 | S5 skip: recent loss on symbol | {'symbol': 'EULUSDT', 'hours_since_loss': 8.8}
2026-07-26 06:53:28 | DEBUG | trading.strategy5_continuation:_scan_symbol:379 | S5 skip: recent loss on symbol | {'symbol': 'BANKUSDT', 'hours_since_loss': 10.8}
2026-07-26 06:53:28 | DEBUG | trading.strategy5_continuation:_scan_symbol:379 | S5 skip: recent loss on symbol | {'symbol': 'ESPORTSUSDT', 'hours_since_loss': 11.8}
2026-07-26 06:53:28 | DEBUG | trading.strategy5_continuation:_scan_symbol:379 | S5 skip: recent loss on symbol | {'symbol': 'EULUSDT', 'hours_since_loss': 8.8}
2026-07-26 06:53:33 | DEBUG | trading.strategy5_continuation:_scan_symbol:379 | S5 skip: recent loss on symbol | {'symbol': 'BANKUSDT', 'hours_since_loss': 10.8}
2026-07-26 06:53:33 | DEBUG | trading.strategy5_continuation:_scan_symbol:379 | S5 skip: recent loss on symbol | {'symbol': 'ESPORTSUSDT', 'hours_since_loss': 11.8}
2026-07-26 06:53:33 | DEBUG | trading.strategy5_continuation:_scan_symbol:379 | S5 skip: recent loss on symbol | {'symbol': 'EULUSDT', 'hours_since_loss': 8.8}
2026-07-26 06:53:38 | DEBUG | trading.strategy5_continuation:_scan_symbol:379 | S5 skip: recent loss on symbol | {'symbol': 'BANKUSDT', 'hours_since_loss': 10.8}
2026-07-26 06:53:38 | DEBUG | trading.strategy5_continuation:_scan_symbol:379 | S5 skip: recent loss on symbol | {'symbol': 'ESPORTSUSDT', 'hours_since_loss': 11.8}
2026-07-26 06:53:38 | DEBUG | trading.strategy5_continuation:_scan_symbol:379 | S5 skip: recent loss on symbol | {'symbol': 'EULUSDT', 'hours_since_loss': 8.8}
2026-07-26 06:53:44 | DEBUG | trading.strategy5_continuation:_scan_symbol:379 | S5 skip: recent loss on symbol | {'symbol': 'BANKUSDT', 'hours_since_loss': 10.8}
2026-07-26 06:53:44 | DEBUG | trading.strategy5_continuation:_scan_symbol:379 | S5 skip: recent loss on symbol | {'symbol': 'ESPORTSUSDT', 'hours_since_loss': 11.8}
2026-07-26 06:53:44 | DEBUG | trading.strategy5_continuation:_scan_symbol:379 | S5 skip: recent loss on symbol | {'symbol': 'EULUSDT', 'hours_since_loss': 8.8}
2026-07-26 06:53:49 | DEBUG | trading.strategy5_continuation:_scan_symbol:379 | S5 skip: recent loss on symbol | {'symbol': 'BANKUSDT', 'hours_since_loss': 10.8}
2026-07-26 06:53:49 | DEBUG | trading.strategy5_continuation:_scan_symbol:379 | S5 skip: recent loss on symbol | {'symbol': 'ESPORTSUSDT', 'hours_since_loss': 11.8}
2026-07-26 06:53:49 | DEBUG | trading.strategy5_continuation:_scan_symbol:379 | S5 skip: recent loss on symbol | {'symbol': 'EULUSDT', 'hours_since_loss': 8.8}
2026-07-26 06:53:54 | DEBUG | trading.strategy5_continuation:_scan_symbol:379 | S5 skip: recent loss on symbol | {'symbol': 'BANKUSDT', 'hours_since_loss': 10.8}
2026-07-26 06:53:54 | DEBUG | trading.strategy5_continuation:_scan_symbol:379 | S5 skip: recent loss on symbol | {'symbol': 'ESPORTSUSDT', 'hours_since_loss': 11.8}
2026-07-26 06:53:54 | DEBUG | trading.strategy5_continuation:_scan_symbol:379 | S5 skip: recent loss on symbol | {'symbol': 'EULUSDT', 'hours_since_loss': 8.8}
2026-07-26 06:53:59 | DEBUG | trading.strategy5_continuation:_scan_symbol:379 | S5 skip: recent loss on symbol | {'symbol': 'BANKUSDT', 'hours_since_loss': 10.8}
2026-07-26 06:53:59 | DEBUG | trading.strategy5_continuation:_scan_symbol:379 | S5 skip: recent loss on symbol | {'symbol': 'ESPORTSUSDT', 'hours_since_loss': 11.8}
2026-07-26 06:53:59 | DEBUG | trading.strategy5_continuation:_scan_symbol:379 | S5 skip: recent loss on symbol | {'symbol': 'EULUSDT', 'hours_since_loss': 8.8}
2026-07-26 06:54:04 | DEBUG | trading.strategy5_continuation:_scan_symbol:379 | S5 skip: recent loss on symbol | {'symbol': 'BANKUSDT', 'hours_since_loss': 10.8}
2026-07-26 06:54:04 | DEBUG | trading.strategy5_continuation:_scan_symbol:379 | S5 skip: recent loss on symbol | {'symbol': 'ESPORTSUSDT', 'hours_since_loss': 11.8}
2026-07-26 06:54:04 | DEBUG | trading.strategy5_continuation:_scan_symbol:379 | S5 skip: recent loss on symbol | {'symbol': 'EULUSDT', 'hours_since_loss': 8.8}
2026-07-26 06:54:09 | DEBUG | trading.strategy5_continuation:_scan_symbol:379 | S5 skip: recent loss on symbol | {'symbol': 'BANKUSDT', 'hours_since_loss': 10.8}
2026-07-26 06:54:09 | DEBUG | trading.strategy5_continuation:_scan_symbol:379 | S5 skip: recent loss on symbol | {'symbol': 'ESPORTSUSDT', 'hours_since_loss': 11.8}
2026-07-26 06:54:09 | DEBUG | trading.strategy5_continuation:_scan_symbol:379 | S5 skip: recent loss on symbol | {'symbol': 'EULUSDT', 'hours_since_loss': 8.8}
2026-07-26 06:54:14 | DEBUG | trading.strategy5_continuation:_scan_symbol:379 | S5 skip: recent loss on symbol | {'symbol': 'BANKUSDT', 'hours_since_loss': 10.8}
2026-07-26 06:54:14 | DEBUG | trading.strategy5_continuation:_scan_symbol:379 | S5 skip: recent loss on symbol | {'symbol': 'ESPORTSUSDT', 'hours_since_loss': 11.8}
2026-07-26 06:54:14 | DEBUG | trading.strategy5_continuation:_scan_symbol:379 | S5 skip: recent loss on symbol | {'symbol': 'EULUSDT', 'hours_since_loss': 8.8}
2026-07-26 06:54:20 | DEBUG | trading.strategy5_continuation:_scan_symbol:379 | S5 skip: recent loss on symbol | {'symbol': 'BANKUSDT', 'hours_since_loss': 10.8}
2026-07-26 06:54:20 | DEBUG | trading.strategy5_continuation:_scan_symbol:379 | S5 skip: recent loss on symbol | {'symbol': 'ESPORTSUSDT', 'hours_since_loss': 11.8}
2026-07-26 06:54:20 | DEBUG | trading.strategy5_continuation:_scan_symbol:379 | S5 skip: recent loss on symbol | {'symbol': 'EULUSDT', 'hours_since_loss': 8.8}
2026-07-26 06:54:25 | DEBUG | trading.strategy5_continuation:_scan_symbol:379 | S5 skip: recent loss on symbol | {'symbol': 'BANKUSDT', 'hours_since_loss': 10.9}
2026-07-26 06:54:25 | DEBUG | trading.strategy5_continuation:_scan_symbol:379 | S5 skip: recent loss on symbol | {'symbol': 'ESPORTSUSDT', 'hours_since_loss': 11.8}
2026-07-26 06:54:25 | DEBUG | trading.strategy5_continuation:_scan_symbol:379 | S5 skip: recent loss on symbol | {'symbol': 'EULUSDT', 'hours_since_loss': 8.8}
2026-07-26 06:54:30 | DEBUG | trading.strategy5_continuation:_scan_symbol:379 | S5 skip: recent loss on symbol | {'symbol': 'BANKUSDT', 'hours_since_loss': 10.9}
2026-07-26 06:54:30 | DEBUG | trading.strategy5_continuation:_scan_symbol:379 | S5 skip: recent loss on symbol | {'symbol': 'ESPORTSUSDT', 'hours_since_loss': 11.8}
2026-07-26 06:54:30 | DEBUG | trading.strategy5_continuation:_scan_symbol:379 | S5 skip: recent loss on symbol | {'symbol': 'EULUSDT', 'hours_since_loss': 8.9}
2026-07-26 06:54:35 | DEBUG | trading.strategy5_continuation:_scan_symbol:379 | S5 skip: recent loss on symbol | {'symbol': 'BANKUSDT', 'hours_since_loss': 10.9}
2026-07-26 06:54:35 | DEBUG | trading.strategy5_continuation:_scan_symbol:379 | S5 skip: recent loss on symbol | {'symbol': 'ESPORTSUSDT', 'hours_since_loss': 11.8}
2026-07-26 06:54:35 | DEBUG | trading.strategy5_continuation:_scan_symbol:379 | S5 skip: recent loss on symbol | {'symbol': 'EULUSDT', 'hours_since_loss': 8.9}
2026-07-26 06:54:40 | DEBUG | trading.strategy5_continuation:_scan_symbol:379 | S5 skip: recent loss on symbol | {'symbol': 'BANKUSDT', 'hours_since_loss': 10.9}
2026-07-26 06:54:40 | DEBUG | trading.strategy5_continuation:_scan_symbol:379 | S5 skip: recent loss on symbol | {'symbol': 'ESPORTSUSDT', 'hours_since_loss': 11.8}
2026-07-26 06:54:40 | DEBUG | trading.strategy5_continuation:_scan_symbol:379 | S5 skip: recent loss on symbol | {'symbol': 'EULUSDT', 'hours_since_loss': 8.9}
2026-07-26 06:54:45 | DEBUG | trading.strategy5_continuation:_scan_symbol:379 | S5 skip: recent loss on symbol | {'symbol': 'BANKUSDT', 'hours_since_loss': 10.9}
2026-07-26 06:54:45 | DEBUG | trading.strategy5_continuation:_scan_symbol:379 | S5 skip: recent loss on symbol | {'symbol': 'ESPORTSUSDT', 'hours_since_loss': 11.8}
2026-07-26 06:54:45 | DEBUG | trading.strategy5_continuation:_scan_symbol:379 | S5 skip: recent loss on symbol | {'symbol': 'EULUSDT', 'hours_since_loss': 8.9}
2026-07-26 06:54:51 | DEBUG | trading.strategy5_continuation:_scan_symbol:379 | S5 skip: recent loss on symbol | {'symbol': 'BANKUSDT', 'hours_since_loss': 10.9}
2026-07-26 06:54:51 | DEBUG | trading.strategy5_continuation:_scan_symbol:379 | S5 skip: recent loss on symbol | {'symbol': 'ESPORTSUSDT', 'hours_since_loss': 11.8}
2026-07-26 06:54:51 | DEBUG | trading.strategy5_continuation:_scan_symbol:379 | S5 skip: recent loss on symbol | {'symbol': 'EULUSDT', 'hours_since_loss': 8.9}
2026-07-26 06:54:56 | DEBUG | trading.strategy5_continuation:_scan_symbol:379 | S5 skip: recent loss on symbol | {'symbol': 'BANKUSDT', 'hours_since_loss': 10.9}
2026-07-26 06:54:56 | DEBUG | trading.strategy5_continuation:_scan_symbol:379 | S5 skip: recent loss on symbol | {'symbol': 'ESPORTSUSDT', 'hours_since_loss': 11.8}
2026-07-26 06:54:56 | DEBUG | trading.strategy5_continuation:_scan_symbol:379 | S5 skip: recent loss on symbol | {'symbol': 'EULUSDT', 'hours_since_loss': 8.9}
2026-07-26 06:55:01 | DEBUG | trading.strategy5_continuation:_scan_symbol:379 | S5 skip: recent loss on symbol | {'symbol': 'BANKUSDT', 'hours_since_loss': 10.9}
2026-07-26 06:55:01 | DEBUG | trading.strategy5_continuation:_scan_symbol:379 | S5 skip: recent loss on symbol | {'symbol': 'ESPORTSUSDT', 'hours_since_loss': 11.8}
2026-07-26 06:55:01 | DEBUG | trading.strategy5_continuation:_scan_symbol:379 | S5 skip: recent loss on symbol | {'symbol': 'EULUSDT', 'hours_since_loss': 8.9}
2026-07-26 06:55:06 | DEBUG | trading.strategy5_continuation:_scan_symbol:379 | S5 skip: recent loss on symbol | {'symbol': 'BANKUSDT', 'hours_since_loss': 10.9}
2026-07-26 06:55:06 | DEBUG | trading.strategy5_continuation:_scan_symbol:379 | S5 skip: recent loss on symbol | {'symbol': 'ESPORTSUSDT', 'hours_since_loss': 11.8}
2026-07-26 06:55:06 | DEBUG | trading.strategy5_continuation:_scan_symbol:379 | S5 skip: recent loss on symbol | {'symbol': 'EULUSDT', 'hours_since_loss': 8.9}
2026-07-26 06:55:11 | DEBUG | trading.strategy5_continuation:_scan_symbol:379 | S5 skip: recent loss on symbol | {'symbol': 'BANKUSDT', 'hours_since_loss': 10.9}
2026-07-26 06:55:11 | DEBUG | trading.strategy5_continuation:_scan_symbol:379 | S5 skip: recent loss on symbol | {'symbol': 'ESPORTSUSDT', 'hours_since_loss': 11.8}
2026-07-26 06:55:11 | DEBUG | trading.strategy5_continuation:_scan_symbol:379 | S5 skip: recent loss on symbol | {'symbol': 'EULUSDT', 'hours_since_loss': 8.9}
2026-07-26 06:55:16 | DEBUG | trading.strategy5_continuation:_scan_symbol:379 | S5 skip: recent loss on symbol | {'symbol': 'BANKUSDT', 'hours_since_loss': 10.9}
2026-07-26 06:55:16 | DEBUG | trading.strategy5_continuation:_scan_symbol:379 | S5 skip: recent loss on symbol | {'symbol': 'ESPORTSUSDT', 'hours_since_loss': 11.8}
2026-07-26 06:55:16 | DEBUG | trading.strategy5_continuation:_scan_symbol:379 | S5 skip: recent loss on symbol | {'symbol': 'EULUSDT', 'hours_since_loss': 8.9}
2026-07-26 06:55:22 | DEBUG | trading.strategy5_continuation:_scan_symbol:379 | S5 skip: recent loss on symbol | {'symbol': 'BANKUSDT', 'hours_since_loss': 10.9}
2026-07-26 06:55:22 | DEBUG | trading.strategy5_continuation:_scan_symbol:379 | S5 skip: recent loss on symbol | {'symbol': 'ESPORTSUSDT', 'hours_since_loss': 11.9}
2026-07-26 06:55:22 | DEBUG | trading.strategy5_continuation:_scan_symbol:379 | S5 skip: recent loss on symbol | {'symbol': 'EULUSDT', 'hours_since_loss': 8.9}
2026-07-26 06:55:27 | DEBUG | trading.strategy5_continuation:_scan_symbol:379 | S5 skip: recent loss on symbol | {'symbol': 'BANKUSDT', 'hours_since_loss': 10.9}
2026-07-26 06:55:27 | DEBUG | trading.strategy5_continuation:_scan_symbol:379 | S5 skip: recent loss on symbol | {'symbol': 'ESPORTSUSDT', 'hours_since_loss': 11.9}
2026-07-26 06:55:27 | DEBUG | trading.strategy5_continuation:_scan_symbol:379 | S5 skip: recent loss on symbol | {'symbol': 'EULUSDT', 'hours_since_loss': 8.9}
2026-07-26 06:55:32 | DEBUG | trading.strategy5_continuation:_scan_symbol:379 | S5 skip: recent loss on symbol | {'symbol': 'BANKUSDT', 'hours_since_loss': 10.9}
2026-07-26 06:55:32 | DEBUG | trading.strategy5_continuation:_scan_symbol:379 | S5 skip: recent loss on symbol | {'symbol': 'ESPORTSUSDT', 'hours_since_loss': 11.9}
2026-07-26 06:55:32 | DEBUG | trading.strategy5_continuation:_scan_symbol:379 | S5 skip: recent loss on symbol | {'symbol': 'EULUSDT', 'hours_since_loss': 8.9}
2026-07-26 06:55:37 | DEBUG | trading.strategy5_continuation:_scan_symbol:379 | S5 skip: recent loss on symbol | {'symbol': 'BANKUSDT', 'hours_since_loss': 10.9}
2026-07-26 06:55:37 | DEBUG | trading.strategy5_continuation:_scan_symbol:379 | S5 skip: recent loss on symbol | {'symbol': 'ESPORTSUSDT', 'hours_since_loss': 11.9}
2026-07-26 06:55:37 | DEBUG | trading.strategy5_continuation:_scan_symbol:379 | S5 skip: recent loss on symbol | {'symbol': 'EULUSDT', 'hours_since_loss': 8.9}
2026-07-26 06:55:42 | DEBUG | trading.strategy5_continuation:_scan_symbol:379 | S5 skip: recent loss on symbol | {'symbol': 'BANKUSDT', 'hours_since_loss': 10.9}
2026-07-26 06:55:42 | DEBUG | trading.strategy5_continuation:_scan_symbol:379 | S5 skip: recent loss on symbol | {'symbol': 'ESPORTSUSDT', 'hours_since_loss': 11.9}
2026-07-26 06:55:42 | DEBUG | trading.strategy5_continuation:_scan_symbol:379 | S5 skip: recent loss on symbol | {'symbol': 'EULUSDT', 'hours_since_loss': 8.9}
2026-07-26 06:55:47 | DEBUG | trading.strategy5_continuation:_scan_symbol:379 | S5 skip: recent loss on symbol | {'symbol': 'BANKUSDT', 'hours_since_loss': 10.9}
2026-07-26 06:55:47 | DEBUG | trading.strategy5_continuation:_scan_symbol:379 | S5 skip: recent loss on symbol | {'symbol': 'ESPORTSUSDT', 'hours_since_loss': 11.9}
2026-07-26 06:55:47 | DEBUG | trading.strategy5_continuation:_scan_symbol:379 | S5 skip: recent loss on symbol | {'symbol': 'EULUSDT', 'hours_since_loss': 8.9}
2026-07-26 06:55:53 | DEBUG | trading.strategy5_continuation:_scan_symbol:379 | S5 skip: recent loss on symbol | {'symbol': 'BANKUSDT', 'hours_since_loss': 10.9}
2026-07-26 06:55:53 | DEBUG | trading.strategy5_continuation:_scan_symbol:379 | S5 skip: recent loss on symbol | {'symbol': 'ESPORTSUSDT', 'hours_since_loss': 11.9}
2026-07-26 06:55:53 | DEBUG | trading.strategy5_continuation:_scan_symbol:379 | S5 skip: recent loss on symbol | {'symbol': 'EULUSDT', 'hours_since_loss': 8.9}
2026-07-26 06:55:58 | DEBUG | trading.strategy5_continuation:_scan_symbol:379 | S5 skip: recent loss on symbol | {'symbol': 'BANKUSDT', 'hours_since_loss': 10.9}
2026-07-26 06:55:58 | DEBUG | trading.strategy5_continuation:_scan_symbol:379 | S5 skip: recent loss on symbol | {'symbol': 'ESPORTSUSDT', 'hours_since_loss': 11.9}
2026-07-26 06:55:58 | DEBUG | trading.strategy5_continuation:_scan_symbol:379 | S5 skip: recent loss on symbol | {'symbol': 'EULUSDT', 'hours_since_loss': 8.9}
2026-07-26 06:56:03 | DEBUG | trading.strategy5_continuation:_scan_symbol:379 | S5 skip: recent loss on symbol | {'symbol': 'BANKUSDT', 'hours_since_loss': 10.9}
2026-07-26 06:56:03 | DEBUG | trading.strategy5_continuation:_scan_symbol:379 | S5 skip: recent loss on symbol | {'symbol': 'ESPORTSUSDT', 'hours_since_loss': 11.9}
2026-07-26 06:56:03 | DEBUG | trading.strategy5_continuation:_scan_symbol:379 | S5 skip: recent loss on symbol | {'symbol': 'EULUSDT', 'hours_since_loss': 8.9}
2026-07-26 06:56:08 | DEBUG | trading.strategy5_continuation:_scan_symbol:379 | S5 skip: recent loss on symbol | {'symbol': 'BANKUSDT', 'hours_since_loss': 10.9}
2026-07-26 06:56:08 | DEBUG | trading.strategy5_continuation:_scan_symbol:379 | S5 skip: recent loss on symbol | {'symbol': 'ESPORTSUSDT', 'hours_since_loss': 11.9}
2026-07-26 06:56:08 | DEBUG | trading.strategy5_continuation:_scan_symbol:379 | S5 skip: recent loss on symbol | {'symbol': 'EULUSDT', 'hours_since_loss': 8.9}
2026-07-26 06:56:13 | DEBUG | trading.strategy5_continuation:_scan_symbol:379 | S5 skip: recent loss on symbol | {'symbol': 'BANKUSDT', 'hours_since_loss': 10.9}
2026-07-26 06:56:13 | DEBUG | trading.strategy5_continuation:_scan_symbol:379 | S5 skip: recent loss on symbol | {'symbol': 'ESPORTSUSDT', 'hours_since_loss': 11.9}
2026-07-26 06:56:13 | DEBUG | trading.strategy5_continuation:_scan_symbol:379 | S5 skip: recent loss on symbol | {'symbol': 'EULUSDT', 'hours_since_loss': 8.9}
2026-07-26 06:56:18 | INFO | trading.strategy2_signal_filter:check:533 | S2 skip: approach>=block (G3, level exhausted) | {'symbol': 'EULUSDT', 'level': 2.398, 'approach_count': 4, 'block_threshold': 4}
2026-07-26 06:56:18 | INFO | trading.strategy2_signal_filter:check:545 | S2: level marked dead, monitor will stop sending proximity | {'symbol': 'EULUSDT', 'level': 2.398, 'approach_count': 4}
2026-07-26 06:56:18 | DEBUG | trading.strategy5_continuation:_scan_symbol:379 | S5 skip: recent loss on symbol | {'symbol': 'BANKUSDT', 'hours_since_loss': 10.9}
2026-07-26 06:56:18 | DEBUG | trading.strategy5_continuation:_scan_symbol:379 | S5 skip: recent loss on symbol | {'symbol': 'ESPORTSUSDT', 'hours_since_loss': 11.9}
2026-07-26 06:56:18 | DEBUG | trading.strategy5_continuation:_scan_symbol:379 | S5 skip: recent loss on symbol | {'symbol': 'EULUSDT', 'hours_since_loss': 8.9}
2026-07-26 06:56:23 | DEBUG | trading.strategy5_continuation:_scan_symbol:379 | S5 skip: recent loss on symbol | {'symbol': 'BANKUSDT', 'hours_since_loss': 10.9}
2026-07-26 06:56:23 | DEBUG | trading.strategy5_continuation:_scan_symbol:379 | S5 skip: recent loss on symbol | {'symbol': 'ESPORTSUSDT', 'hours_since_loss': 11.9}
2026-07-26 06:56:24 | DEBUG | trading.strategy5_continuation:_scan_symbol:379 | S5 skip: recent loss on symbol | {'symbol': 'EULUSDT', 'hours_since_loss': 8.9}
2026-07-26 06:56:29 | DEBUG | trading.strategy5_continuation:_scan_symbol:379 | S5 skip: recent loss on symbol | {'symbol': 'BANKUSDT', 'hours_since_loss': 10.9}
2026-07-26 06:56:29 | DEBUG | trading.strategy5_continuation:_scan_symbol:379 | S5 skip: recent loss on symbol | {'symbol': 'ESPORTSUSDT', 'hours_since_loss': 11.9}
2026-07-26 06:56:29 | DEBUG | trading.strategy5_continuation:_scan_symbol:379 | S5 skip: recent loss on symbol | {'symbol': 'EULUSDT', 'hours_since_loss': 8.9}
2026-07-26 06:56:34 | DEBUG | trading.strategy5_continuation:_scan_symbol:379 | S5 skip: recent loss on symbol | {'symbol': 'BANKUSDT', 'hours_since_loss': 10.9}
2026-07-26 06:56:34 | DEBUG | trading.strategy5_continuation:_scan_symbol:379 | S5 skip: recent loss on symbol | {'symbol': 'ESPORTSUSDT', 'hours_since_loss': 11.9}
2026-07-26 06:56:34 | INFO | trading.strategy2_signal_filter:check:533 | S2 skip: approach>=block (G3, level exhausted) | {'symbol': 'EULUSDT', 'level': 2.398, 'approach_count': 4, 'block_threshold': 4}
2026-07-26 06:56:34 | DEBUG | trading.strategy5_continuation:_scan_symbol:379 | S5 skip: recent loss on symbol | {'symbol': 'EULUSDT', 'hours_since_loss': 8.9}
2026-07-26 06:56:39 | DEBUG | trading.strategy5_continuation:_scan_symbol:379 | S5 skip: recent loss on symbol | {'symbol': 'BANKUSDT', 'hours_since_loss': 10.9}
2026-07-26 06:56:39 | DEBUG | trading.strategy5_continuation:_scan_symbol:379 | S5 skip: recent loss on symbol | {'symbol': 'ESPORTSUSDT', 'hours_since_loss': 11.9}
2026-07-26 06:56:39 | DEBUG | trading.strategy5_continuation:_scan_symbol:379 | S5 skip: recent loss on symbol | {'symbol': 'EULUSDT', 'hours_since_loss': 8.9}
2026-07-26 06:56:44 | DEBUG | trading.strategy5_continuation:_scan_symbol:379 | S5 skip: recent loss on symbol | {'symbol': 'BANKUSDT', 'hours_since_loss': 10.9}
2026-07-26 06:56:44 | DEBUG | trading.strategy5_continuation:_scan_symbol:379 | S5 skip: recent loss on symbol | {'symbol': 'ESPORTSUSDT', 'hours_since_loss': 11.9}
2026-07-26 06:56:44 | DEBUG | trading.strategy5_continuation:_scan_symbol:379 | S5 skip: recent loss on symbol | {'symbol': 'EULUSDT', 'hours_since_loss': 8.9}
2026-07-26 06:56:49 | DEBUG | trading.strategy5_continuation:_scan_symbol:379 | S5 skip: recent loss on symbol | {'symbol': 'BANKUSDT', 'hours_since_loss': 10.9}
2026-07-26 06:56:49 | DEBUG | trading.strategy5_continuation:_scan_symbol:379 | S5 skip: recent loss on symbol | {'symbol': 'ESPORTSUSDT', 'hours_since_loss': 11.9}
2026-07-26 06:56:49 | INFO | trading.strategy2_signal_filter:check:533 | S2 skip: approach>=block (G3, level exhausted) | {'symbol': 'EULUSDT', 'level': 2.398, 'approach_count': 4, 'block_threshold': 4}
2026-07-26 06:56:49 | DEBUG | trading.strategy5_continuation:_scan_symbol:379 | S5 skip: recent loss on symbol | {'symbol': 'EULUSDT', 'hours_since_loss': 8.9}
2026-07-26 06:56:54 | DEBUG | trading.strategy5_continuation:_scan_symbol:379 | S5 skip: recent loss on symbol | {'symbol': 'BANKUSDT', 'hours_since_loss': 10.9}
2026-07-26 06:56:54 | DEBUG | trading.strategy5_continuation:_scan_symbol:379 | S5 skip: recent loss on symbol | {'symbol': 'ESPORTSUSDT', 'hours_since_loss': 11.9}
2026-07-26 06:56:55 | DEBUG | trading.strategy5_continuation:_scan_symbol:379 | S5 skip: recent loss on symbol | {'symbol': 'EULUSDT', 'hours_since_loss': 8.9}
2026-07-26 06:57:00 | DEBUG | trading.strategy5_continuation:_scan_symbol:379 | S5 skip: recent loss on symbol | {'symbol': 'BANKUSDT', 'hours_since_loss': 10.9}
2026-07-26 06:57:00 | DEBUG | trading.strategy5_continuation:_scan_symbol:379 | S5 skip: recent loss on symbol | {'symbol': 'ESPORTSUSDT', 'hours_since_loss': 11.9}
2026-07-26 06:57:00 | DEBUG | trading.strategy5_continuation:_scan_symbol:379 | S5 skip: recent loss on symbol | {'symbol': 'EULUSDT', 'hours_since_loss': 8.9}
2026-07-26 06:57:05 | DEBUG | trading.strategy5_continuation:_scan_symbol:379 | S5 skip: recent loss on symbol | {'symbol': 'BANKUSDT', 'hours_since_loss': 10.9}
2026-07-26 06:57:05 | DEBUG | trading.strategy5_continuation:_scan_symbol:379 | S5 skip: recent loss on symbol | {'symbol': 'ESPORTSUSDT', 'hours_since_loss': 11.9}
2026-07-26 06:57:05 | DEBUG | trading.strategy5_continuation:_scan_symbol:379 | S5 skip: recent loss on symbol | {'symbol': 'EULUSDT', 'hours_since_loss': 8.9}
2026-07-26 06:57:10 | DEBUG | trading.strategy5_continuation:_scan_symbol:379 | S5 skip: recent loss on symbol | {'symbol': 'BANKUSDT', 'hours_since_loss': 10.9}
2026-07-26 06:57:10 | DEBUG | trading.strategy5_continuation:_scan_symbol:379 | S5 skip: recent loss on symbol | {'symbol': 'ESPORTSUSDT', 'hours_since_loss': 11.9}
2026-07-26 06:57:10 | DEBUG | trading.strategy5_continuation:_scan_symbol:379 | S5 skip: recent loss on symbol | {'symbol': 'EULUSDT', 'hours_since_loss': 8.9}
2026-07-26 06:57:15 | DEBUG | trading.strategy5_continuation:_scan_symbol:379 | S5 skip: recent loss on symbol | {'symbol': 'BANKUSDT', 'hours_since_loss': 10.9}
2026-07-26 06:57:15 | DEBUG | trading.strategy5_continuation:_scan_symbol:379 | S5 skip: recent loss on symbol | {'symbol': 'ESPORTSUSDT', 'hours_since_loss': 11.9}
2026-07-26 06:57:15 | INFO | trading.strategy2_signal_filter:check:533 | S2 skip: approach>=block (G3, level exhausted) | {'symbol': 'EULUSDT', 'level': 2.398, 'approach_count': 4, 'block_threshold': 4}
2026-07-26 06:57:15 | DEBUG | trading.strategy5_continuation:_scan_symbol:379 | S5 skip: recent loss on symbol | {'symbol': 'EULUSDT', 'hours_since_loss': 8.9}
2026-07-26 06:57:20 | DEBUG | trading.strategy5_continuation:_scan_symbol:379 | S5 skip: recent loss on symbol | {'symbol': 'BANKUSDT', 'hours_since_loss': 10.9}
2026-07-26 06:57:20 | DEBUG | trading.strategy5_continuation:_scan_symbol:379 | S5 skip: recent loss on symbol | {'symbol': 'ESPORTSUSDT', 'hours_since_loss': 11.9}
2026-07-26 06:57:20 | DEBUG | trading.strategy5_continuation:_scan_symbol:379 | S5 skip: recent loss on symbol | {'symbol': 'EULUSDT', 'hours_since_loss': 8.9}
2026-07-26 06:57:25 | DEBUG | trading.strategy5_continuation:_scan_symbol:379 | S5 skip: recent loss on symbol | {'symbol': 'BANKUSDT', 'hours_since_loss': 10.9}
2026-07-26 06:57:25 | DEBUG | trading.strategy5_continuation:_scan_symbol:379 | S5 skip: recent loss on symbol | {'symbol': 'ESPORTSUSDT', 'hours_since_loss': 11.9}
2026-07-26 06:57:26 | DEBUG | trading.strategy5_continuation:_scan_symbol:379 | S5 skip: recent loss on symbol | {'symbol': 'EULUSDT', 'hours_since_loss': 8.9}
2026-07-26 06:57:31 | DEBUG | trading.strategy5_continuation:_scan_symbol:379 | S5 skip: recent loss on symbol | {'symbol': 'BANKUSDT', 'hours_since_loss': 10.9}
2026-07-26 06:57:31 | DEBUG | trading.strategy5_continuation:_scan_symbol:379 | S5 skip: recent loss on symbol | {'symbol': 'ESPORTSUSDT', 'hours_since_loss': 11.9}
2026-07-26 06:57:31 | INFO | trading.strategy2_signal_filter:check:681 | S2 market phase | {'symbol': 'EULUSDT', 'phase': 'drop_tradeable', 'note': 'drop_tradeable:bq=1.00'}
2026-07-26 06:57:31 | DEBUG | trading.strategy2_signal_filter:check:737 | S2 skip: drop_tradeable body_level not at lower boundary | {'symbol': 'EULUSDT', 'level': 2.398, 'level_position_pct': 86.1, 'max_allowed_pct': 30.0, 'range_low': 1.3393, 'range_high': 2.5689}
2026-07-26 06:57:31 | DEBUG | trading.strategy5_continuation:_scan_symbol:379 | S5 skip: recent loss on symbol | {'symbol': 'EULUSDT', 'hours_since_loss': 8.9}
2026-07-26 06:57:36 | DEBUG | trading.strategy5_continuation:_scan_symbol:379 | S5 skip: recent loss on symbol | {'symbol': 'BANKUSDT', 'hours_since_loss': 10.9}
2026-07-26 06:57:36 | DEBUG | trading.strategy5_continuation:_scan_symbol:379 | S5 skip: recent loss on symbol | {'symbol': 'ESPORTSUSDT', 'hours_since_loss': 11.9}
2026-07-26 06:57:36 | DEBUG | trading.strategy5_continuation:_scan_symbol:379 | S5 skip: recent loss on symbol | {'symbol': 'EULUSDT', 'hours_since_loss': 8.9}
2026-07-26 06:57:41 | DEBUG | trading.strategy5_continuation:_scan_symbol:379 | S5 skip: recent loss on symbol | {'symbol': 'BANKUSDT', 'hours_since_loss': 10.9}
2026-07-26 06:57:41 | DEBUG | trading.strategy5_continuation:_scan_symbol:379 | S5 skip: recent loss on symbol | {'symbol': 'ESPORTSUSDT', 'hours_since_loss': 11.9}
2026-07-26 06:57:41 | DEBUG | trading.strategy5_continuation:_scan_symbol:379 | S5 skip: recent loss on symbol | {'symbol': 'EULUSDT', 'hours_since_loss': 8.9}
2026-07-26 06:57:46 | DEBUG | trading.strategy5_continuation:_scan_symbol:379 | S5 skip: recent loss on symbol | {'symbol': 'BANKUSDT', 'hours_since_loss': 10.9}
2026-07-26 06:57:46 | DEBUG | trading.strategy5_continuation:_scan_symbol:379 | S5 skip: recent loss on symbol | {'symbol': 'ESPORTSUSDT', 'hours_since_loss': 11.9}
2026-07-26 06:57:46 | INFO | trading.strategy2_signal_filter:check:681 | S2 market phase | {'symbol': 'EULUSDT', 'phase': 'drop_tradeable', 'note': 'drop_tradeable:bq=1.00'}
2026-07-26 06:57:46 | DEBUG | trading.strategy2_signal_filter:check:737 | S2 skip: drop_tradeable body_level not at lower boundary | {'symbol': 'EULUSDT', 'level': 2.398, 'level_position_pct': 86.1, 'max_allowed_pct': 30.0, 'range_low': 1.3393, 'range_high': 2.5689}
2026-07-26 06:57:46 | DEBUG | trading.strategy5_continuation:_scan_symbol:379 | S5 skip: recent loss on symbol | {'symbol': 'EULUSDT', 'hours_since_loss': 8.9}
2026-07-26 06:57:51 | DEBUG | trading.strategy5_continuation:_scan_symbol:379 | S5 skip: recent loss on symbol | {'symbol': 'BANKUSDT', 'hours_since_loss': 10.9}
2026-07-26 06:57:51 | DEBUG | trading.strategy5_continuation:_scan_symbol:379 | S5 skip: recent loss on symbol | {'symbol': 'ESPORTSUSDT', 'hours_since_loss': 11.9}
2026-07-26 06:57:51 | DEBUG | trading.strategy5_continuation:_scan_symbol:379 | S5 skip: recent loss on symbol | {'symbol': 'EULUSDT', 'hours_since_loss': 8.9}
2026-07-26 06:57:56 | DEBUG | trading.strategy5_continuation:_scan_symbol:379 | S5 skip: recent loss on symbol | {'symbol': 'BANKUSDT', 'hours_since_loss': 10.9}
2026-07-26 06:57:56 | DEBUG | trading.strategy5_continuation:_scan_symbol:379 | S5 skip: recent loss on symbol | {'symbol': 'ESPORTSUSDT', 'hours_since_loss': 11.9}
2026-07-26 06:57:57 | DEBUG | trading.strategy5_continuation:_scan_symbol:379 | S5 skip: recent loss on symbol | {'symbol': 'EULUSDT', 'hours_since_loss': 8.9}
2026-07-26 06:58:02 | DEBUG | trading.strategy5_continuation:_scan_symbol:379 | S5 skip: recent loss on symbol | {'symbol': 'BANKUSDT', 'hours_since_loss': 10.9}
2026-07-26 06:58:02 | DEBUG | trading.strategy5_continuation:_scan_symbol:379 | S5 skip: recent loss on symbol | {'symbol': 'ESPORTSUSDT', 'hours_since_loss': 11.9}
2026-07-26 06:58:02 | INFO | trading.strategy2_signal_filter:check:681 | S2 market phase | {'symbol': 'EULUSDT', 'phase': 'drop_tradeable', 'note': 'drop_tradeable:bq=1.00'}
2026-07-26 06:58:02 | DEBUG | trading.strategy2_signal_filter:check:737 | S2 skip: drop_tradeable body_level not at lower boundary | {'symbol': 'EULUSDT', 'level': 2.398, 'level_position_pct': 86.1, 'max_allowed_pct': 30.0, 'range_low': 1.3393, 'range_high': 2.5689}
2026-07-26 06:58:02 | DEBUG | trading.strategy5_continuation:_scan_symbol:379 | S5 skip: recent loss on symbol | {'symbol': 'EULUSDT', 'hours_since_loss': 8.9}
2026-07-26 06:58:07 | DEBUG | trading.strategy5_continuation:_scan_symbol:379 | S5 skip: recent loss on symbol | {'symbol': 'BANKUSDT', 'hours_since_loss': 10.9}
2026-07-26 06:58:07 | DEBUG | trading.strategy5_continuation:_scan_symbol:379 | S5 skip: recent loss on symbol | {'symbol': 'ESPORTSUSDT', 'hours_since_loss': 11.9}
2026-07-26 06:58:07 | DEBUG | trading.strategy5_continuation:_scan_symbol:379 | S5 skip: recent loss on symbol | {'symbol': 'EULUSDT', 'hours_since_loss': 8.9}
2026-07-26 06:58:12 | DEBUG | trading.strategy5_continuation:_scan_symbol:379 | S5 skip: recent loss on symbol | {'symbol': 'BANKUSDT', 'hours_since_loss': 10.9}
2026-07-26 06:58:12 | DEBUG | trading.strategy5_continuation:_scan_symbol:379 | S5 skip: recent loss on symbol | {'symbol': 'ESPORTSUSDT', 'hours_since_loss': 11.9}
2026-07-26 06:58:12 | DEBUG | trading.strategy5_continuation:_scan_symbol:379 | S5 skip: recent loss on symbol | {'symbol': 'EULUSDT', 'hours_since_loss': 8.9}
2026-07-26 06:58:17 | DEBUG | trading.strategy5_continuation:_scan_symbol:379 | S5 skip: recent loss on symbol | {'symbol': 'BANKUSDT', 'hours_since_loss': 10.9}
2026-07-26 06:58:17 | DEBUG | trading.strategy5_continuation:_scan_symbol:379 | S5 skip: recent loss on symbol | {'symbol': 'ESPORTSUSDT', 'hours_since_loss': 11.9}
2026-07-26 06:58:17 | INFO | trading.strategy2_signal_filter:check:533 | S2 skip: approach>=block (G3, level exhausted) | {'symbol': 'EULUSDT', 'level': 2.398, 'approach_count': 4, 'block_threshold': 4}
2026-07-26 06:58:17 | DEBUG | trading.strategy5_continuation:_scan_symbol:379 | S5 skip: recent loss on symbol | {'symbol': 'EULUSDT', 'hours_since_loss': 8.9}
2026-07-26 06:58:22 | DEBUG | trading.strategy5_continuation:_scan_symbol:379 | S5 skip: recent loss on symbol | {'symbol': 'BANKUSDT', 'hours_since_loss': 10.9}
2026-07-26 06:58:22 | DEBUG | trading.strategy5_continuation:_scan_symbol:379 | S5 skip: recent loss on symbol | {'symbol': 'ESPORTSUSDT', 'hours_since_loss': 11.9}
2026-07-26 06:58:22 | DEBUG | trading.strategy5_continuation:_scan_symbol:379 | S5 skip: recent loss on symbol | {'symbol': 'EULUSDT', 'hours_since_loss': 8.9}
2026-07-26 06:58:27 | DEBUG | trading.strategy5_continuation:_scan_symbol:379 | S5 skip: recent loss on symbol | {'symbol': 'BANKUSDT', 'hours_since_loss': 10.9}
2026-07-26 06:58:27 | DEBUG | trading.strategy5_continuation:_scan_symbol:379 | S5 skip: recent loss on symbol | {'symbol': 'ESPORTSUSDT', 'hours_since_loss': 11.9}
2026-07-26 06:58:27 | DEBUG | trading.strategy5_continuation:_scan_symbol:379 | S5 skip: recent loss on symbol | {'symbol': 'EULUSDT', 'hours_since_loss': 8.9}
2026-07-26 06:58:33 | DEBUG | trading.strategy5_continuation:_scan_symbol:379 | S5 skip: recent loss on symbol | {'symbol': 'BANKUSDT', 'hours_since_loss': 10.9}
2026-07-26 06:58:33 | DEBUG | trading.strategy5_continuation:_scan_symbol:379 | S5 skip: recent loss on symbol | {'symbol': 'ESPORTSUSDT', 'hours_since_loss': 11.9}
2026-07-26 06:58:33 | INFO | trading.strategy2_signal_filter:check:681 | S2 market phase | {'symbol': 'EULUSDT', 'phase': 'drop_tradeable', 'note': 'drop_tradeable:bq=1.00'}
2026-07-26 06:58:33 | DEBUG | trading.strategy2_signal_filter:check:737 | S2 skip: drop_tradeable body_level not at lower boundary | {'symbol': 'EULUSDT', 'level': 2.398, 'level_position_pct': 86.1, 'max_allowed_pct': 30.0, 'range_low': 1.3393, 'range_high': 2.5689}
2026-07-26 06:58:33 | DEBUG | trading.strategy5_continuation:_scan_symbol:379 | S5 skip: recent loss on symbol | {'symbol': 'EULUSDT', 'hours_since_loss': 8.9}
2026-07-26 06:58:38 | DEBUG | trading.strategy5_continuation:_scan_symbol:379 | S5 skip: recent loss on symbol | {'symbol': 'BANKUSDT', 'hours_since_loss': 10.9}
2026-07-26 06:58:38 | DEBUG | trading.strategy5_continuation:_scan_symbol:379 | S5 skip: recent loss on symbol | {'symbol': 'ESPORTSUSDT', 'hours_since_loss': 11.9}
2026-07-26 06:58:38 | DEBUG | trading.strategy5_continuation:_scan_symbol:379 | S5 skip: recent loss on symbol | {'symbol': 'EULUSDT', 'hours_since_loss': 8.9}
2026-07-26 06:58:43 | DEBUG | trading.strategy5_continuation:_scan_symbol:379 | S5 skip: recent loss on symbol | {'symbol': 'BANKUSDT', 'hours_since_loss': 10.9}
2026-07-26 06:58:43 | DEBUG | trading.strategy5_continuation:_scan_symbol:379 | S5 skip: recent loss on symbol | {'symbol': 'ESPORTSUSDT', 'hours_since_loss': 11.9}
2026-07-26 06:58:43 | DEBUG | trading.strategy5_continuation:_scan_symbol:379 | S5 skip: recent loss on symbol | {'symbol': 'EULUSDT', 'hours_since_loss': 8.9}
2026-07-26 06:58:48 | DEBUG | trading.strategy5_continuation:_scan_symbol:379 | S5 skip: recent loss on symbol | {'symbol': 'BANKUSDT', 'hours_since_loss': 10.9}
2026-07-26 06:58:48 | DEBUG | trading.strategy5_continuation:_scan_symbol:379 | S5 skip: recent loss on symbol | {'symbol': 'ESPORTSUSDT', 'hours_since_loss': 11.9}
2026-07-26 06:58:48 | INFO | trading.strategy2_signal_filter:check:681 | S2 market phase | {'symbol': 'EULUSDT', 'phase': 'drop_tradeable', 'note': 'drop_tradeable:bq=1.00'}
2026-07-26 06:58:48 | DEBUG | trading.strategy2_signal_filter:check:737 | S2 skip: drop_tradeable body_level not at lower boundary | {'symbol': 'EULUSDT', 'level': 2.398, 'level_position_pct': 86.1, 'max_allowed_pct': 30.0, 'range_low': 1.3393, 'range_high': 2.5689}
2026-07-26 06:58:48 | DEBUG | trading.strategy5_continuation:_scan_symbol:379 | S5 skip: recent loss on symbol | {'symbol': 'EULUSDT', 'hours_since_loss': 8.9}
2026-07-26 06:58:53 | DEBUG | trading.strategy5_continuation:_scan_symbol:379 | S5 skip: recent loss on symbol | {'symbol': 'BANKUSDT', 'hours_since_loss': 10.9}
2026-07-26 06:58:53 | DEBUG | trading.strategy5_continuation:_scan_symbol:379 | S5 skip: recent loss on symbol | {'symbol': 'ESPORTSUSDT', 'hours_since_loss': 11.9}
2026-07-26 06:58:53 | DEBUG | trading.strategy5_continuation:_scan_symbol:379 | S5 skip: recent loss on symbol | {'symbol': 'EULUSDT', 'hours_since_loss': 8.9}
2026-07-26 06:58:58 | DEBUG | trading.strategy5_continuation:_scan_symbol:379 | S5 skip: recent loss on symbol | {'symbol': 'BANKUSDT', 'hours_since_loss': 10.9}
2026-07-26 06:58:58 | DEBUG | trading.strategy5_continuation:_scan_symbol:379 | S5 skip: recent loss on symbol | {'symbol': 'ESPORTSUSDT', 'hours_since_loss': 11.9}
2026-07-26 06:58:58 | DEBUG | trading.strategy5_continuation:_scan_symbol:379 | S5 skip: recent loss on symbol | {'symbol': 'EULUSDT', 'hours_since_loss': 8.9}
2026-07-26 06:59:03 | DEBUG | trading.strategy5_continuation:_scan_symbol:379 | S5 skip: recent loss on symbol | {'symbol': 'BANKUSDT', 'hours_since_loss': 10.9}
2026-07-26 06:59:03 | DEBUG | trading.strategy5_continuation:_scan_symbol:379 | S5 skip: recent loss on symbol | {'symbol': 'ESPORTSUSDT', 'hours_since_loss': 11.9}
2026-07-26 06:59:03 | INFO | trading.strategy2_signal_filter:check:681 | S2 market phase | {'symbol': 'EULUSDT', 'phase': 'drop_tradeable', 'note': 'drop_tradeable:bq=1.00'}
2026-07-26 06:59:03 | DEBUG | trading.strategy2_signal_filter:check:737 | S2 skip: drop_tradeable body_level not at lower boundary | {'symbol': 'EULUSDT', 'level': 2.398, 'level_position_pct': 86.1, 'max_allowed_pct': 30.0, 'range_low': 1.3393, 'range_high': 2.5689}
2026-07-26 06:59:04 | DEBUG | trading.strategy5_continuation:_scan_symbol:379 | S5 skip: recent loss on symbol | {'symbol': 'EULUSDT', 'hours_since_loss': 8.9}
2026-07-26 06:59:09 | DEBUG | trading.strategy5_continuation:_scan_symbol:379 | S5 skip: recent loss on symbol | {'symbol': 'BANKUSDT', 'hours_since_loss': 10.9}
2026-07-26 06:59:09 | DEBUG | trading.strategy5_continuation:_scan_symbol:379 | S5 skip: recent loss on symbol | {'symbol': 'ESPORTSUSDT', 'hours_since_loss': 11.9}
2026-07-26 06:59:09 | DEBUG | trading.strategy5_continuation:_scan_symbol:379 | S5 skip: recent loss on symbol | {'symbol': 'EULUSDT', 'hours_since_loss': 8.9}
2026-07-26 06:59:14 | DEBUG | trading.strategy5_continuation:_scan_symbol:379 | S5 skip: recent loss on symbol | {'symbol': 'BANKUSDT', 'hours_since_loss': 10.9}
2026-07-26 06:59:14 | DEBUG | trading.strategy5_continuation:_scan_symbol:379 | S5 skip: recent loss on symbol | {'symbol': 'ESPORTSUSDT', 'hours_since_loss': 11.9}
2026-07-26 06:59:14 | DEBUG | trading.strategy5_continuation:_scan_symbol:379 | S5 skip: recent loss on symbol | {'symbol': 'EULUSDT', 'hours_since_loss': 8.9}
2026-07-26 06:59:19 | DEBUG | trading.strategy5_continuation:_scan_symbol:379 | S5 skip: recent loss on symbol | {'symbol': 'BANKUSDT', 'hours_since_loss': 10.9}
2026-07-26 06:59:19 | DEBUG | trading.strategy5_continuation:_scan_symbol:379 | S5 skip: recent loss on symbol | {'symbol': 'ESPORTSUSDT', 'hours_since_loss': 11.9}
2026-07-26 06:59:19 | DEBUG | trading.strategy5_continuation:_scan_symbol:379 | S5 skip: recent loss on symbol | {'symbol': 'EULUSDT', 'hours_since_loss': 8.9}
2026-07-26 06:59:24 | DEBUG | trading.strategy5_continuation:_scan_symbol:379 | S5 skip: recent loss on symbol | {'symbol': 'BANKUSDT', 'hours_since_loss': 10.9}
2026-07-26 06:59:24 | DEBUG | trading.strategy5_continuation:_scan_symbol:379 | S5 skip: recent loss on symbol | {'symbol': 'ESPORTSUSDT', 'hours_since_loss': 11.9}
2026-07-26 06:59:24 | DEBUG | trading.strategy5_continuation:_scan_symbol:379 | S5 skip: recent loss on symbol | {'symbol': 'EULUSDT', 'hours_since_loss': 8.9}
2026-07-26 06:59:29 | DEBUG | trading.strategy5_continuation:_scan_symbol:379 | S5 skip: recent loss on symbol | {'symbol': 'BANKUSDT', 'hours_since_loss': 10.9}
2026-07-26 06:59:29 | DEBUG | trading.strategy5_continuation:_scan_symbol:379 | S5 skip: recent loss on symbol | {'symbol': 'ESPORTSUSDT', 'hours_since_loss': 11.9}
2026-07-26 06:59:29 | DEBUG | trading.strategy5_continuation:_scan_symbol:379 | S5 skip: recent loss on symbol | {'symbol': 'EULUSDT', 'hours_since_loss': 8.9}
2026-07-26 06:59:34 | DEBUG | trading.strategy5_continuation:_scan_symbol:379 | S5 skip: recent loss on symbol | {'symbol': 'BANKUSDT', 'hours_since_loss': 10.9}
2026-07-26 06:59:34 | DEBUG | trading.strategy5_continuation:_scan_symbol:379 | S5 skip: recent loss on symbol | {'symbol': 'ESPORTSUSDT', 'hours_since_loss': 11.9}
2026-07-26 06:59:34 | DEBUG | trading.strategy5_continuation:_scan_symbol:379 | S5 skip: recent loss on symbol | {'symbol': 'EULUSDT', 'hours_since_loss': 8.9}
2026-07-26 06:59:40 | DEBUG | trading.strategy5_continuation:_scan_symbol:379 | S5 skip: recent loss on symbol | {'symbol': 'BANKUSDT', 'hours_since_loss': 10.9}
2026-07-26 06:59:40 | DEBUG | trading.strategy5_continuation:_scan_symbol:379 | S5 skip: recent loss on symbol | {'symbol': 'ESPORTSUSDT', 'hours_since_loss': 11.9}
2026-07-26 06:59:40 | DEBUG | trading.strategy5_continuation:_scan_symbol:379 | S5 skip: recent loss on symbol | {'symbol': 'EULUSDT', 'hours_since_loss': 8.9}
2026-07-26 06:59:45 | DEBUG | trading.strategy5_continuation:_scan_symbol:379 | S5 skip: recent loss on symbol | {'symbol': 'BANKUSDT', 'hours_since_loss': 10.9}
2026-07-26 06:59:45 | DEBUG | trading.strategy5_continuation:_scan_symbol:379 | S5 skip: recent loss on symbol | {'symbol': 'ESPORTSUSDT', 'hours_since_loss': 11.9}
2026-07-26 06:59:45 | DEBUG | trading.strategy5_continuation:_scan_symbol:379 | S5 skip: recent loss on symbol | {'symbol': 'EULUSDT', 'hours_since_loss': 8.9}
2026-07-26 06:59:50 | DEBUG | trading.strategy5_continuation:_scan_symbol:379 | S5 skip: recent loss on symbol | {'symbol': 'BANKUSDT', 'hours_since_loss': 10.9}
2026-07-26 06:59:50 | DEBUG | trading.strategy5_continuation:_scan_symbol:379 | S5 skip: recent loss on symbol | {'symbol': 'ESPORTSUSDT', 'hours_since_loss': 11.9}
2026-07-26 06:59:50 | DEBUG | trading.strategy5_continuation:_scan_symbol:379 | S5 skip: recent loss on symbol | {'symbol': 'EULUSDT', 'hours_since_loss': 8.9}
2026-07-26 06:59:55 | DEBUG | trading.strategy5_continuation:_scan_symbol:379 | S5 skip: recent loss on symbol | {'symbol': 'BANKUSDT', 'hours_since_loss': 10.9}
2026-07-26 06:59:55 | DEBUG | trading.strategy5_continuation:_scan_symbol:379 | S5 skip: recent loss on symbol | {'symbol': 'ESPORTSUSDT', 'hours_since_loss': 11.9}
2026-07-26 06:59:55 | DEBUG | trading.strategy5_continuation:_scan_symbol:379 | S5 skip: recent loss on symbol | {'symbol': 'EULUSDT', 'hours_since_loss': 8.9}
2026-07-26 07:00:00 | DEBUG | trading.strategy5_continuation:_scan_symbol:379 | S5 skip: recent loss on symbol | {'symbol': 'BANKUSDT', 'hours_since_loss': 10.9}
2026-07-26 07:00:00 | DEBUG | trading.strategy5_continuation:_scan_symbol:379 | S5 skip: recent loss on symbol | {'symbol': 'ESPORTSUSDT', 'hours_since_loss': 11.9}
2026-07-26 07:00:00 | DEBUG | trading.strategy5_continuation:_scan_symbol:379 | S5 skip: recent loss on symbol | {'symbol': 'EULUSDT', 'hours_since_loss': 8.9}
2026-07-26 07:00:05 | DEBUG | trading.strategy5_continuation:_scan_symbol:379 | S5 skip: recent loss on symbol | {'symbol': 'BANKUSDT', 'hours_since_loss': 10.9}
2026-07-26 07:00:05 | DEBUG | trading.strategy5_continuation:_scan_symbol:379 | S5 skip: recent loss on symbol | {'symbol': 'ESPORTSUSDT', 'hours_since_loss': 11.9}
2026-07-26 07:00:05 | DEBUG | trading.strategy5_continuation:_scan_symbol:379 | S5 skip: recent loss on symbol | {'symbol': 'EULUSDT', 'hours_since_loss': 8.9}
2026-07-26 07:00:11 | DEBUG | trading.strategy5_continuation:_scan_symbol:379 | S5 skip: recent loss on symbol | {'symbol': 'BANKUSDT', 'hours_since_loss': 10.9}
2026-07-26 07:00:11 | DEBUG | trading.strategy5_continuation:_scan_symbol:379 | S5 skip: recent loss on symbol | {'symbol': 'ESPORTSUSDT', 'hours_since_loss': 11.9}
2026-07-26 07:00:11 | DEBUG | trading.strategy5_continuation:_scan_symbol:379 | S5 skip: recent loss on symbol | {'symbol': 'EULUSDT', 'hours_since_loss': 8.9}
2026-07-26 07:00:16 | DEBUG | trading.strategy5_continuation:_scan_symbol:379 | S5 skip: recent loss on symbol | {'symbol': 'BANKUSDT', 'hours_since_loss': 10.9}
2026-07-26 07:00:16 | DEBUG | trading.strategy5_continuation:_scan_symbol:379 | S5 skip: recent loss on symbol | {'symbol': 'ESPORTSUSDT', 'hours_since_loss': 11.9}
2026-07-26 07:00:16 | DEBUG | trading.strategy5_continuation:_scan_symbol:379 | S5 skip: recent loss on symbol | {'symbol': 'EULUSDT', 'hours_since_loss': 8.9}
2026-07-26 07:00:21 | DEBUG | trading.strategy5_continuation:_scan_symbol:379 | S5 skip: recent loss on symbol | {'symbol': 'BANKUSDT', 'hours_since_loss': 10.9}
2026-07-26 07:00:21 | DEBUG | trading.strategy5_continuation:_scan_symbol:379 | S5 skip: recent loss on symbol | {'symbol': 'ESPORTSUSDT', 'hours_since_loss': 11.9}
2026-07-26 07:00:21 | DEBUG | trading.strategy5_continuation:_scan_symbol:379 | S5 skip: recent loss on symbol | {'symbol': 'EULUSDT', 'hours_since_loss': 8.9}
2026-07-26 07:00:26 | DEBUG | trading.strategy5_continuation:_scan_symbol:379 | S5 skip: recent loss on symbol | {'symbol': 'BANKUSDT', 'hours_since_loss': 11.0}
2026-07-26 07:00:26 | DEBUG | trading.strategy5_continuation:_scan_symbol:379 | S5 skip: recent loss on symbol | {'symbol': 'ESPORTSUSDT', 'hours_since_loss': 11.9}
2026-07-26 07:00:26 | DEBUG | trading.strategy5_continuation:_scan_symbol:379 | S5 skip: recent loss on symbol | {'symbol': 'EULUSDT', 'hours_since_loss': 9.0}
2026-07-26 07:00:31 | DEBUG | trading.strategy5_continuation:_scan_symbol:379 | S5 skip: recent loss on symbol | {'symbol': 'BANKUSDT', 'hours_since_loss': 11.0}
2026-07-26 07:00:31 | DEBUG | trading.strategy5_continuation:_scan_symbol:379 | S5 skip: recent loss on symbol | {'symbol': 'ESPORTSUSDT', 'hours_since_loss': 11.9}
2026-07-26 07:00:31 | DEBUG | trading.strategy5_continuation:_scan_symbol:379 | S5 skip: recent loss on symbol | {'symbol': 'EULUSDT', 'hours_since_loss': 9.0}
2026-07-26 07:00:36 | DEBUG | trading.strategy5_continuation:_scan_symbol:379 | S5 skip: recent loss on symbol | {'symbol': 'BANKUSDT', 'hours_since_loss': 11.0}
2026-07-26 07:00:36 | DEBUG | trading.strategy5_continuation:_scan_symbol:379 | S5 skip: recent loss on symbol | {'symbol': 'ESPORTSUSDT', 'hours_since_loss': 11.9}
2026-07-26 07:00:36 | DEBUG | trading.strategy5_continuation:_scan_symbol:379 | S5 skip: recent loss on symbol | {'symbol': 'EULUSDT', 'hours_since_loss': 9.0}
2026-07-26 07:00:42 | DEBUG | trading.strategy5_continuation:_scan_symbol:379 | S5 skip: recent loss on symbol | {'symbol': 'BANKUSDT', 'hours_since_loss': 11.0}
2026-07-26 07:00:42 | DEBUG | trading.strategy5_continuation:_scan_symbol:379 | S5 skip: recent loss on symbol | {'symbol': 'ESPORTSUSDT', 'hours_since_loss': 11.9}
2026-07-26 07:00:42 | DEBUG | trading.strategy5_continuation:_scan_symbol:379 | S5 skip: recent loss on symbol | {'symbol': 'EULUSDT', 'hours_since_loss': 9.0}
2026-07-26 07:00:47 | DEBUG | trading.strategy5_continuation:_scan_symbol:379 | S5 skip: recent loss on symbol | {'symbol': 'BANKUSDT', 'hours_since_loss': 11.0}
2026-07-26 07:00:47 | DEBUG | trading.strategy5_continuation:_scan_symbol:379 | S5 skip: recent loss on symbol | {'symbol': 'ESPORTSUSDT', 'hours_since_loss': 11.9}
2026-07-26 07:00:47 | DEBUG | trading.strategy5_continuation:_scan_symbol:379 | S5 skip: recent loss on symbol | {'symbol': 'EULUSDT', 'hours_since_loss': 9.0}
2026-07-26 07:00:52 | DEBUG | trading.strategy5_continuation:_scan_symbol:379 | S5 skip: recent loss on symbol | {'symbol': 'BANKUSDT', 'hours_since_loss': 11.0}
2026-07-26 07:00:52 | DEBUG | trading.strategy5_continuation:_scan_symbol:379 | S5 skip: recent loss on symbol | {'symbol': 'ESPORTSUSDT', 'hours_since_loss': 11.9}
2026-07-26 07:00:52 | DEBUG | trading.strategy5_continuation:_scan_symbol:379 | S5 skip: recent loss on symbol | {'symbol': 'EULUSDT', 'hours_since_loss': 9.0}
2026-07-26 07:00:57 | DEBUG | trading.strategy5_continuation:_scan_symbol:379 | S5 skip: recent loss on symbol | {'symbol': 'BANKUSDT', 'hours_since_loss': 11.0}
2026-07-26 07:00:57 | DEBUG | trading.strategy5_continuation:_scan_symbol:379 | S5 skip: recent loss on symbol | {'symbol': 'ESPORTSUSDT', 'hours_since_loss': 11.9}
2026-07-26 07:00:57 | DEBUG | trading.strategy5_continuation:_scan_symbol:379 | S5 skip: recent loss on symbol | {'symbol': 'EULUSDT', 'hours_since_loss': 9.0}
2026-07-26 07:01:02 | DEBUG | trading.strategy5_continuation:_scan_symbol:379 | S5 skip: recent loss on symbol | {'symbol': 'BANKUSDT', 'hours_since_loss': 11.0}
2026-07-26 07:01:02 | DEBUG | trading.strategy5_continuation:_scan_symbol:379 | S5 skip: recent loss on symbol | {'symbol': 'ESPORTSUSDT', 'hours_since_loss': 11.9}
2026-07-26 07:01:02 | DEBUG | trading.strategy5_continuation:_scan_symbol:379 | S5 skip: recent loss on symbol | {'symbol': 'EULUSDT', 'hours_since_loss': 9.0}
2026-07-26 07:01:07 | DEBUG | trading.strategy5_continuation:_scan_symbol:379 | S5 skip: recent loss on symbol | {'symbol': 'BANKUSDT', 'hours_since_loss': 11.0}
2026-07-26 07:01:07 | DEBUG | trading.strategy5_continuation:_scan_symbol:379 | S5 skip: recent loss on symbol | {'symbol': 'ESPORTSUSDT', 'hours_since_loss': 11.9}
2026-07-26 07:01:07 | DEBUG | trading.strategy5_continuation:_scan_symbol:379 | S5 skip: recent loss on symbol | {'symbol': 'EULUSDT', 'hours_since_loss': 9.0}
2026-07-26 07:01:13 | DEBUG | trading.strategy5_continuation:_scan_symbol:379 | S5 skip: recent loss on symbol | {'symbol': 'BANKUSDT', 'hours_since_loss': 11.0}
2026-07-26 07:01:13 | DEBUG | trading.strategy5_continuation:_scan_symbol:379 | S5 skip: recent loss on symbol | {'symbol': 'ESPORTSUSDT', 'hours_since_loss': 11.9}
2026-07-26 07:01:13 | DEBUG | trading.strategy5_continuation:_scan_symbol:379 | S5 skip: recent loss on symbol | {'symbol': 'EULUSDT', 'hours_since_loss': 9.0}
2026-07-26 07:01:18 | DEBUG | trading.strategy5_continuation:_scan_symbol:379 | S5 skip: recent loss on symbol | {'symbol': 'BANKUSDT', 'hours_since_loss': 11.0}
2026-07-26 07:01:18 | DEBUG | trading.strategy5_continuation:_scan_symbol:379 | S5 skip: recent loss on symbol | {'symbol': 'ESPORTSUSDT', 'hours_since_loss': 11.9}
2026-07-26 07:01:18 | DEBUG | trading.strategy5_continuation:_scan_symbol:379 | S5 skip: recent loss on symbol | {'symbol': 'EULUSDT', 'hours_since_loss': 9.0}
2026-07-26 07:01:23 | DEBUG | trading.strategy5_continuation:_scan_symbol:379 | S5 skip: recent loss on symbol | {'symbol': 'BANKUSDT', 'hours_since_loss': 11.0}
2026-07-26 07:01:23 | DEBUG | trading.strategy5_continuation:_scan_symbol:379 | S5 skip: recent loss on symbol | {'symbol': 'ESPORTSUSDT', 'hours_since_loss': 12.0}
2026-07-26 07:01:23 | DEBUG | trading.strategy5_continuation:_scan_symbol:379 | S5 skip: recent loss on symbol | {'symbol': 'EULUSDT', 'hours_since_loss': 9.0}
2026-07-26 07:01:28 | DEBUG | trading.strategy5_continuation:_scan_symbol:379 | S5 skip: recent loss on symbol | {'symbol': 'BANKUSDT', 'hours_since_loss': 11.0}
2026-07-26 07:01:28 | DEBUG | trading.strategy5_continuation:_scan_symbol:379 | S5 skip: recent loss on symbol | {'symbol': 'ESPORTSUSDT', 'hours_since_loss': 12.0}
2026-07-26 07:01:28 | DEBUG | trading.strategy5_continuation:_scan_symbol:379 | S5 skip: recent loss on symbol | {'symbol': 'EULUSDT', 'hours_since_loss': 9.0}
2026-07-26 07:01:33 | DEBUG | trading.strategy5_continuation:_scan_symbol:379 | S5 skip: recent loss on symbol | {'symbol': 'BANKUSDT', 'hours_since_loss': 11.0}
2026-07-26 07:01:33 | DEBUG | trading.strategy5_continuation:_scan_symbol:379 | S5 skip: recent loss on symbol | {'symbol': 'ESPORTSUSDT', 'hours_since_loss': 12.0}
2026-07-26 07:01:34 | DEBUG | trading.strategy5_continuation:_scan_symbol:379 | S5 skip: recent loss on symbol | {'symbol': 'EULUSDT', 'hours_since_loss': 9.0}
2026-07-26 07:01:39 | DEBUG | trading.strategy5_continuation:_scan_symbol:379 | S5 skip: recent loss on symbol | {'symbol': 'BANKUSDT', 'hours_since_loss': 11.0}
2026-07-26 07:01:39 | DEBUG | trading.strategy5_continuation:_scan_symbol:379 | S5 skip: recent loss on symbol | {'symbol': 'ESPORTSUSDT', 'hours_since_loss': 12.0}
2026-07-26 07:01:39 | DEBUG | trading.strategy5_continuation:_scan_symbol:379 | S5 skip: recent loss on symbol | {'symbol': 'EULUSDT', 'hours_since_loss': 9.0}
2026-07-26 07:01:44 | DEBUG | trading.strategy5_continuation:_scan_symbol:379 | S5 skip: recent loss on symbol | {'symbol': 'BANKUSDT', 'hours_since_loss': 11.0}
2026-07-26 07:01:44 | DEBUG | trading.strategy5_continuation:_scan_symbol:379 | S5 skip: recent loss on symbol | {'symbol': 'ESPORTSUSDT', 'hours_since_loss': 12.0}
2026-07-26 07:01:44 | DEBUG | trading.strategy5_continuation:_scan_symbol:379 | S5 skip: recent loss on symbol | {'symbol': 'EULUSDT', 'hours_since_loss': 9.0}
2026-07-26 07:01:49 | DEBUG | trading.strategy5_continuation:_scan_symbol:379 | S5 skip: recent loss on symbol | {'symbol': 'BANKUSDT', 'hours_since_loss': 11.0}
2026-07-26 07:01:49 | DEBUG | trading.strategy5_continuation:_scan_symbol:379 | S5 skip: recent loss on symbol | {'symbol': 'ESPORTSUSDT', 'hours_since_loss': 12.0}
2026-07-26 07:01:49 | DEBUG | trading.strategy5_continuation:_scan_symbol:379 | S5 skip: recent loss on symbol | {'symbol': 'EULUSDT', 'hours_since_loss': 9.0}
2026-07-26 07:01:54 | DEBUG | trading.strategy5_continuation:_scan_symbol:379 | S5 skip: recent loss on symbol | {'symbol': 'BANKUSDT', 'hours_since_loss': 11.0}
2026-07-26 07:01:54 | DEBUG | trading.strategy5_continuation:_scan_symbol:379 | S5 skip: recent loss on symbol | {'symbol': 'ESPORTSUSDT', 'hours_since_loss': 12.0}
2026-07-26 07:01:54 | DEBUG | trading.strategy5_continuation:_scan_symbol:379 | S5 skip: recent loss on symbol | {'symbol': 'EULUSDT', 'hours_since_loss': 9.0}
2026-07-26 07:01:59 | DEBUG | trading.strategy5_continuation:_scan_symbol:379 | S5 skip: recent loss on symbol | {'symbol': 'BANKUSDT', 'hours_since_loss': 11.0}
2026-07-26 07:01:59 | DEBUG | trading.strategy5_continuation:_scan_symbol:379 | S5 skip: recent loss on symbol | {'symbol': 'ESPORTSUSDT', 'hours_since_loss': 12.0}
2026-07-26 07:01:59 | DEBUG | trading.strategy5_continuation:_scan_symbol:379 | S5 skip: recent loss on symbol | {'symbol': 'EULUSDT', 'hours_since_loss': 9.0}
2026-07-26 07:02:04 | DEBUG | trading.strategy5_continuation:_scan_symbol:379 | S5 skip: recent loss on symbol | {'symbol': 'BANKUSDT', 'hours_since_loss': 11.0}
2026-07-26 07:02:04 | DEBUG | trading.strategy5_continuation:_scan_symbol:379 | S5 skip: recent loss on symbol | {'symbol': 'ESPORTSUSDT', 'hours_since_loss': 12.0}
2026-07-26 07:02:04 | DEBUG | trading.strategy5_continuation:_scan_symbol:379 | S5 skip: recent loss on symbol | {'symbol': 'EULUSDT', 'hours_since_loss': 9.0}
2026-07-26 07:02:09 | DEBUG | trading.strategy5_continuation:_scan_symbol:379 | S5 skip: recent loss on symbol | {'symbol': 'BANKUSDT', 'hours_since_loss': 11.0}
2026-07-26 07:02:09 | DEBUG | trading.strategy5_continuation:_scan_symbol:379 | S5 skip: recent loss on symbol | {'symbol': 'ESPORTSUSDT', 'hours_since_loss': 12.0}
2026-07-26 07:02:09 | DEBUG | trading.strategy5_continuation:_scan_symbol:379 | S5 skip: recent loss on symbol | {'symbol': 'EULUSDT', 'hours_since_loss': 9.0}
2026-07-26 07:02:15 | DEBUG | trading.strategy5_continuation:_scan_symbol:379 | S5 skip: recent loss on symbol | {'symbol': 'BANKUSDT', 'hours_since_loss': 11.0}
2026-07-26 07:02:15 | DEBUG | trading.strategy5_continuation:_scan_symbol:379 | S5 skip: recent loss on symbol | {'symbol': 'ESPORTSUSDT', 'hours_since_loss': 12.0}
2026-07-26 07:02:15 | DEBUG | trading.strategy5_continuation:_scan_symbol:379 | S5 skip: recent loss on symbol | {'symbol': 'EULUSDT', 'hours_since_loss': 9.0}
2026-07-26 07:02:20 | DEBUG | trading.strategy5_continuation:_scan_symbol:379 | S5 skip: recent loss on symbol | {'symbol': 'BANKUSDT', 'hours_since_loss': 11.0}
2026-07-26 07:02:20 | DEBUG | trading.strategy5_continuation:_scan_symbol:379 | S5 skip: recent loss on symbol | {'symbol': 'ESPORTSUSDT', 'hours_since_loss': 12.0}
2026-07-26 07:02:20 | DEBUG | trading.strategy5_continuation:_scan_symbol:379 | S5 skip: recent loss on symbol | {'symbol': 'EULUSDT', 'hours_since_loss': 9.0}
2026-07-26 07:02:25 | DEBUG | trading.strategy5_continuation:_scan_symbol:379 | S5 skip: recent loss on symbol | {'symbol': 'BANKUSDT', 'hours_since_loss': 11.0}
2026-07-26 07:02:25 | DEBUG | trading.strategy5_continuation:_scan_symbol:379 | S5 skip: recent loss on symbol | {'symbol': 'ESPORTSUSDT', 'hours_since_loss': 12.0}
2026-07-26 07:02:25 | DEBUG | trading.strategy5_continuation:_scan_symbol:379 | S5 skip: recent loss on symbol | {'symbol': 'EULUSDT', 'hours_since_loss': 9.0}
2026-07-26 07:02:30 | DEBUG | trading.strategy5_continuation:_scan_symbol:379 | S5 skip: recent loss on symbol | {'symbol': 'BANKUSDT', 'hours_since_loss': 11.0}
2026-07-26 07:02:30 | DEBUG | trading.strategy5_continuation:_scan_symbol:379 | S5 skip: recent loss on symbol | {'symbol': 'ESPORTSUSDT', 'hours_since_loss': 12.0}
2026-07-26 07:02:30 | DEBUG | trading.strategy5_continuation:_scan_symbol:379 | S5 skip: recent loss on symbol | {'symbol': 'EULUSDT', 'hours_since_loss': 9.0}
2026-07-26 07:02:35 | DEBUG | trading.strategy5_continuation:_scan_symbol:379 | S5 skip: recent loss on symbol | {'symbol': 'BANKUSDT', 'hours_since_loss': 11.0}
2026-07-26 07:02:35 | DEBUG | trading.strategy5_continuation:_scan_symbol:379 | S5 skip: recent loss on symbol | {'symbol': 'ESPORTSUSDT', 'hours_since_loss': 12.0}
2026-07-26 07:02:35 | DEBUG | trading.strategy5_continuation:_scan_symbol:379 | S5 skip: recent loss on symbol | {'symbol': 'EULUSDT', 'hours_since_loss': 9.0}
2026-07-26 07:02:41 | DEBUG | trading.strategy5_continuation:_scan_symbol:379 | S5 skip: recent loss on symbol | {'symbol': 'BANKUSDT', 'hours_since_loss': 11.0}
2026-07-26 07:02:41 | DEBUG | trading.strategy5_continuation:_scan_symbol:379 | S5 skip: recent loss on symbol | {'symbol': 'ESPORTSUSDT', 'hours_since_loss': 12.0}
2026-07-26 07:02:41 | DEBUG | trading.strategy5_continuation:_scan_symbol:379 | S5 skip: recent loss on symbol | {'symbol': 'EULUSDT', 'hours_since_loss': 9.0}
2026-07-26 07:02:46 | DEBUG | trading.strategy5_continuation:_scan_symbol:379 | S5 skip: recent loss on symbol | {'symbol': 'BANKUSDT', 'hours_since_loss': 11.0}
2026-07-26 07:02:46 | DEBUG | trading.strategy5_continuation:_scan_symbol:379 | S5 skip: recent loss on symbol | {'symbol': 'ESPORTSUSDT', 'hours_since_loss': 12.0}
2026-07-26 07:02:46 | DEBUG | trading.strategy5_continuation:_scan_symbol:379 | S5 skip: recent loss on symbol | {'symbol': 'EULUSDT', 'hours_since_loss': 9.0}
2026-07-26 07:02:51 | DEBUG | trading.strategy5_continuation:_scan_symbol:379 | S5 skip: recent loss on symbol | {'symbol': 'BANKUSDT', 'hours_since_loss': 11.0}
2026-07-26 07:02:51 | DEBUG | trading.strategy5_continuation:_scan_symbol:379 | S5 skip: recent loss on symbol | {'symbol': 'ESPORTSUSDT', 'hours_since_loss': 12.0}
2026-07-26 07:02:51 | DEBUG | trading.strategy5_continuation:_scan_symbol:379 | S5 skip: recent loss on symbol | {'symbol': 'EULUSDT', 'hours_since_loss': 9.0}
2026-07-26 07:02:56 | DEBUG | trading.strategy5_continuation:_scan_symbol:379 | S5 skip: recent loss on symbol | {'symbol': 'BANKUSDT', 'hours_since_loss': 11.0}
2026-07-26 07:02:56 | DEBUG | trading.strategy5_continuation:_scan_symbol:379 | S5 skip: recent loss on symbol | {'symbol': 'ESPORTSUSDT', 'hours_since_loss': 12.0}
2026-07-26 07:02:56 | DEBUG | trading.strategy5_continuation:_scan_symbol:379 | S5 skip: recent loss on symbol | {'symbol': 'EULUSDT', 'hours_since_loss': 9.0}
2026-07-26 07:03:01 | DEBUG | trading.strategy5_continuation:_scan_symbol:379 | S5 skip: recent loss on symbol | {'symbol': 'BANKUSDT', 'hours_since_loss': 11.0}
2026-07-26 07:03:01 | DEBUG | trading.strategy5_continuation:_scan_symbol:379 | S5 skip: recent loss on symbol | {'symbol': 'ESPORTSUSDT', 'hours_since_loss': 12.0}
2026-07-26 07:03:01 | DEBUG | trading.strategy5_continuation:_scan_symbol:379 | S5 skip: recent loss on symbol | {'symbol': 'EULUSDT', 'hours_since_loss': 9.0}
2026-07-26 07:03:06 | DEBUG | trading.strategy5_continuation:_scan_symbol:379 | S5 skip: recent loss on symbol | {'symbol': 'BANKUSDT', 'hours_since_loss': 11.0}
2026-07-26 07:03:06 | DEBUG | trading.strategy5_continuation:_scan_symbol:379 | S5 skip: recent loss on symbol | {'symbol': 'ESPORTSUSDT', 'hours_since_loss': 12.0}
2026-07-26 07:03:06 | DEBUG | trading.strategy5_continuation:_scan_symbol:379 | S5 skip: recent loss on symbol | {'symbol': 'EULUSDT', 'hours_since_loss': 9.0}
2026-07-26 07:03:12 | DEBUG | trading.strategy5_continuation:_scan_symbol:379 | S5 skip: recent loss on symbol | {'symbol': 'BANKUSDT', 'hours_since_loss': 11.0}
2026-07-26 07:03:12 | DEBUG | trading.strategy5_continuation:_scan_symbol:379 | S5 skip: recent loss on symbol | {'symbol': 'ESPORTSUSDT', 'hours_since_loss': 12.0}
2026-07-26 07:03:12 | DEBUG | trading.strategy5_continuation:_scan_symbol:379 | S5 skip: recent loss on symbol | {'symbol': 'EULUSDT', 'hours_since_loss': 9.0}
2026-07-26 07:03:17 | DEBUG | trading.strategy5_continuation:_scan_symbol:379 | S5 skip: recent loss on symbol | {'symbol': 'BANKUSDT', 'hours_since_loss': 11.0}
2026-07-26 07:03:17 | DEBUG | trading.strategy5_continuation:_scan_symbol:379 | S5 skip: recent loss on symbol | {'symbol': 'ESPORTSUSDT', 'hours_since_loss': 12.0}
2026-07-26 07:03:17 | DEBUG | trading.strategy5_continuation:_scan_symbol:379 | S5 skip: recent loss on symbol | {'symbol': 'EULUSDT', 'hours_since_loss': 9.0}
2026-07-26 07:03:22 | DEBUG | trading.strategy5_continuation:_scan_symbol:379 | S5 skip: recent loss on symbol | {'symbol': 'BANKUSDT', 'hours_since_loss': 11.0}
2026-07-26 07:03:22 | DEBUG | trading.strategy5_continuation:_scan_symbol:379 | S5 skip: recent loss on symbol | {'symbol': 'ESPORTSUSDT', 'hours_since_loss': 12.0}
2026-07-26 07:03:22 | DEBUG | trading.strategy5_continuation:_scan_symbol:379 | S5 skip: recent loss on symbol | {'symbol': 'EULUSDT', 'hours_since_loss': 9.0}
2026-07-26 07:03:27 | DEBUG | trading.strategy5_continuation:_scan_symbol:379 | S5 skip: recent loss on symbol | {'symbol': 'BANKUSDT', 'hours_since_loss': 11.0}
2026-07-26 07:03:27 | DEBUG | trading.strategy5_continuation:_scan_symbol:379 | S5 skip: recent loss on symbol | {'symbol': 'ESPORTSUSDT', 'hours_since_loss': 12.0}
2026-07-26 07:03:27 | DEBUG | trading.strategy5_continuation:_scan_symbol:379 | S5 skip: recent loss on symbol | {'symbol': 'EULUSDT', 'hours_since_loss': 9.0}
2026-07-26 07:03:32 | DEBUG | trading.strategy5_continuation:_scan_symbol:379 | S5 skip: recent loss on symbol | {'symbol': 'BANKUSDT', 'hours_since_loss': 11.0}
2026-07-26 07:03:32 | DEBUG | trading.strategy5_continuation:_scan_symbol:379 | S5 skip: recent loss on symbol | {'symbol': 'ESPORTSUSDT', 'hours_since_loss': 12.0}
2026-07-26 07:03:32 | DEBUG | trading.strategy5_continuation:_scan_symbol:379 | S5 skip: recent loss on symbol | {'symbol': 'EULUSDT', 'hours_since_loss': 9.0}
2026-07-26 07:03:37 | DEBUG | trading.strategy5_continuation:_scan_symbol:379 | S5 skip: recent loss on symbol | {'symbol': 'BANKUSDT', 'hours_since_loss': 11.0}
2026-07-26 07:03:37 | DEBUG | trading.strategy5_continuation:_scan_symbol:379 | S5 skip: recent loss on symbol | {'symbol': 'ESPORTSUSDT', 'hours_since_loss': 12.0}
2026-07-26 07:03:38 | DEBUG | trading.strategy5_continuation:_scan_symbol:379 | S5 skip: recent loss on symbol | {'symbol': 'EULUSDT', 'hours_since_loss': 9.0}
2026-07-26 07:03:43 | DEBUG | trading.strategy5_continuation:_scan_symbol:379 | S5 skip: recent loss on symbol | {'symbol': 'BANKUSDT', 'hours_since_loss': 11.0}
2026-07-26 07:03:43 | DEBUG | trading.strategy5_continuation:_scan_symbol:379 | S5 skip: recent loss on symbol | {'symbol': 'ESPORTSUSDT', 'hours_since_loss': 12.0}
2026-07-26 07:03:43 | DEBUG | trading.strategy5_continuation:_scan_symbol:379 | S5 skip: recent loss on symbol | {'symbol': 'EULUSDT', 'hours_since_loss': 9.0}
2026-07-26 07:03:48 | DEBUG | trading.strategy5_continuation:_scan_symbol:379 | S5 skip: recent loss on symbol | {'symbol': 'BANKUSDT', 'hours_since_loss': 11.0}
2026-07-26 07:03:48 | DEBUG | trading.strategy5_continuation:_scan_symbol:379 | S5 skip: recent loss on symbol | {'symbol': 'ESPORTSUSDT', 'hours_since_loss': 12.0}
2026-07-26 07:03:48 | DEBUG | trading.strategy5_continuation:_scan_symbol:379 | S5 skip: recent loss on symbol | {'symbol': 'EULUSDT', 'hours_since_loss': 9.0}
2026-07-26 07:03:53 | DEBUG | trading.strategy5_continuation:_scan_symbol:379 | S5 skip: recent loss on symbol | {'symbol': 'BANKUSDT', 'hours_since_loss': 11.0}
2026-07-26 07:03:53 | DEBUG | trading.strategy5_continuation:_scan_symbol:379 | S5 skip: recent loss on symbol | {'symbol': 'ESPORTSUSDT', 'hours_since_loss': 12.0}
2026-07-26 07:03:53 | INFO | trading.strategy2_signal_filter:check:681 | S2 market phase | {'symbol': 'BANKUSDT', 'phase': 'drop_tradeable', 'note': 'drop_tradeable:bq=0.59'}
2026-07-26 07:03:53 | DEBUG | trading.strategy2_signal_filter:check:928 | S2 skip: RR below minimum | {'symbol': 'BANKUSDT', 'rr': 0.66, 'min_rr': 0.7, 'sl_dist_pct': 1.358, 'tp1_dist_pct': 0.9}
2026-07-26 07:03:53 | DEBUG | trading.strategy5_continuation:_scan_symbol:379 | S5 skip: recent loss on symbol | {'symbol': 'EULUSDT', 'hours_since_loss': 9.0}
2026-07-26 07:03:56 | INFO | trading.strategy2_signal_filter:check:681 | S2 market phase | {'symbol': 'BANKUSDT', 'phase': 'drop_tradeable', 'note': 'drop_tradeable:bq=0.59'}
2026-07-26 07:03:56 | DEBUG | trading.strategy2_signal_filter:check:928 | S2 skip: RR below minimum | {'symbol': 'BANKUSDT', 'rr': 0.67, 'min_rr': 0.7, 'sl_dist_pct': 1.339, 'tp1_dist_pct': 0.9}
2026-07-26 07:03:58 | DEBUG | trading.strategy5_continuation:_scan_symbol:379 | S5 skip: recent loss on symbol | {'symbol': 'BANKUSDT', 'hours_since_loss': 11.0}
2026-07-26 07:03:58 | DEBUG | trading.strategy5_continuation:_scan_symbol:379 | S5 skip: recent loss on symbol | {'symbol': 'ESPORTSUSDT', 'hours_since_loss': 12.0}
2026-07-26 07:03:58 | DEBUG | trading.strategy5_continuation:_scan_symbol:379 | S5 skip: recent loss on symbol | {'symbol': 'EULUSDT', 'hours_since_loss': 9.0}
2026-07-26 07:04:01 | INFO | trading.strategy2_signal_filter:check:681 | S2 market phase | {'symbol': 'BANKUSDT', 'phase': 'drop_tradeable', 'note': 'drop_tradeable:bq=0.59'}
2026-07-26 07:04:01 | DEBUG | trading.strategy2_signal_filter:check:928 | S2 skip: RR below minimum | {'symbol': 'BANKUSDT', 'rr': 0.67, 'min_rr': 0.7, 'sl_dist_pct': 1.339, 'tp1_dist_pct': 0.9}
2026-07-26 07:04:03 | DEBUG | trading.strategy5_continuation:_scan_symbol:379 | S5 skip: recent loss on symbol | {'symbol': 'BANKUSDT', 'hours_since_loss': 11.0}
2026-07-26 07:04:03 | DEBUG | trading.strategy5_continuation:_scan_symbol:379 | S5 skip: recent loss on symbol | {'symbol': 'ESPORTSUSDT', 'hours_since_loss': 12.0}
2026-07-26 07:04:03 | DEBUG | trading.strategy5_continuation:_scan_symbol:379 | S5 skip: recent loss on symbol | {'symbol': 'EULUSDT', 'hours_since_loss': 9.0}
2026-07-26 07:04:06 | INFO | trading.strategy2_signal_filter:check:681 | S2 market phase | {'symbol': 'BANKUSDT', 'phase': 'drop_tradeable', 'note': 'drop_tradeable:bq=0.59'}
2026-07-26 07:04:06 | DEBUG | trading.strategy2_signal_filter:check:928 | S2 skip: RR below minimum | {'symbol': 'BANKUSDT', 'rr': 0.67, 'min_rr': 0.7, 'sl_dist_pct': 1.339, 'tp1_dist_pct': 0.9}
2026-07-26 07:04:08 | DEBUG | trading.strategy5_continuation:_scan_symbol:379 | S5 skip: recent loss on symbol | {'symbol': 'BANKUSDT', 'hours_since_loss': 11.0}
2026-07-26 07:04:08 | DEBUG | trading.strategy5_continuation:_scan_symbol:379 | S5 skip: recent loss on symbol | {'symbol': 'ESPORTSUSDT', 'hours_since_loss': 12.0}
2026-07-26 07:04:08 | INFO | trading.strategy2_signal_filter:check:681 | S2 market phase | {'symbol': 'BANKUSDT', 'phase': 'drop_tradeable', 'note': 'drop_tradeable:bq=0.59'}
2026-07-26 07:04:08 | DEBUG | trading.strategy2_signal_filter:check:928 | S2 skip: RR below minimum | {'symbol': 'BANKUSDT', 'rr': 0.66, 'min_rr': 0.7, 'sl_dist_pct': 1.366, 'tp1_dist_pct': 0.9}
2026-07-26 07:04:09 | DEBUG | trading.strategy5_continuation:_scan_symbol:379 | S5 skip: recent loss on symbol | {'symbol': 'EULUSDT', 'hours_since_loss': 9.0}
2026-07-26 07:04:11 | INFO | trading.strategy2_signal_filter:check:681 | S2 market phase | {'symbol': 'BANKUSDT', 'phase': 'drop_tradeable', 'note': 'drop_tradeable:bq=0.59'}
2026-07-26 07:04:11 | DEBUG | trading.strategy2_signal_filter:check:928 | S2 skip: RR below minimum | {'symbol': 'BANKUSDT', 'rr': 0.67, 'min_rr': 0.7, 'sl_dist_pct': 1.339, 'tp1_dist_pct': 0.9}
2026-07-26 07:04:14 | DEBUG | trading.strategy5_continuation:_scan_symbol:379 | S5 skip: recent loss on symbol | {'symbol': 'BANKUSDT', 'hours_since_loss': 11.0}
2026-07-26 07:04:14 | DEBUG | trading.strategy5_continuation:_scan_symbol:379 | S5 skip: recent loss on symbol | {'symbol': 'ESPORTSUSDT', 'hours_since_loss': 12.0}
2026-07-26 07:04:14 | DEBUG | trading.strategy5_continuation:_scan_symbol:379 | S5 skip: recent loss on symbol | {'symbol': 'EULUSDT', 'hours_since_loss': 9.0}
2026-07-26 07:04:16 | INFO | trading.strategy2_signal_filter:check:681 | S2 market phase | {'symbol': 'BANKUSDT', 'phase': 'drop_tradeable', 'note': 'drop_tradeable:bq=0.59'}
2026-07-26 07:04:16 | DEBUG | trading.strategy2_signal_filter:check:928 | S2 skip: RR below minimum | {'symbol': 'BANKUSDT', 'rr': 0.67, 'min_rr': 0.7, 'sl_dist_pct': 1.339, 'tp1_dist_pct': 0.9}
2026-07-26 07:04:19 | DEBUG | trading.strategy5_continuation:_scan_symbol:379 | S5 skip: recent loss on symbol | {'symbol': 'BANKUSDT', 'hours_since_loss': 11.0}
2026-07-26 07:04:19 | DEBUG | trading.strategy5_continuation:_scan_symbol:379 | S5 skip: recent loss on symbol | {'symbol': 'ESPORTSUSDT', 'hours_since_loss': 12.0}
2026-07-26 07:04:19 | DEBUG | trading.strategy5_continuation:_scan_symbol:379 | S5 skip: recent loss on symbol | {'symbol': 'EULUSDT', 'hours_since_loss': 9.0}
2026-07-26 07:04:21 | INFO | trading.strategy2_signal_filter:check:681 | S2 market phase | {'symbol': 'BANKUSDT', 'phase': 'drop_tradeable', 'note': 'drop_tradeable:bq=0.59'}
2026-07-26 07:04:21 | DEBUG | trading.strategy2_signal_filter:check:928 | S2 skip: RR below minimum | {'symbol': 'BANKUSDT', 'rr': 0.67, 'min_rr': 0.7, 'sl_dist_pct': 1.339, 'tp1_dist_pct': 0.9}
2026-07-26 07:04:24 | DEBUG | trading.strategy5_continuation:_scan_symbol:379 | S5 skip: recent loss on symbol | {'symbol': 'BANKUSDT', 'hours_since_loss': 11.0}
2026-07-26 07:04:24 | DEBUG | trading.strategy5_continuation:_scan_symbol:379 | S5 skip: recent loss on symbol | {'symbol': 'EULUSDT', 'hours_since_loss': 9.0}
2026-07-26 07:04:29 | DEBUG | trading.strategy5_continuation:_scan_symbol:379 | S5 skip: recent loss on symbol | {'symbol': 'BANKUSDT', 'hours_since_loss': 11.0}
2026-07-26 07:04:29 | DEBUG | trading.strategy5_continuation:_scan_symbol:379 | S5 skip: recent loss on symbol | {'symbol': 'EULUSDT', 'hours_since_loss': 9.0}
2026-07-26 07:04:34 | DEBUG | trading.strategy5_continuation:_scan_symbol:379 | S5 skip: recent loss on symbol | {'symbol': 'BANKUSDT', 'hours_since_loss': 11.0}
2026-07-26 07:04:34 | DEBUG | trading.strategy5_continuation:_scan_symbol:379 | S5 skip: recent loss on symbol | {'symbol': 'EULUSDT', 'hours_since_loss': 9.0}
2026-07-26 07:04:39 | DEBUG | trading.strategy5_continuation:_scan_symbol:379 | S5 skip: recent loss on symbol | {'symbol': 'BANKUSDT', 'hours_since_loss': 11.0}
2026-07-26 07:04:40 | DEBUG | trading.strategy5_continuation:_scan_symbol:379 | S5 skip: recent loss on symbol | {'symbol': 'EULUSDT', 'hours_since_loss': 9.0}
2026-07-26 07:04:45 | DEBUG | trading.strategy5_continuation:_scan_symbol:379 | S5 skip: recent loss on symbol | {'symbol': 'BANKUSDT', 'hours_since_loss': 11.0}
2026-07-26 07:04:45 | DEBUG | trading.strategy5_continuation:_scan_symbol:379 | S5 skip: recent loss on symbol | {'symbol': 'EULUSDT', 'hours_since_loss': 9.0}
2026-07-26 07:04:50 | DEBUG | trading.strategy5_continuation:_scan_symbol:379 | S5 skip: recent loss on symbol | {'symbol': 'BANKUSDT', 'hours_since_loss': 11.0}
2026-07-26 07:04:50 | DEBUG | trading.strategy5_continuation:_scan_symbol:379 | S5 skip: recent loss on symbol | {'symbol': 'EULUSDT', 'hours_since_loss': 9.0}
2026-07-26 07:04:55 | DEBUG | trading.strategy5_continuation:_scan_symbol:379 | S5 skip: recent loss on symbol | {'symbol': 'BANKUSDT', 'hours_since_loss': 11.0}
2026-07-26 07:04:55 | DEBUG | trading.strategy5_continuation:_scan_symbol:379 | S5 skip: recent loss on symbol | {'symbol': 'EULUSDT', 'hours_since_loss': 9.0}
2026-07-26 07:05:00 | DEBUG | trading.strategy5_continuation:_scan_symbol:379 | S5 skip: recent loss on symbol | {'symbol': 'BANKUSDT', 'hours_since_loss': 11.0}
2026-07-26 07:05:00 | DEBUG | trading.strategy5_continuation:_scan_symbol:379 | S5 skip: recent loss on symbol | {'symbol': 'EULUSDT', 'hours_since_loss': 9.0}
2026-07-26 07:05:05 | DEBUG | trading.strategy5_continuation:_scan_symbol:379 | S5 skip: recent loss on symbol | {'symbol': 'BANKUSDT', 'hours_since_loss': 11.0}
2026-07-26 07:05:05 | DEBUG | trading.strategy5_continuation:_scan_symbol:379 | S5 skip: recent loss on symbol | {'symbol': 'EULUSDT', 'hours_since_loss': 9.0}
2026-07-26 07:05:10 | DEBUG | trading.strategy5_continuation:_scan_symbol:379 | S5 skip: recent loss on symbol | {'symbol': 'BANKUSDT', 'hours_since_loss': 11.0}
2026-07-26 07:05:11 | DEBUG | trading.strategy5_continuation:_scan_symbol:379 | S5 skip: recent loss on symbol | {'symbol': 'EULUSDT', 'hours_since_loss': 9.0}
2026-07-26 07:05:11 | INFO | trading.strategy2_signal_filter:check:533 | S2 skip: approach>=block (G3, level exhausted) | {'symbol': 'EULUSDT', 'level': 2.4002, 'approach_count': 4, 'block_threshold': 4}
2026-07-26 07:05:11 | INFO | trading.strategy2_signal_filter:check:545 | S2: level marked dead, monitor will stop sending proximity | {'symbol': 'EULUSDT', 'level': 2.4002, 'approach_count': 4}
2026-07-26 07:05:16 | DEBUG | trading.strategy5_continuation:_scan_symbol:379 | S5 skip: recent loss on symbol | {'symbol': 'BANKUSDT', 'hours_since_loss': 11.0}
2026-07-26 07:05:16 | DEBUG | trading.strategy5_continuation:_scan_symbol:379 | S5 skip: recent loss on symbol | {'symbol': 'EULUSDT', 'hours_since_loss': 9.0}
2026-07-26 07:05:21 | DEBUG | trading.strategy5_continuation:_scan_symbol:379 | S5 skip: recent loss on symbol | {'symbol': 'BANKUSDT', 'hours_since_loss': 11.0}
2026-07-26 07:05:21 | DEBUG | trading.strategy5_continuation:_scan_symbol:379 | S5 skip: recent loss on symbol | {'symbol': 'EULUSDT', 'hours_since_loss': 9.0}
2026-07-26 07:05:26 | DEBUG | trading.strategy5_continuation:_scan_symbol:379 | S5 skip: recent loss on symbol | {'symbol': 'BANKUSDT', 'hours_since_loss': 11.0}
2026-07-26 07:05:26 | INFO | trading.strategy2_signal_filter:check:681 | S2 market phase | {'symbol': 'BANKUSDT', 'phase': 'bleed', 'note': 'bleed:bq=0.41,dir_eff=0.31'}
2026-07-26 07:05:26 | DEBUG | trading.strategy2_signal_filter:check:691 | S2 skip: market phase=bleed | {'symbol': 'BANKUSDT', 'note': 'bleed:bq=0.41,dir_eff=0.31'}
2026-07-26 07:05:26 | INFO | trading.strategy2_signal_filter:check:681 | S2 market phase | {'symbol': 'BANKUSDT', 'phase': 'bleed', 'note': 'bleed:bq=0.41,dir_eff=0.31'}
2026-07-26 07:05:26 | DEBUG | trading.strategy2_signal_filter:check:691 | S2 skip: market phase=bleed | {'symbol': 'BANKUSDT', 'note': 'bleed:bq=0.41,dir_eff=0.31'}
2026-07-26 07:05:26 | DEBUG | trading.strategy5_continuation:_scan_symbol:379 | S5 skip: recent loss on symbol | {'symbol': 'EULUSDT', 'hours_since_loss': 9.0}
2026-07-26 07:05:31 | DEBUG | trading.strategy5_continuation:_scan_symbol:379 | S5 skip: recent loss on symbol | {'symbol': 'BANKUSDT', 'hours_since_loss': 11.0}
2026-07-26 07:05:31 | INFO | trading.strategy2_signal_filter:check:533 | S2 skip: approach>=block (G3, level exhausted) | {'symbol': 'EULUSDT', 'level': 2.4002, 'approach_count': 4, 'block_threshold': 4}
2026-07-26 07:05:31 | INFO | trading.strategy2_signal_filter:check:681 | S2 market phase | {'symbol': 'BANKUSDT', 'phase': 'bleed', 'note': 'bleed:bq=0.41,dir_eff=0.31'}
2026-07-26 07:05:31 | DEBUG | trading.strategy2_signal_filter:check:691 | S2 skip: market phase=bleed | {'symbol': 'BANKUSDT', 'note': 'bleed:bq=0.41,dir_eff=0.31'}
2026-07-26 07:05:31 | DEBUG | trading.strategy5_continuation:_scan_symbol:379 | S5 skip: recent loss on symbol | {'symbol': 'EULUSDT', 'hours_since_loss': 9.0}
2026-07-26 07:05:36 | DEBUG | trading.strategy5_continuation:_scan_symbol:379 | S5 skip: recent loss on symbol | {'symbol': 'BANKUSDT', 'hours_since_loss': 11.0}
2026-07-26 07:05:36 | INFO | trading.strategy2_signal_filter:check:681 | S2 market phase | {'symbol': 'BANKUSDT', 'phase': 'bleed', 'note': 'bleed:bq=0.41,dir_eff=0.31'}
2026-07-26 07:05:36 | DEBUG | trading.strategy2_signal_filter:check:691 | S2 skip: market phase=bleed | {'symbol': 'BANKUSDT', 'note': 'bleed:bq=0.41,dir_eff=0.31'}
2026-07-26 07:05:36 | DEBUG | trading.strategy5_continuation:_scan_symbol:379 | S5 skip: recent loss on symbol | {'symbol': 'EULUSDT', 'hours_since_loss': 9.0}
2026-07-26 07:05:41 | DEBUG | trading.strategy5_continuation:_scan_symbol:379 | S5 skip: recent loss on symbol | {'symbol': 'BANKUSDT', 'hours_since_loss': 11.0}
2026-07-26 07:05:41 | INFO | trading.strategy2_signal_filter:check:681 | S2 market phase | {'symbol': 'BANKUSDT', 'phase': 'bleed', 'note': 'bleed:bq=0.41,dir_eff=0.31'}
2026-07-26 07:05:41 | DEBUG | trading.strategy2_signal_filter:check:691 | S2 skip: market phase=bleed | {'symbol': 'BANKUSDT', 'note': 'bleed:bq=0.41,dir_eff=0.31'}
2026-07-26 07:05:42 | INFO | trading.strategy2_signal_filter:check:681 | S2 market phase | {'symbol': 'BANKUSDT', 'phase': 'bleed', 'note': 'bleed:bq=0.41,dir_eff=0.31'}
2026-07-26 07:05:42 | DEBUG | trading.strategy2_signal_filter:check:691 | S2 skip: market phase=bleed | {'symbol': 'BANKUSDT', 'note': 'bleed:bq=0.41,dir_eff=0.31'}
2026-07-26 07:05:42 | DEBUG | trading.strategy5_continuation:_scan_symbol:379 | S5 skip: recent loss on symbol | {'symbol': 'EULUSDT', 'hours_since_loss': 9.0}
2026-07-26 07:05:47 | DEBUG | trading.strategy5_continuation:_scan_symbol:379 | S5 skip: recent loss on symbol | {'symbol': 'BANKUSDT', 'hours_since_loss': 11.0}
2026-07-26 07:05:47 | INFO | trading.strategy2_signal_filter:check:533 | S2 skip: approach>=block (G3, level exhausted) | {'symbol': 'EULUSDT', 'level': 2.4002, 'approach_count': 4, 'block_threshold': 4}
2026-07-26 07:05:47 | INFO | trading.strategy2_signal_filter:check:681 | S2 market phase | {'symbol': 'BANKUSDT', 'phase': 'bleed', 'note': 'bleed:bq=0.41,dir_eff=0.31'}
2026-07-26 07:05:47 | DEBUG | trading.strategy2_signal_filter:check:691 | S2 skip: market phase=bleed | {'symbol': 'BANKUSDT', 'note': 'bleed:bq=0.41,dir_eff=0.31'}
2026-07-26 07:05:47 | DEBUG | trading.strategy5_continuation:_scan_symbol:379 | S5 skip: recent loss on symbol | {'symbol': 'EULUSDT', 'hours_since_loss': 9.0}
2026-07-26 07:05:52 | DEBUG | trading.strategy5_continuation:_scan_symbol:379 | S5 skip: recent loss on symbol | {'symbol': 'BANKUSDT', 'hours_since_loss': 11.0}
2026-07-26 07:05:52 | INFO | trading.strategy2_signal_filter:check:681 | S2 market phase | {'symbol': 'BANKUSDT', 'phase': 'bleed', 'note': 'bleed:bq=0.41,dir_eff=0.31'}
2026-07-26 07:05:52 | DEBUG | trading.strategy2_signal_filter:check:691 | S2 skip: market phase=bleed | {'symbol': 'BANKUSDT', 'note': 'bleed:bq=0.41,dir_eff=0.31'}
2026-07-26 07:05:52 | DEBUG | trading.strategy5_continuation:_scan_symbol:379 | S5 skip: recent loss on symbol | {'symbol': 'EULUSDT', 'hours_since_loss': 9.0}
2026-07-26 07:05:57 | DEBUG | trading.strategy5_continuation:_scan_symbol:379 | S5 skip: recent loss on symbol | {'symbol': 'BANKUSDT', 'hours_since_loss': 11.0}
2026-07-26 07:05:57 | INFO | trading.strategy2_signal_filter:check:681 | S2 market phase | {'symbol': 'BANKUSDT', 'phase': 'bleed', 'note': 'bleed:bq=0.41,dir_eff=0.31'}
2026-07-26 07:05:57 | DEBUG | trading.strategy2_signal_filter:check:691 | S2 skip: market phase=bleed | {'symbol': 'BANKUSDT', 'note': 'bleed:bq=0.41,dir_eff=0.31'}
2026-07-26 07:05:57 | INFO | trading.strategy2_signal_filter:check:681 | S2 market phase | {'symbol': 'BANKUSDT', 'phase': 'bleed', 'note': 'bleed:bq=0.41,dir_eff=0.31'}
2026-07-26 07:05:57 | DEBUG | trading.strategy2_signal_filter:check:691 | S2 skip: market phase=bleed | {'symbol': 'BANKUSDT', 'note': 'bleed:bq=0.41,dir_eff=0.31'}
2026-07-26 07:05:57 | DEBUG | trading.strategy5_continuation:_scan_symbol:379 | S5 skip: recent loss on symbol | {'symbol': 'EULUSDT', 'hours_since_loss': 9.0}
2026-07-26 07:06:02 | DEBUG | trading.strategy5_continuation:_scan_symbol:379 | S5 skip: recent loss on symbol | {'symbol': 'BANKUSDT', 'hours_since_loss': 11.0}
2026-07-26 07:06:02 | INFO | trading.strategy2_signal_filter:check:681 | S2 market phase | {'symbol': 'BANKUSDT', 'phase': 'bleed', 'note': 'bleed:bq=0.41,dir_eff=0.31'}
2026-07-26 07:06:02 | DEBUG | trading.strategy2_signal_filter:check:691 | S2 skip: market phase=bleed | {'symbol': 'BANKUSDT', 'note': 'bleed:bq=0.41,dir_eff=0.31'}
2026-07-26 07:06:02 | DEBUG | trading.strategy5_continuation:_scan_symbol:379 | S5 skip: recent loss on symbol | {'symbol': 'EULUSDT', 'hours_since_loss': 9.0}
2026-07-26 07:06:07 | DEBUG | trading.strategy5_continuation:_scan_symbol:379 | S5 skip: recent loss on symbol | {'symbol': 'BANKUSDT', 'hours_since_loss': 11.0}
2026-07-26 07:06:07 | INFO | trading.strategy2_signal_filter:check:681 | S2 market phase | {'symbol': 'BANKUSDT', 'phase': 'bleed', 'note': 'bleed:bq=0.41,dir_eff=0.33'}
2026-07-26 07:06:07 | DEBUG | trading.strategy2_signal_filter:check:691 | S2 skip: market phase=bleed | {'symbol': 'BANKUSDT', 'note': 'bleed:bq=0.41,dir_eff=0.33'}
2026-07-26 07:06:07 | DEBUG | trading.strategy5_continuation:_scan_symbol:379 | S5 skip: recent loss on symbol | {'symbol': 'EULUSDT', 'hours_since_loss': 9.0}
2026-07-26 07:06:12 | DEBUG | trading.strategy5_continuation:_scan_symbol:379 | S5 skip: recent loss on symbol | {'symbol': 'BANKUSDT', 'hours_since_loss': 11.0}
2026-07-26 07:06:12 | INFO | trading.strategy2_signal_filter:check:681 | S2 market phase | {'symbol': 'BANKUSDT', 'phase': 'bleed', 'note': 'bleed:bq=0.41,dir_eff=0.33'}
2026-07-26 07:06:12 | DEBUG | trading.strategy2_signal_filter:check:691 | S2 skip: market phase=bleed | {'symbol': 'BANKUSDT', 'note': 'bleed:bq=0.41,dir_eff=0.33'}
2026-07-26 07:06:12 | INFO | trading.strategy2_signal_filter:check:681 | S2 market phase | {'symbol': 'BANKUSDT', 'phase': 'bleed', 'note': 'bleed:bq=0.41,dir_eff=0.33'}
2026-07-26 07:06:12 | DEBUG | trading.strategy2_signal_filter:check:691 | S2 skip: market phase=bleed | {'symbol': 'BANKUSDT', 'note': 'bleed:bq=0.41,dir_eff=0.33'}
2026-07-26 07:06:12 | DEBUG | trading.strategy5_continuation:_scan_symbol:379 | S5 skip: recent loss on symbol | {'symbol': 'EULUSDT', 'hours_since_loss': 9.0}
2026-07-26 07:06:18 | DEBUG | trading.strategy5_continuation:_scan_symbol:379 | S5 skip: recent loss on symbol | {'symbol': 'BANKUSDT', 'hours_since_loss': 11.0}
2026-07-26 07:06:18 | INFO | trading.strategy2_signal_filter:check:681 | S2 market phase | {'symbol': 'BANKUSDT', 'phase': 'bleed', 'note': 'bleed:bq=0.41,dir_eff=0.32'}
2026-07-26 07:06:18 | DEBUG | trading.strategy2_signal_filter:check:691 | S2 skip: market phase=bleed | {'symbol': 'BANKUSDT', 'note': 'bleed:bq=0.41,dir_eff=0.32'}
2026-07-26 07:06:18 | DEBUG | trading.strategy5_continuation:_scan_symbol:379 | S5 skip: recent loss on symbol | {'symbol': 'EULUSDT', 'hours_since_loss': 9.0}
2026-07-26 07:06:23 | DEBUG | trading.strategy5_continuation:_scan_symbol:379 | S5 skip: recent loss on symbol | {'symbol': 'BANKUSDT', 'hours_since_loss': 11.0}
2026-07-26 07:06:23 | INFO | trading.strategy2_signal_filter:check:681 | S2 market phase | {'symbol': 'BANKUSDT', 'phase': 'bleed', 'note': 'bleed:bq=0.41,dir_eff=0.32'}
2026-07-26 07:06:23 | DEBUG | trading.strategy2_signal_filter:check:691 | S2 skip: market phase=bleed | {'symbol': 'BANKUSDT', 'note': 'bleed:bq=0.41,dir_eff=0.32'}
2026-07-26 07:06:23 | DEBUG | trading.strategy5_continuation:_scan_symbol:379 | S5 skip: recent loss on symbol | {'symbol': 'EULUSDT', 'hours_since_loss': 9.0}
2026-07-26 07:06:28 | DEBUG | trading.strategy5_continuation:_scan_symbol:379 | S5 skip: recent loss on symbol | {'symbol': 'BANKUSDT', 'hours_since_loss': 11.1}
2026-07-26 07:06:28 | INFO | trading.strategy2_signal_filter:check:681 | S2 market phase | {'symbol': 'BANKUSDT', 'phase': 'bleed', 'note': 'bleed:bq=0.41,dir_eff=0.32'}
2026-07-26 07:06:28 | DEBUG | trading.strategy2_signal_filter:check:691 | S2 skip: market phase=bleed | {'symbol': 'BANKUSDT', 'note': 'bleed:bq=0.41,dir_eff=0.32'}
2026-07-26 07:06:28 | INFO | trading.strategy2_signal_filter:check:681 | S2 market phase | {'symbol': 'BANKUSDT', 'phase': 'bleed', 'note': 'bleed:bq=0.41,dir_eff=0.32'}
2026-07-26 07:06:28 | DEBUG | trading.strategy2_signal_filter:check:691 | S2 skip: market phase=bleed | {'symbol': 'BANKUSDT', 'note': 'bleed:bq=0.41,dir_eff=0.32'}
2026-07-26 07:06:28 | DEBUG | trading.strategy5_continuation:_scan_symbol:379 | S5 skip: recent loss on symbol | {'symbol': 'EULUSDT', 'hours_since_loss': 9.1}
2026-07-26 07:06:33 | DEBUG | trading.strategy5_continuation:_scan_symbol:379 | S5 skip: recent loss on symbol | {'symbol': 'BANKUSDT', 'hours_since_loss': 11.1}
2026-07-26 07:06:33 | INFO | trading.strategy2_signal_filter:check:681 | S2 market phase | {'symbol': 'BANKUSDT', 'phase': 'bleed', 'note': 'bleed:bq=0.41,dir_eff=0.32'}
2026-07-26 07:06:33 | DEBUG | trading.strategy2_signal_filter:check:691 | S2 skip: market phase=bleed | {'symbol': 'BANKUSDT', 'note': 'bleed:bq=0.41,dir_eff=0.32'}
2026-07-26 07:06:33 | DEBUG | trading.strategy5_continuation:_scan_symbol:379 | S5 skip: recent loss on symbol | {'symbol': 'EULUSDT', 'hours_since_loss': 9.1}
2026-07-26 07:06:38 | DEBUG | trading.strategy5_continuation:_scan_symbol:379 | S5 skip: recent loss on symbol | {'symbol': 'BANKUSDT', 'hours_since_loss': 11.1}
2026-07-26 07:06:38 | DEBUG | trading.strategy5_continuation:_scan_symbol:379 | S5 skip: recent loss on symbol | {'symbol': 'EULUSDT', 'hours_since_loss': 9.1}
2026-07-26 07:06:43 | DEBUG | trading.strategy5_continuation:_scan_symbol:379 | S5 skip: recent loss on symbol | {'symbol': 'BANKUSDT', 'hours_since_loss': 11.1}
2026-07-26 07:06:43 | INFO | trading.strategy2_signal_filter:check:681 | S2 market phase | {'symbol': 'BANKUSDT', 'phase': 'bleed', 'note': 'bleed:bq=0.41,dir_eff=0.32'}
2026-07-26 07:06:43 | DEBUG | trading.strategy2_signal_filter:check:691 | S2 skip: market phase=bleed | {'symbol': 'BANKUSDT', 'note': 'bleed:bq=0.41,dir_eff=0.32'}
2026-07-26 07:06:43 | INFO | trading.strategy2_signal_filter:check:533 | S2 skip: approach>=block (G3, level exhausted) | {'symbol': 'EULUSDT', 'level': 2.4002, 'approach_count': 6, 'block_threshold': 4}
2026-07-26 07:06:43 | DEBUG | trading.strategy5_continuation:_scan_symbol:379 | S5 skip: recent loss on symbol | {'symbol': 'EULUSDT', 'hours_since_loss': 9.1}
2026-07-26 07:06:49 | DEBUG | trading.strategy5_continuation:_scan_symbol:379 | S5 skip: recent loss on symbol | {'symbol': 'BANKUSDT', 'hours_since_loss': 11.1}
2026-07-26 07:06:49 | DEBUG | trading.strategy5_continuation:_scan_symbol:379 | S5 skip: recent loss on symbol | {'symbol': 'EULUSDT', 'hours_since_loss': 9.1}
2026-07-26 07:06:54 | DEBUG | trading.strategy5_continuation:_scan_symbol:379 | S5 skip: recent loss on symbol | {'symbol': 'BANKUSDT', 'hours_since_loss': 11.1}
2026-07-26 07:06:54 | DEBUG | trading.strategy5_continuation:_scan_symbol:379 | S5 skip: recent loss on symbol | {'symbol': 'EULUSDT', 'hours_since_loss': 9.1}
2026-07-26 07:06:59 | DEBUG | trading.strategy5_continuation:_scan_symbol:379 | S5 skip: recent loss on symbol | {'symbol': 'BANKUSDT', 'hours_since_loss': 11.1}
2026-07-26 07:06:59 | INFO | trading.strategy2_signal_filter:check:681 | S2 market phase | {'symbol': 'BANKUSDT', 'phase': 'bleed', 'note': 'bleed:bq=0.41,dir_eff=0.32'}
2026-07-26 07:06:59 | DEBUG | trading.strategy2_signal_filter:check:691 | S2 skip: market phase=bleed | {'symbol': 'BANKUSDT', 'note': 'bleed:bq=0.41,dir_eff=0.32'}
2026-07-26 07:06:59 | INFO | trading.strategy2_signal_filter:check:533 | S2 skip: approach>=block (G3, level exhausted) | {'symbol': 'EULUSDT', 'level': 2.4002, 'approach_count': 6, 'block_threshold': 4}
2026-07-26 07:06:59 | INFO | trading.strategy2_signal_filter:check:681 | S2 market phase | {'symbol': 'BANKUSDT', 'phase': 'bleed', 'note': 'bleed:bq=0.41,dir_eff=0.32'}
2026-07-26 07:06:59 | DEBUG | trading.strategy2_signal_filter:check:691 | S2 skip: market phase=bleed | {'symbol': 'BANKUSDT', 'note': 'bleed:bq=0.41,dir_eff=0.32'}
2026-07-26 07:06:59 | DEBUG | trading.strategy5_continuation:_scan_symbol:379 | S5 skip: recent loss on symbol | {'symbol': 'EULUSDT', 'hours_since_loss': 9.1}
2026-07-26 07:07:04 | DEBUG | trading.strategy5_continuation:_scan_symbol:379 | S5 skip: recent loss on symbol | {'symbol': 'BANKUSDT', 'hours_since_loss': 11.1}
2026-07-26 07:07:04 | INFO | trading.strategy2_signal_filter:check:681 | S2 market phase | {'symbol': 'BANKUSDT', 'phase': 'bleed', 'note': 'bleed:bq=0.41,dir_eff=0.32'}
2026-07-26 07:07:04 | DEBUG | trading.strategy2_signal_filter:check:691 | S2 skip: market phase=bleed | {'symbol': 'BANKUSDT', 'note': 'bleed:bq=0.41,dir_eff=0.32'}
2026-07-26 07:07:04 | DEBUG | trading.strategy5_continuation:_scan_symbol:379 | S5 skip: recent loss on symbol | {'symbol': 'EULUSDT', 'hours_since_loss': 9.1}
2026-07-26 07:07:09 | DEBUG | trading.strategy5_continuation:_scan_symbol:379 | S5 skip: recent loss on symbol | {'symbol': 'BANKUSDT', 'hours_since_loss': 11.1}
2026-07-26 07:07:09 | INFO | trading.strategy2_signal_filter:check:681 | S2 market phase | {'symbol': 'BANKUSDT', 'phase': 'bleed', 'note': 'bleed:bq=0.41,dir_eff=0.34'}
2026-07-26 07:07:09 | DEBUG | trading.strategy2_signal_filter:check:691 | S2 skip: market phase=bleed | {'symbol': 'BANKUSDT', 'note': 'bleed:bq=0.41,dir_eff=0.34'}
2026-07-26 07:07:09 | DEBUG | trading.strategy5_continuation:_scan_symbol:379 | S5 skip: recent loss on symbol | {'symbol': 'EULUSDT', 'hours_since_loss': 9.1}
2026-07-26 07:07:14 | DEBUG | trading.strategy5_continuation:_scan_symbol:379 | S5 skip: recent loss on symbol | {'symbol': 'BANKUSDT', 'hours_since_loss': 11.1}
2026-07-26 07:07:14 | INFO | trading.strategy2_signal_filter:check:681 | S2 market phase | {'symbol': 'BANKUSDT', 'phase': 'bleed', 'note': 'bleed:bq=0.41,dir_eff=0.34'}
2026-07-26 07:07:14 | DEBUG | trading.strategy2_signal_filter:check:691 | S2 skip: market phase=bleed | {'symbol': 'BANKUSDT', 'note': 'bleed:bq=0.41,dir_eff=0.34'}
2026-07-26 07:07:14 | INFO | trading.strategy2_signal_filter:check:681 | S2 market phase | {'symbol': 'BANKUSDT', 'phase': 'bleed', 'note': 'bleed:bq=0.41,dir_eff=0.34'}
2026-07-26 07:07:14 | DEBUG | trading.strategy2_signal_filter:check:691 | S2 skip: market phase=bleed | {'symbol': 'BANKUSDT', 'note': 'bleed:bq=0.41,dir_eff=0.34'}
2026-07-26 07:07:14 | DEBUG | trading.strategy5_continuation:_scan_symbol:379 | S5 skip: recent loss on symbol | {'symbol': 'EULUSDT', 'hours_since_loss': 9.1}
2026-07-26 07:07:20 | DEBUG | trading.strategy5_continuation:_scan_symbol:379 | S5 skip: recent loss on symbol | {'symbol': 'BANKUSDT', 'hours_since_loss': 11.1}
2026-07-26 07:07:20 | INFO | trading.strategy2_signal_filter:check:681 | S2 market phase | {'symbol': 'BANKUSDT', 'phase': 'bleed', 'note': 'bleed:bq=0.41,dir_eff=0.34'}
2026-07-26 07:07:20 | DEBUG | trading.strategy2_signal_filter:check:691 | S2 skip: market phase=bleed | {'symbol': 'BANKUSDT', 'note': 'bleed:bq=0.41,dir_eff=0.34'}
2026-07-26 07:07:20 | DEBUG | trading.strategy5_continuation:_scan_symbol:379 | S5 skip: recent loss on symbol | {'symbol': 'EULUSDT', 'hours_since_loss': 9.1}
2026-07-26 07:07:25 | DEBUG | trading.strategy5_continuation:_scan_symbol:379 | S5 skip: recent loss on symbol | {'symbol': 'BANKUSDT', 'hours_since_loss': 11.1}
2026-07-26 07:07:25 | INFO | trading.strategy2_signal_filter:check:533 | S2 skip: approach>=block (G3, level exhausted) | {'symbol': 'EULUSDT', 'level': 2.4002, 'approach_count': 7, 'block_threshold': 4}
2026-07-26 07:07:25 | INFO | trading.strategy2_signal_filter:check:681 | S2 market phase | {'symbol': 'BANKUSDT', 'phase': 'bleed', 'note': 'bleed:bq=0.41,dir_eff=0.34'}
2026-07-26 07:07:25 | DEBUG | trading.strategy2_signal_filter:check:691 | S2 skip: market phase=bleed | {'symbol': 'BANKUSDT', 'note': 'bleed:bq=0.41,dir_eff=0.34'}
2026-07-26 07:07:25 | DEBUG | trading.strategy5_continuation:_scan_symbol:379 | S5 skip: recent loss on symbol | {'symbol': 'EULUSDT', 'hours_since_loss': 9.1}
2026-07-26 07:07:30 | DEBUG | trading.strategy5_continuation:_scan_symbol:379 | S5 skip: recent loss on symbol | {'symbol': 'BANKUSDT', 'hours_since_loss': 11.1}
2026-07-26 07:07:30 | INFO | trading.strategy2_signal_filter:check:681 | S2 market phase | {'symbol': 'BANKUSDT', 'phase': 'bleed', 'note': 'bleed:bq=0.41,dir_eff=0.34'}
2026-07-26 07:07:30 | DEBUG | trading.strategy2_signal_filter:check:691 | S2 skip: market phase=bleed | {'symbol': 'BANKUSDT', 'note': 'bleed:bq=0.41,dir_eff=0.34'}
2026-07-26 07:07:30 | INFO | trading.strategy2_signal_filter:check:681 | S2 market phase | {'symbol': 'BANKUSDT', 'phase': 'bleed', 'note': 'bleed:bq=0.41,dir_eff=0.34'}
2026-07-26 07:07:30 | DEBUG | trading.strategy2_signal_filter:check:691 | S2 skip: market phase=bleed | {'symbol': 'BANKUSDT', 'note': 'bleed:bq=0.41,dir_eff=0.34'}
2026-07-26 07:07:30 | DEBUG | trading.strategy5_continuation:_scan_symbol:379 | S5 skip: recent loss on symbol | {'symbol': 'EULUSDT', 'hours_since_loss': 9.1}
2026-07-26 07:07:35 | DEBUG | trading.strategy5_continuation:_scan_symbol:379 | S5 skip: recent loss on symbol | {'symbol': 'BANKUSDT', 'hours_since_loss': 11.1}
2026-07-26 07:07:35 | INFO | trading.strategy2_signal_filter:check:681 | S2 market phase | {'symbol': 'BANKUSDT', 'phase': 'bleed', 'note': 'bleed:bq=0.41,dir_eff=0.34'}
2026-07-26 07:07:35 | DEBUG | trading.strategy2_signal_filter:check:691 | S2 skip: market phase=bleed | {'symbol': 'BANKUSDT', 'note': 'bleed:bq=0.41,dir_eff=0.34'}
2026-07-26 07:07:35 | DEBUG | trading.strategy5_continuation:_scan_symbol:379 | S5 skip: recent loss on symbol | {'symbol': 'EULUSDT', 'hours_since_loss': 9.1}
2026-07-26 07:07:40 | DEBUG | trading.strategy5_continuation:_scan_symbol:379 | S5 skip: recent loss on symbol | {'symbol': 'BANKUSDT', 'hours_since_loss': 11.1}
2026-07-26 07:07:40 | INFO | trading.strategy2_signal_filter:check:681 | S2 market phase | {'symbol': 'BANKUSDT', 'phase': 'bleed', 'note': 'bleed:bq=0.41,dir_eff=0.34'}
2026-07-26 07:07:40 | DEBUG | trading.strategy2_signal_filter:check:691 | S2 skip: market phase=bleed | {'symbol': 'BANKUSDT', 'note': 'bleed:bq=0.41,dir_eff=0.34'}
2026-07-26 07:07:40 | DEBUG | trading.strategy5_continuation:_scan_symbol:379 | S5 skip: recent loss on symbol | {'symbol': 'EULUSDT', 'hours_since_loss': 9.1}
2026-07-26 07:07:45 | DEBUG | trading.strategy5_continuation:_scan_symbol:379 | S5 skip: recent loss on symbol | {'symbol': 'BANKUSDT', 'hours_since_loss': 11.1}
2026-07-26 07:07:45 | INFO | trading.strategy2_signal_filter:check:681 | S2 market phase | {'symbol': 'BANKUSDT', 'phase': 'bleed', 'note': 'bleed:bq=0.41,dir_eff=0.34'}
2026-07-26 07:07:45 | DEBUG | trading.strategy2_signal_filter:check:691 | S2 skip: market phase=bleed | {'symbol': 'BANKUSDT', 'note': 'bleed:bq=0.41,dir_eff=0.34'}
2026-07-26 07:07:45 | INFO | trading.strategy2_signal_filter:check:681 | S2 market phase | {'symbol': 'BANKUSDT', 'phase': 'bleed', 'note': 'bleed:bq=0.41,dir_eff=0.34'}
2026-07-26 07:07:45 | DEBUG | trading.strategy2_signal_filter:check:691 | S2 skip: market phase=bleed | {'symbol': 'BANKUSDT', 'note': 'bleed:bq=0.41,dir_eff=0.34'}
2026-07-26 07:07:45 | DEBUG | trading.strategy5_continuation:_scan_symbol:379 | S5 skip: recent loss on symbol | {'symbol': 'EULUSDT', 'hours_since_loss': 9.1}
2026-07-26 07:07:51 | DEBUG | trading.strategy5_continuation:_scan_symbol:379 | S5 skip: recent loss on symbol | {'symbol': 'BANKUSDT', 'hours_since_loss': 11.1}
2026-07-26 07:07:51 | INFO | trading.strategy2_signal_filter:check:681 | S2 market phase | {'symbol': 'BANKUSDT', 'phase': 'bleed', 'note': 'bleed:bq=0.41,dir_eff=0.34'}
2026-07-26 07:07:51 | DEBUG | trading.strategy2_signal_filter:check:691 | S2 skip: market phase=bleed | {'symbol': 'BANKUSDT', 'note': 'bleed:bq=0.41,dir_eff=0.34'}
2026-07-26 07:07:51 | DEBUG | trading.strategy5_continuation:_scan_symbol:379 | S5 skip: recent loss on symbol | {'symbol': 'EULUSDT', 'hours_since_loss': 9.1}
2026-07-26 07:07:56 | DEBUG | trading.strategy5_continuation:_scan_symbol:379 | S5 skip: recent loss on symbol | {'symbol': 'BANKUSDT', 'hours_since_loss': 11.1}
2026-07-26 07:07:56 | INFO | trading.strategy2_signal_filter:check:681 | S2 market phase | {'symbol': 'BANKUSDT', 'phase': 'bleed', 'note': 'bleed:bq=0.41,dir_eff=0.34'}
2026-07-26 07:07:56 | DEBUG | trading.strategy2_signal_filter:check:691 | S2 skip: market phase=bleed | {'symbol': 'BANKUSDT', 'note': 'bleed:bq=0.41,dir_eff=0.34'}
2026-07-26 07:07:56 | DEBUG | trading.strategy5_continuation:_scan_symbol:379 | S5 skip: recent loss on symbol | {'symbol': 'EULUSDT', 'hours_since_loss': 9.1}
2026-07-26 07:08:01 | DEBUG | trading.strategy5_continuation:_scan_symbol:379 | S5 skip: recent loss on symbol | {'symbol': 'BANKUSDT', 'hours_since_loss': 11.1}
2026-07-26 07:08:01 | INFO | trading.strategy2_signal_filter:check:681 | S2 market phase | {'symbol': 'BANKUSDT', 'phase': 'bleed', 'note': 'bleed:bq=0.41,dir_eff=0.35'}
2026-07-26 07:08:01 | DEBUG | trading.strategy2_signal_filter:check:691 | S2 skip: market phase=bleed | {'symbol': 'BANKUSDT', 'note': 'bleed:bq=0.41,dir_eff=0.35'}
2026-07-26 07:08:01 | INFO | trading.strategy2_signal_filter:check:533 | S2 skip: approach>=block (G3, level exhausted) | {'symbol': 'EULUSDT', 'level': 2.4002, 'approach_count': 7, 'block_threshold': 4}
2026-07-26 07:08:01 | INFO | trading.strategy2_signal_filter:check:681 | S2 market phase | {'symbol': 'BANKUSDT', 'phase': 'bleed', 'note': 'bleed:bq=0.41,dir_eff=0.35'}
2026-07-26 07:08:01 | DEBUG | trading.strategy2_signal_filter:check:691 | S2 skip: market phase=bleed | {'symbol': 'BANKUSDT', 'note': 'bleed:bq=0.41,dir_eff=0.35'}
2026-07-26 07:08:01 | DEBUG | trading.strategy5_continuation:_scan_symbol:379 | S5 skip: recent loss on symbol | {'symbol': 'EULUSDT', 'hours_since_loss': 9.1}
2026-07-26 07:08:06 | DEBUG | trading.strategy5_continuation:_scan_symbol:379 | S5 skip: recent loss on symbol | {'symbol': 'BANKUSDT', 'hours_since_loss': 11.1}
2026-07-26 07:08:06 | INFO | trading.strategy2_signal_filter:check:681 | S2 market phase | {'symbol': 'BANKUSDT', 'phase': 'bleed', 'note': 'bleed:bq=0.41,dir_eff=0.35'}
2026-07-26 07:08:06 | DEBUG | trading.strategy2_signal_filter:check:691 | S2 skip: market phase=bleed | {'symbol': 'BANKUSDT', 'note': 'bleed:bq=0.41,dir_eff=0.35'}
2026-07-26 07:08:06 | DEBUG | trading.strategy5_continuation:_scan_symbol:379 | S5 skip: recent loss on symbol | {'symbol': 'EULUSDT', 'hours_since_loss': 9.1}
2026-07-26 07:08:11 | DEBUG | trading.strategy5_continuation:_scan_symbol:379 | S5 skip: recent loss on symbol | {'symbol': 'BANKUSDT', 'hours_since_loss': 11.1}
2026-07-26 07:08:11 | INFO | trading.strategy2_signal_filter:check:681 | S2 market phase | {'symbol': 'BANKUSDT', 'phase': 'bleed', 'note': 'bleed:bq=0.41,dir_eff=0.34'}
2026-07-26 07:08:11 | DEBUG | trading.strategy2_signal_filter:check:691 | S2 skip: market phase=bleed | {'symbol': 'BANKUSDT', 'note': 'bleed:bq=0.41,dir_eff=0.34'}
2026-07-26 07:08:11 | DEBUG | trading.strategy5_continuation:_scan_symbol:379 | S5 skip: recent loss on symbol | {'symbol': 'EULUSDT', 'hours_since_loss': 9.1}
2026-07-26 07:08:16 | DEBUG | trading.strategy5_continuation:_scan_symbol:379 | S5 skip: recent loss on symbol | {'symbol': 'BANKUSDT', 'hours_since_loss': 11.1}
2026-07-26 07:08:16 | INFO | trading.strategy2_signal_filter:check:681 | S2 market phase | {'symbol': 'BANKUSDT', 'phase': 'bleed', 'note': 'bleed:bq=0.41,dir_eff=0.34'}
2026-07-26 07:08:16 | DEBUG | trading.strategy2_signal_filter:check:691 | S2 skip: market phase=bleed | {'symbol': 'BANKUSDT', 'note': 'bleed:bq=0.41,dir_eff=0.34'}
2026-07-26 07:08:16 | INFO | trading.strategy2_signal_filter:check:533 | S2 skip: approach>=block (G3, level exhausted) | {'symbol': 'EULUSDT', 'level': 2.4002, 'approach_count': 8, 'block_threshold': 4}
2026-07-26 07:08:16 | INFO | trading.strategy2_signal_filter:check:681 | S2 market phase | {'symbol': 'BANKUSDT', 'phase': 'bleed', 'note': 'bleed:bq=0.41,dir_eff=0.34'}
2026-07-26 07:08:16 | DEBUG | trading.strategy2_signal_filter:check:691 | S2 skip: market phase=bleed | {'symbol': 'BANKUSDT', 'note': 'bleed:bq=0.41,dir_eff=0.34'}
2026-07-26 07:08:16 | DEBUG | trading.strategy5_continuation:_scan_symbol:379 | S5 skip: recent loss on symbol | {'symbol': 'EULUSDT', 'hours_since_loss': 9.1}
2026-07-26 07:08:22 | DEBUG | trading.strategy5_continuation:_scan_symbol:379 | S5 skip: recent loss on symbol | {'symbol': 'BANKUSDT', 'hours_since_loss': 11.1}
2026-07-26 07:08:22 | INFO | trading.strategy2_signal_filter:check:681 | S2 market phase | {'symbol': 'BANKUSDT', 'phase': 'bleed', 'note': 'bleed:bq=0.41,dir_eff=0.34'}
2026-07-26 07:08:22 | DEBUG | trading.strategy2_signal_filter:check:691 | S2 skip: market phase=bleed | {'symbol': 'BANKUSDT', 'note': 'bleed:bq=0.41,dir_eff=0.34'}
2026-07-26 07:08:22 | DEBUG | trading.strategy5_continuation:_scan_symbol:379 | S5 skip: recent loss on symbol | {'symbol': 'EULUSDT', 'hours_since_loss': 9.1}
2026-07-26 07:08:27 | DEBUG | trading.strategy5_continuation:_scan_symbol:379 | S5 skip: recent loss on symbol | {'symbol': 'BANKUSDT', 'hours_since_loss': 11.1}
2026-07-26 07:08:27 | INFO | trading.strategy2_signal_filter:check:681 | S2 market phase | {'symbol': 'BANKUSDT', 'phase': 'bleed', 'note': 'bleed:bq=0.41,dir_eff=0.34'}
2026-07-26 07:08:27 | DEBUG | trading.strategy2_signal_filter:check:691 | S2 skip: market phase=bleed | {'symbol': 'BANKUSDT', 'note': 'bleed:bq=0.41,dir_eff=0.34'}
2026-07-26 07:08:27 | DEBUG | trading.strategy5_continuation:_scan_symbol:379 | S5 skip: recent loss on symbol | {'symbol': 'EULUSDT', 'hours_since_loss': 9.1}
2026-07-26 07:08:32 | DEBUG | trading.strategy5_continuation:_scan_symbol:379 | S5 skip: recent loss on symbol | {'symbol': 'BANKUSDT', 'hours_since_loss': 11.1}
2026-07-26 07:08:32 | INFO | trading.strategy2_signal_filter:check:681 | S2 market phase | {'symbol': 'BANKUSDT', 'phase': 'bleed', 'note': 'bleed:bq=0.41,dir_eff=0.35'}
2026-07-26 07:08:32 | DEBUG | trading.strategy2_signal_filter:check:691 | S2 skip: market phase=bleed | {'symbol': 'BANKUSDT', 'note': 'bleed:bq=0.41,dir_eff=0.35'}
2026-07-26 07:08:32 | INFO | trading.strategy2_signal_filter:check:533 | S2 skip: approach>=block (G3, level exhausted) | {'symbol': 'EULUSDT', 'level': 2.4002, 'approach_count': 8, 'block_threshold': 4}
2026-07-26 07:08:32 | DEBUG | trading.strategy5_continuation:_scan_symbol:379 | S5 skip: recent loss on symbol | {'symbol': 'EULUSDT', 'hours_since_loss': 9.1}
2026-07-26 07:08:37 | DEBUG | trading.strategy5_continuation:_scan_symbol:379 | S5 skip: recent loss on symbol | {'symbol': 'BANKUSDT', 'hours_since_loss': 11.1}
2026-07-26 07:08:37 | DEBUG | trading.strategy5_continuation:_scan_symbol:379 | S5 skip: recent loss on symbol | {'symbol': 'EULUSDT', 'hours_since_loss': 9.1}
2026-07-26 07:08:42 | DEBUG | trading.strategy5_continuation:_scan_symbol:379 | S5 skip: recent loss on symbol | {'symbol': 'BANKUSDT', 'hours_since_loss': 11.1}
2026-07-26 07:08:42 | DEBUG | trading.strategy5_continuation:_scan_symbol:379 | S5 skip: recent loss on symbol | {'symbol': 'EULUSDT', 'hours_since_loss': 9.1}
2026-07-26 07:08:47 | DEBUG | trading.strategy5_continuation:_scan_symbol:379 | S5 skip: recent loss on symbol | {'symbol': 'BANKUSDT', 'hours_since_loss': 11.1}
2026-07-26 07:08:47 | INFO | trading.strategy2_signal_filter:check:681 | S2 market phase | {'symbol': 'BANKUSDT', 'phase': 'bleed', 'note': 'bleed:bq=0.41,dir_eff=0.36'}
2026-07-26 07:08:47 | DEBUG | trading.strategy2_signal_filter:check:691 | S2 skip: market phase=bleed | {'symbol': 'BANKUSDT', 'note': 'bleed:bq=0.41,dir_eff=0.36'}
2026-07-26 07:08:47 | INFO | trading.strategy2_signal_filter:check:533 | S2 skip: approach>=block (G3, level exhausted) | {'symbol': 'EULUSDT', 'level': 2.4002, 'approach_count': 8, 'block_threshold': 4}
2026-07-26 07:08:47 | DEBUG | trading.strategy5_continuation:_scan_symbol:379 | S5 skip: recent loss on symbol | {'symbol': 'EULUSDT', 'hours_since_loss': 9.1}
2026-07-26 07:08:53 | DEBUG | trading.strategy5_continuation:_scan_symbol:379 | S5 skip: recent loss on symbol | {'symbol': 'BANKUSDT', 'hours_since_loss': 11.1}
2026-07-26 07:08:53 | DEBUG | trading.strategy5_continuation:_scan_symbol:379 | S5 skip: recent loss on symbol | {'symbol': 'EULUSDT', 'hours_since_loss': 9.1}
2026-07-26 07:08:58 | DEBUG | trading.strategy5_continuation:_scan_symbol:379 | S5 skip: recent loss on symbol | {'symbol': 'BANKUSDT', 'hours_since_loss': 11.1}
2026-07-26 07:08:58 | DEBUG | trading.strategy5_continuation:_scan_symbol:379 | S5 skip: recent loss on symbol | {'symbol': 'EULUSDT', 'hours_since_loss': 9.1}
2026-07-26 07:09:03 | DEBUG | trading.strategy5_continuation:_scan_symbol:379 | S5 skip: recent loss on symbol | {'symbol': 'BANKUSDT', 'hours_since_loss': 11.1}
2026-07-26 07:09:03 | INFO | trading.strategy2_signal_filter:check:681 | S2 market phase | {'symbol': 'BANKUSDT', 'phase': 'bleed', 'note': 'bleed:bq=0.41,dir_eff=0.36'}
2026-07-26 07:09:03 | DEBUG | trading.strategy2_signal_filter:check:691 | S2 skip: market phase=bleed | {'symbol': 'BANKUSDT', 'note': 'bleed:bq=0.41,dir_eff=0.36'}
2026-07-26 07:09:03 | INFO | trading.strategy2_signal_filter:check:533 | S2 skip: approach>=block (G3, level exhausted) | {'symbol': 'EULUSDT', 'level': 2.4002, 'approach_count': 8, 'block_threshold': 4}
2026-07-26 07:09:03 | DEBUG | trading.strategy5_continuation:_scan_symbol:379 | S5 skip: recent loss on symbol | {'symbol': 'EULUSDT', 'hours_since_loss': 9.1}
2026-07-26 07:09:08 | DEBUG | trading.strategy5_continuation:_scan_symbol:379 | S5 skip: recent loss on symbol | {'symbol': 'BANKUSDT', 'hours_since_loss': 11.1}
2026-07-26 07:09:08 | DEBUG | trading.strategy5_continuation:_scan_symbol:379 | S5 skip: recent loss on symbol | {'symbol': 'EULUSDT', 'hours_since_loss': 9.1}
2026-07-26 07:09:13 | DEBUG | trading.strategy1_bounce:_try_open:48 | S1 skip: pump_base level | {'symbol': 'BANKUSDT', 'level_type': 'pump_base'}
2026-07-26 07:09:13 | DEBUG | trading.strategy5_continuation:_scan_symbol:379 | S5 skip: recent loss on symbol | {'symbol': 'BANKUSDT', 'hours_since_loss': 11.1}
2026-07-26 07:09:13 | DEBUG | trading.strategy5_continuation:_scan_symbol:379 | S5 skip: recent loss on symbol | {'symbol': 'EULUSDT', 'hours_since_loss': 9.1}
2026-07-26 07:09:18 | DEBUG | trading.strategy5_continuation:_scan_symbol:379 | S5 skip: recent loss on symbol | {'symbol': 'BANKUSDT', 'hours_since_loss': 11.1}
2026-07-26 07:09:18 | INFO | trading.strategy2_signal_filter:check:533 | S2 skip: approach>=block (G3, level exhausted) | {'symbol': 'EULUSDT', 'level': 2.4002, 'approach_count': 8, 'block_threshold': 4}
2026-07-26 07:09:18 | DEBUG | trading.strategy5_continuation:_scan_symbol:379 | S5 skip: recent loss on symbol | {'symbol': 'EULUSDT', 'hours_since_loss': 9.1}
2026-07-26 07:09:24 | DEBUG | trading.strategy5_continuation:_scan_symbol:379 | S5 skip: recent loss on symbol | {'symbol': 'BANKUSDT', 'hours_since_loss': 11.1}
2026-07-26 07:09:24 | DEBUG | trading.strategy5_continuation:_scan_symbol:379 | S5 skip: recent loss on symbol | {'symbol': 'EULUSDT', 'hours_since_loss': 9.1}
2026-07-26 07:09:29 | DEBUG | trading.strategy5_continuation:_scan_symbol:379 | S5 skip: recent loss on symbol | {'symbol': 'BANKUSDT', 'hours_since_loss': 11.1}
2026-07-26 07:09:29 | DEBUG | trading.strategy5_continuation:_scan_symbol:379 | S5 skip: recent loss on symbol | {'symbol': 'EULUSDT', 'hours_since_loss': 9.1}
2026-07-26 07:09:34 | DEBUG | trading.strategy5_continuation:_scan_symbol:379 | S5 skip: recent loss on symbol | {'symbol': 'BANKUSDT', 'hours_since_loss': 11.1}
2026-07-26 07:09:34 | INFO | trading.strategy2_signal_filter:check:533 | S2 skip: approach>=block (G3, level exhausted) | {'symbol': 'EULUSDT', 'level': 2.4002, 'approach_count': 8, 'block_threshold': 4}
2026-07-26 07:09:34 | DEBUG | trading.strategy5_continuation:_scan_symbol:379 | S5 skip: recent loss on symbol | {'symbol': 'EULUSDT', 'hours_since_loss': 9.1}
2026-07-26 07:09:39 | DEBUG | trading.strategy5_continuation:_scan_symbol:379 | S5 skip: recent loss on symbol | {'symbol': 'BANKUSDT', 'hours_since_loss': 11.1}
2026-07-26 07:09:39 | DEBUG | trading.strategy5_continuation:_scan_symbol:379 | S5 skip: recent loss on symbol | {'symbol': 'EULUSDT', 'hours_since_loss': 9.1}
2026-07-26 07:09:44 | DEBUG | trading.strategy5_continuation:_scan_symbol:379 | S5 skip: recent loss on symbol | {'symbol': 'BANKUSDT', 'hours_since_loss': 11.1}
2026-07-26 07:09:44 | DEBUG | trading.strategy5_continuation:_scan_symbol:379 | S5 skip: recent loss on symbol | {'symbol': 'EULUSDT', 'hours_since_loss': 9.1}
2026-07-26 07:09:49 | DEBUG | trading.strategy5_continuation:_scan_symbol:379 | S5 skip: recent loss on symbol | {'symbol': 'BANKUSDT', 'hours_since_loss': 11.1}
2026-07-26 07:09:49 | INFO | trading.strategy2_signal_filter:check:533 | S2 skip: approach>=block (G3, level exhausted) | {'symbol': 'EULUSDT', 'level': 2.4002, 'approach_count': 7, 'block_threshold': 4}
2026-07-26 07:09:49 | DEBUG | trading.strategy5_continuation:_scan_symbol:379 | S5 skip: recent loss on symbol | {'symbol': 'EULUSDT', 'hours_since_loss': 9.1}
2026-07-26 07:09:54 | DEBUG | trading.strategy5_continuation:_scan_symbol:379 | S5 skip: recent loss on symbol | {'symbol': 'BANKUSDT', 'hours_since_loss': 11.1}
2026-07-26 07:09:55 | DEBUG | trading.strategy5_continuation:_scan_symbol:379 | S5 skip: recent loss on symbol | {'symbol': 'EULUSDT', 'hours_since_loss': 9.1}
2026-07-26 07:10:00 | DEBUG | trading.strategy5_continuation:_scan_symbol:379 | S5 skip: recent loss on symbol | {'symbol': 'BANKUSDT', 'hours_since_loss': 11.1}
2026-07-26 07:10:00 | DEBUG | trading.strategy5_continuation:_scan_symbol:379 | S5 skip: recent loss on symbol | {'symbol': 'EULUSDT', 'hours_since_loss': 9.1}
2026-07-26 07:10:05 | DEBUG | trading.strategy5_continuation:_scan_symbol:379 | S5 skip: recent loss on symbol | {'symbol': 'BANKUSDT', 'hours_since_loss': 11.1}
2026-07-26 07:10:05 | INFO | trading.strategy2_signal_filter:check:533 | S2 skip: approach>=block (G3, level exhausted) | {'symbol': 'EULUSDT', 'level': 2.4002, 'approach_count': 8, 'block_threshold': 4}
2026-07-26 07:10:05 | DEBUG | trading.strategy5_continuation:_scan_symbol:379 | S5 skip: recent loss on symbol | {'symbol': 'EULUSDT', 'hours_since_loss': 9.1}
2026-07-26 07:10:10 | DEBUG | trading.strategy5_continuation:_scan_symbol:379 | S5 skip: recent loss on symbol | {'symbol': 'BANKUSDT', 'hours_since_loss': 11.1}
2026-07-26 07:10:10 | DEBUG | trading.strategy5_continuation:_scan_symbol:379 | S5 skip: recent loss on symbol | {'symbol': 'EULUSDT', 'hours_since_loss': 9.1}
2026-07-26 07:10:15 | DEBUG | trading.strategy5_continuation:_scan_symbol:379 | S5 skip: recent loss on symbol | {'symbol': 'BANKUSDT', 'hours_since_loss': 11.1}
2026-07-26 07:10:15 | DEBUG | trading.strategy5_continuation:_scan_symbol:379 | S5 skip: recent loss on symbol | {'symbol': 'EULUSDT', 'hours_since_loss': 9.1}
2026-07-26 07:10:20 | DEBUG | trading.strategy5_continuation:_scan_symbol:379 | S5 skip: recent loss on symbol | {'symbol': 'BANKUSDT', 'hours_since_loss': 11.1}
2026-07-26 07:10:20 | INFO | trading.strategy2_signal_filter:check:533 | S2 skip: approach>=block (G3, level exhausted) | {'symbol': 'EULUSDT', 'level': 2.4002, 'approach_count': 8, 'block_threshold': 4}
2026-07-26 07:10:20 | DEBUG | trading.strategy5_continuation:_scan_symbol:379 | S5 skip: recent loss on symbol | {'symbol': 'EULUSDT', 'hours_since_loss': 9.1}
2026-07-26 07:10:26 | DEBUG | trading.strategy5_continuation:_scan_symbol:379 | S5 skip: recent loss on symbol | {'symbol': 'BANKUSDT', 'hours_since_loss': 11.1}
2026-07-26 07:10:26 | DEBUG | trading.strategy5_continuation:_scan_symbol:379 | S5 skip: recent loss on symbol | {'symbol': 'EULUSDT', 'hours_since_loss': 9.1}
2026-07-26 07:10:31 | DEBUG | trading.strategy5_continuation:_scan_symbol:379 | S5 skip: recent loss on symbol | {'symbol': 'BANKUSDT', 'hours_since_loss': 11.1}
2026-07-26 07:10:31 | DEBUG | trading.strategy5_continuation:_scan_symbol:379 | S5 skip: recent loss on symbol | {'symbol': 'EULUSDT', 'hours_since_loss': 9.1}
2026-07-26 07:10:36 | DEBUG | trading.strategy5_continuation:_scan_symbol:379 | S5 skip: recent loss on symbol | {'symbol': 'BANKUSDT', 'hours_since_loss': 11.1}
2026-07-26 07:10:36 | INFO | trading.strategy2_signal_filter:check:533 | S2 skip: approach>=block (G3, level exhausted) | {'symbol': 'EULUSDT', 'level': 2.4002, 'approach_count': 8, 'block_threshold': 4}
2026-07-26 07:10:36 | DEBUG | trading.strategy5_continuation:_scan_symbol:379 | S5 skip: recent loss on symbol | {'symbol': 'EULUSDT', 'hours_since_loss': 9.1}
2026-07-26 07:10:41 | DEBUG | trading.strategy5_continuation:_scan_symbol:379 | S5 skip: recent loss on symbol | {'symbol': 'BANKUSDT', 'hours_since_loss': 11.1}
2026-07-26 07:10:41 | DEBUG | trading.strategy5_continuation:_scan_symbol:379 | S5 skip: recent loss on symbol | {'symbol': 'EULUSDT', 'hours_since_loss': 9.1}
2026-07-26 07:10:46 | DEBUG | trading.strategy5_continuation:_scan_symbol:379 | S5 skip: recent loss on symbol | {'symbol': 'BANKUSDT', 'hours_since_loss': 11.1}
2026-07-26 07:10:46 | DEBUG | trading.strategy5_continuation:_scan_symbol:379 | S5 skip: recent loss on symbol | {'symbol': 'EULUSDT', 'hours_since_loss': 9.1}
2026-07-26 07:10:51 | DEBUG | trading.strategy5_continuation:_scan_symbol:379 | S5 skip: recent loss on symbol | {'symbol': 'BANKUSDT', 'hours_since_loss': 11.1}
2026-07-26 07:10:51 | INFO | trading.strategy2_signal_filter:check:533 | S2 skip: approach>=block (G3, level exhausted) | {'symbol': 'EULUSDT', 'level': 2.4002, 'approach_count': 8, 'block_threshold': 4}
2026-07-26 07:10:51 | DEBUG | trading.strategy5_continuation:_scan_symbol:379 | S5 skip: recent loss on symbol | {'symbol': 'EULUSDT', 'hours_since_loss': 9.1}
2026-07-26 07:10:57 | DEBUG | trading.strategy5_continuation:_scan_symbol:379 | S5 skip: recent loss on symbol | {'symbol': 'BANKUSDT', 'hours_since_loss': 11.1}
2026-07-26 07:10:57 | DEBUG | trading.strategy5_continuation:_scan_symbol:379 | S5 skip: recent loss on symbol | {'symbol': 'EULUSDT', 'hours_since_loss': 9.1}
2026-07-26 07:11:02 | DEBUG | trading.strategy5_continuation:_scan_symbol:379 | S5 skip: recent loss on symbol | {'symbol': 'BANKUSDT', 'hours_since_loss': 11.1}
2026-07-26 07:11:02 | DEBUG | trading.strategy5_continuation:_scan_symbol:379 | S5 skip: recent loss on symbol | {'symbol': 'EULUSDT', 'hours_since_loss': 9.1}
2026-07-26 07:11:07 | DEBUG | trading.strategy5_continuation:_scan_symbol:379 | S5 skip: recent loss on symbol | {'symbol': 'BANKUSDT', 'hours_since_loss': 11.1}
2026-07-26 07:11:07 | INFO | trading.strategy2_signal_filter:check:533 | S2 skip: approach>=block (G3, level exhausted) | {'symbol': 'EULUSDT', 'level': 2.4002, 'approach_count': 8, 'block_threshold': 4}
2026-07-26 07:11:07 | DEBUG | trading.strategy5_continuation:_scan_symbol:379 | S5 skip: recent loss on symbol | {'symbol': 'EULUSDT', 'hours_since_loss': 9.1}
2026-07-26 07:11:12 | DEBUG | trading.strategy5_continuation:_scan_symbol:379 | S5 skip: recent loss on symbol | {'symbol': 'BANKUSDT', 'hours_since_loss': 11.1}
2026-07-26 07:11:12 | DEBUG | trading.strategy5_continuation:_scan_symbol:379 | S5 skip: recent loss on symbol | {'symbol': 'EULUSDT', 'hours_since_loss': 9.1}
2026-07-26 07:11:17 | DEBUG | trading.strategy5_continuation:_scan_symbol:379 | S5 skip: recent loss on symbol | {'symbol': 'BANKUSDT', 'hours_since_loss': 11.1}
2026-07-26 07:11:17 | DEBUG | trading.strategy5_continuation:_scan_symbol:379 | S5 skip: recent loss on symbol | {'symbol': 'EULUSDT', 'hours_since_loss': 9.1}
2026-07-26 07:11:22 | DEBUG | trading.strategy5_continuation:_scan_symbol:379 | S5 skip: recent loss on symbol | {'symbol': 'BANKUSDT', 'hours_since_loss': 11.1}
2026-07-26 07:11:22 | INFO | trading.strategy2_signal_filter:check:533 | S2 skip: approach>=block (G3, level exhausted) | {'symbol': 'EULUSDT', 'level': 2.4002, 'approach_count': 8, 'block_threshold': 4}
2026-07-26 07:11:22 | DEBUG | trading.strategy5_continuation:_scan_symbol:379 | S5 skip: recent loss on symbol | {'symbol': 'EULUSDT', 'hours_since_loss': 9.1}
2026-07-26 07:11:26 | INFO | trading.strategy5_live:_finalize_closed:316 | S5Live executions raw | {'trade_id': '62362dd7-26fe-409b-8bd0-104a41fba192', 'symbol': 'EULUSDT', 'exec_count': 2, 'exec_err': None, 'attempts': 2, 'start_ms': 1785043318908, 'sides': ['Sell', 'Buy'], 'qtys': ['41', '41']}
2026-07-26 07:11:26 | INFO | trading.strategy5_live:_finalize_closed:350 | S5Live CLOSED | {'trade_id': '62362dd7-26fe-409b-8bd0-104a41fba192', 'symbol': 'EULUSDT', 'reason': 'sl_exchange', 'pnl': -4.6194, 'qty_mismatch': False}
2026-07-26 07:11:27 | DEBUG | trading.strategy5_continuation:_scan_symbol:379 | S5 skip: recent loss on symbol | {'symbol': 'BANKUSDT', 'hours_since_loss': 11.1}
2026-07-26 07:11:28 | DEBUG | trading.strategy5_continuation:_scan_symbol:379 | S5 skip: recent loss on symbol | {'symbol': 'EULUSDT', 'hours_since_loss': 9.1}
2026-07-26 07:11:33 | DEBUG | trading.strategy5_continuation:_scan_symbol:379 | S5 skip: recent loss on symbol | {'symbol': 'BANKUSDT', 'hours_since_loss': 11.1}
2026-07-26 07:11:33 | DEBUG | trading.strategy5_continuation:_scan_symbol:379 | S5 skip: recent loss on symbol | {'symbol': 'EULUSDT', 'hours_since_loss': 9.1}
2026-07-26 07:11:38 | DEBUG | trading.strategy5_continuation:_scan_symbol:379 | S5 skip: recent loss on symbol | {'symbol': 'BANKUSDT', 'hours_since_loss': 11.1}
2026-07-26 07:11:38 | DEBUG | trading.strategy5_continuation:_scan_symbol:379 | S5 skip: recent loss on symbol | {'symbol': 'EULUSDT', 'hours_since_loss': 9.1}
2026-07-26 07:11:43 | DEBUG | trading.strategy5_continuation:_scan_symbol:379 | S5 skip: recent loss on symbol | {'symbol': 'BANKUSDT', 'hours_since_loss': 11.1}
2026-07-26 07:11:43 | DEBUG | trading.strategy5_continuation:_scan_symbol:379 | S5 skip: recent loss on symbol | {'symbol': 'EULUSDT', 'hours_since_loss': 9.1}
2026-07-26 07:11:48 | DEBUG | trading.strategy5_continuation:_scan_symbol:379 | S5 skip: recent loss on symbol | {'symbol': 'BANKUSDT', 'hours_since_loss': 11.1}
2026-07-26 07:11:48 | DEBUG | trading.strategy5_continuation:_scan_symbol:379 | S5 skip: recent loss on symbol | {'symbol': 'EULUSDT', 'hours_since_loss': 9.1}
2026-07-26 07:11:53 | DEBUG | trading.strategy5_continuation:_scan_symbol:379 | S5 skip: recent loss on symbol | {'symbol': 'BANKUSDT', 'hours_since_loss': 11.1}
2026-07-26 07:11:53 | DEBUG | trading.strategy5_continuation:_scan_symbol:379 | S5 skip: recent loss on symbol | {'symbol': 'EULUSDT', 'hours_since_loss': 9.1}
2026-07-26 07:11:58 | DEBUG | trading.strategy5_continuation:_scan_symbol:379 | S5 skip: recent loss on symbol | {'symbol': 'BANKUSDT', 'hours_since_loss': 11.1}
2026-07-26 07:11:59 | DEBUG | trading.strategy5_continuation:_scan_symbol:379 | S5 skip: recent loss on symbol | {'symbol': 'EULUSDT', 'hours_since_loss': 9.1}
2026-07-26 07:12:04 | DEBUG | trading.strategy5_continuation:_scan_symbol:379 | S5 skip: recent loss on symbol | {'symbol': 'BANKUSDT', 'hours_since_loss': 11.1}
2026-07-26 07:12:04 | DEBUG | trading.strategy5_continuation:_scan_symbol:379 | S5 skip: recent loss on symbol | {'symbol': 'EULUSDT', 'hours_since_loss': 9.1}
2026-07-26 07:12:09 | DEBUG | trading.strategy5_continuation:_scan_symbol:379 | S5 skip: recent loss on symbol | {'symbol': 'BANKUSDT', 'hours_since_loss': 11.1}
2026-07-26 07:12:09 | DEBUG | trading.strategy5_continuation:_scan_symbol:379 | S5 skip: recent loss on symbol | {'symbol': 'EULUSDT', 'hours_since_loss': 9.1}
2026-07-26 07:12:14 | DEBUG | trading.strategy5_continuation:_scan_symbol:379 | S5 skip: recent loss on symbol | {'symbol': 'BANKUSDT', 'hours_since_loss': 11.1}
2026-07-26 07:12:14 | DEBUG | trading.strategy5_continuation:_scan_symbol:379 | S5 skip: recent loss on symbol | {'symbol': 'EULUSDT', 'hours_since_loss': 9.1}
2026-07-26 07:12:19 | DEBUG | trading.strategy5_continuation:_scan_symbol:379 | S5 skip: recent loss on symbol | {'symbol': 'BANKUSDT', 'hours_since_loss': 11.1}
2026-07-26 07:12:19 | DEBUG | trading.strategy5_continuation:_scan_symbol:379 | S5 skip: recent loss on symbol | {'symbol': 'EULUSDT', 'hours_since_loss': 9.1}
2026-07-26 07:12:24 | DEBUG | trading.strategy5_continuation:_scan_symbol:379 | S5 skip: recent loss on symbol | {'symbol': 'BANKUSDT', 'hours_since_loss': 11.2}
2026-07-26 07:12:24 | DEBUG | trading.strategy5_continuation:_scan_symbol:379 | S5 skip: recent loss on symbol | {'symbol': 'EULUSDT', 'hours_since_loss': 9.1}
2026-07-26 07:12:30 | DEBUG | trading.strategy5_continuation:_scan_symbol:379 | S5 skip: recent loss on symbol | {'symbol': 'BANKUSDT', 'hours_since_loss': 11.2}
2026-07-26 07:12:30 | DEBUG | trading.strategy5_continuation:_scan_symbol:379 | S5 skip: recent loss on symbol | {'symbol': 'EULUSDT', 'hours_since_loss': 9.2}
2026-07-26 07:12:35 | DEBUG | trading.strategy5_continuation:_scan_symbol:379 | S5 skip: recent loss on symbol | {'symbol': 'BANKUSDT', 'hours_since_loss': 11.2}
2026-07-26 07:12:35 | DEBUG | trading.strategy5_continuation:_scan_symbol:379 | S5 skip: recent loss on symbol | {'symbol': 'EULUSDT', 'hours_since_loss': 9.2}
2026-07-26 07:12:40 | DEBUG | trading.strategy5_continuation:_scan_symbol:379 | S5 skip: recent loss on symbol | {'symbol': 'BANKUSDT', 'hours_since_loss': 11.2}
2026-07-26 07:12:40 | DEBUG | trading.strategy5_continuation:_scan_symbol:379 | S5 skip: recent loss on symbol | {'symbol': 'EULUSDT', 'hours_since_loss': 9.2}
2026-07-26 07:12:45 | DEBUG | trading.strategy5_continuation:_scan_symbol:379 | S5 skip: recent loss on symbol | {'symbol': 'BANKUSDT', 'hours_since_loss': 11.2}
2026-07-26 07:12:45 | DEBUG | trading.strategy5_continuation:_scan_symbol:379 | S5 skip: recent loss on symbol | {'symbol': 'EULUSDT', 'hours_since_loss': 9.2}
2026-07-26 07:12:50 | DEBUG | trading.strategy5_continuation:_scan_symbol:379 | S5 skip: recent loss on symbol | {'symbol': 'BANKUSDT', 'hours_since_loss': 11.2}
2026-07-26 07:12:50 | DEBUG | trading.strategy5_continuation:_scan_symbol:379 | S5 skip: recent loss on symbol | {'symbol': 'EULUSDT', 'hours_since_loss': 9.2}
2026-07-26 07:12:55 | DEBUG | trading.strategy5_continuation:_scan_symbol:379 | S5 skip: recent loss on symbol | {'symbol': 'BANKUSDT', 'hours_since_loss': 11.2}
2026-07-26 07:12:55 | DEBUG | trading.strategy5_continuation:_scan_symbol:379 | S5 skip: recent loss on symbol | {'symbol': 'EULUSDT', 'hours_since_loss': 9.2}
2026-07-26 07:13:00 | DEBUG | trading.strategy5_continuation:_scan_symbol:379 | S5 skip: recent loss on symbol | {'symbol': 'BANKUSDT', 'hours_since_loss': 11.2}
2026-07-26 07:13:00 | DEBUG | trading.strategy5_continuation:_scan_symbol:379 | S5 skip: recent loss on symbol | {'symbol': 'EULUSDT', 'hours_since_loss': 9.2}
2026-07-26 07:13:06 | DEBUG | trading.strategy5_continuation:_scan_symbol:379 | S5 skip: recent loss on symbol | {'symbol': 'BANKUSDT', 'hours_since_loss': 11.2}
2026-07-26 07:13:06 | DEBUG | trading.strategy5_continuation:_scan_symbol:379 | S5 skip: recent loss on symbol | {'symbol': 'EULUSDT', 'hours_since_loss': 9.2}
2026-07-26 07:13:11 | DEBUG | trading.strategy5_continuation:_scan_symbol:379 | S5 skip: recent loss on symbol | {'symbol': 'BANKUSDT', 'hours_since_loss': 11.2}
2026-07-26 07:13:11 | DEBUG | trading.strategy5_continuation:_scan_symbol:379 | S5 skip: recent loss on symbol | {'symbol': 'EULUSDT', 'hours_since_loss': 9.2}
2026-07-26 07:13:16 | DEBUG | trading.strategy5_continuation:_scan_symbol:379 | S5 skip: recent loss on symbol | {'symbol': 'BANKUSDT', 'hours_since_loss': 11.2}
2026-07-26 07:13:16 | DEBUG | trading.strategy5_continuation:_scan_symbol:379 | S5 skip: recent loss on symbol | {'symbol': 'EULUSDT', 'hours_since_loss': 9.2}
2026-07-26 07:13:21 | DEBUG | trading.strategy5_continuation:_scan_symbol:379 | S5 skip: recent loss on symbol | {'symbol': 'BANKUSDT', 'hours_since_loss': 11.2}
2026-07-26 07:13:21 | DEBUG | trading.strategy5_continuation:_scan_symbol:379 | S5 skip: recent loss on symbol | {'symbol': 'EULUSDT', 'hours_since_loss': 9.2}
2026-07-26 07:13:26 | DEBUG | trading.strategy5_continuation:_scan_symbol:379 | S5 skip: recent loss on symbol | {'symbol': 'BANKUSDT', 'hours_since_loss': 11.2}
2026-07-26 07:13:26 | DEBUG | trading.strategy5_continuation:_scan_symbol:379 | S5 skip: recent loss on symbol | {'symbol': 'EULUSDT', 'hours_since_loss': 9.2}
2026-07-26 07:13:31 | DEBUG | trading.strategy5_continuation:_scan_symbol:379 | S5 skip: recent loss on symbol | {'symbol': 'BANKUSDT', 'hours_since_loss': 11.2}
2026-07-26 07:13:31 | DEBUG | trading.strategy5_continuation:_scan_symbol:379 | S5 skip: recent loss on symbol | {'symbol': 'EULUSDT', 'hours_since_loss': 9.2}
2026-07-26 07:13:37 | DEBUG | trading.strategy5_continuation:_scan_symbol:379 | S5 skip: recent loss on symbol | {'symbol': 'BANKUSDT', 'hours_since_loss': 11.2}
2026-07-26 07:13:37 | DEBUG | trading.strategy5_continuation:_scan_symbol:379 | S5 skip: recent loss on symbol | {'symbol': 'EULUSDT', 'hours_since_loss': 9.2}
2026-07-26 07:13:42 | DEBUG | trading.strategy5_continuation:_scan_symbol:379 | S5 skip: recent loss on symbol | {'symbol': 'BANKUSDT', 'hours_since_loss': 11.2}
2026-07-26 07:13:42 | DEBUG | trading.strategy5_continuation:_scan_symbol:379 | S5 skip: recent loss on symbol | {'symbol': 'EULUSDT', 'hours_since_loss': 9.2}
2026-07-26 07:13:47 | DEBUG | trading.strategy5_continuation:_scan_symbol:379 | S5 skip: recent loss on symbol | {'symbol': 'BANKUSDT', 'hours_since_loss': 11.2}
2026-07-26 07:13:47 | DEBUG | trading.strategy5_continuation:_scan_symbol:379 | S5 skip: recent loss on symbol | {'symbol': 'EULUSDT', 'hours_since_loss': 9.2}
2026-07-26 07:13:52 | DEBUG | trading.strategy5_continuation:_scan_symbol:379 | S5 skip: recent loss on symbol | {'symbol': 'BANKUSDT', 'hours_since_loss': 11.2}
2026-07-26 07:13:52 | DEBUG | trading.strategy5_continuation:_scan_symbol:379 | S5 skip: recent loss on symbol | {'symbol': 'EULUSDT', 'hours_since_loss': 9.2}
2026-07-26 07:13:57 | DEBUG | trading.strategy5_continuation:_scan_symbol:379 | S5 skip: recent loss on symbol | {'symbol': 'BANKUSDT', 'hours_since_loss': 11.2}
2026-07-26 07:13:57 | DEBUG | trading.strategy5_continuation:_scan_symbol:379 | S5 skip: recent loss on symbol | {'symbol': 'EULUSDT', 'hours_since_loss': 9.2}
2026-07-26 07:14:02 | DEBUG | trading.strategy5_continuation:_scan_symbol:379 | S5 skip: recent loss on symbol | {'symbol': 'BANKUSDT', 'hours_since_loss': 11.2}
2026-07-26 07:14:02 | DEBUG | trading.strategy5_continuation:_scan_symbol:379 | S5 skip: recent loss on symbol | {'symbol': 'EULUSDT', 'hours_since_loss': 9.2}
2026-07-26 07:14:08 | DEBUG | trading.strategy5_continuation:_scan_symbol:379 | S5 skip: recent loss on symbol | {'symbol': 'BANKUSDT', 'hours_since_loss': 11.2}
2026-07-26 07:14:08 | DEBUG | trading.strategy5_continuation:_scan_symbol:379 | S5 skip: recent loss on symbol | {'symbol': 'EULUSDT', 'hours_since_loss': 9.2}
2026-07-26 07:14:13 | DEBUG | trading.strategy5_continuation:_scan_symbol:379 | S5 skip: recent loss on symbol | {'symbol': 'BANKUSDT', 'hours_since_loss': 11.2}
2026-07-26 07:14:13 | DEBUG | trading.strategy5_continuation:_scan_symbol:379 | S5 skip: recent loss on symbol | {'symbol': 'EULUSDT', 'hours_since_loss': 9.2}
2026-07-26 07:14:18 | DEBUG | trading.strategy5_continuation:_scan_symbol:379 | S5 skip: recent loss on symbol | {'symbol': 'BANKUSDT', 'hours_since_loss': 11.2}
2026-07-26 07:14:18 | DEBUG | trading.strategy5_continuation:_scan_symbol:379 | S5 skip: recent loss on symbol | {'symbol': 'EULUSDT', 'hours_since_loss': 9.2}
2026-07-26 07:14:23 | DEBUG | trading.strategy5_continuation:_scan_symbol:379 | S5 skip: recent loss on symbol | {'symbol': 'BANKUSDT', 'hours_since_loss': 11.2}
2026-07-26 07:14:23 | DEBUG | trading.strategy5_continuation:_scan_symbol:379 | S5 skip: recent loss on symbol | {'symbol': 'EULUSDT', 'hours_since_loss': 9.2}
2026-07-26 07:14:28 | DEBUG | trading.strategy5_continuation:_scan_symbol:379 | S5 skip: recent loss on symbol | {'symbol': 'BANKUSDT', 'hours_since_loss': 11.2}
2026-07-26 07:14:28 | DEBUG | trading.strategy5_continuation:_scan_symbol:379 | S5 skip: recent loss on symbol | {'symbol': 'EULUSDT', 'hours_since_loss': 9.2}
2026-07-26 07:14:33 | DEBUG | trading.strategy5_continuation:_scan_symbol:379 | S5 skip: recent loss on symbol | {'symbol': 'BANKUSDT', 'hours_since_loss': 11.2}
2026-07-26 07:14:33 | DEBUG | trading.strategy5_continuation:_scan_symbol:379 | S5 skip: recent loss on symbol | {'symbol': 'EULUSDT', 'hours_since_loss': 9.2}
2026-07-26 07:14:39 | DEBUG | trading.strategy5_continuation:_scan_symbol:379 | S5 skip: recent loss on symbol | {'symbol': 'BANKUSDT', 'hours_since_loss': 11.2}
2026-07-26 07:14:39 | DEBUG | trading.strategy5_continuation:_scan_symbol:379 | S5 skip: recent loss on symbol | {'symbol': 'EULUSDT', 'hours_since_loss': 9.2}
2026-07-26 07:14:44 | DEBUG | trading.strategy5_continuation:_scan_symbol:379 | S5 skip: recent loss on symbol | {'symbol': 'BANKUSDT', 'hours_since_loss': 11.2}
2026-07-26 07:14:44 | DEBUG | trading.strategy5_continuation:_scan_symbol:379 | S5 skip: recent loss on symbol | {'symbol': 'EULUSDT', 'hours_since_loss': 9.2}
2026-07-26 07:14:49 | DEBUG | trading.strategy5_continuation:_scan_symbol:379 | S5 skip: recent loss on symbol | {'symbol': 'BANKUSDT', 'hours_since_loss': 11.2}
2026-07-26 07:14:49 | DEBUG | trading.strategy5_continuation:_scan_symbol:379 | S5 skip: recent loss on symbol | {'symbol': 'EULUSDT', 'hours_since_loss': 9.2}
2026-07-26 07:14:52 | INFO | trading.live_price_tracker:_save_post_exit_range:226 | live_post_exit_tracker saved | {'trade_id': '61ffbbd3-8433-4065-b2e7-40a58009b32a', 'high': 0.0032091, 'low': 0.0031233}
2026-07-26 07:14:54 | DEBUG | trading.strategy5_continuation:_scan_symbol:379 | S5 skip: recent loss on symbol | {'symbol': 'BANKUSDT', 'hours_since_loss': 11.2}
2026-07-26 07:14:54 | DEBUG | trading.strategy5_continuation:_scan_symbol:379 | S5 skip: recent loss on symbol | {'symbol': 'EULUSDT', 'hours_since_loss': 9.2}
2026-07-26 07:14:59 | DEBUG | trading.strategy5_continuation:_scan_symbol:379 | S5 skip: recent loss on symbol | {'symbol': 'BANKUSDT', 'hours_since_loss': 11.2}
2026-07-26 07:14:59 | DEBUG | trading.strategy5_continuation:_scan_symbol:379 | S5 skip: recent loss on symbol | {'symbol': 'EULUSDT', 'hours_since_loss': 9.2}
2026-07-26 07:15:04 | DEBUG | trading.strategy5_continuation:_scan_symbol:379 | S5 skip: recent loss on symbol | {'symbol': 'BANKUSDT', 'hours_since_loss': 11.2}
2026-07-26 07:15:05 | DEBUG | trading.strategy5_continuation:_scan_symbol:379 | S5 skip: recent loss on symbol | {'symbol': 'EULUSDT', 'hours_since_loss': 9.2}
2026-07-26 07:15:10 | DEBUG | trading.strategy5_continuation:_scan_symbol:379 | S5 skip: recent loss on symbol | {'symbol': 'BANKUSDT', 'hours_since_loss': 11.2}
2026-07-26 07:15:10 | DEBUG | trading.strategy5_continuation:_scan_symbol:379 | S5 skip: recent loss on symbol | {'symbol': 'EULUSDT', 'hours_since_loss': 9.2}
2026-07-26 07:15:15 | DEBUG | trading.strategy5_continuation:_scan_symbol:379 | S5 skip: recent loss on symbol | {'symbol': 'BANKUSDT', 'hours_since_loss': 11.2}
2026-07-26 07:15:15 | DEBUG | trading.strategy5_continuation:_scan_symbol:379 | S5 skip: recent loss on symbol | {'symbol': 'EULUSDT', 'hours_since_loss': 9.2}
2026-07-26 07:15:20 | DEBUG | trading.strategy5_continuation:_scan_symbol:379 | S5 skip: recent loss on symbol | {'symbol': 'BANKUSDT', 'hours_since_loss': 11.2}
2026-07-26 07:15:20 | DEBUG | trading.strategy5_continuation:_scan_symbol:379 | S5 skip: recent loss on symbol | {'symbol': 'EULUSDT', 'hours_since_loss': 9.2}
2026-07-26 07:15:25 | DEBUG | trading.strategy5_continuation:_scan_symbol:379 | S5 skip: recent loss on symbol | {'symbol': 'BANKUSDT', 'hours_since_loss': 11.2}
2026-07-26 07:15:25 | DEBUG | trading.strategy5_continuation:_scan_symbol:379 | S5 skip: recent loss on symbol | {'symbol': 'EULUSDT', 'hours_since_loss': 9.2}
2026-07-26 07:15:30 | DEBUG | trading.strategy5_continuation:_scan_symbol:379 | S5 skip: recent loss on symbol | {'symbol': 'BANKUSDT', 'hours_since_loss': 11.2}
2026-07-26 07:15:30 | DEBUG | trading.strategy5_continuation:_scan_symbol:379 | S5 skip: recent loss on symbol | {'symbol': 'EULUSDT', 'hours_since_loss': 9.2}
2026-07-26 07:15:35 | DEBUG | trading.strategy5_continuation:_scan_symbol:379 | S5 skip: recent loss on symbol | {'symbol': 'BANKUSDT', 'hours_since_loss': 11.2}
2026-07-26 07:15:36 | DEBUG | trading.strategy5_continuation:_scan_symbol:379 | S5 skip: recent loss on symbol | {'symbol': 'EULUSDT', 'hours_since_loss': 9.2}
2026-07-26 07:15:41 | DEBUG | trading.strategy5_continuation:_scan_symbol:379 | S5 skip: recent loss on symbol | {'symbol': 'BANKUSDT', 'hours_since_loss': 11.2}
2026-07-26 07:15:41 | DEBUG | trading.strategy5_continuation:_scan_symbol:379 | S5 skip: recent loss on symbol | {'symbol': 'EULUSDT', 'hours_since_loss': 9.2}
2026-07-26 07:15:46 | DEBUG | trading.strategy5_continuation:_scan_symbol:379 | S5 skip: recent loss on symbol | {'symbol': 'BANKUSDT', 'hours_since_loss': 11.2}
2026-07-26 07:15:46 | DEBUG | trading.strategy5_continuation:_scan_symbol:379 | S5 skip: recent loss on symbol | {'symbol': 'EULUSDT', 'hours_since_loss': 9.2}
2026-07-26 07:15:51 | DEBUG | trading.strategy5_continuation:_scan_symbol:379 | S5 skip: recent loss on symbol | {'symbol': 'BANKUSDT', 'hours_since_loss': 11.2}
2026-07-26 07:15:51 | DEBUG | trading.strategy5_continuation:_scan_symbol:379 | S5 skip: recent loss on symbol | {'symbol': 'EULUSDT', 'hours_since_loss': 9.2}
2026-07-26 07:15:56 | DEBUG | trading.strategy5_continuation:_scan_symbol:379 | S5 skip: recent loss on symbol | {'symbol': 'BANKUSDT', 'hours_since_loss': 11.2}
2026-07-26 07:15:56 | DEBUG | trading.strategy5_continuation:_scan_symbol:379 | S5 skip: recent loss on symbol | {'symbol': 'EULUSDT', 'hours_since_loss': 9.2}
2026-07-26 07:16:01 | DEBUG | trading.strategy5_continuation:_scan_symbol:379 | S5 skip: recent loss on symbol | {'symbol': 'BANKUSDT', 'hours_since_loss': 11.2}
2026-07-26 07:16:01 | DEBUG | trading.strategy5_continuation:_scan_symbol:379 | S5 skip: recent loss on symbol | {'symbol': 'EULUSDT', 'hours_since_loss': 9.2}
2026-07-26 07:16:06 | DEBUG | trading.strategy5_continuation:_scan_symbol:379 | S5 skip: recent loss on symbol | {'symbol': 'BANKUSDT', 'hours_since_loss': 11.2}
2026-07-26 07:16:07 | DEBUG | trading.strategy5_continuation:_scan_symbol:379 | S5 skip: recent loss on symbol | {'symbol': 'EULUSDT', 'hours_since_loss': 9.2}
2026-07-26 07:16:12 | DEBUG | trading.strategy5_continuation:_scan_symbol:379 | S5 skip: recent loss on symbol | {'symbol': 'BANKUSDT', 'hours_since_loss': 11.2}
2026-07-26 07:16:12 | DEBUG | trading.strategy5_continuation:_scan_symbol:379 | S5 skip: recent loss on symbol | {'symbol': 'EULUSDT', 'hours_since_loss': 9.2}
2026-07-26 07:16:17 | DEBUG | trading.strategy5_continuation:_scan_symbol:379 | S5 skip: recent loss on symbol | {'symbol': 'BANKUSDT', 'hours_since_loss': 11.2}
2026-07-26 07:16:17 | DEBUG | trading.strategy5_continuation:_scan_symbol:379 | S5 skip: recent loss on symbol | {'symbol': 'EULUSDT', 'hours_since_loss': 9.2}
2026-07-26 07:16:22 | DEBUG | trading.strategy5_continuation:_scan_symbol:379 | S5 skip: recent loss on symbol | {'symbol': 'BANKUSDT', 'hours_since_loss': 11.2}
2026-07-26 07:16:22 | DEBUG | trading.strategy5_continuation:_scan_symbol:379 | S5 skip: recent loss on symbol | {'symbol': 'EULUSDT', 'hours_since_loss': 9.2}
2026-07-26 07:16:27 | DEBUG | trading.strategy5_continuation:_scan_symbol:379 | S5 skip: recent loss on symbol | {'symbol': 'BANKUSDT', 'hours_since_loss': 11.2}
2026-07-26 07:16:27 | DEBUG | trading.strategy5_continuation:_scan_symbol:379 | S5 skip: recent loss on symbol | {'symbol': 'EULUSDT', 'hours_since_loss': 9.2}
2026-07-26 07:16:32 | DEBUG | trading.strategy5_continuation:_scan_symbol:379 | S5 skip: recent loss on symbol | {'symbol': 'BANKUSDT', 'hours_since_loss': 11.2}
2026-07-26 07:16:32 | DEBUG | trading.strategy5_continuation:_scan_symbol:379 | S5 skip: recent loss on symbol | {'symbol': 'EULUSDT', 'hours_since_loss': 9.2}
2026-07-26 07:16:37 | DEBUG | trading.strategy5_continuation:_scan_symbol:379 | S5 skip: recent loss on symbol | {'symbol': 'BANKUSDT', 'hours_since_loss': 11.2}
2026-07-26 07:16:37 | DEBUG | trading.strategy5_continuation:_scan_symbol:379 | S5 skip: recent loss on symbol | {'symbol': 'EULUSDT', 'hours_since_loss': 9.2}
2026-07-26 07:16:43 | DEBUG | trading.strategy5_continuation:_scan_symbol:379 | S5 skip: recent loss on symbol | {'symbol': 'BANKUSDT', 'hours_since_loss': 11.2}
2026-07-26 07:16:43 | DEBUG | trading.strategy5_continuation:_scan_symbol:379 | S5 skip: recent loss on symbol | {'symbol': 'EULUSDT', 'hours_since_loss': 9.2}
2026-07-26 07:16:48 | DEBUG | trading.strategy5_continuation:_scan_symbol:379 | S5 skip: recent loss on symbol | {'symbol': 'BANKUSDT', 'hours_since_loss': 11.2}
2026-07-26 07:16:48 | DEBUG | trading.strategy5_continuation:_scan_symbol:379 | S5 skip: recent loss on symbol | {'symbol': 'EULUSDT', 'hours_since_loss': 9.2}
2026-07-26 07:16:53 | DEBUG | trading.strategy5_continuation:_scan_symbol:379 | S5 skip: recent loss on symbol | {'symbol': 'BANKUSDT', 'hours_since_loss': 11.2}
2026-07-26 07:16:53 | DEBUG | trading.strategy5_continuation:_scan_symbol:379 | S5 skip: recent loss on symbol | {'symbol': 'EULUSDT', 'hours_since_loss': 9.2}
2026-07-26 07:16:58 | DEBUG | trading.strategy5_continuation:_scan_symbol:379 | S5 skip: recent loss on symbol | {'symbol': 'BANKUSDT', 'hours_since_loss': 11.2}
2026-07-26 07:16:58 | DEBUG | trading.strategy5_continuation:_scan_symbol:379 | S5 skip: recent loss on symbol | {'symbol': 'EULUSDT', 'hours_since_loss': 9.2}
2026-07-26 07:17:03 | DEBUG | trading.strategy5_continuation:_scan_symbol:379 | S5 skip: recent loss on symbol | {'symbol': 'BANKUSDT', 'hours_since_loss': 11.2}
2026-07-26 07:17:03 | DEBUG | trading.strategy5_continuation:_scan_symbol:379 | S5 skip: recent loss on symbol | {'symbol': 'EULUSDT', 'hours_since_loss': 9.2}
2026-07-26 07:17:08 | DEBUG | trading.strategy5_continuation:_scan_symbol:379 | S5 skip: recent loss on symbol | {'symbol': 'BANKUSDT', 'hours_since_loss': 11.2}
2026-07-26 07:17:08 | DEBUG | trading.strategy5_continuation:_scan_symbol:379 | S5 skip: recent loss on symbol | {'symbol': 'EULUSDT', 'hours_since_loss': 9.2}
2026-07-26 07:17:14 | DEBUG | trading.strategy5_continuation:_scan_symbol:379 | S5 skip: recent loss on symbol | {'symbol': 'BANKUSDT', 'hours_since_loss': 11.2}
2026-07-26 07:17:14 | DEBUG | trading.strategy5_continuation:_scan_symbol:379 | S5 skip: recent loss on symbol | {'symbol': 'EULUSDT', 'hours_since_loss': 9.2}
2026-07-26 07:17:19 | DEBUG | trading.strategy5_continuation:_scan_symbol:379 | S5 skip: recent loss on symbol | {'symbol': 'BANKUSDT', 'hours_since_loss': 11.2}
2026-07-26 07:17:19 | DEBUG | trading.strategy5_continuation:_scan_symbol:379 | S5 skip: recent loss on symbol | {'symbol': 'EULUSDT', 'hours_since_loss': 9.2}
2026-07-26 07:17:24 | DEBUG | trading.strategy5_continuation:_scan_symbol:379 | S5 skip: recent loss on symbol | {'symbol': 'BANKUSDT', 'hours_since_loss': 11.2}
2026-07-26 07:17:24 | DEBUG | trading.strategy5_continuation:_scan_symbol:379 | S5 skip: recent loss on symbol | {'symbol': 'EULUSDT', 'hours_since_loss': 9.2}
2026-07-26 07:17:29 | DEBUG | trading.strategy5_continuation:_scan_symbol:379 | S5 skip: recent loss on symbol | {'symbol': 'BANKUSDT', 'hours_since_loss': 11.2}
2026-07-26 07:17:29 | DEBUG | trading.strategy5_continuation:_scan_symbol:379 | S5 skip: recent loss on symbol | {'symbol': 'EULUSDT', 'hours_since_loss': 9.2}
2026-07-26 07:17:34 | DEBUG | trading.strategy5_continuation:_scan_symbol:379 | S5 skip: recent loss on symbol | {'symbol': 'BANKUSDT', 'hours_since_loss': 11.2}
2026-07-26 07:17:34 | DEBUG | trading.strategy5_continuation:_scan_symbol:379 | S5 skip: recent loss on symbol | {'symbol': 'EULUSDT', 'hours_since_loss': 9.2}
2026-07-26 07:17:39 | DEBUG | trading.strategy5_continuation:_scan_symbol:379 | S5 skip: recent loss on symbol | {'symbol': 'BANKUSDT', 'hours_since_loss': 11.2}
2026-07-26 07:17:39 | DEBUG | trading.strategy5_continuation:_scan_symbol:379 | S5 skip: recent loss on symbol | {'symbol': 'EULUSDT', 'hours_since_loss': 9.2}
2026-07-26 07:17:45 | DEBUG | trading.strategy5_continuation:_scan_symbol:379 | S5 skip: recent loss on symbol | {'symbol': 'BANKUSDT', 'hours_since_loss': 11.2}
2026-07-26 07:17:45 | DEBUG | trading.strategy5_continuation:_scan_symbol:379 | S5 skip: recent loss on symbol | {'symbol': 'EULUSDT', 'hours_since_loss': 9.2}
2026-07-26 07:17:50 | DEBUG | trading.strategy5_continuation:_scan_symbol:379 | S5 skip: recent loss on symbol | {'symbol': 'BANKUSDT', 'hours_since_loss': 11.2}
2026-07-26 07:17:50 | DEBUG | trading.strategy5_continuation:_scan_symbol:379 | S5 skip: recent loss on symbol | {'symbol': 'EULUSDT', 'hours_since_loss': 9.2}
2026-07-26 07:17:55 | DEBUG | trading.strategy5_continuation:_scan_symbol:379 | S5 skip: recent loss on symbol | {'symbol': 'BANKUSDT', 'hours_since_loss': 11.2}
2026-07-26 07:17:55 | DEBUG | trading.strategy5_continuation:_scan_symbol:379 | S5 skip: recent loss on symbol | {'symbol': 'EULUSDT', 'hours_since_loss': 9.2}
2026-07-26 07:18:00 | DEBUG | trading.strategy5_continuation:_scan_symbol:379 | S5 skip: recent loss on symbol | {'symbol': 'BANKUSDT', 'hours_since_loss': 11.2}
2026-07-26 07:18:00 | DEBUG | trading.strategy5_continuation:_scan_symbol:379 | S5 skip: recent loss on symbol | {'symbol': 'EULUSDT', 'hours_since_loss': 9.2}
2026-07-26 07:18:05 | DEBUG | trading.strategy5_continuation:_scan_symbol:379 | S5 skip: recent loss on symbol | {'symbol': 'BANKUSDT', 'hours_since_loss': 11.2}
2026-07-26 07:18:05 | DEBUG | trading.strategy5_continuation:_scan_symbol:379 | S5 skip: recent loss on symbol | {'symbol': 'EULUSDT', 'hours_since_loss': 9.2}
2026-07-26 07:18:10 | DEBUG | trading.strategy5_continuation:_scan_symbol:379 | S5 skip: recent loss on symbol | {'symbol': 'BANKUSDT', 'hours_since_loss': 11.2}
2026-07-26 07:18:10 | DEBUG | trading.strategy5_continuation:_scan_symbol:379 | S5 skip: recent loss on symbol | {'symbol': 'EULUSDT', 'hours_since_loss': 9.2}
2026-07-26 07:18:16 | DEBUG | trading.strategy5_continuation:_scan_symbol:379 | S5 skip: recent loss on symbol | {'symbol': 'BANKUSDT', 'hours_since_loss': 11.2}
2026-07-26 07:18:16 | DEBUG | trading.strategy5_continuation:_scan_symbol:379 | S5 skip: recent loss on symbol | {'symbol': 'EULUSDT', 'hours_since_loss': 9.2}
2026-07-26 07:18:21 | DEBUG | trading.strategy5_continuation:_scan_symbol:379 | S5 skip: recent loss on symbol | {'symbol': 'BANKUSDT', 'hours_since_loss': 11.2}
2026-07-26 07:18:21 | DEBUG | trading.strategy5_continuation:_scan_symbol:379 | S5 skip: recent loss on symbol | {'symbol': 'EULUSDT', 'hours_since_loss': 9.2}
2026-07-26 07:18:26 | DEBUG | trading.strategy5_continuation:_scan_symbol:379 | S5 skip: recent loss on symbol | {'symbol': 'BANKUSDT', 'hours_since_loss': 11.3}
2026-07-26 07:18:26 | DEBUG | trading.strategy5_continuation:_scan_symbol:379 | S5 skip: recent loss on symbol | {'symbol': 'EULUSDT', 'hours_since_loss': 9.2}
2026-07-26 07:18:31 | DEBUG | trading.strategy5_continuation:_scan_symbol:379 | S5 skip: recent loss on symbol | {'symbol': 'BANKUSDT', 'hours_since_loss': 11.3}
2026-07-26 07:18:31 | DEBUG | trading.strategy5_continuation:_scan_symbol:379 | S5 skip: recent loss on symbol | {'symbol': 'EULUSDT', 'hours_since_loss': 9.3}
2026-07-26 07:18:36 | DEBUG | trading.strategy5_continuation:_scan_symbol:379 | S5 skip: recent loss on symbol | {'symbol': 'BANKUSDT', 'hours_since_loss': 11.3}
2026-07-26 07:18:36 | DEBUG | trading.strategy5_continuation:_scan_symbol:379 | S5 skip: recent loss on symbol | {'symbol': 'EULUSDT', 'hours_since_loss': 9.3}
2026-07-26 07:18:41 | DEBUG | trading.strategy5_continuation:_scan_symbol:379 | S5 skip: recent loss on symbol | {'symbol': 'BANKUSDT', 'hours_since_loss': 11.3}
2026-07-26 07:18:41 | DEBUG | trading.strategy5_continuation:_scan_symbol:379 | S5 skip: recent loss on symbol | {'symbol': 'EULUSDT', 'hours_since_loss': 9.3}
2026-07-26 07:18:47 | DEBUG | trading.strategy5_continuation:_scan_symbol:379 | S5 skip: recent loss on symbol | {'symbol': 'BANKUSDT', 'hours_since_loss': 11.3}
2026-07-26 07:18:47 | DEBUG | trading.strategy5_continuation:_scan_symbol:379 | S5 skip: recent loss on symbol | {'symbol': 'EULUSDT', 'hours_since_loss': 9.3}
2026-07-26 07:18:52 | DEBUG | trading.strategy5_continuation:_scan_symbol:379 | S5 skip: recent loss on symbol | {'symbol': 'BANKUSDT', 'hours_since_loss': 11.3}
2026-07-26 07:18:52 | DEBUG | trading.strategy5_continuation:_scan_symbol:379 | S5 skip: recent loss on symbol | {'symbol': 'EULUSDT', 'hours_since_loss': 9.3}
2026-07-26 07:18:57 | DEBUG | trading.strategy5_continuation:_scan_symbol:379 | S5 skip: recent loss on symbol | {'symbol': 'BANKUSDT', 'hours_since_loss': 11.3}
2026-07-26 07:18:57 | DEBUG | trading.strategy5_continuation:_scan_symbol:379 | S5 skip: recent loss on symbol | {'symbol': 'EULUSDT', 'hours_since_loss': 9.3}
2026-07-26 07:19:02 | DEBUG | trading.strategy5_continuation:_scan_symbol:379 | S5 skip: recent loss on symbol | {'symbol': 'BANKUSDT', 'hours_since_loss': 11.3}
2026-07-26 07:19:02 | DEBUG | trading.strategy5_continuation:_scan_symbol:379 | S5 skip: recent loss on symbol | {'symbol': 'EULUSDT', 'hours_since_loss': 9.3}
2026-07-26 07:19:07 | DEBUG | trading.strategy5_continuation:_scan_symbol:379 | S5 skip: recent loss on symbol | {'symbol': 'BANKUSDT', 'hours_since_loss': 11.3}
2026-07-26 07:19:07 | DEBUG | trading.strategy5_continuation:_scan_symbol:379 | S5 skip: recent loss on symbol | {'symbol': 'EULUSDT', 'hours_since_loss': 9.3}
2026-07-26 07:19:12 | DEBUG | trading.strategy5_continuation:_scan_symbol:379 | S5 skip: recent loss on symbol | {'symbol': 'BANKUSDT', 'hours_since_loss': 11.3}
2026-07-26 07:19:12 | DEBUG | trading.strategy5_continuation:_scan_symbol:379 | S5 skip: recent loss on symbol | {'symbol': 'EULUSDT', 'hours_since_loss': 9.3}
2026-07-26 07:19:18 | DEBUG | trading.strategy5_continuation:_scan_symbol:379 | S5 skip: recent loss on symbol | {'symbol': 'BANKUSDT', 'hours_since_loss': 11.3}
2026-07-26 07:19:18 | DEBUG | trading.strategy5_continuation:_scan_symbol:379 | S5 skip: recent loss on symbol | {'symbol': 'EULUSDT', 'hours_since_loss': 9.3}
2026-07-26 07:19:23 | DEBUG | trading.strategy5_continuation:_scan_symbol:379 | S5 skip: recent loss on symbol | {'symbol': 'BANKUSDT', 'hours_since_loss': 11.3}
2026-07-26 07:19:23 | DEBUG | trading.strategy5_continuation:_scan_symbol:379 | S5 skip: recent loss on symbol | {'symbol': 'EULUSDT', 'hours_since_loss': 9.3}
2026-07-26 07:19:28 | DEBUG | trading.strategy5_continuation:_scan_symbol:379 | S5 skip: recent loss on symbol | {'symbol': 'BANKUSDT', 'hours_since_loss': 11.3}
2026-07-26 07:19:28 | DEBUG | trading.strategy5_continuation:_scan_symbol:379 | S5 skip: recent loss on symbol | {'symbol': 'EULUSDT', 'hours_since_loss': 9.3}
2026-07-26 07:19:33 | DEBUG | trading.strategy5_continuation:_scan_symbol:379 | S5 skip: recent loss on symbol | {'symbol': 'BANKUSDT', 'hours_since_loss': 11.3}
2026-07-26 07:19:33 | DEBUG | trading.strategy5_continuation:_scan_symbol:379 | S5 skip: recent loss on symbol | {'symbol': 'EULUSDT', 'hours_since_loss': 9.3}
2026-07-26 07:19:38 | DEBUG | trading.strategy5_continuation:_scan_symbol:379 | S5 skip: recent loss on symbol | {'symbol': 'BANKUSDT', 'hours_since_loss': 11.3}
2026-07-26 07:19:38 | DEBUG | trading.strategy5_continuation:_scan_symbol:379 | S5 skip: recent loss on symbol | {'symbol': 'EULUSDT', 'hours_since_loss': 9.3}
2026-07-26 07:19:43 | DEBUG | trading.strategy5_continuation:_scan_symbol:379 | S5 skip: recent loss on symbol | {'symbol': 'BANKUSDT', 'hours_since_loss': 11.3}
2026-07-26 07:19:43 | DEBUG | trading.strategy5_continuation:_scan_symbol:379 | S5 skip: recent loss on symbol | {'symbol': 'EULUSDT', 'hours_since_loss': 9.3}
2026-07-26 07:19:48 | DEBUG | trading.strategy5_continuation:_scan_symbol:379 | S5 skip: recent loss on symbol | {'symbol': 'BANKUSDT', 'hours_since_loss': 11.3}
2026-07-26 07:19:49 | DEBUG | trading.strategy5_continuation:_scan_symbol:379 | S5 skip: recent loss on symbol | {'symbol': 'EULUSDT', 'hours_since_loss': 9.3}
2026-07-26 07:19:54 | DEBUG | trading.strategy5_continuation:_scan_symbol:379 | S5 skip: recent loss on symbol | {'symbol': 'BANKUSDT', 'hours_since_loss': 11.3}
2026-07-26 07:19:54 | DEBUG | trading.strategy5_continuation:_scan_symbol:379 | S5 skip: recent loss on symbol | {'symbol': 'EULUSDT', 'hours_since_loss': 9.3}
2026-07-26 07:19:59 | DEBUG | trading.strategy5_continuation:_scan_symbol:379 | S5 skip: recent loss on symbol | {'symbol': 'BANKUSDT', 'hours_since_loss': 11.3}
2026-07-26 07:19:59 | DEBUG | trading.strategy5_continuation:_scan_symbol:379 | S5 skip: recent loss on symbol | {'symbol': 'EULUSDT', 'hours_since_loss': 9.3}
2026-07-26 07:20:04 | DEBUG | trading.strategy5_continuation:_scan_symbol:379 | S5 skip: recent loss on symbol | {'symbol': 'BANKUSDT', 'hours_since_loss': 11.3}
2026-07-26 07:20:04 | DEBUG | trading.strategy5_continuation:_scan_symbol:379 | S5 skip: recent loss on symbol | {'symbol': 'EULUSDT', 'hours_since_loss': 9.3}
2026-07-26 07:20:09 | DEBUG | trading.strategy5_continuation:_scan_symbol:379 | S5 skip: recent loss on symbol | {'symbol': 'BANKUSDT', 'hours_since_loss': 11.3}
2026-07-26 07:20:09 | DEBUG | trading.strategy5_continuation:_scan_symbol:379 | S5 skip: recent loss on symbol | {'symbol': 'EULUSDT', 'hours_since_loss': 9.3}
2026-07-26 07:20:14 | DEBUG | trading.strategy5_continuation:_scan_symbol:379 | S5 skip: recent loss on symbol | {'symbol': 'BANKUSDT', 'hours_since_loss': 11.3}
2026-07-26 07:20:14 | DEBUG | trading.strategy5_continuation:_scan_symbol:379 | S5 skip: recent loss on symbol | {'symbol': 'EULUSDT', 'hours_since_loss': 9.3}
2026-07-26 07:20:19 | DEBUG | trading.strategy5_continuation:_scan_symbol:379 | S5 skip: recent loss on symbol | {'symbol': 'BANKUSDT', 'hours_since_loss': 11.3}
2026-07-26 07:20:20 | DEBUG | trading.strategy5_continuation:_scan_symbol:379 | S5 skip: recent loss on symbol | {'symbol': 'EULUSDT', 'hours_since_loss': 9.3}
2026-07-26 07:20:25 | DEBUG | trading.strategy5_continuation:_scan_symbol:379 | S5 skip: recent loss on symbol | {'symbol': 'BANKUSDT', 'hours_since_loss': 11.3}
2026-07-26 07:20:25 | DEBUG | trading.strategy5_continuation:_scan_symbol:379 | S5 skip: recent loss on symbol | {'symbol': 'EULUSDT', 'hours_since_loss': 9.3}
2026-07-26 07:20:30 | DEBUG | trading.strategy5_continuation:_scan_symbol:379 | S5 skip: recent loss on symbol | {'symbol': 'BANKUSDT', 'hours_since_loss': 11.3}
2026-07-26 07:20:30 | DEBUG | trading.strategy5_continuation:_scan_symbol:379 | S5 skip: recent loss on symbol | {'symbol': 'EULUSDT', 'hours_since_loss': 9.3}
2026-07-26 07:20:35 | DEBUG | trading.strategy5_continuation:_scan_symbol:379 | S5 skip: recent loss on symbol | {'symbol': 'BANKUSDT', 'hours_since_loss': 11.3}
2026-07-26 07:20:35 | DEBUG | trading.strategy5_continuation:_scan_symbol:379 | S5 skip: recent loss on symbol | {'symbol': 'EULUSDT', 'hours_since_loss': 9.3}
2026-07-26 07:20:40 | DEBUG | trading.strategy5_continuation:_scan_symbol:379 | S5 skip: recent loss on symbol | {'symbol': 'BANKUSDT', 'hours_since_loss': 11.3}
2026-07-26 07:20:40 | DEBUG | trading.strategy5_continuation:_scan_symbol:379 | S5 skip: recent loss on symbol | {'symbol': 'EULUSDT', 'hours_since_loss': 9.3}
2026-07-26 07:20:45 | DEBUG | trading.strategy5_continuation:_scan_symbol:379 | S5 skip: recent loss on symbol | {'symbol': 'BANKUSDT', 'hours_since_loss': 11.3}
2026-07-26 07:20:45 | DEBUG | trading.strategy5_continuation:_scan_symbol:379 | S5 skip: recent loss on symbol | {'symbol': 'EULUSDT', 'hours_since_loss': 9.3}
2026-07-26 07:20:50 | DEBUG | trading.strategy5_continuation:_scan_symbol:379 | S5 skip: recent loss on symbol | {'symbol': 'BANKUSDT', 'hours_since_loss': 11.3}
2026-07-26 07:20:51 | DEBUG | trading.strategy5_continuation:_scan_symbol:379 | S5 skip: recent loss on symbol | {'symbol': 'EULUSDT', 'hours_since_loss': 9.3}
2026-07-26 07:20:56 | DEBUG | trading.strategy5_continuation:_scan_symbol:379 | S5 skip: recent loss on symbol | {'symbol': 'BANKUSDT', 'hours_since_loss': 11.3}
2026-07-26 07:20:56 | DEBUG | trading.strategy5_continuation:_scan_symbol:379 | S5 skip: recent loss on symbol | {'symbol': 'EULUSDT', 'hours_since_loss': 9.3}
2026-07-26 07:21:01 | DEBUG | trading.strategy5_continuation:_scan_symbol:379 | S5 skip: recent loss on symbol | {'symbol': 'BANKUSDT', 'hours_since_loss': 11.3}
2026-07-26 07:21:01 | DEBUG | trading.strategy5_continuation:_scan_symbol:379 | S5 skip: recent loss on symbol | {'symbol': 'EULUSDT', 'hours_since_loss': 9.3}
2026-07-26 07:21:06 | DEBUG | trading.strategy5_continuation:_scan_symbol:379 | S5 skip: recent loss on symbol | {'symbol': 'BANKUSDT', 'hours_since_loss': 11.3}
2026-07-26 07:21:06 | DEBUG | trading.strategy5_continuation:_scan_symbol:379 | S5 skip: recent loss on symbol | {'symbol': 'EULUSDT', 'hours_since_loss': 9.3}
2026-07-26 07:21:11 | DEBUG | trading.strategy5_continuation:_scan_symbol:379 | S5 skip: recent loss on symbol | {'symbol': 'BANKUSDT', 'hours_since_loss': 11.3}
2026-07-26 07:21:11 | DEBUG | trading.strategy5_continuation:_scan_symbol:379 | S5 skip: recent loss on symbol | {'symbol': 'EULUSDT', 'hours_since_loss': 9.3}
2026-07-26 07:21:16 | DEBUG | trading.strategy5_continuation:_scan_symbol:379 | S5 skip: recent loss on symbol | {'symbol': 'BANKUSDT', 'hours_since_loss': 11.3}
2026-07-26 07:21:16 | DEBUG | trading.strategy5_continuation:_scan_symbol:379 | S5 skip: recent loss on symbol | {'symbol': 'EULUSDT', 'hours_since_loss': 9.3}
2026-07-26 07:21:21 | DEBUG | trading.strategy5_continuation:_scan_symbol:379 | S5 skip: recent loss on symbol | {'symbol': 'BANKUSDT', 'hours_since_loss': 11.3}
2026-07-26 07:21:21 | DEBUG | trading.strategy5_continuation:_scan_symbol:379 | S5 skip: recent loss on symbol | {'symbol': 'EULUSDT', 'hours_since_loss': 9.3}
2026-07-26 07:21:27 | DEBUG | trading.strategy5_continuation:_scan_symbol:379 | S5 skip: recent loss on symbol | {'symbol': 'BANKUSDT', 'hours_since_loss': 11.3}
2026-07-26 07:21:27 | DEBUG | trading.strategy5_continuation:_scan_symbol:379 | S5 skip: recent loss on symbol | {'symbol': 'EULUSDT', 'hours_since_loss': 9.3}
2026-07-26 07:21:32 | DEBUG | trading.strategy5_continuation:_scan_symbol:379 | S5 skip: recent loss on symbol | {'symbol': 'BANKUSDT', 'hours_since_loss': 11.3}
2026-07-26 07:21:32 | DEBUG | trading.strategy5_continuation:_scan_symbol:379 | S5 skip: recent loss on symbol | {'symbol': 'EULUSDT', 'hours_since_loss': 9.3}
2026-07-26 07:21:37 | DEBUG | trading.strategy5_continuation:_scan_symbol:379 | S5 skip: recent loss on symbol | {'symbol': 'BANKUSDT', 'hours_since_loss': 11.3}
2026-07-26 07:21:37 | DEBUG | trading.strategy5_continuation:_scan_symbol:379 | S5 skip: recent loss on symbol | {'symbol': 'EULUSDT', 'hours_since_loss': 9.3}
2026-07-26 07:21:42 | DEBUG | trading.strategy5_continuation:_scan_symbol:379 | S5 skip: recent loss on symbol | {'symbol': 'BANKUSDT', 'hours_since_loss': 11.3}
2026-07-26 07:21:42 | DEBUG | trading.strategy5_continuation:_scan_symbol:379 | S5 skip: recent loss on symbol | {'symbol': 'EULUSDT', 'hours_since_loss': 9.3}
2026-07-26 07:21:47 | DEBUG | trading.strategy5_continuation:_scan_symbol:379 | S5 skip: recent loss on symbol | {'symbol': 'BANKUSDT', 'hours_since_loss': 11.3}
2026-07-26 07:21:47 | DEBUG | trading.strategy5_continuation:_scan_symbol:379 | S5 skip: recent loss on symbol | {'symbol': 'EULUSDT', 'hours_since_loss': 9.3}
2026-07-26 07:21:52 | DEBUG | trading.strategy5_continuation:_scan_symbol:379 | S5 skip: recent loss on symbol | {'symbol': 'BANKUSDT', 'hours_since_loss': 11.3}
2026-07-26 07:21:53 | DEBUG | trading.strategy5_continuation:_scan_symbol:379 | S5 skip: recent loss on symbol | {'symbol': 'EULUSDT', 'hours_since_loss': 9.3}
2026-07-26 07:21:58 | DEBUG | trading.strategy5_continuation:_scan_symbol:379 | S5 skip: recent loss on symbol | {'symbol': 'BANKUSDT', 'hours_since_loss': 11.3}
2026-07-26 07:21:58 | DEBUG | trading.strategy5_continuation:_scan_symbol:379 | S5 skip: recent loss on symbol | {'symbol': 'EULUSDT', 'hours_since_loss': 9.3}
2026-07-26 07:22:03 | DEBUG | trading.strategy5_continuation:_scan_symbol:379 | S5 skip: recent loss on symbol | {'symbol': 'BANKUSDT', 'hours_since_loss': 11.3}
2026-07-26 07:22:03 | DEBUG | trading.strategy5_continuation:_scan_symbol:379 | S5 skip: recent loss on symbol | {'symbol': 'EULUSDT', 'hours_since_loss': 9.3}
2026-07-26 07:22:08 | DEBUG | trading.strategy5_continuation:_scan_symbol:379 | S5 skip: recent loss on symbol | {'symbol': 'BANKUSDT', 'hours_since_loss': 11.3}
2026-07-26 07:22:08 | DEBUG | trading.strategy5_continuation:_scan_symbol:379 | S5 skip: recent loss on symbol | {'symbol': 'EULUSDT', 'hours_since_loss': 9.3}
2026-07-26 07:22:13 | DEBUG | trading.strategy5_continuation:_scan_symbol:379 | S5 skip: recent loss on symbol | {'symbol': 'BANKUSDT', 'hours_since_loss': 11.3}
2026-07-26 07:22:13 | DEBUG | trading.strategy5_continuation:_scan_symbol:379 | S5 skip: recent loss on symbol | {'symbol': 'EULUSDT', 'hours_since_loss': 9.3}
2026-07-26 07:22:18 | DEBUG | trading.strategy5_continuation:_scan_symbol:379 | S5 skip: recent loss on symbol | {'symbol': 'BANKUSDT', 'hours_since_loss': 11.3}
2026-07-26 07:22:18 | DEBUG | trading.strategy5_continuation:_scan_symbol:379 | S5 skip: recent loss on symbol | {'symbol': 'EULUSDT', 'hours_since_loss': 9.3}
2026-07-26 07:22:23 | DEBUG | trading.strategy5_continuation:_scan_symbol:379 | S5 skip: recent loss on symbol | {'symbol': 'BANKUSDT', 'hours_since_loss': 11.3}
2026-07-26 07:22:23 | DEBUG | trading.strategy5_continuation:_scan_symbol:379 | S5 skip: recent loss on symbol | {'symbol': 'EULUSDT', 'hours_since_loss': 9.3}
2026-07-26 07:22:29 | DEBUG | trading.strategy5_continuation:_scan_symbol:379 | S5 skip: recent loss on symbol | {'symbol': 'BANKUSDT', 'hours_since_loss': 11.3}
2026-07-26 07:22:29 | DEBUG | trading.strategy5_continuation:_scan_symbol:379 | S5 skip: recent loss on symbol | {'symbol': 'EULUSDT', 'hours_since_loss': 9.3}
2026-07-26 07:22:34 | DEBUG | trading.strategy5_continuation:_scan_symbol:379 | S5 skip: recent loss on symbol | {'symbol': 'BANKUSDT', 'hours_since_loss': 11.3}
2026-07-26 07:22:34 | DEBUG | trading.strategy5_continuation:_scan_symbol:379 | S5 skip: recent loss on symbol | {'symbol': 'EULUSDT', 'hours_since_loss': 9.3}
2026-07-26 07:22:39 | DEBUG | trading.strategy5_continuation:_scan_symbol:379 | S5 skip: recent loss on symbol | {'symbol': 'BANKUSDT', 'hours_since_loss': 11.3}
2026-07-26 07:22:39 | DEBUG | trading.strategy5_continuation:_scan_symbol:379 | S5 skip: recent loss on symbol | {'symbol': 'EULUSDT', 'hours_since_loss': 9.3}
2026-07-26 07:22:44 | DEBUG | trading.strategy5_continuation:_scan_symbol:379 | S5 skip: recent loss on symbol | {'symbol': 'BANKUSDT', 'hours_since_loss': 11.3}
2026-07-26 07:22:44 | DEBUG | trading.strategy5_continuation:_scan_symbol:379 | S5 skip: recent loss on symbol | {'symbol': 'EULUSDT', 'hours_since_loss': 9.3}
2026-07-26 07:22:49 | DEBUG | trading.strategy5_continuation:_scan_symbol:379 | S5 skip: recent loss on symbol | {'symbol': 'BANKUSDT', 'hours_since_loss': 11.3}
2026-07-26 07:22:49 | DEBUG | trading.strategy5_continuation:_scan_symbol:379 | S5 skip: recent loss on symbol | {'symbol': 'EULUSDT', 'hours_since_loss': 9.3}
2026-07-26 07:22:54 | DEBUG | trading.strategy5_continuation:_scan_symbol:379 | S5 skip: recent loss on symbol | {'symbol': 'BANKUSDT', 'hours_since_loss': 11.3}
2026-07-26 07:22:54 | DEBUG | trading.strategy5_continuation:_scan_symbol:379 | S5 skip: recent loss on symbol | {'symbol': 'EULUSDT', 'hours_since_loss': 9.3}
2026-07-26 07:23:00 | DEBUG | trading.strategy5_continuation:_scan_symbol:379 | S5 skip: recent loss on symbol | {'symbol': 'BANKUSDT', 'hours_since_loss': 11.3}
2026-07-26 07:23:00 | DEBUG | trading.strategy5_continuation:_scan_symbol:379 | S5 skip: recent loss on symbol | {'symbol': 'EULUSDT', 'hours_since_loss': 9.3}
2026-07-26 07:23:05 | DEBUG | trading.strategy5_continuation:_scan_symbol:379 | S5 skip: recent loss on symbol | {'symbol': 'BANKUSDT', 'hours_since_loss': 11.3}
2026-07-26 07:23:05 | DEBUG | trading.strategy5_continuation:_scan_symbol:379 | S5 skip: recent loss on symbol | {'symbol': 'EULUSDT', 'hours_since_loss': 9.3}
2026-07-26 07:23:10 | DEBUG | trading.strategy5_continuation:_scan_symbol:379 | S5 skip: recent loss on symbol | {'symbol': 'BANKUSDT', 'hours_since_loss': 11.3}
2026-07-26 07:23:10 | DEBUG | trading.strategy5_continuation:_scan_symbol:379 | S5 skip: recent loss on symbol | {'symbol': 'EULUSDT', 'hours_since_loss': 9.3}
2026-07-26 07:23:15 | DEBUG | trading.strategy5_continuation:_scan_symbol:379 | S5 skip: recent loss on symbol | {'symbol': 'BANKUSDT', 'hours_since_loss': 11.3}
2026-07-26 07:23:15 | DEBUG | trading.strategy5_continuation:_scan_symbol:379 | S5 skip: recent loss on symbol | {'symbol': 'EULUSDT', 'hours_since_loss': 9.3}
2026-07-26 07:23:20 | DEBUG | trading.strategy5_continuation:_scan_symbol:379 | S5 skip: recent loss on symbol | {'symbol': 'BANKUSDT', 'hours_since_loss': 11.3}
2026-07-26 07:23:20 | DEBUG | trading.strategy5_continuation:_scan_symbol:379 | S5 skip: recent loss on symbol | {'symbol': 'EULUSDT', 'hours_since_loss': 9.3}
2026-07-26 07:23:25 | DEBUG | trading.strategy5_continuation:_scan_symbol:379 | S5 skip: recent loss on symbol | {'symbol': 'BANKUSDT', 'hours_since_loss': 11.3}
2026-07-26 07:23:26 | DEBUG | trading.strategy5_continuation:_scan_symbol:379 | S5 skip: recent loss on symbol | {'symbol': 'EULUSDT', 'hours_since_loss': 9.3}
2026-07-26 07:23:31 | DEBUG | trading.strategy5_continuation:_scan_symbol:379 | S5 skip: recent loss on symbol | {'symbol': 'BANKUSDT', 'hours_since_loss': 11.3}
2026-07-26 07:23:31 | DEBUG | trading.strategy5_continuation:_scan_symbol:379 | S5 skip: recent loss on symbol | {'symbol': 'EULUSDT', 'hours_since_loss': 9.3}
2026-07-26 07:23:36 | DEBUG | trading.strategy5_continuation:_scan_symbol:379 | S5 skip: recent loss on symbol | {'symbol': 'BANKUSDT', 'hours_since_loss': 11.3}
2026-07-26 07:23:36 | DEBUG | trading.strategy5_continuation:_scan_symbol:379 | S5 skip: recent loss on symbol | {'symbol': 'EULUSDT', 'hours_since_loss': 9.3}
2026-07-26 07:23:41 | DEBUG | trading.strategy5_continuation:_scan_symbol:379 | S5 skip: recent loss on symbol | {'symbol': 'BANKUSDT', 'hours_since_loss': 11.3}
2026-07-26 07:23:41 | DEBUG | trading.strategy5_continuation:_scan_symbol:379 | S5 skip: recent loss on symbol | {'symbol': 'EULUSDT', 'hours_since_loss': 9.3}
2026-07-26 07:23:46 | DEBUG | trading.strategy5_continuation:_scan_symbol:379 | S5 skip: recent loss on symbol | {'symbol': 'BANKUSDT', 'hours_since_loss': 11.3}
2026-07-26 07:23:46 | DEBUG | trading.strategy5_continuation:_scan_symbol:379 | S5 skip: recent loss on symbol | {'symbol': 'EULUSDT', 'hours_since_loss': 9.3}
2026-07-26 07:23:51 | DEBUG | trading.strategy5_continuation:_scan_symbol:379 | S5 skip: recent loss on symbol | {'symbol': 'BANKUSDT', 'hours_since_loss': 11.3}
2026-07-26 07:23:51 | DEBUG | trading.strategy5_continuation:_scan_symbol:379 | S5 skip: recent loss on symbol | {'symbol': 'EULUSDT', 'hours_since_loss': 9.3}
2026-07-26 07:23:57 | DEBUG | trading.strategy5_continuation:_scan_symbol:379 | S5 skip: recent loss on symbol | {'symbol': 'BANKUSDT', 'hours_since_loss': 11.3}
2026-07-26 07:23:57 | DEBUG | trading.strategy5_continuation:_scan_symbol:379 | S5 skip: recent loss on symbol | {'symbol': 'EULUSDT', 'hours_since_loss': 9.3}
2026-07-26 07:24:02 | DEBUG | trading.strategy5_continuation:_scan_symbol:379 | S5 skip: recent loss on symbol | {'symbol': 'BANKUSDT', 'hours_since_loss': 11.3}
2026-07-26 07:24:02 | DEBUG | trading.strategy5_continuation:_scan_symbol:379 | S5 skip: recent loss on symbol | {'symbol': 'EULUSDT', 'hours_since_loss': 9.3}
2026-07-26 07:24:07 | DEBUG | trading.strategy5_continuation:_scan_symbol:379 | S5 skip: recent loss on symbol | {'symbol': 'BANKUSDT', 'hours_since_loss': 11.3}
2026-07-26 07:24:07 | DEBUG | trading.strategy5_continuation:_scan_symbol:379 | S5 skip: recent loss on symbol | {'symbol': 'EULUSDT', 'hours_since_loss': 9.3}
2026-07-26 07:24:12 | DEBUG | trading.strategy5_continuation:_scan_symbol:379 | S5 skip: recent loss on symbol | {'symbol': 'BANKUSDT', 'hours_since_loss': 11.3}
2026-07-26 07:24:12 | DEBUG | trading.strategy5_continuation:_scan_symbol:379 | S5 skip: recent loss on symbol | {'symbol': 'EULUSDT', 'hours_since_loss': 9.3}
2026-07-26 07:24:17 | DEBUG | trading.strategy5_continuation:_scan_symbol:379 | S5 skip: recent loss on symbol | {'symbol': 'BANKUSDT', 'hours_since_loss': 11.3}
2026-07-26 07:24:17 | DEBUG | trading.strategy5_continuation:_scan_symbol:379 | S5 skip: recent loss on symbol | {'symbol': 'EULUSDT', 'hours_since_loss': 9.3}
2026-07-26 07:24:22 | DEBUG | trading.strategy5_continuation:_scan_symbol:379 | S5 skip: recent loss on symbol | {'symbol': 'BANKUSDT', 'hours_since_loss': 11.3}
2026-07-26 07:24:22 | DEBUG | trading.strategy5_continuation:_scan_symbol:379 | S5 skip: recent loss on symbol | {'symbol': 'EULUSDT', 'hours_since_loss': 9.3}
2026-07-26 07:24:28 | DEBUG | trading.strategy5_continuation:_scan_symbol:379 | S5 skip: recent loss on symbol | {'symbol': 'BANKUSDT', 'hours_since_loss': 11.4}
2026-07-26 07:24:28 | DEBUG | trading.strategy5_continuation:_scan_symbol:379 | S5 skip: recent loss on symbol | {'symbol': 'EULUSDT', 'hours_since_loss': 9.4}
2026-07-26 07:24:33 | DEBUG | trading.strategy5_continuation:_scan_symbol:379 | S5 skip: recent loss on symbol | {'symbol': 'BANKUSDT', 'hours_since_loss': 11.4}
2026-07-26 07:24:33 | DEBUG | trading.strategy5_continuation:_scan_symbol:379 | S5 skip: recent loss on symbol | {'symbol': 'EULUSDT', 'hours_since_loss': 9.4}
2026-07-26 07:24:38 | DEBUG | trading.strategy5_continuation:_scan_symbol:379 | S5 skip: recent loss on symbol | {'symbol': 'BANKUSDT', 'hours_since_loss': 11.4}
2026-07-26 07:24:38 | DEBUG | trading.strategy5_continuation:_scan_symbol:379 | S5 skip: recent loss on symbol | {'symbol': 'EULUSDT', 'hours_since_loss': 9.4}
2026-07-26 07:24:43 | DEBUG | trading.strategy5_continuation:_scan_symbol:379 | S5 skip: recent loss on symbol | {'symbol': 'BANKUSDT', 'hours_since_loss': 11.4}
2026-07-26 07:24:43 | DEBUG | trading.strategy5_continuation:_scan_symbol:379 | S5 skip: recent loss on symbol | {'symbol': 'EULUSDT', 'hours_since_loss': 9.4}
2026-07-26 07:24:48 | DEBUG | trading.strategy5_continuation:_scan_symbol:379 | S5 skip: recent loss on symbol | {'symbol': 'BANKUSDT', 'hours_since_loss': 11.4}
2026-07-26 07:24:48 | DEBUG | trading.strategy5_continuation:_scan_symbol:379 | S5 skip: recent loss on symbol | {'symbol': 'EULUSDT', 'hours_since_loss': 9.4}
2026-07-26 07:24:53 | DEBUG | trading.strategy5_continuation:_scan_symbol:379 | S5 skip: recent loss on symbol | {'symbol': 'BANKUSDT', 'hours_since_loss': 11.4}
2026-07-26 07:24:53 | DEBUG | trading.strategy5_continuation:_scan_symbol:379 | S5 skip: recent loss on symbol | {'symbol': 'EULUSDT', 'hours_since_loss': 9.4}
2026-07-26 07:24:59 | DEBUG | trading.strategy5_continuation:_scan_symbol:379 | S5 skip: recent loss on symbol | {'symbol': 'BANKUSDT', 'hours_since_loss': 11.4}
2026-07-26 07:24:59 | DEBUG | trading.strategy5_continuation:_scan_symbol:379 | S5 skip: recent loss on symbol | {'symbol': 'EULUSDT', 'hours_since_loss': 9.4}
2026-07-26 07:25:04 | DEBUG | trading.strategy5_continuation:_scan_symbol:379 | S5 skip: recent loss on symbol | {'symbol': 'BANKUSDT', 'hours_since_loss': 11.4}
2026-07-26 07:25:04 | DEBUG | trading.strategy5_continuation:_scan_symbol:379 | S5 skip: recent loss on symbol | {'symbol': 'EULUSDT', 'hours_since_loss': 9.4}
2026-07-26 07:25:09 | DEBUG | trading.strategy5_continuation:_scan_symbol:379 | S5 skip: recent loss on symbol | {'symbol': 'BANKUSDT', 'hours_since_loss': 11.4}
2026-07-26 07:25:09 | DEBUG | trading.strategy5_continuation:_scan_symbol:379 | S5 skip: recent loss on symbol | {'symbol': 'EULUSDT', 'hours_since_loss': 9.4}
2026-07-26 07:25:14 | DEBUG | trading.strategy5_continuation:_scan_symbol:379 | S5 skip: recent loss on symbol | {'symbol': 'BANKUSDT', 'hours_since_loss': 11.4}
2026-07-26 07:25:14 | DEBUG | trading.strategy5_continuation:_scan_symbol:379 | S5 skip: recent loss on symbol | {'symbol': 'EULUSDT', 'hours_since_loss': 9.4}
2026-07-26 07:25:19 | DEBUG | trading.strategy5_continuation:_scan_symbol:379 | S5 skip: recent loss on symbol | {'symbol': 'BANKUSDT', 'hours_since_loss': 11.4}
2026-07-26 07:25:19 | DEBUG | trading.strategy5_continuation:_scan_symbol:379 | S5 skip: recent loss on symbol | {'symbol': 'EULUSDT', 'hours_since_loss': 9.4}
2026-07-26 07:25:24 | DEBUG | trading.strategy5_continuation:_scan_symbol:379 | S5 skip: recent loss on symbol | {'symbol': 'BANKUSDT', 'hours_since_loss': 11.4}
2026-07-26 07:25:24 | DEBUG | trading.strategy5_continuation:_scan_symbol:379 | S5 skip: recent loss on symbol | {'symbol': 'EULUSDT', 'hours_since_loss': 9.4}
2026-07-26 07:25:30 | DEBUG | trading.strategy5_continuation:_scan_symbol:379 | S5 skip: recent loss on symbol | {'symbol': 'BANKUSDT', 'hours_since_loss': 11.4}
2026-07-26 07:25:30 | DEBUG | trading.strategy5_continuation:_scan_symbol:379 | S5 skip: recent loss on symbol | {'symbol': 'EULUSDT', 'hours_since_loss': 9.4}
2026-07-26 07:25:35 | DEBUG | trading.strategy5_continuation:_scan_symbol:379 | S5 skip: recent loss on symbol | {'symbol': 'BANKUSDT', 'hours_since_loss': 11.4}
2026-07-26 07:25:35 | DEBUG | trading.strategy5_continuation:_scan_symbol:379 | S5 skip: recent loss on symbol | {'symbol': 'EULUSDT', 'hours_since_loss': 9.4}
2026-07-26 07:25:40 | DEBUG | trading.strategy5_continuation:_scan_symbol:379 | S5 skip: recent loss on symbol | {'symbol': 'BANKUSDT', 'hours_since_loss': 11.4}
2026-07-26 07:25:40 | DEBUG | trading.strategy5_continuation:_scan_symbol:379 | S5 skip: recent loss on symbol | {'symbol': 'EULUSDT', 'hours_since_loss': 9.4}
2026-07-26 07:25:45 | DEBUG | trading.strategy5_continuation:_scan_symbol:379 | S5 skip: recent loss on symbol | {'symbol': 'BANKUSDT', 'hours_since_loss': 11.4}
2026-07-26 07:25:45 | DEBUG | trading.strategy5_continuation:_scan_symbol:379 | S5 skip: recent loss on symbol | {'symbol': 'EULUSDT', 'hours_since_loss': 9.4}
2026-07-26 07:25:50 | DEBUG | trading.strategy5_continuation:_scan_symbol:379 | S5 skip: recent loss on symbol | {'symbol': 'BANKUSDT', 'hours_since_loss': 11.4}
2026-07-26 07:25:50 | DEBUG | trading.strategy5_continuation:_scan_symbol:379 | S5 skip: recent loss on symbol | {'symbol': 'EULUSDT', 'hours_since_loss': 9.4}
2026-07-26 07:25:55 | DEBUG | trading.strategy5_continuation:_scan_symbol:379 | S5 skip: recent loss on symbol | {'symbol': 'BANKUSDT', 'hours_since_loss': 11.4}
2026-07-26 07:25:56 | DEBUG | trading.strategy5_continuation:_scan_symbol:379 | S5 skip: recent loss on symbol | {'symbol': 'EULUSDT', 'hours_since_loss': 9.4}
2026-07-26 07:26:01 | DEBUG | trading.strategy5_continuation:_scan_symbol:379 | S5 skip: recent loss on symbol | {'symbol': 'BANKUSDT', 'hours_since_loss': 11.4}
2026-07-26 07:26:01 | DEBUG | trading.strategy5_continuation:_scan_symbol:379 | S5 skip: recent loss on symbol | {'symbol': 'EULUSDT', 'hours_since_loss': 9.4}
2026-07-26 07:26:06 | DEBUG | trading.strategy5_continuation:_scan_symbol:379 | S5 skip: recent loss on symbol | {'symbol': 'BANKUSDT', 'hours_since_loss': 11.4}
2026-07-26 07:26:06 | DEBUG | trading.strategy5_continuation:_scan_symbol:379 | S5 skip: recent loss on symbol | {'symbol': 'EULUSDT', 'hours_since_loss': 9.4}
2026-07-26 07:26:11 | DEBUG | trading.strategy5_continuation:_scan_symbol:379 | S5 skip: recent loss on symbol | {'symbol': 'BANKUSDT', 'hours_since_loss': 11.4}
2026-07-26 07:26:11 | DEBUG | trading.strategy5_continuation:_scan_symbol:379 | S5 skip: recent loss on symbol | {'symbol': 'EULUSDT', 'hours_since_loss': 9.4}
2026-07-26 07:26:16 | DEBUG | trading.strategy5_continuation:_scan_symbol:379 | S5 skip: recent loss on symbol | {'symbol': 'BANKUSDT', 'hours_since_loss': 11.4}
2026-07-26 07:26:16 | DEBUG | trading.strategy5_continuation:_scan_symbol:379 | S5 skip: recent loss on symbol | {'symbol': 'EULUSDT', 'hours_since_loss': 9.4}
2026-07-26 07:26:21 | DEBUG | trading.strategy5_continuation:_scan_symbol:379 | S5 skip: recent loss on symbol | {'symbol': 'BANKUSDT', 'hours_since_loss': 11.4}
2026-07-26 07:26:21 | DEBUG | trading.strategy5_continuation:_scan_symbol:379 | S5 skip: recent loss on symbol | {'symbol': 'EULUSDT', 'hours_since_loss': 9.4}
2026-07-26 07:26:26 | DEBUG | trading.strategy5_continuation:_scan_symbol:379 | S5 skip: recent loss on symbol | {'symbol': 'BANKUSDT', 'hours_since_loss': 11.4}
2026-07-26 07:26:27 | DEBUG | trading.strategy5_continuation:_scan_symbol:379 | S5 skip: recent loss on symbol | {'symbol': 'EULUSDT', 'hours_since_loss': 9.4}
2026-07-26 07:26:32 | DEBUG | trading.strategy5_continuation:_scan_symbol:379 | S5 skip: recent loss on symbol | {'symbol': 'BANKUSDT', 'hours_since_loss': 11.4}
2026-07-26 07:26:32 | DEBUG | trading.strategy5_continuation:_scan_symbol:379 | S5 skip: recent loss on symbol | {'symbol': 'EULUSDT', 'hours_since_loss': 9.4}
2026-07-26 07:26:37 | DEBUG | trading.strategy5_continuation:_scan_symbol:379 | S5 skip: recent loss on symbol | {'symbol': 'BANKUSDT', 'hours_since_loss': 11.4}
2026-07-26 07:26:37 | DEBUG | trading.strategy5_continuation:_scan_symbol:379 | S5 skip: recent loss on symbol | {'symbol': 'EULUSDT', 'hours_since_loss': 9.4}
2026-07-26 07:26:42 | DEBUG | trading.strategy5_continuation:_scan_symbol:379 | S5 skip: recent loss on symbol | {'symbol': 'BANKUSDT', 'hours_since_loss': 11.4}
2026-07-26 07:26:42 | DEBUG | trading.strategy5_continuation:_scan_symbol:379 | S5 skip: recent loss on symbol | {'symbol': 'EULUSDT', 'hours_since_loss': 9.4}
2026-07-26 07:26:47 | DEBUG | trading.strategy5_continuation:_scan_symbol:379 | S5 skip: recent loss on symbol | {'symbol': 'BANKUSDT', 'hours_since_loss': 11.4}
2026-07-26 07:26:47 | DEBUG | trading.strategy5_continuation:_scan_symbol:379 | S5 skip: recent loss on symbol | {'symbol': 'EULUSDT', 'hours_since_loss': 9.4}
2026-07-26 07:26:52 | DEBUG | trading.strategy5_continuation:_scan_symbol:379 | S5 skip: recent loss on symbol | {'symbol': 'BANKUSDT', 'hours_since_loss': 11.4}
2026-07-26 07:26:52 | DEBUG | trading.strategy5_continuation:_scan_symbol:379 | S5 skip: recent loss on symbol | {'symbol': 'EULUSDT', 'hours_since_loss': 9.4}
2026-07-26 07:26:57 | DEBUG | trading.strategy5_continuation:_scan_symbol:379 | S5 skip: recent loss on symbol | {'symbol': 'BANKUSDT', 'hours_since_loss': 11.4}
2026-07-26 07:26:57 | DEBUG | trading.strategy5_continuation:_scan_symbol:379 | S5 skip: recent loss on symbol | {'symbol': 'EULUSDT', 'hours_since_loss': 9.4}
2026-07-26 07:27:03 | DEBUG | trading.strategy5_continuation:_scan_symbol:379 | S5 skip: recent loss on symbol | {'symbol': 'BANKUSDT', 'hours_since_loss': 11.4}
2026-07-26 07:27:03 | DEBUG | trading.strategy5_continuation:_scan_symbol:379 | S5 skip: recent loss on symbol | {'symbol': 'EULUSDT', 'hours_since_loss': 9.4}
2026-07-26 07:27:08 | DEBUG | trading.strategy5_continuation:_scan_symbol:379 | S5 skip: recent loss on symbol | {'symbol': 'BANKUSDT', 'hours_since_loss': 11.4}
2026-07-26 07:27:08 | DEBUG | trading.strategy5_continuation:_scan_symbol:379 | S5 skip: recent loss on symbol | {'symbol': 'EULUSDT', 'hours_since_loss': 9.4}
2026-07-26 07:27:13 | DEBUG | trading.strategy5_continuation:_scan_symbol:379 | S5 skip: recent loss on symbol | {'symbol': 'BANKUSDT', 'hours_since_loss': 11.4}
2026-07-26 07:27:13 | DEBUG | trading.strategy5_continuation:_scan_symbol:379 | S5 skip: recent loss on symbol | {'symbol': 'EULUSDT', 'hours_since_loss': 9.4}
2026-07-26 07:27:18 | DEBUG | trading.strategy5_continuation:_scan_symbol:379 | S5 skip: recent loss on symbol | {'symbol': 'BANKUSDT', 'hours_since_loss': 11.4}
2026-07-26 07:27:18 | DEBUG | trading.strategy5_continuation:_scan_symbol:379 | S5 skip: recent loss on symbol | {'symbol': 'EULUSDT', 'hours_since_loss': 9.4}
2026-07-26 07:27:23 | DEBUG | trading.strategy5_continuation:_scan_symbol:379 | S5 skip: recent loss on symbol | {'symbol': 'BANKUSDT', 'hours_since_loss': 11.4}
2026-07-26 07:27:23 | DEBUG | trading.strategy5_continuation:_scan_symbol:379 | S5 skip: recent loss on symbol | {'symbol': 'EULUSDT', 'hours_since_loss': 9.4}
2026-07-26 07:27:29 | DEBUG | trading.strategy5_continuation:_scan_symbol:379 | S5 skip: recent loss on symbol | {'symbol': 'BANKUSDT', 'hours_since_loss': 11.4}
2026-07-26 07:27:29 | DEBUG | trading.strategy5_continuation:_scan_symbol:379 | S5 skip: recent loss on symbol | {'symbol': 'EULUSDT', 'hours_since_loss': 9.4}
2026-07-26 07:27:34 | DEBUG | trading.strategy5_continuation:_scan_symbol:379 | S5 skip: recent loss on symbol | {'symbol': 'BANKUSDT', 'hours_since_loss': 11.4}
2026-07-26 07:27:34 | DEBUG | trading.strategy5_continuation:_scan_symbol:379 | S5 skip: recent loss on symbol | {'symbol': 'EULUSDT', 'hours_since_loss': 9.4}
2026-07-26 07:27:39 | DEBUG | trading.strategy5_continuation:_scan_symbol:379 | S5 skip: recent loss on symbol | {'symbol': 'BANKUSDT', 'hours_since_loss': 11.4}
2026-07-26 07:27:39 | DEBUG | trading.strategy5_continuation:_scan_symbol:379 | S5 skip: recent loss on symbol | {'symbol': 'EULUSDT', 'hours_since_loss': 9.4}
2026-07-26 07:27:44 | DEBUG | trading.strategy5_continuation:_scan_symbol:379 | S5 skip: recent loss on symbol | {'symbol': 'BANKUSDT', 'hours_since_loss': 11.4}
2026-07-26 07:27:44 | DEBUG | trading.strategy5_continuation:_scan_symbol:379 | S5 skip: recent loss on symbol | {'symbol': 'EULUSDT', 'hours_since_loss': 9.4}
2026-07-26 07:27:49 | DEBUG | trading.strategy5_continuation:_scan_symbol:379 | S5 skip: recent loss on symbol | {'symbol': 'BANKUSDT', 'hours_since_loss': 11.4}
2026-07-26 07:27:49 | DEBUG | trading.strategy5_continuation:_scan_symbol:379 | S5 skip: recent loss on symbol | {'symbol': 'EULUSDT', 'hours_since_loss': 9.4}
2026-07-26 07:27:54 | DEBUG | trading.strategy5_continuation:_scan_symbol:379 | S5 skip: recent loss on symbol | {'symbol': 'BANKUSDT', 'hours_since_loss': 11.4}
2026-07-26 07:27:54 | DEBUG | trading.strategy5_continuation:_scan_symbol:379 | S5 skip: recent loss on symbol | {'symbol': 'EULUSDT', 'hours_since_loss': 9.4}
2026-07-26 07:28:00 | DEBUG | trading.strategy5_continuation:_scan_symbol:379 | S5 skip: recent loss on symbol | {'symbol': 'BANKUSDT', 'hours_since_loss': 11.4}
2026-07-26 07:28:00 | DEBUG | trading.strategy5_continuation:_scan_symbol:379 | S5 skip: recent loss on symbol | {'symbol': 'EULUSDT', 'hours_since_loss': 9.4}
2026-07-26 07:28:05 | DEBUG | trading.strategy5_continuation:_scan_symbol:379 | S5 skip: recent loss on symbol | {'symbol': 'BANKUSDT', 'hours_since_loss': 11.4}
2026-07-26 07:28:05 | DEBUG | trading.strategy5_continuation:_scan_symbol:379 | S5 skip: recent loss on symbol | {'symbol': 'EULUSDT', 'hours_since_loss': 9.4}
2026-07-26 07:28:10 | DEBUG | trading.strategy5_continuation:_scan_symbol:379 | S5 skip: recent loss on symbol | {'symbol': 'BANKUSDT', 'hours_since_loss': 11.4}
2026-07-26 07:28:10 | DEBUG | trading.strategy5_continuation:_scan_symbol:379 | S5 skip: recent loss on symbol | {'symbol': 'EULUSDT', 'hours_since_loss': 9.4}
2026-07-26 07:28:15 | DEBUG | trading.strategy5_continuation:_scan_symbol:379 | S5 skip: recent loss on symbol | {'symbol': 'BANKUSDT', 'hours_since_loss': 11.4}
2026-07-26 07:28:15 | DEBUG | trading.strategy5_continuation:_scan_symbol:379 | S5 skip: recent loss on symbol | {'symbol': 'EULUSDT', 'hours_since_loss': 9.4}
2026-07-26 07:28:20 | DEBUG | trading.strategy5_continuation:_scan_symbol:379 | S5 skip: recent loss on symbol | {'symbol': 'BANKUSDT', 'hours_since_loss': 11.4}
2026-07-26 07:28:20 | DEBUG | trading.strategy5_continuation:_scan_symbol:379 | S5 skip: recent loss on symbol | {'symbol': 'EULUSDT', 'hours_since_loss': 9.4}
2026-07-26 07:28:25 | DEBUG | trading.strategy5_continuation:_scan_symbol:379 | S5 skip: recent loss on symbol | {'symbol': 'BANKUSDT', 'hours_since_loss': 11.4}
2026-07-26 07:28:26 | DEBUG | trading.strategy5_continuation:_scan_symbol:379 | S5 skip: recent loss on symbol | {'symbol': 'EULUSDT', 'hours_since_loss': 9.4}
2026-07-26 07:28:31 | DEBUG | trading.strategy5_continuation:_scan_symbol:379 | S5 skip: recent loss on symbol | {'symbol': 'BANKUSDT', 'hours_since_loss': 11.4}
2026-07-26 07:28:31 | DEBUG | trading.strategy5_continuation:_scan_symbol:379 | S5 skip: recent loss on symbol | {'symbol': 'EULUSDT', 'hours_since_loss': 9.4}
2026-07-26 07:28:36 | DEBUG | trading.strategy5_continuation:_scan_symbol:379 | S5 skip: recent loss on symbol | {'symbol': 'BANKUSDT', 'hours_since_loss': 11.4}
2026-07-26 07:28:36 | DEBUG | trading.strategy5_continuation:_scan_symbol:379 | S5 skip: recent loss on symbol | {'symbol': 'EULUSDT', 'hours_since_loss': 9.4}
2026-07-26 07:28:41 | DEBUG | trading.strategy5_continuation:_scan_symbol:379 | S5 skip: recent loss on symbol | {'symbol': 'BANKUSDT', 'hours_since_loss': 11.4}
2026-07-26 07:28:41 | DEBUG | trading.strategy5_continuation:_scan_symbol:379 | S5 skip: recent loss on symbol | {'symbol': 'EULUSDT', 'hours_since_loss': 9.4}
2026-07-26 07:28:46 | DEBUG | trading.strategy5_continuation:_scan_symbol:379 | S5 skip: recent loss on symbol | {'symbol': 'BANKUSDT', 'hours_since_loss': 11.4}
2026-07-26 07:28:46 | DEBUG | trading.strategy5_continuation:_scan_symbol:379 | S5 skip: recent loss on symbol | {'symbol': 'EULUSDT', 'hours_since_loss': 9.4}
2026-07-26 07:28:51 | DEBUG | trading.strategy5_continuation:_scan_symbol:379 | S5 skip: recent loss on symbol | {'symbol': 'BANKUSDT', 'hours_since_loss': 11.4}
2026-07-26 07:28:51 | DEBUG | trading.strategy5_continuation:_scan_symbol:379 | S5 skip: recent loss on symbol | {'symbol': 'EULUSDT', 'hours_since_loss': 9.4}
2026-07-26 07:28:57 | DEBUG | trading.strategy5_continuation:_scan_symbol:379 | S5 skip: recent loss on symbol | {'symbol': 'BANKUSDT', 'hours_since_loss': 11.4}
2026-07-26 07:28:57 | DEBUG | trading.strategy5_continuation:_scan_symbol:379 | S5 skip: recent loss on symbol | {'symbol': 'EULUSDT', 'hours_since_loss': 9.4}
2026-07-26 07:29:02 | DEBUG | trading.strategy5_continuation:_scan_symbol:379 | S5 skip: recent loss on symbol | {'symbol': 'BANKUSDT', 'hours_since_loss': 11.4}
2026-07-26 07:29:02 | DEBUG | trading.strategy5_continuation:_scan_symbol:379 | S5 skip: recent loss on symbol | {'symbol': 'EULUSDT', 'hours_since_loss': 9.4}
2026-07-26 07:29:07 | DEBUG | trading.strategy5_continuation:_scan_symbol:379 | S5 skip: recent loss on symbol | {'symbol': 'BANKUSDT', 'hours_since_loss': 11.4}
2026-07-26 07:29:07 | DEBUG | trading.strategy5_continuation:_scan_symbol:379 | S5 skip: recent loss on symbol | {'symbol': 'EULUSDT', 'hours_since_loss': 9.4}
2026-07-26 07:29:12 | DEBUG | trading.strategy5_continuation:_scan_symbol:379 | S5 skip: recent loss on symbol | {'symbol': 'BANKUSDT', 'hours_since_loss': 11.4}
2026-07-26 07:29:12 | DEBUG | trading.strategy5_continuation:_scan_symbol:379 | S5 skip: recent loss on symbol | {'symbol': 'EULUSDT', 'hours_since_loss': 9.4}
2026-07-26 07:29:17 | DEBUG | trading.strategy5_continuation:_scan_symbol:379 | S5 skip: recent loss on symbol | {'symbol': 'BANKUSDT', 'hours_since_loss': 11.4}
2026-07-26 07:29:17 | DEBUG | trading.strategy5_continuation:_scan_symbol:379 | S5 skip: recent loss on symbol | {'symbol': 'EULUSDT', 'hours_since_loss': 9.4}
2026-07-26 07:29:22 | DEBUG | trading.strategy5_continuation:_scan_symbol:379 | S5 skip: recent loss on symbol | {'symbol': 'BANKUSDT', 'hours_since_loss': 11.4}
2026-07-26 07:29:22 | DEBUG | trading.strategy5_continuation:_scan_symbol:379 | S5 skip: recent loss on symbol | {'symbol': 'EULUSDT', 'hours_since_loss': 9.4}
2026-07-26 07:29:28 | DEBUG | trading.strategy5_continuation:_scan_symbol:379 | S5 skip: recent loss on symbol | {'symbol': 'BANKUSDT', 'hours_since_loss': 11.4}
2026-07-26 07:29:28 | DEBUG | trading.strategy5_continuation:_scan_symbol:379 | S5 skip: recent loss on symbol | {'symbol': 'EULUSDT', 'hours_since_loss': 9.4}
2026-07-26 07:29:33 | DEBUG | trading.strategy5_continuation:_scan_symbol:379 | S5 skip: recent loss on symbol | {'symbol': 'BANKUSDT', 'hours_since_loss': 11.4}
2026-07-26 07:29:33 | DEBUG | trading.strategy5_continuation:_scan_symbol:379 | S5 skip: recent loss on symbol | {'symbol': 'EULUSDT', 'hours_since_loss': 9.4}
2026-07-26 07:29:38 | DEBUG | trading.strategy5_continuation:_scan_symbol:379 | S5 skip: recent loss on symbol | {'symbol': 'BANKUSDT', 'hours_since_loss': 11.4}
2026-07-26 07:29:38 | DEBUG | trading.strategy5_continuation:_scan_symbol:379 | S5 skip: recent loss on symbol | {'symbol': 'EULUSDT', 'hours_since_loss': 9.4}
2026-07-26 07:29:43 | DEBUG | trading.strategy5_continuation:_scan_symbol:379 | S5 skip: recent loss on symbol | {'symbol': 'BANKUSDT', 'hours_since_loss': 11.4}
2026-07-26 07:29:43 | DEBUG | trading.strategy5_continuation:_scan_symbol:379 | S5 skip: recent loss on symbol | {'symbol': 'EULUSDT', 'hours_since_loss': 9.4}
2026-07-26 07:29:48 | DEBUG | trading.strategy5_continuation:_scan_symbol:379 | S5 skip: recent loss on symbol | {'symbol': 'BANKUSDT', 'hours_since_loss': 11.4}
2026-07-26 07:29:48 | DEBUG | trading.strategy5_continuation:_scan_symbol:379 | S5 skip: recent loss on symbol | {'symbol': 'EULUSDT', 'hours_since_loss': 9.4}
2026-07-26 07:29:53 | DEBUG | trading.strategy5_continuation:_scan_symbol:379 | S5 skip: recent loss on symbol | {'symbol': 'BANKUSDT', 'hours_since_loss': 11.4}
2026-07-26 07:29:53 | DEBUG | trading.strategy5_continuation:_scan_symbol:379 | S5 skip: recent loss on symbol | {'symbol': 'EULUSDT', 'hours_since_loss': 9.4}
2026-07-26 07:29:59 | DEBUG | trading.strategy5_continuation:_scan_symbol:379 | S5 skip: recent loss on symbol | {'symbol': 'BANKUSDT', 'hours_since_loss': 11.4}
2026-07-26 07:29:59 | DEBUG | trading.strategy5_continuation:_scan_symbol:379 | S5 skip: recent loss on symbol | {'symbol': 'EULUSDT', 'hours_since_loss': 9.4}
2026-07-26 07:30:04 | DEBUG | trading.strategy5_continuation:_scan_symbol:379 | S5 skip: recent loss on symbol | {'symbol': 'BANKUSDT', 'hours_since_loss': 11.4}
2026-07-26 07:30:04 | DEBUG | trading.strategy5_continuation:_scan_symbol:379 | S5 skip: recent loss on symbol | {'symbol': 'EULUSDT', 'hours_since_loss': 9.4}
2026-07-26 07:30:09 | DEBUG | trading.strategy5_continuation:_scan_symbol:379 | S5 skip: recent loss on symbol | {'symbol': 'BANKUSDT', 'hours_since_loss': 11.4}
2026-07-26 07:30:09 | DEBUG | trading.strategy5_continuation:_scan_symbol:379 | S5 skip: recent loss on symbol | {'symbol': 'EULUSDT', 'hours_since_loss': 9.4}
2026-07-26 07:30:14 | DEBUG | trading.strategy5_continuation:_scan_symbol:379 | S5 skip: recent loss on symbol | {'symbol': 'BANKUSDT', 'hours_since_loss': 11.4}
2026-07-26 07:30:14 | DEBUG | trading.strategy5_continuation:_scan_symbol:379 | S5 skip: recent loss on symbol | {'symbol': 'EULUSDT', 'hours_since_loss': 9.4}
2026-07-26 07:30:19 | DEBUG | trading.strategy5_continuation:_scan_symbol:379 | S5 skip: recent loss on symbol | {'symbol': 'BANKUSDT', 'hours_since_loss': 11.4}
2026-07-26 07:30:19 | DEBUG | trading.strategy5_continuation:_scan_symbol:379 | S5 skip: recent loss on symbol | {'symbol': 'EULUSDT', 'hours_since_loss': 9.4}
2026-07-26 07:30:24 | DEBUG | trading.strategy5_continuation:_scan_symbol:379 | S5 skip: recent loss on symbol | {'symbol': 'BANKUSDT', 'hours_since_loss': 11.5}
2026-07-26 07:30:24 | DEBUG | trading.strategy5_continuation:_scan_symbol:379 | S5 skip: recent loss on symbol | {'symbol': 'EULUSDT', 'hours_since_loss': 9.4}
2026-07-26 07:30:30 | DEBUG | trading.strategy5_continuation:_scan_symbol:379 | S5 skip: recent loss on symbol | {'symbol': 'BANKUSDT', 'hours_since_loss': 11.5}
2026-07-26 07:30:30 | DEBUG | trading.strategy5_continuation:_scan_symbol:379 | S5 skip: recent loss on symbol | {'symbol': 'EULUSDT', 'hours_since_loss': 9.5}
2026-07-26 07:30:35 | DEBUG | trading.strategy5_continuation:_scan_symbol:379 | S5 skip: recent loss on symbol | {'symbol': 'BANKUSDT', 'hours_since_loss': 11.5}
2026-07-26 07:30:35 | DEBUG | trading.strategy5_continuation:_scan_symbol:379 | S5 skip: recent loss on symbol | {'symbol': 'EULUSDT', 'hours_since_loss': 9.5}
2026-07-26 07:30:40 | DEBUG | trading.strategy5_continuation:_scan_symbol:379 | S5 skip: recent loss on symbol | {'symbol': 'BANKUSDT', 'hours_since_loss': 11.5}
2026-07-26 07:30:40 | DEBUG | trading.strategy5_continuation:_scan_symbol:379 | S5 skip: recent loss on symbol | {'symbol': 'EULUSDT', 'hours_since_loss': 9.5}
2026-07-26 07:30:45 | DEBUG | trading.strategy5_continuation:_scan_symbol:379 | S5 skip: recent loss on symbol | {'symbol': 'BANKUSDT', 'hours_since_loss': 11.5}
2026-07-26 07:30:45 | DEBUG | trading.strategy5_continuation:_scan_symbol:379 | S5 skip: recent loss on symbol | {'symbol': 'EULUSDT', 'hours_since_loss': 9.5}
2026-07-26 07:30:50 | DEBUG | trading.strategy5_continuation:_scan_symbol:379 | S5 skip: recent loss on symbol | {'symbol': 'BANKUSDT', 'hours_since_loss': 11.5}
2026-07-26 07:30:50 | DEBUG | trading.strategy5_continuation:_scan_symbol:379 | S5 skip: recent loss on symbol | {'symbol': 'EULUSDT', 'hours_since_loss': 9.5}
2026-07-26 07:30:55 | DEBUG | trading.strategy5_continuation:_scan_symbol:379 | S5 skip: recent loss on symbol | {'symbol': 'BANKUSDT', 'hours_since_loss': 11.5}
2026-07-26 07:30:56 | DEBUG | trading.strategy5_continuation:_scan_symbol:379 | S5 skip: recent loss on symbol | {'symbol': 'EULUSDT', 'hours_since_loss': 9.5}
2026-07-26 07:31:01 | DEBUG | trading.strategy5_continuation:_scan_symbol:379 | S5 skip: recent loss on symbol | {'symbol': 'BANKUSDT', 'hours_since_loss': 11.5}
2026-07-26 07:31:01 | DEBUG | trading.strategy5_continuation:_scan_symbol:379 | S5 skip: recent loss on symbol | {'symbol': 'EULUSDT', 'hours_since_loss': 9.5}
2026-07-26 07:31:06 | DEBUG | trading.strategy5_continuation:_scan_symbol:379 | S5 skip: recent loss on symbol | {'symbol': 'BANKUSDT', 'hours_since_loss': 11.5}
2026-07-26 07:31:06 | DEBUG | trading.strategy5_continuation:_scan_symbol:379 | S5 skip: recent loss on symbol | {'symbol': 'EULUSDT', 'hours_since_loss': 9.5}
2026-07-26 07:31:11 | DEBUG | trading.strategy5_continuation:_scan_symbol:379 | S5 skip: recent loss on symbol | {'symbol': 'BANKUSDT', 'hours_since_loss': 11.5}
2026-07-26 07:31:11 | DEBUG | trading.strategy5_continuation:_scan_symbol:379 | S5 skip: recent loss on symbol | {'symbol': 'EULUSDT', 'hours_since_loss': 9.5}
2026-07-26 07:31:16 | DEBUG | trading.strategy5_continuation:_scan_symbol:379 | S5 skip: recent loss on symbol | {'symbol': 'BANKUSDT', 'hours_since_loss': 11.5}
2026-07-26 07:31:16 | DEBUG | trading.strategy5_continuation:_scan_symbol:379 | S5 skip: recent loss on symbol | {'symbol': 'EULUSDT', 'hours_since_loss': 9.5}
2026-07-26 07:31:21 | DEBUG | trading.strategy5_continuation:_scan_symbol:379 | S5 skip: recent loss on symbol | {'symbol': 'BANKUSDT', 'hours_since_loss': 11.5}
2026-07-26 07:31:21 | DEBUG | trading.strategy5_continuation:_scan_symbol:379 | S5 skip: recent loss on symbol | {'symbol': 'EULUSDT', 'hours_since_loss': 9.5}
2026-07-26 07:31:26 | DEBUG | trading.strategy5_continuation:_scan_symbol:379 | S5 skip: recent loss on symbol | {'symbol': 'BANKUSDT', 'hours_since_loss': 11.5}
2026-07-26 07:31:27 | DEBUG | trading.strategy5_continuation:_scan_symbol:379 | S5 skip: recent loss on symbol | {'symbol': 'EULUSDT', 'hours_since_loss': 9.5}
2026-07-26 07:31:32 | DEBUG | trading.strategy5_continuation:_scan_symbol:379 | S5 skip: recent loss on symbol | {'symbol': 'BANKUSDT', 'hours_since_loss': 11.5}
2026-07-26 07:31:32 | DEBUG | trading.strategy5_continuation:_scan_symbol:379 | S5 skip: recent loss on symbol | {'symbol': 'EULUSDT', 'hours_since_loss': 9.5}
2026-07-26 07:31:37 | DEBUG | trading.strategy5_continuation:_scan_symbol:379 | S5 skip: recent loss on symbol | {'symbol': 'BANKUSDT', 'hours_since_loss': 11.5}
2026-07-26 07:31:37 | DEBUG | trading.strategy5_continuation:_scan_symbol:379 | S5 skip: recent loss on symbol | {'symbol': 'EULUSDT', 'hours_since_loss': 9.5}
2026-07-26 07:31:42 | DEBUG | trading.strategy5_continuation:_scan_symbol:379 | S5 skip: recent loss on symbol | {'symbol': 'BANKUSDT', 'hours_since_loss': 11.5}
2026-07-26 07:31:42 | DEBUG | trading.strategy5_continuation:_scan_symbol:379 | S5 skip: recent loss on symbol | {'symbol': 'EULUSDT', 'hours_since_loss': 9.5}
2026-07-26 07:31:47 | DEBUG | trading.strategy5_continuation:_scan_symbol:379 | S5 skip: recent loss on symbol | {'symbol': 'BANKUSDT', 'hours_since_loss': 11.5}
2026-07-26 07:31:47 | DEBUG | trading.strategy5_continuation:_scan_symbol:379 | S5 skip: recent loss on symbol | {'symbol': 'EULUSDT', 'hours_since_loss': 9.5}
2026-07-26 07:31:52 | DEBUG | trading.strategy5_continuation:_scan_symbol:379 | S5 skip: recent loss on symbol | {'symbol': 'BANKUSDT', 'hours_since_loss': 11.5}
2026-07-26 07:31:52 | DEBUG | trading.strategy5_continuation:_scan_symbol:379 | S5 skip: recent loss on symbol | {'symbol': 'EULUSDT', 'hours_since_loss': 9.5}
2026-07-26 07:31:58 | DEBUG | trading.strategy5_continuation:_scan_symbol:379 | S5 skip: recent loss on symbol | {'symbol': 'BANKUSDT', 'hours_since_loss': 11.5}
2026-07-26 07:31:58 | DEBUG | trading.strategy5_continuation:_scan_symbol:379 | S5 skip: recent loss on symbol | {'symbol': 'EULUSDT', 'hours_since_loss': 9.5}
2026-07-26 07:32:03 | DEBUG | trading.strategy5_continuation:_scan_symbol:379 | S5 skip: recent loss on symbol | {'symbol': 'BANKUSDT', 'hours_since_loss': 11.5}
2026-07-26 07:32:03 | DEBUG | trading.strategy5_continuation:_scan_symbol:379 | S5 skip: recent loss on symbol | {'symbol': 'EULUSDT', 'hours_since_loss': 9.5}
2026-07-26 07:32:08 | DEBUG | trading.strategy5_continuation:_scan_symbol:379 | S5 skip: recent loss on symbol | {'symbol': 'BANKUSDT', 'hours_since_loss': 11.5}
2026-07-26 07:32:08 | DEBUG | trading.strategy5_continuation:_scan_symbol:379 | S5 skip: recent loss on symbol | {'symbol': 'EULUSDT', 'hours_since_loss': 9.5}
2026-07-26 07:32:13 | DEBUG | trading.strategy5_continuation:_scan_symbol:379 | S5 skip: recent loss on symbol | {'symbol': 'BANKUSDT', 'hours_since_loss': 11.5}
2026-07-26 07:32:13 | DEBUG | trading.strategy5_continuation:_scan_symbol:379 | S5 skip: recent loss on symbol | {'symbol': 'EULUSDT', 'hours_since_loss': 9.5}
2026-07-26 07:32:18 | DEBUG | trading.strategy5_continuation:_scan_symbol:379 | S5 skip: recent loss on symbol | {'symbol': 'BANKUSDT', 'hours_since_loss': 11.5}
2026-07-26 07:32:18 | DEBUG | trading.strategy5_continuation:_scan_symbol:379 | S5 skip: recent loss on symbol | {'symbol': 'EULUSDT', 'hours_since_loss': 9.5}
2026-07-26 07:32:23 | DEBUG | trading.strategy5_continuation:_scan_symbol:379 | S5 skip: recent loss on symbol | {'symbol': 'BANKUSDT', 'hours_since_loss': 11.5}
2026-07-26 07:32:23 | DEBUG | trading.strategy5_continuation:_scan_symbol:379 | S5 skip: recent loss on symbol | {'symbol': 'EULUSDT', 'hours_since_loss': 9.5}
2026-07-26 07:32:29 | DEBUG | trading.strategy5_continuation:_scan_symbol:379 | S5 skip: recent loss on symbol | {'symbol': 'BANKUSDT', 'hours_since_loss': 11.5}
2026-07-26 07:32:29 | DEBUG | trading.strategy5_continuation:_scan_symbol:379 | S5 skip: recent loss on symbol | {'symbol': 'EULUSDT', 'hours_since_loss': 9.5}
2026-07-26 07:32:34 | DEBUG | trading.strategy5_continuation:_scan_symbol:379 | S5 skip: recent loss on symbol | {'symbol': 'BANKUSDT', 'hours_since_loss': 11.5}
2026-07-26 07:32:34 | DEBUG | trading.strategy5_continuation:_scan_symbol:379 | S5 skip: recent loss on symbol | {'symbol': 'EULUSDT', 'hours_since_loss': 9.5}
2026-07-26 07:32:39 | DEBUG | trading.strategy5_continuation:_scan_symbol:379 | S5 skip: recent loss on symbol | {'symbol': 'BANKUSDT', 'hours_since_loss': 11.5}
2026-07-26 07:32:39 | DEBUG | trading.strategy5_continuation:_scan_symbol:379 | S5 skip: recent loss on symbol | {'symbol': 'EULUSDT', 'hours_since_loss': 9.5}
2026-07-26 07:32:44 | DEBUG | trading.strategy5_continuation:_scan_symbol:379 | S5 skip: recent loss on symbol | {'symbol': 'BANKUSDT', 'hours_since_loss': 11.5}
2026-07-26 07:32:44 | DEBUG | trading.strategy5_continuation:_scan_symbol:379 | S5 skip: recent loss on symbol | {'symbol': 'EULUSDT', 'hours_since_loss': 9.5}
2026-07-26 07:32:49 | DEBUG | trading.strategy5_continuation:_scan_symbol:379 | S5 skip: recent loss on symbol | {'symbol': 'BANKUSDT', 'hours_since_loss': 11.5}
2026-07-26 07:32:49 | DEBUG | trading.strategy5_continuation:_scan_symbol:379 | S5 skip: recent loss on symbol | {'symbol': 'EULUSDT', 'hours_since_loss': 9.5}
2026-07-26 07:32:54 | DEBUG | trading.strategy5_continuation:_scan_symbol:379 | S5 skip: recent loss on symbol | {'symbol': 'BANKUSDT', 'hours_since_loss': 11.5}
2026-07-26 07:32:55 | DEBUG | trading.strategy5_continuation:_scan_symbol:379 | S5 skip: recent loss on symbol | {'symbol': 'EULUSDT', 'hours_since_loss': 9.5}
2026-07-26 07:33:00 | DEBUG | trading.strategy5_continuation:_scan_symbol:379 | S5 skip: recent loss on symbol | {'symbol': 'BANKUSDT', 'hours_since_loss': 11.5}
2026-07-26 07:33:00 | DEBUG | trading.strategy5_continuation:_scan_symbol:379 | S5 skip: recent loss on symbol | {'symbol': 'EULUSDT', 'hours_since_loss': 9.5}
2026-07-26 07:33:05 | DEBUG | trading.strategy5_continuation:_scan_symbol:379 | S5 skip: recent loss on symbol | {'symbol': 'BANKUSDT', 'hours_since_loss': 11.5}
2026-07-26 07:33:05 | DEBUG | trading.strategy5_continuation:_scan_symbol:379 | S5 skip: recent loss on symbol | {'symbol': 'EULUSDT', 'hours_since_loss': 9.5}
2026-07-26 07:33:10 | DEBUG | trading.strategy5_continuation:_scan_symbol:379 | S5 skip: recent loss on symbol | {'symbol': 'BANKUSDT', 'hours_since_loss': 11.5}
2026-07-26 07:33:10 | DEBUG | trading.strategy5_continuation:_scan_symbol:379 | S5 skip: recent loss on symbol | {'symbol': 'EULUSDT', 'hours_since_loss': 9.5}
2026-07-26 07:33:15 | DEBUG | trading.strategy5_continuation:_scan_symbol:379 | S5 skip: recent loss on symbol | {'symbol': 'BANKUSDT', 'hours_since_loss': 11.5}
2026-07-26 07:33:15 | DEBUG | trading.strategy5_continuation:_scan_symbol:379 | S5 skip: recent loss on symbol | {'symbol': 'EULUSDT', 'hours_since_loss': 9.5}
2026-07-26 07:33:20 | DEBUG | trading.strategy5_continuation:_scan_symbol:379 | S5 skip: recent loss on symbol | {'symbol': 'BANKUSDT', 'hours_since_loss': 11.5}
2026-07-26 07:33:20 | DEBUG | trading.strategy5_continuation:_scan_symbol:379 | S5 skip: recent loss on symbol | {'symbol': 'EULUSDT', 'hours_since_loss': 9.5}
2026-07-26 07:33:26 | DEBUG | trading.strategy5_continuation:_scan_symbol:379 | S5 skip: recent loss on symbol | {'symbol': 'BANKUSDT', 'hours_since_loss': 11.5}
2026-07-26 07:33:26 | DEBUG | trading.strategy5_continuation:_scan_symbol:379 | S5 skip: recent loss on symbol | {'symbol': 'EULUSDT', 'hours_since_loss': 9.5}
2026-07-26 07:33:31 | DEBUG | trading.strategy5_continuation:_scan_symbol:379 | S5 skip: recent loss on symbol | {'symbol': 'BANKUSDT', 'hours_since_loss': 11.5}
2026-07-26 07:33:31 | DEBUG | trading.strategy5_continuation:_scan_symbol:379 | S5 skip: recent loss on symbol | {'symbol': 'EULUSDT', 'hours_since_loss': 9.5}
2026-07-26 07:33:36 | DEBUG | trading.strategy5_continuation:_scan_symbol:379 | S5 skip: recent loss on symbol | {'symbol': 'BANKUSDT', 'hours_since_loss': 11.5}
2026-07-26 07:33:36 | DEBUG | trading.strategy5_continuation:_scan_symbol:379 | S5 skip: recent loss on symbol | {'symbol': 'EULUSDT', 'hours_since_loss': 9.5}
2026-07-26 07:33:41 | DEBUG | trading.strategy5_continuation:_scan_symbol:379 | S5 skip: recent loss on symbol | {'symbol': 'BANKUSDT', 'hours_since_loss': 11.5}
2026-07-26 07:33:41 | DEBUG | trading.strategy5_continuation:_scan_symbol:379 | S5 skip: recent loss on symbol | {'symbol': 'EULUSDT', 'hours_since_loss': 9.5}
2026-07-26 07:33:46 | DEBUG | trading.strategy5_continuation:_scan_symbol:379 | S5 skip: recent loss on symbol | {'symbol': 'BANKUSDT', 'hours_since_loss': 11.5}
2026-07-26 07:33:46 | DEBUG | trading.strategy5_continuation:_scan_symbol:379 | S5 skip: recent loss on symbol | {'symbol': 'EULUSDT', 'hours_since_loss': 9.5}
2026-07-26 07:33:51 | DEBUG | trading.strategy5_continuation:_scan_symbol:379 | S5 skip: recent loss on symbol | {'symbol': 'BANKUSDT', 'hours_since_loss': 11.5}
2026-07-26 07:33:51 | DEBUG | trading.strategy5_continuation:_scan_symbol:379 | S5 skip: recent loss on symbol | {'symbol': 'EULUSDT', 'hours_since_loss': 9.5}
2026-07-26 07:33:57 | DEBUG | trading.strategy5_continuation:_scan_symbol:379 | S5 skip: recent loss on symbol | {'symbol': 'BANKUSDT', 'hours_since_loss': 11.5}
2026-07-26 07:33:57 | DEBUG | trading.strategy5_continuation:_scan_symbol:379 | S5 skip: recent loss on symbol | {'symbol': 'EULUSDT', 'hours_since_loss': 9.5}
2026-07-26 07:34:02 | DEBUG | trading.strategy5_continuation:_scan_symbol:379 | S5 skip: recent loss on symbol | {'symbol': 'BANKUSDT', 'hours_since_loss': 11.5}
2026-07-26 07:34:02 | DEBUG | trading.strategy5_continuation:_scan_symbol:379 | S5 skip: recent loss on symbol | {'symbol': 'EULUSDT', 'hours_since_loss': 9.5}
2026-07-26 07:34:07 | DEBUG | trading.strategy5_continuation:_scan_symbol:379 | S5 skip: recent loss on symbol | {'symbol': 'BANKUSDT', 'hours_since_loss': 11.5}
2026-07-26 07:34:07 | DEBUG | trading.strategy5_continuation:_scan_symbol:379 | S5 skip: recent loss on symbol | {'symbol': 'EULUSDT', 'hours_since_loss': 9.5}
2026-07-26 07:34:12 | DEBUG | trading.strategy5_continuation:_scan_symbol:379 | S5 skip: recent loss on symbol | {'symbol': 'BANKUSDT', 'hours_since_loss': 11.5}
2026-07-26 07:34:12 | DEBUG | trading.strategy5_continuation:_scan_symbol:379 | S5 skip: recent loss on symbol | {'symbol': 'EULUSDT', 'hours_since_loss': 9.5}
2026-07-26 07:34:17 | DEBUG | trading.strategy5_continuation:_scan_symbol:379 | S5 skip: recent loss on symbol | {'symbol': 'BANKUSDT', 'hours_since_loss': 11.5}
2026-07-26 07:34:17 | DEBUG | trading.strategy5_continuation:_scan_symbol:379 | S5 skip: recent loss on symbol | {'symbol': 'EULUSDT', 'hours_since_loss': 9.5}
2026-07-26 07:34:22 | DEBUG | trading.strategy5_continuation:_scan_symbol:379 | S5 skip: recent loss on symbol | {'symbol': 'BANKUSDT', 'hours_since_loss': 11.5}
2026-07-26 07:34:22 | DEBUG | trading.strategy5_continuation:_scan_symbol:379 | S5 skip: recent loss on symbol | {'symbol': 'EULUSDT', 'hours_since_loss': 9.5}
2026-07-26 07:34:28 | DEBUG | trading.strategy5_continuation:_scan_symbol:379 | S5 skip: recent loss on symbol | {'symbol': 'BANKUSDT', 'hours_since_loss': 11.5}
2026-07-26 07:34:28 | DEBUG | trading.strategy5_continuation:_scan_symbol:379 | S5 skip: recent loss on symbol | {'symbol': 'EULUSDT', 'hours_since_loss': 9.5}
2026-07-26 07:34:33 | DEBUG | trading.strategy5_continuation:_scan_symbol:379 | S5 skip: recent loss on symbol | {'symbol': 'BANKUSDT', 'hours_since_loss': 11.5}
2026-07-26 07:34:33 | DEBUG | trading.strategy5_continuation:_scan_symbol:379 | S5 skip: recent loss on symbol | {'symbol': 'EULUSDT', 'hours_since_loss': 9.5}
2026-07-26 07:34:38 | DEBUG | trading.strategy5_continuation:_scan_symbol:379 | S5 skip: recent loss on symbol | {'symbol': 'BANKUSDT', 'hours_since_loss': 11.5}
2026-07-26 07:34:38 | DEBUG | trading.strategy5_continuation:_scan_symbol:379 | S5 skip: recent loss on symbol | {'symbol': 'EULUSDT', 'hours_since_loss': 9.5}
2026-07-26 07:34:43 | DEBUG | trading.strategy5_continuation:_scan_symbol:379 | S5 skip: recent loss on symbol | {'symbol': 'BANKUSDT', 'hours_since_loss': 11.5}
2026-07-26 07:34:43 | DEBUG | trading.strategy5_continuation:_scan_symbol:379 | S5 skip: recent loss on symbol | {'symbol': 'EULUSDT', 'hours_since_loss': 9.5}
2026-07-26 07:34:48 | DEBUG | trading.strategy5_continuation:_scan_symbol:379 | S5 skip: recent loss on symbol | {'symbol': 'BANKUSDT', 'hours_since_loss': 11.5}
2026-07-26 07:34:48 | DEBUG | trading.strategy5_continuation:_scan_symbol:379 | S5 skip: recent loss on symbol | {'symbol': 'EULUSDT', 'hours_since_loss': 9.5}
2026-07-26 07:34:53 | DEBUG | trading.strategy5_continuation:_scan_symbol:379 | S5 skip: recent loss on symbol | {'symbol': 'BANKUSDT', 'hours_since_loss': 11.5}
2026-07-26 07:34:54 | DEBUG | trading.strategy5_continuation:_scan_symbol:379 | S5 skip: recent loss on symbol | {'symbol': 'EULUSDT', 'hours_since_loss': 9.5}
2026-07-26 07:34:59 | DEBUG | trading.strategy5_continuation:_scan_symbol:379 | S5 skip: recent loss on symbol | {'symbol': 'BANKUSDT', 'hours_since_loss': 11.5}
2026-07-26 07:34:59 | DEBUG | trading.strategy5_continuation:_scan_symbol:379 | S5 skip: recent loss on symbol | {'symbol': 'EULUSDT', 'hours_since_loss': 9.5}
2026-07-26 07:35:04 | DEBUG | trading.strategy5_continuation:_scan_symbol:379 | S5 skip: recent loss on symbol | {'symbol': 'BANKUSDT', 'hours_since_loss': 11.5}
2026-07-26 07:35:04 | DEBUG | trading.strategy5_continuation:_scan_symbol:379 | S5 skip: recent loss on symbol | {'symbol': 'EULUSDT', 'hours_since_loss': 9.5}
2026-07-26 07:35:09 | DEBUG | trading.strategy5_continuation:_scan_symbol:379 | S5 skip: recent loss on symbol | {'symbol': 'BANKUSDT', 'hours_since_loss': 11.5}
2026-07-26 07:35:09 | DEBUG | trading.strategy5_continuation:_scan_symbol:379 | S5 skip: recent loss on symbol | {'symbol': 'EULUSDT', 'hours_since_loss': 9.5}
2026-07-26 07:35:14 | DEBUG | trading.strategy5_continuation:_scan_symbol:379 | S5 skip: recent loss on symbol | {'symbol': 'BANKUSDT', 'hours_since_loss': 11.5}
2026-07-26 07:35:14 | DEBUG | trading.strategy5_continuation:_scan_symbol:379 | S5 skip: recent loss on symbol | {'symbol': 'EULUSDT', 'hours_since_loss': 9.5}
2026-07-26 07:35:19 | DEBUG | trading.strategy5_continuation:_scan_symbol:379 | S5 skip: recent loss on symbol | {'symbol': 'BANKUSDT', 'hours_since_loss': 11.5}
2026-07-26 07:35:19 | DEBUG | trading.strategy5_continuation:_scan_symbol:379 | S5 skip: recent loss on symbol | {'symbol': 'EULUSDT', 'hours_since_loss': 9.5}
2026-07-26 07:35:25 | DEBUG | trading.strategy5_continuation:_scan_symbol:379 | S5 skip: recent loss on symbol | {'symbol': 'BANKUSDT', 'hours_since_loss': 11.5}
2026-07-26 07:35:25 | DEBUG | trading.strategy5_continuation:_scan_symbol:379 | S5 skip: recent loss on symbol | {'symbol': 'EULUSDT', 'hours_since_loss': 9.5}
2026-07-26 07:35:30 | DEBUG | trading.strategy5_continuation:_scan_symbol:379 | S5 skip: recent loss on symbol | {'symbol': 'BANKUSDT', 'hours_since_loss': 11.5}
2026-07-26 07:35:30 | DEBUG | trading.strategy5_continuation:_scan_symbol:379 | S5 skip: recent loss on symbol | {'symbol': 'EULUSDT', 'hours_since_loss': 9.5}
2026-07-26 07:35:35 | DEBUG | trading.strategy5_continuation:_scan_symbol:379 | S5 skip: recent loss on symbol | {'symbol': 'BANKUSDT', 'hours_since_loss': 11.5}
2026-07-26 07:35:35 | DEBUG | trading.strategy5_continuation:_scan_symbol:379 | S5 skip: recent loss on symbol | {'symbol': 'EULUSDT', 'hours_since_loss': 9.5}
2026-07-26 07:35:40 | DEBUG | trading.strategy5_continuation:_scan_symbol:379 | S5 skip: recent loss on symbol | {'symbol': 'BANKUSDT', 'hours_since_loss': 11.5}
2026-07-26 07:35:40 | DEBUG | trading.strategy5_continuation:_scan_symbol:379 | S5 skip: recent loss on symbol | {'symbol': 'EULUSDT', 'hours_since_loss': 9.5}
2026-07-26 07:35:45 | DEBUG | trading.strategy5_continuation:_scan_symbol:379 | S5 skip: recent loss on symbol | {'symbol': 'BANKUSDT', 'hours_since_loss': 11.5}
2026-07-26 07:35:45 | DEBUG | trading.strategy5_continuation:_scan_symbol:379 | S5 skip: recent loss on symbol | {'symbol': 'EULUSDT', 'hours_since_loss': 9.5}
2026-07-26 07:35:50 | DEBUG | trading.strategy5_continuation:_scan_symbol:379 | S5 skip: recent loss on symbol | {'symbol': 'BANKUSDT', 'hours_since_loss': 11.5}
2026-07-26 07:35:50 | DEBUG | trading.strategy5_continuation:_scan_symbol:379 | S5 skip: recent loss on symbol | {'symbol': 'EULUSDT', 'hours_since_loss': 9.5}
2026-07-26 07:35:56 | DEBUG | trading.strategy5_continuation:_scan_symbol:379 | S5 skip: recent loss on symbol | {'symbol': 'BANKUSDT', 'hours_since_loss': 11.5}
2026-07-26 07:35:56 | DEBUG | trading.strategy5_continuation:_scan_symbol:379 | S5 skip: recent loss on symbol | {'symbol': 'EULUSDT', 'hours_since_loss': 9.5}
2026-07-26 07:36:01 | DEBUG | trading.strategy5_continuation:_scan_symbol:379 | S5 skip: recent loss on symbol | {'symbol': 'BANKUSDT', 'hours_since_loss': 11.5}
2026-07-26 07:36:01 | DEBUG | trading.strategy5_continuation:_scan_symbol:379 | S5 skip: recent loss on symbol | {'symbol': 'EULUSDT', 'hours_since_loss': 9.5}
2026-07-26 07:36:06 | DEBUG | trading.strategy5_continuation:_scan_symbol:379 | S5 skip: recent loss on symbol | {'symbol': 'BANKUSDT', 'hours_since_loss': 11.5}
2026-07-26 07:36:06 | DEBUG | trading.strategy5_continuation:_scan_symbol:379 | S5 skip: recent loss on symbol | {'symbol': 'EULUSDT', 'hours_since_loss': 9.5}
2026-07-26 07:36:11 | DEBUG | trading.strategy5_continuation:_scan_symbol:379 | S5 skip: recent loss on symbol | {'symbol': 'BANKUSDT', 'hours_since_loss': 11.5}
2026-07-26 07:36:11 | DEBUG | trading.strategy5_continuation:_scan_symbol:379 | S5 skip: recent loss on symbol | {'symbol': 'EULUSDT', 'hours_since_loss': 9.5}
2026-07-26 07:36:16 | DEBUG | trading.strategy5_continuation:_scan_symbol:379 | S5 skip: recent loss on symbol | {'symbol': 'BANKUSDT', 'hours_since_loss': 11.5}
2026-07-26 07:36:16 | DEBUG | trading.strategy5_continuation:_scan_symbol:379 | S5 skip: recent loss on symbol | {'symbol': 'EULUSDT', 'hours_since_loss': 9.5}
2026-07-26 07:36:22 | DEBUG | trading.strategy5_continuation:_scan_symbol:379 | S5 skip: recent loss on symbol | {'symbol': 'BANKUSDT', 'hours_since_loss': 11.5}
2026-07-26 07:36:22 | DEBUG | trading.strategy5_continuation:_scan_symbol:379 | S5 skip: recent loss on symbol | {'symbol': 'EULUSDT', 'hours_since_loss': 9.5}
2026-07-26 07:36:27 | DEBUG | trading.strategy5_continuation:_scan_symbol:379 | S5 skip: recent loss on symbol | {'symbol': 'BANKUSDT', 'hours_since_loss': 11.6}
2026-07-26 07:36:27 | DEBUG | trading.strategy5_continuation:_scan_symbol:379 | S5 skip: recent loss on symbol | {'symbol': 'EULUSDT', 'hours_since_loss': 9.6}
2026-07-26 07:36:32 | DEBUG | trading.strategy5_continuation:_scan_symbol:379 | S5 skip: recent loss on symbol | {'symbol': 'BANKUSDT', 'hours_since_loss': 11.6}
2026-07-26 07:36:32 | DEBUG | trading.strategy5_continuation:_scan_symbol:379 | S5 skip: recent loss on symbol | {'symbol': 'EULUSDT', 'hours_since_loss': 9.6}
2026-07-26 07:36:37 | DEBUG | trading.strategy5_continuation:_scan_symbol:379 | S5 skip: recent loss on symbol | {'symbol': 'BANKUSDT', 'hours_since_loss': 11.6}
2026-07-26 07:36:37 | DEBUG | trading.strategy5_continuation:_scan_symbol:379 | S5 skip: recent loss on symbol | {'symbol': 'EULUSDT', 'hours_since_loss': 9.6}
2026-07-26 07:36:42 | DEBUG | trading.strategy5_continuation:_scan_symbol:379 | S5 skip: recent loss on symbol | {'symbol': 'BANKUSDT', 'hours_since_loss': 11.6}
2026-07-26 07:36:42 | DEBUG | trading.strategy5_continuation:_scan_symbol:379 | S5 skip: recent loss on symbol | {'symbol': 'EULUSDT', 'hours_since_loss': 9.6}
2026-07-26 07:36:47 | DEBUG | trading.strategy5_continuation:_scan_symbol:379 | S5 skip: recent loss on symbol | {'symbol': 'BANKUSDT', 'hours_since_loss': 11.6}
2026-07-26 07:36:47 | DEBUG | trading.strategy5_continuation:_scan_symbol:379 | S5 skip: recent loss on symbol | {'symbol': 'EULUSDT', 'hours_since_loss': 9.6}
2026-07-26 07:36:53 | DEBUG | trading.strategy5_continuation:_scan_symbol:379 | S5 skip: recent loss on symbol | {'symbol': 'BANKUSDT', 'hours_since_loss': 11.6}
2026-07-26 07:36:53 | DEBUG | trading.strategy5_continuation:_scan_symbol:379 | S5 skip: recent loss on symbol | {'symbol': 'EULUSDT', 'hours_since_loss': 9.6}
2026-07-26 07:36:58 | DEBUG | trading.strategy5_continuation:_scan_symbol:379 | S5 skip: recent loss on symbol | {'symbol': 'BANKUSDT', 'hours_since_loss': 11.6}
2026-07-26 07:36:58 | DEBUG | trading.strategy5_continuation:_scan_symbol:379 | S5 skip: recent loss on symbol | {'symbol': 'EULUSDT', 'hours_since_loss': 9.6}
2026-07-26 07:37:03 | DEBUG | trading.strategy5_continuation:_scan_symbol:379 | S5 skip: recent loss on symbol | {'symbol': 'BANKUSDT', 'hours_since_loss': 11.6}
2026-07-26 07:37:03 | DEBUG | trading.strategy5_continuation:_scan_symbol:379 | S5 skip: recent loss on symbol | {'symbol': 'EULUSDT', 'hours_since_loss': 9.6}
2026-07-26 07:37:08 | DEBUG | trading.strategy5_continuation:_scan_symbol:379 | S5 skip: recent loss on symbol | {'symbol': 'BANKUSDT', 'hours_since_loss': 11.6}
2026-07-26 07:37:08 | DEBUG | trading.strategy5_continuation:_scan_symbol:379 | S5 skip: recent loss on symbol | {'symbol': 'EULUSDT', 'hours_since_loss': 9.6}
2026-07-26 07:37:13 | DEBUG | trading.strategy5_continuation:_scan_symbol:379 | S5 skip: recent loss on symbol | {'symbol': 'BANKUSDT', 'hours_since_loss': 11.6}
2026-07-26 07:37:13 | DEBUG | trading.strategy5_continuation:_scan_symbol:379 | S5 skip: recent loss on symbol | {'symbol': 'EULUSDT', 'hours_since_loss': 9.6}
2026-07-26 07:37:18 | DEBUG | trading.strategy5_continuation:_scan_symbol:379 | S5 skip: recent loss on symbol | {'symbol': 'BANKUSDT', 'hours_since_loss': 11.6}
2026-07-26 07:37:19 | DEBUG | trading.strategy5_continuation:_scan_symbol:379 | S5 skip: recent loss on symbol | {'symbol': 'EULUSDT', 'hours_since_loss': 9.6}
2026-07-26 07:37:24 | DEBUG | trading.strategy5_continuation:_scan_symbol:379 | S5 skip: recent loss on symbol | {'symbol': 'BANKUSDT', 'hours_since_loss': 11.6}
2026-07-26 07:37:24 | DEBUG | trading.strategy5_continuation:_scan_symbol:379 | S5 skip: recent loss on symbol | {'symbol': 'EULUSDT', 'hours_since_loss': 9.6}
2026-07-26 07:37:29 | DEBUG | trading.strategy5_continuation:_scan_symbol:379 | S5 skip: recent loss on symbol | {'symbol': 'BANKUSDT', 'hours_since_loss': 11.6}
2026-07-26 07:37:29 | DEBUG | trading.strategy5_continuation:_scan_symbol:379 | S5 skip: recent loss on symbol | {'symbol': 'EULUSDT', 'hours_since_loss': 9.6}
2026-07-26 07:37:34 | DEBUG | trading.strategy5_continuation:_scan_symbol:379 | S5 skip: recent loss on symbol | {'symbol': 'BANKUSDT', 'hours_since_loss': 11.6}
2026-07-26 07:37:34 | DEBUG | trading.strategy5_continuation:_scan_symbol:379 | S5 skip: recent loss on symbol | {'symbol': 'EULUSDT', 'hours_since_loss': 9.6}
2026-07-26 07:37:39 | DEBUG | trading.strategy5_continuation:_scan_symbol:379 | S5 skip: recent loss on symbol | {'symbol': 'BANKUSDT', 'hours_since_loss': 11.6}
2026-07-26 07:37:39 | DEBUG | trading.strategy5_continuation:_scan_symbol:379 | S5 skip: recent loss on symbol | {'symbol': 'EULUSDT', 'hours_since_loss': 9.6}
2026-07-26 07:37:44 | DEBUG | trading.strategy5_continuation:_scan_symbol:379 | S5 skip: recent loss on symbol | {'symbol': 'BANKUSDT', 'hours_since_loss': 11.6}
2026-07-26 07:37:44 | DEBUG | trading.strategy5_continuation:_scan_symbol:379 | S5 skip: recent loss on symbol | {'symbol': 'EULUSDT', 'hours_since_loss': 9.6}
2026-07-26 07:37:50 | DEBUG | trading.strategy5_continuation:_scan_symbol:379 | S5 skip: recent loss on symbol | {'symbol': 'BANKUSDT', 'hours_since_loss': 11.6}
2026-07-26 07:37:50 | DEBUG | trading.strategy5_continuation:_scan_symbol:379 | S5 skip: recent loss on symbol | {'symbol': 'EULUSDT', 'hours_since_loss': 9.6}
2026-07-26 07:37:55 | DEBUG | trading.strategy5_continuation:_scan_symbol:379 | S5 skip: recent loss on symbol | {'symbol': 'BANKUSDT', 'hours_since_loss': 11.6}
2026-07-26 07:37:55 | DEBUG | trading.strategy5_continuation:_scan_symbol:379 | S5 skip: recent loss on symbol | {'symbol': 'EULUSDT', 'hours_since_loss': 9.6}
2026-07-26 07:38:00 | DEBUG | trading.strategy5_continuation:_scan_symbol:379 | S5 skip: recent loss on symbol | {'symbol': 'BANKUSDT', 'hours_since_loss': 11.6}
2026-07-26 07:38:00 | DEBUG | trading.strategy5_continuation:_scan_symbol:379 | S5 skip: recent loss on symbol | {'symbol': 'EULUSDT', 'hours_since_loss': 9.6}
2026-07-26 07:38:05 | DEBUG | trading.strategy5_continuation:_scan_symbol:379 | S5 skip: recent loss on symbol | {'symbol': 'BANKUSDT', 'hours_since_loss': 11.6}
2026-07-26 07:38:05 | DEBUG | trading.strategy5_continuation:_scan_symbol:379 | S5 skip: recent loss on symbol | {'symbol': 'EULUSDT', 'hours_since_loss': 9.6}
2026-07-26 07:38:10 | DEBUG | trading.strategy5_continuation:_scan_symbol:379 | S5 skip: recent loss on symbol | {'symbol': 'BANKUSDT', 'hours_since_loss': 11.6}
2026-07-26 07:38:10 | DEBUG | trading.strategy5_continuation:_scan_symbol:379 | S5 skip: recent loss on symbol | {'symbol': 'EULUSDT', 'hours_since_loss': 9.6}
2026-07-26 07:38:15 | DEBUG | trading.strategy5_continuation:_scan_symbol:379 | S5 skip: recent loss on symbol | {'symbol': 'BANKUSDT', 'hours_since_loss': 11.6}
2026-07-26 07:38:15 | DEBUG | trading.strategy5_continuation:_scan_symbol:379 | S5 skip: recent loss on symbol | {'symbol': 'EULUSDT', 'hours_since_loss': 9.6}
2026-07-26 07:38:21 | DEBUG | trading.strategy5_continuation:_scan_symbol:379 | S5 skip: recent loss on symbol | {'symbol': 'BANKUSDT', 'hours_since_loss': 11.6}
2026-07-26 07:38:21 | DEBUG | trading.strategy5_continuation:_scan_symbol:379 | S5 skip: recent loss on symbol | {'symbol': 'EULUSDT', 'hours_since_loss': 9.6}
2026-07-26 07:38:26 | DEBUG | trading.strategy5_continuation:_scan_symbol:379 | S5 skip: recent loss on symbol | {'symbol': 'BANKUSDT', 'hours_since_loss': 11.6}
2026-07-26 07:38:26 | DEBUG | trading.strategy5_continuation:_scan_symbol:379 | S5 skip: recent loss on symbol | {'symbol': 'EULUSDT', 'hours_since_loss': 9.6}
2026-07-26 07:38:31 | DEBUG | trading.strategy5_continuation:_scan_symbol:379 | S5 skip: recent loss on symbol | {'symbol': 'BANKUSDT', 'hours_since_loss': 11.6}
2026-07-26 07:38:31 | DEBUG | trading.strategy5_continuation:_scan_symbol:379 | S5 skip: recent loss on symbol | {'symbol': 'EULUSDT', 'hours_since_loss': 9.6}
2026-07-26 07:38:36 | DEBUG | trading.strategy5_continuation:_scan_symbol:379 | S5 skip: recent loss on symbol | {'symbol': 'BANKUSDT', 'hours_since_loss': 11.6}
2026-07-26 07:38:36 | DEBUG | trading.strategy5_continuation:_scan_symbol:379 | S5 skip: recent loss on symbol | {'symbol': 'EULUSDT', 'hours_since_loss': 9.6}
2026-07-26 07:38:41 | DEBUG | trading.strategy5_continuation:_scan_symbol:379 | S5 skip: recent loss on symbol | {'symbol': 'BANKUSDT', 'hours_since_loss': 11.6}
2026-07-26 07:38:41 | DEBUG | trading.strategy5_continuation:_scan_symbol:379 | S5 skip: recent loss on symbol | {'symbol': 'EULUSDT', 'hours_since_loss': 9.6}
2026-07-26 07:38:46 | DEBUG | trading.strategy5_continuation:_scan_symbol:379 | S5 skip: recent loss on symbol | {'symbol': 'BANKUSDT', 'hours_since_loss': 11.6}
2026-07-26 07:38:46 | DEBUG | trading.strategy5_continuation:_scan_symbol:379 | S5 skip: recent loss on symbol | {'symbol': 'EULUSDT', 'hours_since_loss': 9.6}
2026-07-26 07:38:52 | DEBUG | trading.strategy5_continuation:_scan_symbol:379 | S5 skip: recent loss on symbol | {'symbol': 'BANKUSDT', 'hours_since_loss': 11.6}
2026-07-26 07:38:52 | DEBUG | trading.strategy5_continuation:_scan_symbol:379 | S5 skip: recent loss on symbol | {'symbol': 'EULUSDT', 'hours_since_loss': 9.6}
2026-07-26 07:38:57 | DEBUG | trading.strategy5_continuation:_scan_symbol:379 | S5 skip: recent loss on symbol | {'symbol': 'BANKUSDT', 'hours_since_loss': 11.6}
2026-07-26 07:38:57 | DEBUG | trading.strategy5_continuation:_scan_symbol:379 | S5 skip: recent loss on symbol | {'symbol': 'EULUSDT', 'hours_since_loss': 9.6}
2026-07-26 07:39:02 | DEBUG | trading.strategy5_continuation:_scan_symbol:379 | S5 skip: recent loss on symbol | {'symbol': 'BANKUSDT', 'hours_since_loss': 11.6}
2026-07-26 07:39:02 | DEBUG | trading.strategy5_continuation:_scan_symbol:379 | S5 skip: recent loss on symbol | {'symbol': 'EULUSDT', 'hours_since_loss': 9.6}
2026-07-26 07:39:07 | DEBUG | trading.strategy5_continuation:_scan_symbol:379 | S5 skip: recent loss on symbol | {'symbol': 'BANKUSDT', 'hours_since_loss': 11.6}
2026-07-26 07:39:07 | DEBUG | trading.strategy5_continuation:_scan_symbol:379 | S5 skip: recent loss on symbol | {'symbol': 'EULUSDT', 'hours_since_loss': 9.6}
2026-07-26 07:39:12 | DEBUG | trading.strategy5_continuation:_scan_symbol:379 | S5 skip: recent loss on symbol | {'symbol': 'BANKUSDT', 'hours_since_loss': 11.6}
2026-07-26 07:39:12 | DEBUG | trading.strategy5_continuation:_scan_symbol:379 | S5 skip: recent loss on symbol | {'symbol': 'EULUSDT', 'hours_since_loss': 9.6}
2026-07-26 07:39:17 | DEBUG | trading.strategy5_continuation:_scan_symbol:379 | S5 skip: recent loss on symbol | {'symbol': 'BANKUSDT', 'hours_since_loss': 11.6}
2026-07-26 07:39:17 | DEBUG | trading.strategy5_continuation:_scan_symbol:379 | S5 skip: recent loss on symbol | {'symbol': 'EULUSDT', 'hours_since_loss': 9.6}
2026-07-26 07:39:23 | DEBUG | trading.strategy5_continuation:_scan_symbol:379 | S5 skip: recent loss on symbol | {'symbol': 'BANKUSDT', 'hours_since_loss': 11.6}
2026-07-26 07:39:23 | DEBUG | trading.strategy5_continuation:_scan_symbol:379 | S5 skip: recent loss on symbol | {'symbol': 'EULUSDT', 'hours_since_loss': 9.6}
2026-07-26 07:39:28 | DEBUG | trading.strategy5_continuation:_scan_symbol:379 | S5 skip: recent loss on symbol | {'symbol': 'BANKUSDT', 'hours_since_loss': 11.6}
2026-07-26 07:39:28 | DEBUG | trading.strategy5_continuation:_scan_symbol:379 | S5 skip: recent loss on symbol | {'symbol': 'EULUSDT', 'hours_since_loss': 9.6}
2026-07-26 07:39:33 | DEBUG | trading.strategy5_continuation:_scan_symbol:379 | S5 skip: recent loss on symbol | {'symbol': 'BANKUSDT', 'hours_since_loss': 11.6}
2026-07-26 07:39:33 | DEBUG | trading.strategy5_continuation:_scan_symbol:379 | S5 skip: recent loss on symbol | {'symbol': 'EULUSDT', 'hours_since_loss': 9.6}
2026-07-26 07:39:38 | DEBUG | trading.strategy5_continuation:_scan_symbol:379 | S5 skip: recent loss on symbol | {'symbol': 'BANKUSDT', 'hours_since_loss': 11.6}
2026-07-26 07:39:38 | DEBUG | trading.strategy5_continuation:_scan_symbol:379 | S5 skip: recent loss on symbol | {'symbol': 'EULUSDT', 'hours_since_loss': 9.6}
2026-07-26 07:39:43 | DEBUG | trading.strategy5_continuation:_scan_symbol:379 | S5 skip: recent loss on symbol | {'symbol': 'BANKUSDT', 'hours_since_loss': 11.6}
2026-07-26 07:39:43 | DEBUG | trading.strategy5_continuation:_scan_symbol:379 | S5 skip: recent loss on symbol | {'symbol': 'EULUSDT', 'hours_since_loss': 9.6}
2026-07-26 07:39:48 | DEBUG | trading.strategy5_continuation:_scan_symbol:379 | S5 skip: recent loss on symbol | {'symbol': 'BANKUSDT', 'hours_since_loss': 11.6}
2026-07-26 07:39:48 | DEBUG | trading.strategy5_continuation:_scan_symbol:379 | S5 skip: recent loss on symbol | {'symbol': 'EULUSDT', 'hours_since_loss': 9.6}
2026-07-26 07:39:54 | DEBUG | trading.strategy5_continuation:_scan_symbol:379 | S5 skip: recent loss on symbol | {'symbol': 'BANKUSDT', 'hours_since_loss': 11.6}
2026-07-26 07:39:54 | DEBUG | trading.strategy5_continuation:_scan_symbol:379 | S5 skip: recent loss on symbol | {'symbol': 'EULUSDT', 'hours_since_loss': 9.6}
2026-07-26 07:39:59 | DEBUG | trading.strategy5_continuation:_scan_symbol:379 | S5 skip: recent loss on symbol | {'symbol': 'BANKUSDT', 'hours_since_loss': 11.6}
2026-07-26 07:39:59 | DEBUG | trading.strategy5_continuation:_scan_symbol:379 | S5 skip: recent loss on symbol | {'symbol': 'EULUSDT', 'hours_since_loss': 9.6}
2026-07-26 07:40:04 | DEBUG | trading.strategy5_continuation:_scan_symbol:379 | S5 skip: recent loss on symbol | {'symbol': 'BANKUSDT', 'hours_since_loss': 11.6}
2026-07-26 07:40:04 | DEBUG | trading.strategy5_continuation:_scan_symbol:379 | S5 skip: recent loss on symbol | {'symbol': 'EULUSDT', 'hours_since_loss': 9.6}
2026-07-26 07:40:09 | DEBUG | trading.strategy5_continuation:_scan_symbol:379 | S5 skip: recent loss on symbol | {'symbol': 'BANKUSDT', 'hours_since_loss': 11.6}
2026-07-26 07:40:09 | DEBUG | trading.strategy5_continuation:_scan_symbol:379 | S5 skip: recent loss on symbol | {'symbol': 'EULUSDT', 'hours_since_loss': 9.6}
2026-07-26 07:40:14 | DEBUG | trading.strategy5_continuation:_scan_symbol:379 | S5 skip: recent loss on symbol | {'symbol': 'BANKUSDT', 'hours_since_loss': 11.6}
2026-07-26 07:40:14 | DEBUG | trading.strategy5_continuation:_scan_symbol:379 | S5 skip: recent loss on symbol | {'symbol': 'EULUSDT', 'hours_since_loss': 9.6}
2026-07-26 07:40:20 | DEBUG | trading.strategy5_continuation:_scan_symbol:379 | S5 skip: recent loss on symbol | {'symbol': 'BANKUSDT', 'hours_since_loss': 11.6}
2026-07-26 07:40:20 | DEBUG | trading.strategy5_continuation:_scan_symbol:379 | S5 skip: recent loss on symbol | {'symbol': 'EULUSDT', 'hours_since_loss': 9.6}
2026-07-26 07:40:25 | DEBUG | trading.strategy5_continuation:_scan_symbol:379 | S5 skip: recent loss on symbol | {'symbol': 'BANKUSDT', 'hours_since_loss': 11.6}
2026-07-26 07:40:25 | DEBUG | trading.strategy5_continuation:_scan_symbol:379 | S5 skip: recent loss on symbol | {'symbol': 'EULUSDT', 'hours_since_loss': 9.6}
2026-07-26 07:40:30 | DEBUG | trading.strategy5_continuation:_scan_symbol:379 | S5 skip: recent loss on symbol | {'symbol': 'BANKUSDT', 'hours_since_loss': 11.6}
2026-07-26 07:40:30 | DEBUG | trading.strategy5_continuation:_scan_symbol:379 | S5 skip: recent loss on symbol | {'symbol': 'EULUSDT', 'hours_since_loss': 9.6}
2026-07-26 07:40:35 | DEBUG | trading.strategy5_continuation:_scan_symbol:379 | S5 skip: recent loss on symbol | {'symbol': 'BANKUSDT', 'hours_since_loss': 11.6}
2026-07-26 07:40:35 | DEBUG | trading.strategy5_continuation:_scan_symbol:379 | S5 skip: recent loss on symbol | {'symbol': 'EULUSDT', 'hours_since_loss': 9.6}
2026-07-26 07:40:40 | DEBUG | trading.strategy5_continuation:_scan_symbol:379 | S5 skip: recent loss on symbol | {'symbol': 'BANKUSDT', 'hours_since_loss': 11.6}
2026-07-26 07:40:40 | DEBUG | trading.strategy5_continuation:_scan_symbol:379 | S5 skip: recent loss on symbol | {'symbol': 'EULUSDT', 'hours_since_loss': 9.6}
2026-07-26 07:40:45 | DEBUG | trading.strategy5_continuation:_scan_symbol:379 | S5 skip: recent loss on symbol | {'symbol': 'BANKUSDT', 'hours_since_loss': 11.6}
2026-07-26 07:40:45 | DEBUG | trading.strategy5_continuation:_scan_symbol:379 | S5 skip: recent loss on symbol | {'symbol': 'EULUSDT', 'hours_since_loss': 9.6}
2026-07-26 07:40:51 | DEBUG | trading.strategy5_continuation:_scan_symbol:379 | S5 skip: recent loss on symbol | {'symbol': 'BANKUSDT', 'hours_since_loss': 11.6}
2026-07-26 07:40:51 | DEBUG | trading.strategy5_continuation:_scan_symbol:379 | S5 skip: recent loss on symbol | {'symbol': 'EULUSDT', 'hours_since_loss': 9.6}
2026-07-26 07:40:56 | DEBUG | trading.strategy5_continuation:_scan_symbol:379 | S5 skip: recent loss on symbol | {'symbol': 'BANKUSDT', 'hours_since_loss': 11.6}
2026-07-26 07:40:56 | DEBUG | trading.strategy5_continuation:_scan_symbol:379 | S5 skip: recent loss on symbol | {'symbol': 'EULUSDT', 'hours_since_loss': 9.6}
2026-07-26 07:41:01 | DEBUG | trading.strategy5_continuation:_scan_symbol:379 | S5 skip: recent loss on symbol | {'symbol': 'BANKUSDT', 'hours_since_loss': 11.6}
2026-07-26 07:41:01 | DEBUG | trading.strategy5_continuation:_scan_symbol:379 | S5 skip: recent loss on symbol | {'symbol': 'EULUSDT', 'hours_since_loss': 9.6}
2026-07-26 07:41:06 | DEBUG | trading.strategy5_continuation:_scan_symbol:379 | S5 skip: recent loss on symbol | {'symbol': 'BANKUSDT', 'hours_since_loss': 11.6}
2026-07-26 07:41:06 | DEBUG | trading.strategy5_continuation:_scan_symbol:379 | S5 skip: recent loss on symbol | {'symbol': 'EULUSDT', 'hours_since_loss': 9.6}
2026-07-26 07:41:11 | DEBUG | trading.strategy5_continuation:_scan_symbol:379 | S5 skip: recent loss on symbol | {'symbol': 'BANKUSDT', 'hours_since_loss': 11.6}
2026-07-26 07:41:11 | DEBUG | trading.strategy5_continuation:_scan_symbol:379 | S5 skip: recent loss on symbol | {'symbol': 'EULUSDT', 'hours_since_loss': 9.6}
2026-07-26 07:41:16 | DEBUG | trading.strategy5_continuation:_scan_symbol:379 | S5 skip: recent loss on symbol | {'symbol': 'BANKUSDT', 'hours_since_loss': 11.6}
2026-07-26 07:41:16 | DEBUG | trading.strategy5_continuation:_scan_symbol:379 | S5 skip: recent loss on symbol | {'symbol': 'EULUSDT', 'hours_since_loss': 9.6}
2026-07-26 07:41:22 | DEBUG | trading.strategy5_continuation:_scan_symbol:379 | S5 skip: recent loss on symbol | {'symbol': 'BANKUSDT', 'hours_since_loss': 11.6}
2026-07-26 07:41:22 | DEBUG | trading.strategy5_continuation:_scan_symbol:379 | S5 skip: recent loss on symbol | {'symbol': 'EULUSDT', 'hours_since_loss': 9.6}
2026-07-26 07:41:27 | DEBUG | trading.strategy5_continuation:_scan_symbol:379 | S5 skip: recent loss on symbol | {'symbol': 'BANKUSDT', 'hours_since_loss': 11.6}
2026-07-26 07:41:27 | DEBUG | trading.strategy5_continuation:_scan_symbol:379 | S5 skip: recent loss on symbol | {'symbol': 'EULUSDT', 'hours_since_loss': 9.6}
2026-07-26 07:41:32 | DEBUG | trading.strategy5_continuation:_scan_symbol:379 | S5 skip: recent loss on symbol | {'symbol': 'BANKUSDT', 'hours_since_loss': 11.6}
2026-07-26 07:41:32 | DEBUG | trading.strategy5_continuation:_scan_symbol:379 | S5 skip: recent loss on symbol | {'symbol': 'EULUSDT', 'hours_since_loss': 9.6}
2026-07-26 07:41:37 | DEBUG | trading.strategy5_continuation:_scan_symbol:379 | S5 skip: recent loss on symbol | {'symbol': 'BANKUSDT', 'hours_since_loss': 11.6}
2026-07-26 07:41:37 | DEBUG | trading.strategy5_continuation:_scan_symbol:379 | S5 skip: recent loss on symbol | {'symbol': 'EULUSDT', 'hours_since_loss': 9.6}
2026-07-26 07:41:42 | DEBUG | trading.strategy5_continuation:_scan_symbol:379 | S5 skip: recent loss on symbol | {'symbol': 'BANKUSDT', 'hours_since_loss': 11.6}
2026-07-26 07:41:42 | DEBUG | trading.strategy5_continuation:_scan_symbol:379 | S5 skip: recent loss on symbol | {'symbol': 'EULUSDT', 'hours_since_loss': 9.6}
2026-07-26 07:41:47 | DEBUG | trading.strategy5_continuation:_scan_symbol:379 | S5 skip: recent loss on symbol | {'symbol': 'BANKUSDT', 'hours_since_loss': 11.6}
2026-07-26 07:41:48 | DEBUG | trading.strategy5_continuation:_scan_symbol:379 | S5 skip: recent loss on symbol | {'symbol': 'EULUSDT', 'hours_since_loss': 9.6}
2026-07-26 07:41:53 | DEBUG | trading.strategy5_continuation:_scan_symbol:379 | S5 skip: recent loss on symbol | {'symbol': 'BANKUSDT', 'hours_since_loss': 11.6}
2026-07-26 07:41:53 | DEBUG | trading.strategy5_continuation:_scan_symbol:379 | S5 skip: recent loss on symbol | {'symbol': 'EULUSDT', 'hours_since_loss': 9.6}
2026-07-26 07:41:58 | DEBUG | trading.strategy5_continuation:_scan_symbol:379 | S5 skip: recent loss on symbol | {'symbol': 'BANKUSDT', 'hours_since_loss': 11.6}
2026-07-26 07:41:58 | DEBUG | trading.strategy5_continuation:_scan_symbol:379 | S5 skip: recent loss on symbol | {'symbol': 'EULUSDT', 'hours_since_loss': 9.6}
2026-07-26 07:42:03 | DEBUG | trading.strategy5_continuation:_scan_symbol:379 | S5 skip: recent loss on symbol | {'symbol': 'BANKUSDT', 'hours_since_loss': 11.6}
2026-07-26 07:42:03 | DEBUG | trading.strategy5_continuation:_scan_symbol:379 | S5 skip: recent loss on symbol | {'symbol': 'EULUSDT', 'hours_since_loss': 9.6}
2026-07-26 07:42:08 | DEBUG | trading.strategy5_continuation:_scan_symbol:379 | S5 skip: recent loss on symbol | {'symbol': 'BANKUSDT', 'hours_since_loss': 11.6}
2026-07-26 07:42:08 | DEBUG | trading.strategy5_continuation:_scan_symbol:379 | S5 skip: recent loss on symbol | {'symbol': 'EULUSDT', 'hours_since_loss': 9.6}
2026-07-26 07:42:13 | DEBUG | trading.strategy5_continuation:_scan_symbol:379 | S5 skip: recent loss on symbol | {'symbol': 'BANKUSDT', 'hours_since_loss': 11.6}
2026-07-26 07:42:13 | DEBUG | trading.strategy5_continuation:_scan_symbol:379 | S5 skip: recent loss on symbol | {'symbol': 'EULUSDT', 'hours_since_loss': 9.6}
2026-07-26 07:42:19 | DEBUG | trading.strategy5_continuation:_scan_symbol:379 | S5 skip: recent loss on symbol | {'symbol': 'BANKUSDT', 'hours_since_loss': 11.6}
2026-07-26 07:42:19 | DEBUG | trading.strategy5_continuation:_scan_symbol:379 | S5 skip: recent loss on symbol | {'symbol': 'EULUSDT', 'hours_since_loss': 9.6}
2026-07-26 07:42:24 | DEBUG | trading.strategy5_continuation:_scan_symbol:379 | S5 skip: recent loss on symbol | {'symbol': 'BANKUSDT', 'hours_since_loss': 11.7}
2026-07-26 07:42:24 | DEBUG | trading.strategy5_continuation:_scan_symbol:379 | S5 skip: recent loss on symbol | {'symbol': 'EULUSDT', 'hours_since_loss': 9.6}
2026-07-26 07:42:29 | DEBUG | trading.strategy5_continuation:_scan_symbol:379 | S5 skip: recent loss on symbol | {'symbol': 'BANKUSDT', 'hours_since_loss': 11.7}
2026-07-26 07:42:29 | DEBUG | trading.strategy5_continuation:_scan_symbol:379 | S5 skip: recent loss on symbol | {'symbol': 'EULUSDT', 'hours_since_loss': 9.7}
2026-07-26 07:42:34 | DEBUG | trading.strategy5_continuation:_scan_symbol:379 | S5 skip: recent loss on symbol | {'symbol': 'BANKUSDT', 'hours_since_loss': 11.7}
2026-07-26 07:42:34 | DEBUG | trading.strategy5_continuation:_scan_symbol:379 | S5 skip: recent loss on symbol | {'symbol': 'EULUSDT', 'hours_since_loss': 9.7}
2026-07-26 07:42:39 | DEBUG | trading.strategy5_continuation:_scan_symbol:379 | S5 skip: recent loss on symbol | {'symbol': 'BANKUSDT', 'hours_since_loss': 11.7}
2026-07-26 07:42:39 | DEBUG | trading.strategy5_continuation:_scan_symbol:379 | S5 skip: recent loss on symbol | {'symbol': 'EULUSDT', 'hours_since_loss': 9.7}
2026-07-26 07:42:44 | DEBUG | trading.strategy5_continuation:_scan_symbol:379 | S5 skip: recent loss on symbol | {'symbol': 'BANKUSDT', 'hours_since_loss': 11.7}
2026-07-26 07:42:45 | DEBUG | trading.strategy5_continuation:_scan_symbol:379 | S5 skip: recent loss on symbol | {'symbol': 'EULUSDT', 'hours_since_loss': 9.7}
2026-07-26 07:42:50 | DEBUG | trading.strategy5_continuation:_scan_symbol:379 | S5 skip: recent loss on symbol | {'symbol': 'BANKUSDT', 'hours_since_loss': 11.7}
2026-07-26 07:42:50 | DEBUG | trading.strategy5_continuation:_scan_symbol:379 | S5 skip: recent loss on symbol | {'symbol': 'EULUSDT', 'hours_since_loss': 9.7}
2026-07-26 07:42:55 | DEBUG | trading.strategy5_continuation:_scan_symbol:379 | S5 skip: recent loss on symbol | {'symbol': 'BANKUSDT', 'hours_since_loss': 11.7}
2026-07-26 07:42:55 | DEBUG | trading.strategy5_continuation:_scan_symbol:379 | S5 skip: recent loss on symbol | {'symbol': 'EULUSDT', 'hours_since_loss': 9.7}
2026-07-26 07:43:00 | DEBUG | trading.strategy5_continuation:_scan_symbol:379 | S5 skip: recent loss on symbol | {'symbol': 'BANKUSDT', 'hours_since_loss': 11.7}
2026-07-26 07:43:00 | DEBUG | trading.strategy5_continuation:_scan_symbol:379 | S5 skip: recent loss on symbol | {'symbol': 'EULUSDT', 'hours_since_loss': 9.7}
2026-07-26 07:43:05 | DEBUG | trading.strategy5_continuation:_scan_symbol:379 | S5 skip: recent loss on symbol | {'symbol': 'BANKUSDT', 'hours_since_loss': 11.7}
2026-07-26 07:43:05 | DEBUG | trading.strategy5_continuation:_scan_symbol:379 | S5 skip: recent loss on symbol | {'symbol': 'EULUSDT', 'hours_since_loss': 9.7}
2026-07-26 07:43:10 | DEBUG | trading.strategy5_continuation:_scan_symbol:379 | S5 skip: recent loss on symbol | {'symbol': 'BANKUSDT', 'hours_since_loss': 11.7}
2026-07-26 07:43:10 | DEBUG | trading.strategy5_continuation:_scan_symbol:379 | S5 skip: recent loss on symbol | {'symbol': 'EULUSDT', 'hours_since_loss': 9.7}
2026-07-26 07:43:15 | DEBUG | trading.strategy5_continuation:_scan_symbol:379 | S5 skip: recent loss on symbol | {'symbol': 'BANKUSDT', 'hours_since_loss': 11.7}
2026-07-26 07:43:16 | DEBUG | trading.strategy5_continuation:_scan_symbol:379 | S5 skip: recent loss on symbol | {'symbol': 'EULUSDT', 'hours_since_loss': 9.7}
2026-07-26 07:43:21 | DEBUG | trading.strategy5_continuation:_scan_symbol:379 | S5 skip: recent loss on symbol | {'symbol': 'BANKUSDT', 'hours_since_loss': 11.7}
2026-07-26 07:43:21 | DEBUG | trading.strategy5_continuation:_scan_symbol:379 | S5 skip: recent loss on symbol | {'symbol': 'EULUSDT', 'hours_since_loss': 9.7}
2026-07-26 07:43:26 | DEBUG | trading.strategy5_continuation:_scan_symbol:379 | S5 skip: recent loss on symbol | {'symbol': 'BANKUSDT', 'hours_since_loss': 11.7}
2026-07-26 07:43:26 | DEBUG | trading.strategy5_continuation:_scan_symbol:379 | S5 skip: recent loss on symbol | {'symbol': 'EULUSDT', 'hours_since_loss': 9.7}
2026-07-26 07:43:31 | DEBUG | trading.strategy5_continuation:_scan_symbol:379 | S5 skip: recent loss on symbol | {'symbol': 'BANKUSDT', 'hours_since_loss': 11.7}
2026-07-26 07:43:31 | DEBUG | trading.strategy5_continuation:_scan_symbol:379 | S5 skip: recent loss on symbol | {'symbol': 'EULUSDT', 'hours_since_loss': 9.7}
2026-07-26 07:43:36 | DEBUG | trading.strategy5_continuation:_scan_symbol:379 | S5 skip: recent loss on symbol | {'symbol': 'BANKUSDT', 'hours_since_loss': 11.7}
2026-07-26 07:43:36 | DEBUG | trading.strategy5_continuation:_scan_symbol:379 | S5 skip: recent loss on symbol | {'symbol': 'EULUSDT', 'hours_since_loss': 9.7}
2026-07-26 07:43:41 | DEBUG | trading.strategy5_continuation:_scan_symbol:379 | S5 skip: recent loss on symbol | {'symbol': 'BANKUSDT', 'hours_since_loss': 11.7}
2026-07-26 07:43:41 | DEBUG | trading.strategy5_continuation:_scan_symbol:379 | S5 skip: recent loss on symbol | {'symbol': 'EULUSDT', 'hours_since_loss': 9.7}
2026-07-26 07:43:47 | DEBUG | trading.strategy5_continuation:_scan_symbol:379 | S5 skip: recent loss on symbol | {'symbol': 'BANKUSDT', 'hours_since_loss': 11.7}
2026-07-26 07:43:47 | DEBUG | trading.strategy5_continuation:_scan_symbol:379 | S5 skip: recent loss on symbol | {'symbol': 'EULUSDT', 'hours_since_loss': 9.7}
2026-07-26 07:43:52 | DEBUG | trading.strategy5_continuation:_scan_symbol:379 | S5 skip: recent loss on symbol | {'symbol': 'BANKUSDT', 'hours_since_loss': 11.7}
2026-07-26 07:43:52 | DEBUG | trading.strategy5_continuation:_scan_symbol:379 | S5 skip: recent loss on symbol | {'symbol': 'EULUSDT', 'hours_since_loss': 9.7}
2026-07-26 07:43:57 | DEBUG | trading.strategy5_continuation:_scan_symbol:379 | S5 skip: recent loss on symbol | {'symbol': 'BANKUSDT', 'hours_since_loss': 11.7}
2026-07-26 07:43:57 | DEBUG | trading.strategy5_continuation:_scan_symbol:379 | S5 skip: recent loss on symbol | {'symbol': 'EULUSDT', 'hours_since_loss': 9.7}
2026-07-26 07:44:02 | DEBUG | trading.strategy5_continuation:_scan_symbol:379 | S5 skip: recent loss on symbol | {'symbol': 'BANKUSDT', 'hours_since_loss': 11.7}
2026-07-26 07:44:02 | DEBUG | trading.strategy5_continuation:_scan_symbol:379 | S5 skip: recent loss on symbol | {'symbol': 'EULUSDT', 'hours_since_loss': 9.7}
2026-07-26 07:44:07 | DEBUG | trading.strategy5_continuation:_scan_symbol:379 | S5 skip: recent loss on symbol | {'symbol': 'BANKUSDT', 'hours_since_loss': 11.7}
2026-07-26 07:44:07 | DEBUG | trading.strategy5_continuation:_scan_symbol:379 | S5 skip: recent loss on symbol | {'symbol': 'EULUSDT', 'hours_since_loss': 9.7}
2026-07-26 07:44:12 | DEBUG | trading.strategy5_continuation:_scan_symbol:379 | S5 skip: recent loss on symbol | {'symbol': 'BANKUSDT', 'hours_since_loss': 11.7}
2026-07-26 07:44:13 | DEBUG | trading.strategy5_continuation:_scan_symbol:379 | S5 skip: recent loss on symbol | {'symbol': 'EULUSDT', 'hours_since_loss': 9.7}
2026-07-26 07:44:18 | DEBUG | trading.strategy5_continuation:_scan_symbol:379 | S5 skip: recent loss on symbol | {'symbol': 'BANKUSDT', 'hours_since_loss': 11.7}
2026-07-26 07:44:18 | DEBUG | trading.strategy5_continuation:_scan_symbol:379 | S5 skip: recent loss on symbol | {'symbol': 'EULUSDT', 'hours_since_loss': 9.7}
2026-07-26 07:44:23 | DEBUG | trading.strategy5_continuation:_scan_symbol:379 | S5 skip: recent loss on symbol | {'symbol': 'BANKUSDT', 'hours_since_loss': 11.7}
2026-07-26 07:44:23 | DEBUG | trading.strategy5_continuation:_scan_symbol:379 | S5 skip: recent loss on symbol | {'symbol': 'EULUSDT', 'hours_since_loss': 9.7}
2026-07-26 07:44:28 | DEBUG | trading.strategy5_continuation:_scan_symbol:379 | S5 skip: recent loss on symbol | {'symbol': 'BANKUSDT', 'hours_since_loss': 11.7}
2026-07-26 07:44:28 | DEBUG | trading.strategy5_continuation:_scan_symbol:379 | S5 skip: recent loss on symbol | {'symbol': 'EULUSDT', 'hours_since_loss': 9.7}
2026-07-26 07:44:33 | DEBUG | trading.strategy5_continuation:_scan_symbol:379 | S5 skip: recent loss on symbol | {'symbol': 'BANKUSDT', 'hours_since_loss': 11.7}
2026-07-26 07:44:33 | DEBUG | trading.strategy5_continuation:_scan_symbol:379 | S5 skip: recent loss on symbol | {'symbol': 'EULUSDT', 'hours_since_loss': 9.7}
2026-07-26 07:44:38 | DEBUG | trading.strategy5_continuation:_scan_symbol:379 | S5 skip: recent loss on symbol | {'symbol': 'BANKUSDT', 'hours_since_loss': 11.7}
2026-07-26 07:44:38 | DEBUG | trading.strategy5_continuation:_scan_symbol:379 | S5 skip: recent loss on symbol | {'symbol': 'EULUSDT', 'hours_since_loss': 9.7}
2026-07-26 07:44:44 | DEBUG | trading.strategy5_continuation:_scan_symbol:379 | S5 skip: recent loss on symbol | {'symbol': 'BANKUSDT', 'hours_since_loss': 11.7}
2026-07-26 07:44:44 | DEBUG | trading.strategy5_continuation:_scan_symbol:379 | S5 skip: recent loss on symbol | {'symbol': 'EULUSDT', 'hours_since_loss': 9.7}
2026-07-26 07:44:49 | DEBUG | trading.strategy5_continuation:_scan_symbol:379 | S5 skip: recent loss on symbol | {'symbol': 'BANKUSDT', 'hours_since_loss': 11.7}
2026-07-26 07:44:49 | DEBUG | trading.strategy5_continuation:_scan_symbol:379 | S5 skip: recent loss on symbol | {'symbol': 'EULUSDT', 'hours_since_loss': 9.7}
2026-07-26 07:44:54 | DEBUG | trading.strategy5_continuation:_scan_symbol:379 | S5 skip: recent loss on symbol | {'symbol': 'BANKUSDT', 'hours_since_loss': 11.7}
2026-07-26 07:44:54 | DEBUG | trading.strategy5_continuation:_scan_symbol:379 | S5 skip: recent loss on symbol | {'symbol': 'EULUSDT', 'hours_since_loss': 9.7}
2026-07-26 07:44:59 | DEBUG | trading.strategy5_continuation:_scan_symbol:379 | S5 skip: recent loss on symbol | {'symbol': 'BANKUSDT', 'hours_since_loss': 11.7}
2026-07-26 07:44:59 | DEBUG | trading.strategy5_continuation:_scan_symbol:379 | S5 skip: recent loss on symbol | {'symbol': 'EULUSDT', 'hours_since_loss': 9.7}
2026-07-26 07:45:04 | DEBUG | trading.strategy5_continuation:_scan_symbol:379 | S5 skip: recent loss on symbol | {'symbol': 'BANKUSDT', 'hours_since_loss': 11.7}
2026-07-26 07:45:04 | DEBUG | trading.strategy5_continuation:_scan_symbol:379 | S5 skip: recent loss on symbol | {'symbol': 'EULUSDT', 'hours_since_loss': 9.7}
2026-07-26 07:45:09 | DEBUG | trading.strategy5_continuation:_scan_symbol:379 | S5 skip: recent loss on symbol | {'symbol': 'BANKUSDT', 'hours_since_loss': 11.7}
2026-07-26 07:45:09 | DEBUG | trading.strategy5_continuation:_scan_symbol:379 | S5 skip: recent loss on symbol | {'symbol': 'EULUSDT', 'hours_since_loss': 9.7}
2026-07-26 07:45:15 | DEBUG | trading.strategy5_continuation:_scan_symbol:379 | S5 skip: recent loss on symbol | {'symbol': 'BANKUSDT', 'hours_since_loss': 11.7}
2026-07-26 07:45:15 | DEBUG | trading.strategy5_continuation:_scan_symbol:379 | S5 skip: recent loss on symbol | {'symbol': 'EULUSDT', 'hours_since_loss': 9.7}
2026-07-26 07:45:20 | DEBUG | trading.strategy5_continuation:_scan_symbol:379 | S5 skip: recent loss on symbol | {'symbol': 'BANKUSDT', 'hours_since_loss': 11.7}
2026-07-26 07:45:20 | DEBUG | trading.strategy5_continuation:_scan_symbol:379 | S5 skip: recent loss on symbol | {'symbol': 'EULUSDT', 'hours_since_loss': 9.7}
2026-07-26 07:45:25 | DEBUG | trading.strategy5_continuation:_scan_symbol:379 | S5 skip: recent loss on symbol | {'symbol': 'BANKUSDT', 'hours_since_loss': 11.7}
2026-07-26 07:45:25 | DEBUG | trading.strategy5_continuation:_scan_symbol:379 | S5 skip: recent loss on symbol | {'symbol': 'EULUSDT', 'hours_since_loss': 9.7}
2026-07-26 07:45:30 | DEBUG | trading.strategy5_continuation:_scan_symbol:379 | S5 skip: recent loss on symbol | {'symbol': 'BANKUSDT', 'hours_since_loss': 11.7}
2026-07-26 07:45:30 | DEBUG | trading.strategy5_continuation:_scan_symbol:379 | S5 skip: recent loss on symbol | {'symbol': 'EULUSDT', 'hours_since_loss': 9.7}
2026-07-26 07:45:35 | DEBUG | trading.strategy5_continuation:_scan_symbol:379 | S5 skip: recent loss on symbol | {'symbol': 'BANKUSDT', 'hours_since_loss': 11.7}
2026-07-26 07:45:35 | DEBUG | trading.strategy5_continuation:_scan_symbol:379 | S5 skip: recent loss on symbol | {'symbol': 'EULUSDT', 'hours_since_loss': 9.7}
2026-07-26 07:45:41 | DEBUG | trading.strategy5_continuation:_scan_symbol:379 | S5 skip: recent loss on symbol | {'symbol': 'BANKUSDT', 'hours_since_loss': 11.7}
2026-07-26 07:45:41 | DEBUG | trading.strategy5_continuation:_scan_symbol:379 | S5 skip: recent loss on symbol | {'symbol': 'EULUSDT', 'hours_since_loss': 9.7}
2026-07-26 07:45:46 | DEBUG | trading.strategy5_continuation:_scan_symbol:379 | S5 skip: recent loss on symbol | {'symbol': 'BANKUSDT', 'hours_since_loss': 11.7}
2026-07-26 07:45:46 | DEBUG | trading.strategy5_continuation:_scan_symbol:379 | S5 skip: recent loss on symbol | {'symbol': 'EULUSDT', 'hours_since_loss': 9.7}
2026-07-26 07:45:51 | DEBUG | trading.strategy5_continuation:_scan_symbol:379 | S5 skip: recent loss on symbol | {'symbol': 'BANKUSDT', 'hours_since_loss': 11.7}
2026-07-26 07:45:51 | DEBUG | trading.strategy5_continuation:_scan_symbol:379 | S5 skip: recent loss on symbol | {'symbol': 'EULUSDT', 'hours_since_loss': 9.7}
2026-07-26 07:45:56 | DEBUG | trading.strategy5_continuation:_scan_symbol:379 | S5 skip: recent loss on symbol | {'symbol': 'BANKUSDT', 'hours_since_loss': 11.7}
2026-07-26 07:45:56 | DEBUG | trading.strategy5_continuation:_scan_symbol:379 | S5 skip: recent loss on symbol | {'symbol': 'EULUSDT', 'hours_since_loss': 9.7}
2026-07-26 07:46:01 | DEBUG | trading.strategy5_continuation:_scan_symbol:379 | S5 skip: recent loss on symbol | {'symbol': 'BANKUSDT', 'hours_since_loss': 11.7}
2026-07-26 07:46:01 | DEBUG | trading.strategy5_continuation:_scan_symbol:379 | S5 skip: recent loss on symbol | {'symbol': 'EULUSDT', 'hours_since_loss': 9.7}
2026-07-26 07:46:06 | DEBUG | trading.strategy5_continuation:_scan_symbol:379 | S5 skip: recent loss on symbol | {'symbol': 'BANKUSDT', 'hours_since_loss': 11.7}
2026-07-26 07:46:06 | DEBUG | trading.strategy5_continuation:_scan_symbol:379 | S5 skip: recent loss on symbol | {'symbol': 'EULUSDT', 'hours_since_loss': 9.7}
2026-07-26 07:46:12 | DEBUG | trading.strategy5_continuation:_scan_symbol:379 | S5 skip: recent loss on symbol | {'symbol': 'BANKUSDT', 'hours_since_loss': 11.7}
2026-07-26 07:46:12 | DEBUG | trading.strategy5_continuation:_scan_symbol:379 | S5 skip: recent loss on symbol | {'symbol': 'EULUSDT', 'hours_since_loss': 9.7}
2026-07-26 07:46:17 | DEBUG | trading.strategy5_continuation:_scan_symbol:379 | S5 skip: recent loss on symbol | {'symbol': 'BANKUSDT', 'hours_since_loss': 11.7}
2026-07-26 07:46:17 | DEBUG | trading.strategy5_continuation:_scan_symbol:379 | S5 skip: recent loss on symbol | {'symbol': 'EULUSDT', 'hours_since_loss': 9.7}
2026-07-26 07:46:22 | DEBUG | trading.strategy5_continuation:_scan_symbol:379 | S5 skip: recent loss on symbol | {'symbol': 'BANKUSDT', 'hours_since_loss': 11.7}
2026-07-26 07:46:22 | DEBUG | trading.strategy5_continuation:_scan_symbol:379 | S5 skip: recent loss on symbol | {'symbol': 'EULUSDT', 'hours_since_loss': 9.7}
2026-07-26 07:46:27 | DEBUG | trading.strategy5_continuation:_scan_symbol:379 | S5 skip: recent loss on symbol | {'symbol': 'BANKUSDT', 'hours_since_loss': 11.7}
2026-07-26 07:46:27 | DEBUG | trading.strategy5_continuation:_scan_symbol:379 | S5 skip: recent loss on symbol | {'symbol': 'EULUSDT', 'hours_since_loss': 9.7}
2026-07-26 07:46:32 | DEBUG | trading.strategy5_continuation:_scan_symbol:379 | S5 skip: recent loss on symbol | {'symbol': 'BANKUSDT', 'hours_since_loss': 11.7}
2026-07-26 07:46:32 | DEBUG | trading.strategy5_continuation:_scan_symbol:379 | S5 skip: recent loss on symbol | {'symbol': 'EULUSDT', 'hours_since_loss': 9.7}
2026-07-26 07:46:37 | DEBUG | trading.strategy5_continuation:_scan_symbol:379 | S5 skip: recent loss on symbol | {'symbol': 'BANKUSDT', 'hours_since_loss': 11.7}
2026-07-26 07:46:38 | DEBUG | trading.strategy5_continuation:_scan_symbol:379 | S5 skip: recent loss on symbol | {'symbol': 'EULUSDT', 'hours_since_loss': 9.7}
2026-07-26 07:46:43 | DEBUG | trading.strategy5_continuation:_scan_symbol:379 | S5 skip: recent loss on symbol | {'symbol': 'BANKUSDT', 'hours_since_loss': 11.7}
2026-07-26 07:46:43 | DEBUG | trading.strategy5_continuation:_scan_symbol:379 | S5 skip: recent loss on symbol | {'symbol': 'EULUSDT', 'hours_since_loss': 9.7}
2026-07-26 07:46:48 | DEBUG | trading.strategy5_continuation:_scan_symbol:379 | S5 skip: recent loss on symbol | {'symbol': 'BANKUSDT', 'hours_since_loss': 11.7}
2026-07-26 07:46:48 | DEBUG | trading.strategy5_continuation:_scan_symbol:379 | S5 skip: recent loss on symbol | {'symbol': 'EULUSDT', 'hours_since_loss': 9.7}
2026-07-26 07:46:53 | DEBUG | trading.strategy5_continuation:_scan_symbol:379 | S5 skip: recent loss on symbol | {'symbol': 'BANKUSDT', 'hours_since_loss': 11.7}
2026-07-26 07:46:53 | DEBUG | trading.strategy5_continuation:_scan_symbol:379 | S5 skip: recent loss on symbol | {'symbol': 'EULUSDT', 'hours_since_loss': 9.7}
2026-07-26 07:46:58 | DEBUG | trading.strategy5_continuation:_scan_symbol:379 | S5 skip: recent loss on symbol | {'symbol': 'BANKUSDT', 'hours_since_loss': 11.7}
2026-07-26 07:46:58 | DEBUG | trading.strategy5_continuation:_scan_symbol:379 | S5 skip: recent loss on symbol | {'symbol': 'EULUSDT', 'hours_since_loss': 9.7}
2026-07-26 07:47:03 | DEBUG | trading.strategy5_continuation:_scan_symbol:379 | S5 skip: recent loss on symbol | {'symbol': 'BANKUSDT', 'hours_since_loss': 11.7}
2026-07-26 07:47:03 | DEBUG | trading.strategy5_continuation:_scan_symbol:379 | S5 skip: recent loss on symbol | {'symbol': 'EULUSDT', 'hours_since_loss': 9.7}
2026-07-26 07:47:09 | DEBUG | trading.strategy5_continuation:_scan_symbol:379 | S5 skip: recent loss on symbol | {'symbol': 'BANKUSDT', 'hours_since_loss': 11.7}
2026-07-26 07:47:09 | DEBUG | trading.strategy5_continuation:_scan_symbol:379 | S5 skip: recent loss on symbol | {'symbol': 'EULUSDT', 'hours_since_loss': 9.7}
2026-07-26 07:47:14 | DEBUG | trading.strategy5_continuation:_scan_symbol:379 | S5 skip: recent loss on symbol | {'symbol': 'BANKUSDT', 'hours_since_loss': 11.7}
2026-07-26 07:47:14 | DEBUG | trading.strategy5_continuation:_scan_symbol:379 | S5 skip: recent loss on symbol | {'symbol': 'EULUSDT', 'hours_since_loss': 9.7}
2026-07-26 07:47:19 | DEBUG | trading.strategy5_continuation:_scan_symbol:379 | S5 skip: recent loss on symbol | {'symbol': 'BANKUSDT', 'hours_since_loss': 11.7}
2026-07-26 07:47:19 | DEBUG | trading.strategy5_continuation:_scan_symbol:379 | S5 skip: recent loss on symbol | {'symbol': 'EULUSDT', 'hours_since_loss': 9.7}
2026-07-26 07:47:24 | DEBUG | trading.strategy5_continuation:_scan_symbol:379 | S5 skip: recent loss on symbol | {'symbol': 'BANKUSDT', 'hours_since_loss': 11.7}
2026-07-26 07:47:24 | DEBUG | trading.strategy5_continuation:_scan_symbol:379 | S5 skip: recent loss on symbol | {'symbol': 'EULUSDT', 'hours_since_loss': 9.7}
2026-07-26 07:47:29 | DEBUG | trading.strategy5_continuation:_scan_symbol:379 | S5 skip: recent loss on symbol | {'symbol': 'BANKUSDT', 'hours_since_loss': 11.7}
2026-07-26 07:47:29 | DEBUG | trading.strategy5_continuation:_scan_symbol:379 | S5 skip: recent loss on symbol | {'symbol': 'EULUSDT', 'hours_since_loss': 9.7}
2026-07-26 07:47:34 | DEBUG | trading.strategy5_continuation:_scan_symbol:379 | S5 skip: recent loss on symbol | {'symbol': 'BANKUSDT', 'hours_since_loss': 11.7}
2026-07-26 07:47:35 | DEBUG | trading.strategy5_continuation:_scan_symbol:379 | S5 skip: recent loss on symbol | {'symbol': 'EULUSDT', 'hours_since_loss': 9.7}
2026-07-26 07:47:40 | DEBUG | trading.strategy5_continuation:_scan_symbol:379 | S5 skip: recent loss on symbol | {'symbol': 'BANKUSDT', 'hours_since_loss': 11.7}
2026-07-26 07:47:40 | DEBUG | trading.strategy5_continuation:_scan_symbol:379 | S5 skip: recent loss on symbol | {'symbol': 'EULUSDT', 'hours_since_loss': 9.7}
2026-07-26 07:47:45 | DEBUG | trading.strategy5_continuation:_scan_symbol:379 | S5 skip: recent loss on symbol | {'symbol': 'BANKUSDT', 'hours_since_loss': 11.7}
2026-07-26 07:47:45 | DEBUG | trading.strategy5_continuation:_scan_symbol:379 | S5 skip: recent loss on symbol | {'symbol': 'EULUSDT', 'hours_since_loss': 9.7}
2026-07-26 07:47:50 | DEBUG | trading.strategy5_continuation:_scan_symbol:379 | S5 skip: recent loss on symbol | {'symbol': 'BANKUSDT', 'hours_since_loss': 11.7}
2026-07-26 07:47:50 | DEBUG | trading.strategy5_continuation:_scan_symbol:379 | S5 skip: recent loss on symbol | {'symbol': 'EULUSDT', 'hours_since_loss': 9.7}
2026-07-26 07:47:55 | DEBUG | trading.strategy5_continuation:_scan_symbol:379 | S5 skip: recent loss on symbol | {'symbol': 'BANKUSDT', 'hours_since_loss': 11.7}
2026-07-26 07:47:55 | DEBUG | trading.strategy5_continuation:_scan_symbol:379 | S5 skip: recent loss on symbol | {'symbol': 'EULUSDT', 'hours_since_loss': 9.7}
2026-07-26 07:48:00 | DEBUG | trading.strategy5_continuation:_scan_symbol:379 | S5 skip: recent loss on symbol | {'symbol': 'BANKUSDT', 'hours_since_loss': 11.7}
2026-07-26 07:48:00 | DEBUG | trading.strategy5_continuation:_scan_symbol:379 | S5 skip: recent loss on symbol | {'symbol': 'EULUSDT', 'hours_since_loss': 9.7}
2026-07-26 07:48:06 | DEBUG | trading.strategy5_continuation:_scan_symbol:379 | S5 skip: recent loss on symbol | {'symbol': 'BANKUSDT', 'hours_since_loss': 11.7}
2026-07-26 07:48:06 | DEBUG | trading.strategy5_continuation:_scan_symbol:379 | S5 skip: recent loss on symbol | {'symbol': 'EULUSDT', 'hours_since_loss': 9.7}
2026-07-26 07:48:11 | DEBUG | trading.strategy5_continuation:_scan_symbol:379 | S5 skip: recent loss on symbol | {'symbol': 'BANKUSDT', 'hours_since_loss': 11.7}
2026-07-26 07:48:11 | DEBUG | trading.strategy5_continuation:_scan_symbol:379 | S5 skip: recent loss on symbol | {'symbol': 'EULUSDT', 'hours_since_loss': 9.7}
2026-07-26 07:48:16 | DEBUG | trading.strategy5_continuation:_scan_symbol:379 | S5 skip: recent loss on symbol | {'symbol': 'BANKUSDT', 'hours_since_loss': 11.7}
2026-07-26 07:48:16 | DEBUG | trading.strategy5_continuation:_scan_symbol:379 | S5 skip: recent loss on symbol | {'symbol': 'EULUSDT', 'hours_since_loss': 9.7}
2026-07-26 07:48:21 | DEBUG | trading.strategy5_continuation:_scan_symbol:379 | S5 skip: recent loss on symbol | {'symbol': 'BANKUSDT', 'hours_since_loss': 11.7}
2026-07-26 07:48:21 | DEBUG | trading.strategy5_continuation:_scan_symbol:379 | S5 skip: recent loss on symbol | {'symbol': 'EULUSDT', 'hours_since_loss': 9.7}
2026-07-26 07:48:26 | DEBUG | trading.strategy5_continuation:_scan_symbol:379 | S5 skip: recent loss on symbol | {'symbol': 'BANKUSDT', 'hours_since_loss': 11.8}
2026-07-26 07:48:26 | DEBUG | trading.strategy5_continuation:_scan_symbol:379 | S5 skip: recent loss on symbol | {'symbol': 'EULUSDT', 'hours_since_loss': 9.8}
2026-07-26 07:48:31 | DEBUG | trading.strategy5_continuation:_scan_symbol:379 | S5 skip: recent loss on symbol | {'symbol': 'BANKUSDT', 'hours_since_loss': 11.8}
2026-07-26 07:48:32 | DEBUG | trading.strategy5_continuation:_scan_symbol:379 | S5 skip: recent loss on symbol | {'symbol': 'EULUSDT', 'hours_since_loss': 9.8}
2026-07-26 07:48:37 | DEBUG | trading.strategy5_continuation:_scan_symbol:379 | S5 skip: recent loss on symbol | {'symbol': 'BANKUSDT', 'hours_since_loss': 11.8}
2026-07-26 07:48:37 | DEBUG | trading.strategy5_continuation:_scan_symbol:379 | S5 skip: recent loss on symbol | {'symbol': 'EULUSDT', 'hours_since_loss': 9.8}
2026-07-26 07:48:42 | DEBUG | trading.strategy5_continuation:_scan_symbol:379 | S5 skip: recent loss on symbol | {'symbol': 'BANKUSDT', 'hours_since_loss': 11.8}
2026-07-26 07:48:42 | DEBUG | trading.strategy5_continuation:_scan_symbol:379 | S5 skip: recent loss on symbol | {'symbol': 'EULUSDT', 'hours_since_loss': 9.8}
2026-07-26 07:48:47 | DEBUG | trading.strategy5_continuation:_scan_symbol:379 | S5 skip: recent loss on symbol | {'symbol': 'BANKUSDT', 'hours_since_loss': 11.8}
2026-07-26 07:48:47 | DEBUG | trading.strategy5_continuation:_scan_symbol:379 | S5 skip: recent loss on symbol | {'symbol': 'EULUSDT', 'hours_since_loss': 9.8}
2026-07-26 07:48:52 | DEBUG | trading.strategy5_continuation:_scan_symbol:379 | S5 skip: recent loss on symbol | {'symbol': 'BANKUSDT', 'hours_since_loss': 11.8}
2026-07-26 07:48:52 | DEBUG | trading.strategy5_continuation:_scan_symbol:379 | S5 skip: recent loss on symbol | {'symbol': 'EULUSDT', 'hours_since_loss': 9.8}
2026-07-26 07:48:57 | DEBUG | trading.strategy5_continuation:_scan_symbol:379 | S5 skip: recent loss on symbol | {'symbol': 'BANKUSDT', 'hours_since_loss': 11.8}
2026-07-26 07:48:57 | DEBUG | trading.strategy5_continuation:_scan_symbol:379 | S5 skip: recent loss on symbol | {'symbol': 'EULUSDT', 'hours_since_loss': 9.8}
2026-07-26 07:49:03 | DEBUG | trading.strategy5_continuation:_scan_symbol:379 | S5 skip: recent loss on symbol | {'symbol': 'BANKUSDT', 'hours_since_loss': 11.8}
2026-07-26 07:49:03 | DEBUG | trading.strategy5_continuation:_scan_symbol:379 | S5 skip: recent loss on symbol | {'symbol': 'EULUSDT', 'hours_since_loss': 9.8}
2026-07-26 07:49:08 | DEBUG | trading.strategy5_continuation:_scan_symbol:379 | S5 skip: recent loss on symbol | {'symbol': 'BANKUSDT', 'hours_since_loss': 11.8}
2026-07-26 07:49:08 | DEBUG | trading.strategy5_continuation:_scan_symbol:379 | S5 skip: recent loss on symbol | {'symbol': 'EULUSDT', 'hours_since_loss': 9.8}
2026-07-26 07:49:13 | DEBUG | trading.strategy5_continuation:_scan_symbol:379 | S5 skip: recent loss on symbol | {'symbol': 'BANKUSDT', 'hours_since_loss': 11.8}
2026-07-26 07:49:13 | DEBUG | trading.strategy5_continuation:_scan_symbol:379 | S5 skip: recent loss on symbol | {'symbol': 'EULUSDT', 'hours_since_loss': 9.8}
2026-07-26 07:49:18 | DEBUG | trading.strategy5_continuation:_scan_symbol:379 | S5 skip: recent loss on symbol | {'symbol': 'BANKUSDT', 'hours_since_loss': 11.8}
2026-07-26 07:49:18 | DEBUG | trading.strategy5_continuation:_scan_symbol:379 | S5 skip: recent loss on symbol | {'symbol': 'EULUSDT', 'hours_since_loss': 9.8}
2026-07-26 07:49:23 | DEBUG | trading.strategy5_continuation:_scan_symbol:379 | S5 skip: recent loss on symbol | {'symbol': 'BANKUSDT', 'hours_since_loss': 11.8}
2026-07-26 07:49:23 | DEBUG | trading.strategy5_continuation:_scan_symbol:379 | S5 skip: recent loss on symbol | {'symbol': 'EULUSDT', 'hours_since_loss': 9.8}
2026-07-26 07:49:28 | DEBUG | trading.strategy5_continuation:_scan_symbol:379 | S5 skip: recent loss on symbol | {'symbol': 'BANKUSDT', 'hours_since_loss': 11.8}
2026-07-26 07:49:29 | DEBUG | trading.strategy5_continuation:_scan_symbol:379 | S5 skip: recent loss on symbol | {'symbol': 'EULUSDT', 'hours_since_loss': 9.8}
2026-07-26 07:49:34 | DEBUG | trading.strategy5_continuation:_scan_symbol:379 | S5 skip: recent loss on symbol | {'symbol': 'BANKUSDT', 'hours_since_loss': 11.8}
2026-07-26 07:49:34 | DEBUG | trading.strategy5_continuation:_scan_symbol:379 | S5 skip: recent loss on symbol | {'symbol': 'EULUSDT', 'hours_since_loss': 9.8}
2026-07-26 07:49:39 | DEBUG | trading.strategy5_continuation:_scan_symbol:379 | S5 skip: recent loss on symbol | {'symbol': 'BANKUSDT', 'hours_since_loss': 11.8}
2026-07-26 07:49:39 | DEBUG | trading.strategy5_continuation:_scan_symbol:379 | S5 skip: recent loss on symbol | {'symbol': 'EULUSDT', 'hours_since_loss': 9.8}
2026-07-26 07:49:44 | DEBUG | trading.strategy5_continuation:_scan_symbol:379 | S5 skip: recent loss on symbol | {'symbol': 'BANKUSDT', 'hours_since_loss': 11.8}
2026-07-26 07:49:44 | DEBUG | trading.strategy5_continuation:_scan_symbol:379 | S5 skip: recent loss on symbol | {'symbol': 'EULUSDT', 'hours_since_loss': 9.8}
2026-07-26 07:49:49 | DEBUG | trading.strategy5_continuation:_scan_symbol:379 | S5 skip: recent loss on symbol | {'symbol': 'BANKUSDT', 'hours_since_loss': 11.8}
2026-07-26 07:49:49 | DEBUG | trading.strategy5_continuation:_scan_symbol:379 | S5 skip: recent loss on symbol | {'symbol': 'EULUSDT', 'hours_since_loss': 9.8}
2026-07-26 07:49:54 | DEBUG | trading.strategy5_continuation:_scan_symbol:379 | S5 skip: recent loss on symbol | {'symbol': 'BANKUSDT', 'hours_since_loss': 11.8}
2026-07-26 07:49:54 | DEBUG | trading.strategy5_continuation:_scan_symbol:379 | S5 skip: recent loss on symbol | {'symbol': 'EULUSDT', 'hours_since_loss': 9.8}
2026-07-26 07:50:00 | DEBUG | trading.strategy5_continuation:_scan_symbol:379 | S5 skip: recent loss on symbol | {'symbol': 'BANKUSDT', 'hours_since_loss': 11.8}
2026-07-26 07:50:00 | DEBUG | trading.strategy5_continuation:_scan_symbol:379 | S5 skip: recent loss on symbol | {'symbol': 'EULUSDT', 'hours_since_loss': 9.8}
2026-07-26 07:50:05 | DEBUG | trading.strategy5_continuation:_scan_symbol:379 | S5 skip: recent loss on symbol | {'symbol': 'BANKUSDT', 'hours_since_loss': 11.8}
2026-07-26 07:50:05 | DEBUG | trading.strategy5_continuation:_scan_symbol:379 | S5 skip: recent loss on symbol | {'symbol': 'EULUSDT', 'hours_since_loss': 9.8}
2026-07-26 07:50:10 | DEBUG | trading.strategy5_continuation:_scan_symbol:379 | S5 skip: recent loss on symbol | {'symbol': 'BANKUSDT', 'hours_since_loss': 11.8}
2026-07-26 07:50:10 | DEBUG | trading.strategy5_continuation:_scan_symbol:379 | S5 skip: recent loss on symbol | {'symbol': 'EULUSDT', 'hours_since_loss': 9.8}
2026-07-26 07:50:15 | DEBUG | trading.strategy5_continuation:_scan_symbol:379 | S5 skip: recent loss on symbol | {'symbol': 'BANKUSDT', 'hours_since_loss': 11.8}
2026-07-26 07:50:15 | DEBUG | trading.strategy5_continuation:_scan_symbol:379 | S5 skip: recent loss on symbol | {'symbol': 'EULUSDT', 'hours_since_loss': 9.8}
2026-07-26 07:50:20 | DEBUG | trading.strategy5_continuation:_scan_symbol:379 | S5 skip: recent loss on symbol | {'symbol': 'BANKUSDT', 'hours_since_loss': 11.8}
2026-07-26 07:50:20 | DEBUG | trading.strategy5_continuation:_scan_symbol:379 | S5 skip: recent loss on symbol | {'symbol': 'EULUSDT', 'hours_since_loss': 9.8}
2026-07-26 07:50:25 | DEBUG | trading.strategy5_continuation:_scan_symbol:379 | S5 skip: recent loss on symbol | {'symbol': 'BANKUSDT', 'hours_since_loss': 11.8}
2026-07-26 07:50:25 | DEBUG | trading.strategy5_continuation:_scan_symbol:379 | S5 skip: recent loss on symbol | {'symbol': 'EULUSDT', 'hours_since_loss': 9.8}
2026-07-26 07:50:31 | DEBUG | trading.strategy5_continuation:_scan_symbol:379 | S5 skip: recent loss on symbol | {'symbol': 'BANKUSDT', 'hours_since_loss': 11.8}
2026-07-26 07:50:31 | DEBUG | trading.strategy5_continuation:_scan_symbol:379 | S5 skip: recent loss on symbol | {'symbol': 'EULUSDT', 'hours_since_loss': 9.8}
2026-07-26 07:50:36 | DEBUG | trading.strategy5_continuation:_scan_symbol:379 | S5 skip: recent loss on symbol | {'symbol': 'BANKUSDT', 'hours_since_loss': 11.8}
2026-07-26 07:50:36 | DEBUG | trading.strategy5_continuation:_scan_symbol:379 | S5 skip: recent loss on symbol | {'symbol': 'EULUSDT', 'hours_since_loss': 9.8}
2026-07-26 07:50:41 | DEBUG | trading.strategy5_continuation:_scan_symbol:379 | S5 skip: recent loss on symbol | {'symbol': 'BANKUSDT', 'hours_since_loss': 11.8}
2026-07-26 07:50:41 | DEBUG | trading.strategy5_continuation:_scan_symbol:379 | S5 skip: recent loss on symbol | {'symbol': 'EULUSDT', 'hours_since_loss': 9.8}
2026-07-26 07:50:47 | DEBUG | trading.strategy5_continuation:_scan_symbol:379 | S5 skip: recent loss on symbol | {'symbol': 'BANKUSDT', 'hours_since_loss': 11.8}
2026-07-26 07:50:47 | DEBUG | trading.strategy5_continuation:_scan_symbol:379 | S5 skip: recent loss on symbol | {'symbol': 'EULUSDT', 'hours_since_loss': 9.8}
2026-07-26 07:50:52 | DEBUG | trading.strategy5_continuation:_scan_symbol:379 | S5 skip: recent loss on symbol | {'symbol': 'BANKUSDT', 'hours_since_loss': 11.8}
2026-07-26 07:50:52 | DEBUG | trading.strategy5_continuation:_scan_symbol:379 | S5 skip: recent loss on symbol | {'symbol': 'EULUSDT', 'hours_since_loss': 9.8}
2026-07-26 07:50:57 | DEBUG | trading.strategy5_continuation:_scan_symbol:379 | S5 skip: recent loss on symbol | {'symbol': 'BANKUSDT', 'hours_since_loss': 11.8}
2026-07-26 07:50:57 | DEBUG | trading.strategy5_continuation:_scan_symbol:379 | S5 skip: recent loss on symbol | {'symbol': 'EULUSDT', 'hours_since_loss': 9.8}
2026-07-26 07:51:02 | DEBUG | trading.strategy5_continuation:_scan_symbol:379 | S5 skip: recent loss on symbol | {'symbol': 'BANKUSDT', 'hours_since_loss': 11.8}
2026-07-26 07:51:02 | DEBUG | trading.strategy5_continuation:_scan_symbol:379 | S5 skip: recent loss on symbol | {'symbol': 'EULUSDT', 'hours_since_loss': 9.8}
2026-07-26 07:51:07 | DEBUG | trading.strategy5_continuation:_scan_symbol:379 | S5 skip: recent loss on symbol | {'symbol': 'BANKUSDT', 'hours_since_loss': 11.8}
2026-07-26 07:51:07 | DEBUG | trading.strategy5_continuation:_scan_symbol:379 | S5 skip: recent loss on symbol | {'symbol': 'EULUSDT', 'hours_since_loss': 9.8}
2026-07-26 07:51:12 | DEBUG | trading.strategy5_continuation:_scan_symbol:379 | S5 skip: recent loss on symbol | {'symbol': 'BANKUSDT', 'hours_since_loss': 11.8}
2026-07-26 07:51:12 | DEBUG | trading.strategy5_continuation:_scan_symbol:379 | S5 skip: recent loss on symbol | {'symbol': 'EULUSDT', 'hours_since_loss': 9.8}
2026-07-26 07:51:17 | DEBUG | trading.strategy5_continuation:_scan_symbol:379 | S5 skip: recent loss on symbol | {'symbol': 'BANKUSDT', 'hours_since_loss': 11.8}
2026-07-26 07:51:17 | DEBUG | trading.strategy5_continuation:_scan_symbol:379 | S5 skip: recent loss on symbol | {'symbol': 'EULUSDT', 'hours_since_loss': 9.8}
2026-07-26 07:51:22 | DEBUG | trading.strategy5_continuation:_scan_symbol:379 | S5 skip: recent loss on symbol | {'symbol': 'BANKUSDT', 'hours_since_loss': 11.8}
2026-07-26 07:51:22 | DEBUG | trading.strategy5_continuation:_scan_symbol:379 | S5 skip: recent loss on symbol | {'symbol': 'EULUSDT', 'hours_since_loss': 9.8}
2026-07-26 07:51:28 | DEBUG | trading.strategy5_continuation:_scan_symbol:379 | S5 skip: recent loss on symbol | {'symbol': 'BANKUSDT', 'hours_since_loss': 11.8}
2026-07-26 07:51:28 | DEBUG | trading.strategy5_continuation:_scan_symbol:379 | S5 skip: recent loss on symbol | {'symbol': 'EULUSDT', 'hours_since_loss': 9.8}
2026-07-26 07:51:33 | DEBUG | trading.strategy5_continuation:_scan_symbol:379 | S5 skip: recent loss on symbol | {'symbol': 'BANKUSDT', 'hours_since_loss': 11.8}
2026-07-26 07:51:33 | DEBUG | trading.strategy5_continuation:_scan_symbol:379 | S5 skip: recent loss on symbol | {'symbol': 'EULUSDT', 'hours_since_loss': 9.8}
2026-07-26 07:51:38 | DEBUG | trading.strategy5_continuation:_scan_symbol:379 | S5 skip: recent loss on symbol | {'symbol': 'BANKUSDT', 'hours_since_loss': 11.8}
2026-07-26 07:51:38 | DEBUG | trading.strategy5_continuation:_scan_symbol:379 | S5 skip: recent loss on symbol | {'symbol': 'EULUSDT', 'hours_since_loss': 9.8}
2026-07-26 07:51:43 | DEBUG | trading.strategy5_continuation:_scan_symbol:379 | S5 skip: recent loss on symbol | {'symbol': 'BANKUSDT', 'hours_since_loss': 11.8}
2026-07-26 07:51:43 | DEBUG | trading.strategy5_continuation:_scan_symbol:379 | S5 skip: recent loss on symbol | {'symbol': 'EULUSDT', 'hours_since_loss': 9.8}
2026-07-26 07:51:48 | DEBUG | trading.strategy5_continuation:_scan_symbol:379 | S5 skip: recent loss on symbol | {'symbol': 'BANKUSDT', 'hours_since_loss': 11.8}
2026-07-26 07:51:48 | DEBUG | trading.strategy5_continuation:_scan_symbol:379 | S5 skip: recent loss on symbol | {'symbol': 'EULUSDT', 'hours_since_loss': 9.8}
2026-07-26 07:51:53 | DEBUG | trading.strategy5_continuation:_scan_symbol:379 | S5 skip: recent loss on symbol | {'symbol': 'BANKUSDT', 'hours_since_loss': 11.8}
2026-07-26 07:51:54 | DEBUG | trading.strategy5_continuation:_scan_symbol:379 | S5 skip: recent loss on symbol | {'symbol': 'EULUSDT', 'hours_since_loss': 9.8}
2026-07-26 07:51:59 | DEBUG | trading.strategy5_continuation:_scan_symbol:379 | S5 skip: recent loss on symbol | {'symbol': 'BANKUSDT', 'hours_since_loss': 11.8}
2026-07-26 07:51:59 | DEBUG | trading.strategy5_continuation:_scan_symbol:379 | S5 skip: recent loss on symbol | {'symbol': 'EULUSDT', 'hours_since_loss': 9.8}
2026-07-26 07:52:04 | DEBUG | trading.strategy5_continuation:_scan_symbol:379 | S5 skip: recent loss on symbol | {'symbol': 'BANKUSDT', 'hours_since_loss': 11.8}
2026-07-26 07:52:04 | DEBUG | trading.strategy5_continuation:_scan_symbol:379 | S5 skip: recent loss on symbol | {'symbol': 'EULUSDT', 'hours_since_loss': 9.8}
2026-07-26 07:52:09 | DEBUG | trading.strategy5_continuation:_scan_symbol:379 | S5 skip: recent loss on symbol | {'symbol': 'BANKUSDT', 'hours_since_loss': 11.8}
2026-07-26 07:52:09 | DEBUG | trading.strategy5_continuation:_scan_symbol:379 | S5 skip: recent loss on symbol | {'symbol': 'EULUSDT', 'hours_since_loss': 9.8}
2026-07-26 07:52:14 | DEBUG | trading.strategy5_continuation:_scan_symbol:379 | S5 skip: recent loss on symbol | {'symbol': 'BANKUSDT', 'hours_since_loss': 11.8}
2026-07-26 07:52:14 | DEBUG | trading.strategy5_continuation:_scan_symbol:379 | S5 skip: recent loss on symbol | {'symbol': 'EULUSDT', 'hours_since_loss': 9.8}
2026-07-26 07:52:19 | DEBUG | trading.strategy5_continuation:_scan_symbol:379 | S5 skip: recent loss on symbol | {'symbol': 'BANKUSDT', 'hours_since_loss': 11.8}
2026-07-26 07:52:19 | DEBUG | trading.strategy5_continuation:_scan_symbol:379 | S5 skip: recent loss on symbol | {'symbol': 'EULUSDT', 'hours_since_loss': 9.8}
2026-07-26 07:52:25 | DEBUG | trading.strategy5_continuation:_scan_symbol:379 | S5 skip: recent loss on symbol | {'symbol': 'BANKUSDT', 'hours_since_loss': 11.8}
2026-07-26 07:52:25 | DEBUG | trading.strategy5_continuation:_scan_symbol:379 | S5 skip: recent loss on symbol | {'symbol': 'EULUSDT', 'hours_since_loss': 9.8}
2026-07-26 07:52:30 | DEBUG | trading.strategy5_continuation:_scan_symbol:379 | S5 skip: recent loss on symbol | {'symbol': 'BANKUSDT', 'hours_since_loss': 11.8}
2026-07-26 07:52:30 | DEBUG | trading.strategy5_continuation:_scan_symbol:379 | S5 skip: recent loss on symbol | {'symbol': 'EULUSDT', 'hours_since_loss': 9.8}
2026-07-26 07:52:35 | DEBUG | trading.strategy5_continuation:_scan_symbol:379 | S5 skip: recent loss on symbol | {'symbol': 'BANKUSDT', 'hours_since_loss': 11.8}
2026-07-26 07:52:35 | DEBUG | trading.strategy5_continuation:_scan_symbol:379 | S5 skip: recent loss on symbol | {'symbol': 'EULUSDT', 'hours_since_loss': 9.8}
2026-07-26 07:52:40 | DEBUG | trading.strategy5_continuation:_scan_symbol:379 | S5 skip: recent loss on symbol | {'symbol': 'BANKUSDT', 'hours_since_loss': 11.8}
2026-07-26 07:52:40 | DEBUG | trading.strategy5_continuation:_scan_symbol:379 | S5 skip: recent loss on symbol | {'symbol': 'EULUSDT', 'hours_since_loss': 9.8}
2026-07-26 07:52:45 | DEBUG | trading.strategy5_continuation:_scan_symbol:379 | S5 skip: recent loss on symbol | {'symbol': 'BANKUSDT', 'hours_since_loss': 11.8}
2026-07-26 07:52:45 | DEBUG | trading.strategy5_continuation:_scan_symbol:379 | S5 skip: recent loss on symbol | {'symbol': 'EULUSDT', 'hours_since_loss': 9.8}
2026-07-26 07:52:50 | DEBUG | trading.strategy5_continuation:_scan_symbol:379 | S5 skip: recent loss on symbol | {'symbol': 'BANKUSDT', 'hours_since_loss': 11.8}
2026-07-26 07:52:50 | DEBUG | trading.strategy5_continuation:_scan_symbol:379 | S5 skip: recent loss on symbol | {'symbol': 'EULUSDT', 'hours_since_loss': 9.8}
2026-07-26 07:52:56 | DEBUG | trading.strategy5_continuation:_scan_symbol:379 | S5 skip: recent loss on symbol | {'symbol': 'BANKUSDT', 'hours_since_loss': 11.8}
2026-07-26 07:52:56 | DEBUG | trading.strategy5_continuation:_scan_symbol:379 | S5 skip: recent loss on symbol | {'symbol': 'EULUSDT', 'hours_since_loss': 9.8}
2026-07-26 07:53:01 | DEBUG | trading.strategy5_continuation:_scan_symbol:379 | S5 skip: recent loss on symbol | {'symbol': 'BANKUSDT', 'hours_since_loss': 11.8}
2026-07-26 07:53:01 | DEBUG | trading.strategy5_continuation:_scan_symbol:379 | S5 skip: recent loss on symbol | {'symbol': 'EULUSDT', 'hours_since_loss': 9.8}
2026-07-26 07:53:06 | DEBUG | trading.strategy5_continuation:_scan_symbol:379 | S5 skip: recent loss on symbol | {'symbol': 'BANKUSDT', 'hours_since_loss': 11.8}
2026-07-26 07:53:06 | DEBUG | trading.strategy5_continuation:_scan_symbol:379 | S5 skip: recent loss on symbol | {'symbol': 'EULUSDT', 'hours_since_loss': 9.8}
2026-07-26 07:53:11 | DEBUG | trading.strategy5_continuation:_scan_symbol:379 | S5 skip: recent loss on symbol | {'symbol': 'BANKUSDT', 'hours_since_loss': 11.8}
2026-07-26 07:53:11 | DEBUG | trading.strategy5_continuation:_scan_symbol:379 | S5 skip: recent loss on symbol | {'symbol': 'EULUSDT', 'hours_since_loss': 9.8}
2026-07-26 07:53:16 | DEBUG | trading.strategy5_continuation:_scan_symbol:379 | S5 skip: recent loss on symbol | {'symbol': 'BANKUSDT', 'hours_since_loss': 11.8}
2026-07-26 07:53:16 | DEBUG | trading.strategy5_continuation:_scan_symbol:379 | S5 skip: recent loss on symbol | {'symbol': 'EULUSDT', 'hours_since_loss': 9.8}
2026-07-26 07:53:22 | DEBUG | trading.strategy5_continuation:_scan_symbol:379 | S5 skip: recent loss on symbol | {'symbol': 'BANKUSDT', 'hours_since_loss': 11.8}
2026-07-26 07:53:22 | DEBUG | trading.strategy5_continuation:_scan_symbol:379 | S5 skip: recent loss on symbol | {'symbol': 'EULUSDT', 'hours_since_loss': 9.8}
2026-07-26 07:53:27 | DEBUG | trading.strategy5_continuation:_scan_symbol:379 | S5 skip: recent loss on symbol | {'symbol': 'BANKUSDT', 'hours_since_loss': 11.8}
2026-07-26 07:53:27 | DEBUG | trading.strategy5_continuation:_scan_symbol:379 | S5 skip: recent loss on symbol | {'symbol': 'EULUSDT', 'hours_since_loss': 9.8}
2026-07-26 07:53:32 | DEBUG | trading.strategy5_continuation:_scan_symbol:379 | S5 skip: recent loss on symbol | {'symbol': 'BANKUSDT', 'hours_since_loss': 11.8}
2026-07-26 07:53:32 | DEBUG | trading.strategy5_continuation:_scan_symbol:379 | S5 skip: recent loss on symbol | {'symbol': 'EULUSDT', 'hours_since_loss': 9.8}
2026-07-26 07:53:37 | DEBUG | trading.strategy5_continuation:_scan_symbol:379 | S5 skip: recent loss on symbol | {'symbol': 'BANKUSDT', 'hours_since_loss': 11.8}
2026-07-26 07:53:37 | DEBUG | trading.strategy5_continuation:_scan_symbol:379 | S5 skip: recent loss on symbol | {'symbol': 'EULUSDT', 'hours_since_loss': 9.8}
2026-07-26 07:53:42 | DEBUG | trading.strategy5_continuation:_scan_symbol:379 | S5 skip: recent loss on symbol | {'symbol': 'BANKUSDT', 'hours_since_loss': 11.8}
2026-07-26 07:53:42 | DEBUG | trading.strategy5_continuation:_scan_symbol:379 | S5 skip: recent loss on symbol | {'symbol': 'EULUSDT', 'hours_since_loss': 9.8}
2026-07-26 07:53:47 | DEBUG | trading.strategy5_continuation:_scan_symbol:379 | S5 skip: recent loss on symbol | {'symbol': 'BANKUSDT', 'hours_since_loss': 11.8}
2026-07-26 07:53:47 | DEBUG | trading.strategy5_continuation:_scan_symbol:379 | S5 skip: recent loss on symbol | {'symbol': 'EULUSDT', 'hours_since_loss': 9.8}
2026-07-26 07:53:53 | DEBUG | trading.strategy5_continuation:_scan_symbol:379 | S5 skip: recent loss on symbol | {'symbol': 'BANKUSDT', 'hours_since_loss': 11.8}
2026-07-26 07:53:53 | DEBUG | trading.strategy5_continuation:_scan_symbol:379 | S5 skip: recent loss on symbol | {'symbol': 'EULUSDT', 'hours_since_loss': 9.8}
2026-07-26 07:53:58 | DEBUG | trading.strategy5_continuation:_scan_symbol:379 | S5 skip: recent loss on symbol | {'symbol': 'BANKUSDT', 'hours_since_loss': 11.8}
2026-07-26 07:53:58 | DEBUG | trading.strategy5_continuation:_scan_symbol:379 | S5 skip: recent loss on symbol | {'symbol': 'EULUSDT', 'hours_since_loss': 9.8}
2026-07-26 07:54:03 | DEBUG | trading.strategy5_continuation:_scan_symbol:379 | S5 skip: recent loss on symbol | {'symbol': 'BANKUSDT', 'hours_since_loss': 11.8}
2026-07-26 07:54:03 | DEBUG | trading.strategy5_continuation:_scan_symbol:379 | S5 skip: recent loss on symbol | {'symbol': 'EULUSDT', 'hours_since_loss': 9.8}
2026-07-26 07:54:08 | DEBUG | trading.strategy5_continuation:_scan_symbol:379 | S5 skip: recent loss on symbol | {'symbol': 'BANKUSDT', 'hours_since_loss': 11.8}
2026-07-26 07:54:08 | DEBUG | trading.strategy5_continuation:_scan_symbol:379 | S5 skip: recent loss on symbol | {'symbol': 'EULUSDT', 'hours_since_loss': 9.8}
2026-07-26 07:54:13 | DEBUG | trading.strategy5_continuation:_scan_symbol:379 | S5 skip: recent loss on symbol | {'symbol': 'BANKUSDT', 'hours_since_loss': 11.8}
2026-07-26 07:54:13 | DEBUG | trading.strategy5_continuation:_scan_symbol:379 | S5 skip: recent loss on symbol | {'symbol': 'EULUSDT', 'hours_since_loss': 9.8}
2026-07-26 07:54:18 | DEBUG | trading.strategy5_continuation:_scan_symbol:379 | S5 skip: recent loss on symbol | {'symbol': 'BANKUSDT', 'hours_since_loss': 11.8}
2026-07-26 07:54:19 | DEBUG | trading.strategy5_continuation:_scan_symbol:379 | S5 skip: recent loss on symbol | {'symbol': 'EULUSDT', 'hours_since_loss': 9.8}
2026-07-26 07:54:24 | DEBUG | trading.strategy5_continuation:_scan_symbol:379 | S5 skip: recent loss on symbol | {'symbol': 'BANKUSDT', 'hours_since_loss': 11.9}
2026-07-26 07:54:24 | DEBUG | trading.strategy5_continuation:_scan_symbol:379 | S5 skip: recent loss on symbol | {'symbol': 'EULUSDT', 'hours_since_loss': 9.8}
2026-07-26 07:54:29 | DEBUG | trading.strategy5_continuation:_scan_symbol:379 | S5 skip: recent loss on symbol | {'symbol': 'BANKUSDT', 'hours_since_loss': 11.9}
2026-07-26 07:54:29 | DEBUG | trading.strategy5_continuation:_scan_symbol:379 | S5 skip: recent loss on symbol | {'symbol': 'EULUSDT', 'hours_since_loss': 9.9}
2026-07-26 07:54:34 | DEBUG | trading.strategy5_continuation:_scan_symbol:379 | S5 skip: recent loss on symbol | {'symbol': 'BANKUSDT', 'hours_since_loss': 11.9}
2026-07-26 07:54:34 | DEBUG | trading.strategy5_continuation:_scan_symbol:379 | S5 skip: recent loss on symbol | {'symbol': 'EULUSDT', 'hours_since_loss': 9.9}
2026-07-26 07:54:39 | DEBUG | trading.strategy5_continuation:_scan_symbol:379 | S5 skip: recent loss on symbol | {'symbol': 'BANKUSDT', 'hours_since_loss': 11.9}
2026-07-26 07:54:39 | DEBUG | trading.strategy5_continuation:_scan_symbol:379 | S5 skip: recent loss on symbol | {'symbol': 'EULUSDT', 'hours_since_loss': 9.9}
2026-07-26 07:54:44 | DEBUG | trading.strategy5_continuation:_scan_symbol:379 | S5 skip: recent loss on symbol | {'symbol': 'BANKUSDT', 'hours_since_loss': 11.9}
2026-07-26 07:54:44 | DEBUG | trading.strategy5_continuation:_scan_symbol:379 | S5 skip: recent loss on symbol | {'symbol': 'EULUSDT', 'hours_since_loss': 9.9}
2026-07-26 07:54:50 | DEBUG | trading.strategy5_continuation:_scan_symbol:379 | S5 skip: recent loss on symbol | {'symbol': 'BANKUSDT', 'hours_since_loss': 11.9}
2026-07-26 07:54:50 | DEBUG | trading.strategy5_continuation:_scan_symbol:379 | S5 skip: recent loss on symbol | {'symbol': 'EULUSDT', 'hours_since_loss': 9.9}
2026-07-26 07:54:55 | DEBUG | trading.strategy5_continuation:_scan_symbol:379 | S5 skip: recent loss on symbol | {'symbol': 'BANKUSDT', 'hours_since_loss': 11.9}
2026-07-26 07:54:55 | DEBUG | trading.strategy5_continuation:_scan_symbol:379 | S5 skip: recent loss on symbol | {'symbol': 'EULUSDT', 'hours_since_loss': 9.9}
2026-07-26 07:55:00 | DEBUG | trading.strategy5_continuation:_scan_symbol:379 | S5 skip: recent loss on symbol | {'symbol': 'BANKUSDT', 'hours_since_loss': 11.9}
2026-07-26 07:55:00 | DEBUG | trading.strategy5_continuation:_scan_symbol:379 | S5 skip: recent loss on symbol | {'symbol': 'EULUSDT', 'hours_since_loss': 9.9}
2026-07-26 07:55:05 | DEBUG | trading.strategy5_continuation:_scan_symbol:379 | S5 skip: recent loss on symbol | {'symbol': 'BANKUSDT', 'hours_since_loss': 11.9}
2026-07-26 07:55:05 | DEBUG | trading.strategy5_continuation:_scan_symbol:379 | S5 skip: recent loss on symbol | {'symbol': 'EULUSDT', 'hours_since_loss': 9.9}
2026-07-26 07:55:10 | DEBUG | trading.strategy5_continuation:_scan_symbol:379 | S5 skip: recent loss on symbol | {'symbol': 'BANKUSDT', 'hours_since_loss': 11.9}
2026-07-26 07:55:10 | DEBUG | trading.strategy5_continuation:_scan_symbol:379 | S5 skip: recent loss on symbol | {'symbol': 'EULUSDT', 'hours_since_loss': 9.9}
2026-07-26 07:55:16 | DEBUG | trading.strategy5_continuation:_scan_symbol:379 | S5 skip: recent loss on symbol | {'symbol': 'BANKUSDT', 'hours_since_loss': 11.9}
2026-07-26 07:55:16 | DEBUG | trading.strategy5_continuation:_scan_symbol:379 | S5 skip: recent loss on symbol | {'symbol': 'EULUSDT', 'hours_since_loss': 9.9}
2026-07-26 07:55:21 | DEBUG | trading.strategy5_continuation:_scan_symbol:379 | S5 skip: recent loss on symbol | {'symbol': 'BANKUSDT', 'hours_since_loss': 11.9}
2026-07-26 07:55:21 | DEBUG | trading.strategy5_continuation:_scan_symbol:379 | S5 skip: recent loss on symbol | {'symbol': 'EULUSDT', 'hours_since_loss': 9.9}
2026-07-26 07:55:26 | DEBUG | trading.strategy5_continuation:_scan_symbol:379 | S5 skip: recent loss on symbol | {'symbol': 'BANKUSDT', 'hours_since_loss': 11.9}
2026-07-26 07:55:26 | DEBUG | trading.strategy5_continuation:_scan_symbol:379 | S5 skip: recent loss on symbol | {'symbol': 'EULUSDT', 'hours_since_loss': 9.9}
2026-07-26 07:55:31 | DEBUG | trading.strategy5_continuation:_scan_symbol:379 | S5 skip: recent loss on symbol | {'symbol': 'BANKUSDT', 'hours_since_loss': 11.9}
2026-07-26 07:55:31 | DEBUG | trading.strategy5_continuation:_scan_symbol:379 | S5 skip: recent loss on symbol | {'symbol': 'EULUSDT', 'hours_since_loss': 9.9}
2026-07-26 07:55:36 | DEBUG | trading.strategy5_continuation:_scan_symbol:379 | S5 skip: recent loss on symbol | {'symbol': 'BANKUSDT', 'hours_since_loss': 11.9}
2026-07-26 07:55:36 | DEBUG | trading.strategy5_continuation:_scan_symbol:379 | S5 skip: recent loss on symbol | {'symbol': 'EULUSDT', 'hours_since_loss': 9.9}
2026-07-26 07:55:41 | DEBUG | trading.strategy5_continuation:_scan_symbol:379 | S5 skip: recent loss on symbol | {'symbol': 'BANKUSDT', 'hours_since_loss': 11.9}
2026-07-26 07:55:41 | DEBUG | trading.strategy5_continuation:_scan_symbol:379 | S5 skip: recent loss on symbol | {'symbol': 'EULUSDT', 'hours_since_loss': 9.9}
2026-07-26 07:55:47 | DEBUG | trading.strategy5_continuation:_scan_symbol:379 | S5 skip: recent loss on symbol | {'symbol': 'BANKUSDT', 'hours_since_loss': 11.9}
2026-07-26 07:55:47 | DEBUG | trading.strategy5_continuation:_scan_symbol:379 | S5 skip: recent loss on symbol | {'symbol': 'EULUSDT', 'hours_since_loss': 9.9}
2026-07-26 07:55:52 | DEBUG | trading.strategy5_continuation:_scan_symbol:379 | S5 skip: recent loss on symbol | {'symbol': 'BANKUSDT', 'hours_since_loss': 11.9}
2026-07-26 07:55:52 | DEBUG | trading.strategy5_continuation:_scan_symbol:379 | S5 skip: recent loss on symbol | {'symbol': 'EULUSDT', 'hours_since_loss': 9.9}
2026-07-26 07:55:57 | DEBUG | trading.strategy5_continuation:_scan_symbol:379 | S5 skip: recent loss on symbol | {'symbol': 'BANKUSDT', 'hours_since_loss': 11.9}
2026-07-26 07:55:57 | DEBUG | trading.strategy5_continuation:_scan_symbol:379 | S5 skip: recent loss on symbol | {'symbol': 'EULUSDT', 'hours_since_loss': 9.9}
2026-07-26 07:56:02 | DEBUG | trading.strategy5_continuation:_scan_symbol:379 | S5 skip: recent loss on symbol | {'symbol': 'BANKUSDT', 'hours_since_loss': 11.9}
2026-07-26 07:56:02 | DEBUG | trading.strategy5_continuation:_scan_symbol:379 | S5 skip: recent loss on symbol | {'symbol': 'EULUSDT', 'hours_since_loss': 9.9}
2026-07-26 07:56:07 | DEBUG | trading.strategy5_continuation:_scan_symbol:379 | S5 skip: recent loss on symbol | {'symbol': 'BANKUSDT', 'hours_since_loss': 11.9}
2026-07-26 07:56:07 | DEBUG | trading.strategy5_continuation:_scan_symbol:379 | S5 skip: recent loss on symbol | {'symbol': 'EULUSDT', 'hours_since_loss': 9.9}
2026-07-26 07:56:12 | DEBUG | trading.strategy5_continuation:_scan_symbol:379 | S5 skip: recent loss on symbol | {'symbol': 'BANKUSDT', 'hours_since_loss': 11.9}
2026-07-26 07:56:12 | DEBUG | trading.strategy5_continuation:_scan_symbol:379 | S5 skip: recent loss on symbol | {'symbol': 'EULUSDT', 'hours_since_loss': 9.9}
2026-07-26 07:56:18 | DEBUG | trading.strategy5_continuation:_scan_symbol:379 | S5 skip: recent loss on symbol | {'symbol': 'BANKUSDT', 'hours_since_loss': 11.9}
2026-07-26 07:56:18 | DEBUG | trading.strategy5_continuation:_scan_symbol:379 | S5 skip: recent loss on symbol | {'symbol': 'EULUSDT', 'hours_since_loss': 9.9}
2026-07-26 07:56:23 | DEBUG | trading.strategy5_continuation:_scan_symbol:379 | S5 skip: recent loss on symbol | {'symbol': 'BANKUSDT', 'hours_since_loss': 11.9}
2026-07-26 07:56:23 | DEBUG | trading.strategy5_continuation:_scan_symbol:379 | S5 skip: recent loss on symbol | {'symbol': 'EULUSDT', 'hours_since_loss': 9.9}
2026-07-26 07:56:28 | DEBUG | trading.strategy5_continuation:_scan_symbol:379 | S5 skip: recent loss on symbol | {'symbol': 'BANKUSDT', 'hours_since_loss': 11.9}
2026-07-26 07:56:28 | DEBUG | trading.strategy5_continuation:_scan_symbol:379 | S5 skip: recent loss on symbol | {'symbol': 'EULUSDT', 'hours_since_loss': 9.9}
2026-07-26 07:56:33 | DEBUG | trading.strategy5_continuation:_scan_symbol:379 | S5 skip: recent loss on symbol | {'symbol': 'BANKUSDT', 'hours_since_loss': 11.9}
2026-07-26 07:56:33 | DEBUG | trading.strategy5_continuation:_scan_symbol:379 | S5 skip: recent loss on symbol | {'symbol': 'EULUSDT', 'hours_since_loss': 9.9}
2026-07-26 07:56:38 | DEBUG | trading.strategy5_continuation:_scan_symbol:379 | S5 skip: recent loss on symbol | {'symbol': 'BANKUSDT', 'hours_since_loss': 11.9}
2026-07-26 07:56:38 | DEBUG | trading.strategy5_continuation:_scan_symbol:379 | S5 skip: recent loss on symbol | {'symbol': 'EULUSDT', 'hours_since_loss': 9.9}
2026-07-26 07:56:44 | DEBUG | trading.strategy5_continuation:_scan_symbol:379 | S5 skip: recent loss on symbol | {'symbol': 'BANKUSDT', 'hours_since_loss': 11.9}
2026-07-26 07:56:44 | DEBUG | trading.strategy5_continuation:_scan_symbol:379 | S5 skip: recent loss on symbol | {'symbol': 'EULUSDT', 'hours_since_loss': 9.9}
2026-07-26 07:56:49 | DEBUG | trading.strategy5_continuation:_scan_symbol:379 | S5 skip: recent loss on symbol | {'symbol': 'BANKUSDT', 'hours_since_loss': 11.9}
2026-07-26 07:56:49 | DEBUG | trading.strategy5_continuation:_scan_symbol:379 | S5 skip: recent loss on symbol | {'symbol': 'EULUSDT', 'hours_since_loss': 9.9}
2026-07-26 07:56:54 | DEBUG | trading.strategy5_continuation:_scan_symbol:379 | S5 skip: recent loss on symbol | {'symbol': 'BANKUSDT', 'hours_since_loss': 11.9}
2026-07-26 07:56:54 | DEBUG | trading.strategy5_continuation:_scan_symbol:379 | S5 skip: recent loss on symbol | {'symbol': 'EULUSDT', 'hours_since_loss': 9.9}
2026-07-26 07:56:59 | DEBUG | trading.strategy5_continuation:_scan_symbol:379 | S5 skip: recent loss on symbol | {'symbol': 'BANKUSDT', 'hours_since_loss': 11.9}
2026-07-26 07:56:59 | DEBUG | trading.strategy5_continuation:_scan_symbol:379 | S5 skip: recent loss on symbol | {'symbol': 'EULUSDT', 'hours_since_loss': 9.9}
2026-07-26 07:57:04 | DEBUG | trading.strategy5_continuation:_scan_symbol:379 | S5 skip: recent loss on symbol | {'symbol': 'BANKUSDT', 'hours_since_loss': 11.9}
2026-07-26 07:57:04 | DEBUG | trading.strategy5_continuation:_scan_symbol:379 | S5 skip: recent loss on symbol | {'symbol': 'EULUSDT', 'hours_since_loss': 9.9}
2026-07-26 07:57:09 | DEBUG | trading.strategy5_continuation:_scan_symbol:379 | S5 skip: recent loss on symbol | {'symbol': 'BANKUSDT', 'hours_since_loss': 11.9}
2026-07-26 07:57:10 | DEBUG | trading.strategy5_continuation:_scan_symbol:379 | S5 skip: recent loss on symbol | {'symbol': 'EULUSDT', 'hours_since_loss': 9.9}
2026-07-26 07:57:15 | DEBUG | trading.strategy5_continuation:_scan_symbol:379 | S5 skip: recent loss on symbol | {'symbol': 'BANKUSDT', 'hours_since_loss': 11.9}
2026-07-26 07:57:15 | DEBUG | trading.strategy5_continuation:_scan_symbol:379 | S5 skip: recent loss on symbol | {'symbol': 'EULUSDT', 'hours_since_loss': 9.9}
2026-07-26 07:57:20 | DEBUG | trading.strategy5_continuation:_scan_symbol:379 | S5 skip: recent loss on symbol | {'symbol': 'BANKUSDT', 'hours_since_loss': 11.9}
2026-07-26 07:57:20 | DEBUG | trading.strategy5_continuation:_scan_symbol:379 | S5 skip: recent loss on symbol | {'symbol': 'EULUSDT', 'hours_since_loss': 9.9}
2026-07-26 07:57:25 | DEBUG | trading.strategy5_continuation:_scan_symbol:379 | S5 skip: recent loss on symbol | {'symbol': 'BANKUSDT', 'hours_since_loss': 11.9}
2026-07-26 07:57:25 | DEBUG | trading.strategy5_continuation:_scan_symbol:379 | S5 skip: recent loss on symbol | {'symbol': 'EULUSDT', 'hours_since_loss': 9.9}
2026-07-26 07:57:30 | DEBUG | trading.strategy5_continuation:_scan_symbol:379 | S5 skip: recent loss on symbol | {'symbol': 'BANKUSDT', 'hours_since_loss': 11.9}
2026-07-26 07:57:30 | DEBUG | trading.strategy5_continuation:_scan_symbol:379 | S5 skip: recent loss on symbol | {'symbol': 'EULUSDT', 'hours_since_loss': 9.9}
2026-07-26 07:57:35 | DEBUG | trading.strategy5_continuation:_scan_symbol:379 | S5 skip: recent loss on symbol | {'symbol': 'BANKUSDT', 'hours_since_loss': 11.9}
2026-07-26 07:57:35 | DEBUG | trading.strategy5_continuation:_scan_symbol:379 | S5 skip: recent loss on symbol | {'symbol': 'EULUSDT', 'hours_since_loss': 9.9}
2026-07-26 07:57:41 | DEBUG | trading.strategy5_continuation:_scan_symbol:379 | S5 skip: recent loss on symbol | {'symbol': 'BANKUSDT', 'hours_since_loss': 11.9}
2026-07-26 07:57:41 | DEBUG | trading.strategy5_continuation:_scan_symbol:379 | S5 skip: recent loss on symbol | {'symbol': 'EULUSDT', 'hours_since_loss': 9.9}
2026-07-26 07:57:46 | DEBUG | trading.strategy5_continuation:_scan_symbol:379 | S5 skip: recent loss on symbol | {'symbol': 'BANKUSDT', 'hours_since_loss': 11.9}
2026-07-26 07:57:46 | DEBUG | trading.strategy5_continuation:_scan_symbol:379 | S5 skip: recent loss on symbol | {'symbol': 'EULUSDT', 'hours_since_loss': 9.9}
2026-07-26 07:57:51 | DEBUG | trading.strategy5_continuation:_scan_symbol:379 | S5 skip: recent loss on symbol | {'symbol': 'BANKUSDT', 'hours_since_loss': 11.9}
2026-07-26 07:57:51 | DEBUG | trading.strategy5_continuation:_scan_symbol:379 | S5 skip: recent loss on symbol | {'symbol': 'EULUSDT', 'hours_since_loss': 9.9}
2026-07-26 07:57:56 | DEBUG | trading.strategy5_continuation:_scan_symbol:379 | S5 skip: recent loss on symbol | {'symbol': 'BANKUSDT', 'hours_since_loss': 11.9}
2026-07-26 07:57:56 | DEBUG | trading.strategy5_continuation:_scan_symbol:379 | S5 skip: recent loss on symbol | {'symbol': 'EULUSDT', 'hours_since_loss': 9.9}
2026-07-26 07:58:01 | DEBUG | trading.strategy5_continuation:_scan_symbol:379 | S5 skip: recent loss on symbol | {'symbol': 'BANKUSDT', 'hours_since_loss': 11.9}
2026-07-26 07:58:01 | DEBUG | trading.strategy5_continuation:_scan_symbol:379 | S5 skip: recent loss on symbol | {'symbol': 'EULUSDT', 'hours_since_loss': 9.9}
2026-07-26 07:58:06 | DEBUG | trading.strategy5_continuation:_scan_symbol:379 | S5 skip: recent loss on symbol | {'symbol': 'BANKUSDT', 'hours_since_loss': 11.9}
2026-07-26 07:58:07 | DEBUG | trading.strategy5_continuation:_scan_symbol:379 | S5 skip: recent loss on symbol | {'symbol': 'EULUSDT', 'hours_since_loss': 9.9}
2026-07-26 07:58:12 | DEBUG | trading.strategy5_continuation:_scan_symbol:379 | S5 skip: recent loss on symbol | {'symbol': 'BANKUSDT', 'hours_since_loss': 11.9}
2026-07-26 07:58:12 | DEBUG | trading.strategy5_continuation:_scan_symbol:379 | S5 skip: recent loss on symbol | {'symbol': 'EULUSDT', 'hours_since_loss': 9.9}
2026-07-26 07:58:17 | DEBUG | trading.strategy5_continuation:_scan_symbol:379 | S5 skip: recent loss on symbol | {'symbol': 'BANKUSDT', 'hours_since_loss': 11.9}
2026-07-26 07:58:17 | DEBUG | trading.strategy5_continuation:_scan_symbol:379 | S5 skip: recent loss on symbol | {'symbol': 'EULUSDT', 'hours_since_loss': 9.9}
2026-07-26 07:58:22 | DEBUG | trading.strategy5_continuation:_scan_symbol:379 | S5 skip: recent loss on symbol | {'symbol': 'BANKUSDT', 'hours_since_loss': 11.9}
2026-07-26 07:58:22 | DEBUG | trading.strategy5_continuation:_scan_symbol:379 | S5 skip: recent loss on symbol | {'symbol': 'EULUSDT', 'hours_since_loss': 9.9}
2026-07-26 07:58:27 | DEBUG | trading.strategy5_continuation:_scan_symbol:379 | S5 skip: recent loss on symbol | {'symbol': 'BANKUSDT', 'hours_since_loss': 11.9}
2026-07-26 07:58:27 | DEBUG | trading.strategy5_continuation:_scan_symbol:379 | S5 skip: recent loss on symbol | {'symbol': 'EULUSDT', 'hours_since_loss': 9.9}
2026-07-26 07:58:32 | DEBUG | trading.strategy5_continuation:_scan_symbol:379 | S5 skip: recent loss on symbol | {'symbol': 'BANKUSDT', 'hours_since_loss': 11.9}
2026-07-26 07:58:32 | DEBUG | trading.strategy5_continuation:_scan_symbol:379 | S5 skip: recent loss on symbol | {'symbol': 'EULUSDT', 'hours_since_loss': 9.9}
2026-07-26 07:58:38 | DEBUG | trading.strategy5_continuation:_scan_symbol:379 | S5 skip: recent loss on symbol | {'symbol': 'BANKUSDT', 'hours_since_loss': 11.9}
2026-07-26 07:58:38 | DEBUG | trading.strategy5_continuation:_scan_symbol:379 | S5 skip: recent loss on symbol | {'symbol': 'EULUSDT', 'hours_since_loss': 9.9}
2026-07-26 07:58:43 | DEBUG | trading.strategy5_continuation:_scan_symbol:379 | S5 skip: recent loss on symbol | {'symbol': 'BANKUSDT', 'hours_since_loss': 11.9}
2026-07-26 07:58:43 | DEBUG | trading.strategy5_continuation:_scan_symbol:379 | S5 skip: recent loss on symbol | {'symbol': 'EULUSDT', 'hours_since_loss': 9.9}
2026-07-26 07:58:48 | DEBUG | trading.strategy5_continuation:_scan_symbol:379 | S5 skip: recent loss on symbol | {'symbol': 'BANKUSDT', 'hours_since_loss': 11.9}
2026-07-26 07:58:48 | DEBUG | trading.strategy5_continuation:_scan_symbol:379 | S5 skip: recent loss on symbol | {'symbol': 'EULUSDT', 'hours_since_loss': 9.9}
2026-07-26 07:58:53 | DEBUG | trading.strategy5_continuation:_scan_symbol:379 | S5 skip: recent loss on symbol | {'symbol': 'BANKUSDT', 'hours_since_loss': 11.9}
2026-07-26 07:58:53 | DEBUG | trading.strategy5_continuation:_scan_symbol:379 | S5 skip: recent loss on symbol | {'symbol': 'EULUSDT', 'hours_since_loss': 9.9}
2026-07-26 07:58:58 | DEBUG | trading.strategy5_continuation:_scan_symbol:379 | S5 skip: recent loss on symbol | {'symbol': 'BANKUSDT', 'hours_since_loss': 11.9}
2026-07-26 07:58:58 | DEBUG | trading.strategy5_continuation:_scan_symbol:379 | S5 skip: recent loss on symbol | {'symbol': 'EULUSDT', 'hours_since_loss': 9.9}
2026-07-26 07:59:03 | DEBUG | trading.strategy5_continuation:_scan_symbol:379 | S5 skip: recent loss on symbol | {'symbol': 'BANKUSDT', 'hours_since_loss': 11.9}
2026-07-26 07:59:03 | DEBUG | trading.strategy5_continuation:_scan_symbol:379 | S5 skip: recent loss on symbol | {'symbol': 'EULUSDT', 'hours_since_loss': 9.9}
2026-07-26 07:59:09 | DEBUG | trading.strategy5_continuation:_scan_symbol:379 | S5 skip: recent loss on symbol | {'symbol': 'BANKUSDT', 'hours_since_loss': 11.9}
2026-07-26 07:59:09 | DEBUG | trading.strategy5_continuation:_scan_symbol:379 | S5 skip: recent loss on symbol | {'symbol': 'EULUSDT', 'hours_since_loss': 9.9}
2026-07-26 07:59:14 | DEBUG | trading.strategy5_continuation:_scan_symbol:379 | S5 skip: recent loss on symbol | {'symbol': 'BANKUSDT', 'hours_since_loss': 11.9}
2026-07-26 07:59:14 | DEBUG | trading.strategy5_continuation:_scan_symbol:379 | S5 skip: recent loss on symbol | {'symbol': 'EULUSDT', 'hours_since_loss': 9.9}
2026-07-26 07:59:19 | DEBUG | trading.strategy5_continuation:_scan_symbol:379 | S5 skip: recent loss on symbol | {'symbol': 'BANKUSDT', 'hours_since_loss': 11.9}
2026-07-26 07:59:19 | DEBUG | trading.strategy5_continuation:_scan_symbol:379 | S5 skip: recent loss on symbol | {'symbol': 'EULUSDT', 'hours_since_loss': 9.9}
2026-07-26 07:59:24 | DEBUG | trading.strategy5_continuation:_scan_symbol:379 | S5 skip: recent loss on symbol | {'symbol': 'BANKUSDT', 'hours_since_loss': 11.9}
2026-07-26 07:59:24 | DEBUG | trading.strategy5_continuation:_scan_symbol:379 | S5 skip: recent loss on symbol | {'symbol': 'EULUSDT', 'hours_since_loss': 9.9}
2026-07-26 07:59:29 | DEBUG | trading.strategy5_continuation:_scan_symbol:379 | S5 skip: recent loss on symbol | {'symbol': 'BANKUSDT', 'hours_since_loss': 11.9}
2026-07-26 07:59:29 | DEBUG | trading.strategy5_continuation:_scan_symbol:379 | S5 skip: recent loss on symbol | {'symbol': 'EULUSDT', 'hours_since_loss': 9.9}
2026-07-26 07:59:34 | DEBUG | trading.strategy5_continuation:_scan_symbol:379 | S5 skip: recent loss on symbol | {'symbol': 'BANKUSDT', 'hours_since_loss': 11.9}
2026-07-26 07:59:34 | DEBUG | trading.strategy5_continuation:_scan_symbol:379 | S5 skip: recent loss on symbol | {'symbol': 'EULUSDT', 'hours_since_loss': 9.9}
2026-07-26 07:59:40 | DEBUG | trading.strategy5_continuation:_scan_symbol:379 | S5 skip: recent loss on symbol | {'symbol': 'BANKUSDT', 'hours_since_loss': 11.9}
2026-07-26 07:59:40 | DEBUG | trading.strategy5_continuation:_scan_symbol:379 | S5 skip: recent loss on symbol | {'symbol': 'EULUSDT', 'hours_since_loss': 9.9}
2026-07-26 07:59:45 | DEBUG | trading.strategy5_continuation:_scan_symbol:379 | S5 skip: recent loss on symbol | {'symbol': 'BANKUSDT', 'hours_since_loss': 11.9}
2026-07-26 07:59:45 | DEBUG | trading.strategy5_continuation:_scan_symbol:379 | S5 skip: recent loss on symbol | {'symbol': 'EULUSDT', 'hours_since_loss': 9.9}
2026-07-26 07:59:50 | DEBUG | trading.strategy5_continuation:_scan_symbol:379 | S5 skip: recent loss on symbol | {'symbol': 'BANKUSDT', 'hours_since_loss': 11.9}
2026-07-26 07:59:50 | DEBUG | trading.strategy5_continuation:_scan_symbol:379 | S5 skip: recent loss on symbol | {'symbol': 'EULUSDT', 'hours_since_loss': 9.9}
2026-07-26 07:59:55 | DEBUG | trading.strategy5_continuation:_scan_symbol:379 | S5 skip: recent loss on symbol | {'symbol': 'BANKUSDT', 'hours_since_loss': 11.9}
2026-07-26 07:59:55 | DEBUG | trading.strategy5_continuation:_scan_symbol:379 | S5 skip: recent loss on symbol | {'symbol': 'EULUSDT', 'hours_since_loss': 9.9}
2026-07-26 08:00:00 | DEBUG | trading.strategy5_continuation:_scan_symbol:379 | S5 skip: recent loss on symbol | {'symbol': 'BANKUSDT', 'hours_since_loss': 11.9}
2026-07-26 08:00:00 | DEBUG | trading.strategy5_continuation:_scan_symbol:379 | S5 skip: recent loss on symbol | {'symbol': 'EULUSDT', 'hours_since_loss': 9.9}
2026-07-26 08:00:06 | DEBUG | trading.strategy5_continuation:_scan_symbol:379 | S5 skip: recent loss on symbol | {'symbol': 'BANKUSDT', 'hours_since_loss': 11.9}
2026-07-26 08:00:06 | DEBUG | trading.strategy5_continuation:_scan_symbol:379 | S5 skip: recent loss on symbol | {'symbol': 'EULUSDT', 'hours_since_loss': 9.9}
2026-07-26 08:00:11 | DEBUG | trading.strategy5_continuation:_scan_symbol:379 | S5 skip: recent loss on symbol | {'symbol': 'BANKUSDT', 'hours_since_loss': 11.9}
2026-07-26 08:00:11 | DEBUG | trading.strategy5_continuation:_scan_symbol:379 | S5 skip: recent loss on symbol | {'symbol': 'EULUSDT', 'hours_since_loss': 9.9}
2026-07-26 08:00:16 | DEBUG | trading.strategy5_continuation:_scan_symbol:379 | S5 skip: recent loss on symbol | {'symbol': 'BANKUSDT', 'hours_since_loss': 11.9}
2026-07-26 08:00:16 | DEBUG | trading.strategy5_continuation:_scan_symbol:379 | S5 skip: recent loss on symbol | {'symbol': 'EULUSDT', 'hours_since_loss': 9.9}
2026-07-26 08:00:21 | DEBUG | trading.strategy5_continuation:_scan_symbol:379 | S5 skip: recent loss on symbol | {'symbol': 'BANKUSDT', 'hours_since_loss': 11.9}
2026-07-26 08:00:21 | DEBUG | trading.strategy5_continuation:_scan_symbol:379 | S5 skip: recent loss on symbol | {'symbol': 'EULUSDT', 'hours_since_loss': 9.9}
2026-07-26 08:00:26 | DEBUG | trading.strategy5_continuation:_scan_symbol:379 | S5 skip: recent loss on symbol | {'symbol': 'BANKUSDT', 'hours_since_loss': 12.0}
2026-07-26 08:00:26 | DEBUG | trading.strategy5_continuation:_scan_symbol:379 | S5 skip: recent loss on symbol | {'symbol': 'EULUSDT', 'hours_since_loss': 10.0}
2026-07-26 08:00:31 | DEBUG | trading.strategy5_continuation:_scan_symbol:379 | S5 skip: recent loss on symbol | {'symbol': 'BANKUSDT', 'hours_since_loss': 12.0}
2026-07-26 08:00:31 | DEBUG | trading.strategy5_continuation:_scan_symbol:379 | S5 skip: recent loss on symbol | {'symbol': 'EULUSDT', 'hours_since_loss': 10.0}
2026-07-26 08:00:37 | DEBUG | trading.strategy5_continuation:_scan_symbol:379 | S5 skip: recent loss on symbol | {'symbol': 'BANKUSDT', 'hours_since_loss': 12.0}
2026-07-26 08:00:37 | DEBUG | trading.strategy5_continuation:_scan_symbol:379 | S5 skip: recent loss on symbol | {'symbol': 'EULUSDT', 'hours_since_loss': 10.0}
2026-07-26 08:00:42 | DEBUG | trading.strategy5_continuation:_scan_symbol:379 | S5 skip: recent loss on symbol | {'symbol': 'BANKUSDT', 'hours_since_loss': 12.0}
2026-07-26 08:00:42 | DEBUG | trading.strategy5_continuation:_scan_symbol:379 | S5 skip: recent loss on symbol | {'symbol': 'EULUSDT', 'hours_since_loss': 10.0}
2026-07-26 08:00:47 | DEBUG | trading.strategy5_continuation:_scan_symbol:379 | S5 skip: recent loss on symbol | {'symbol': 'BANKUSDT', 'hours_since_loss': 12.0}
2026-07-26 08:00:47 | DEBUG | trading.strategy5_continuation:_scan_symbol:379 | S5 skip: recent loss on symbol | {'symbol': 'EULUSDT', 'hours_since_loss': 10.0}
2026-07-26 08:00:52 | DEBUG | trading.strategy5_continuation:_scan_symbol:379 | S5 skip: recent loss on symbol | {'symbol': 'BANKUSDT', 'hours_since_loss': 12.0}
2026-07-26 08:00:52 | DEBUG | trading.strategy5_continuation:_scan_symbol:379 | S5 skip: recent loss on symbol | {'symbol': 'EULUSDT', 'hours_since_loss': 10.0}
2026-07-26 08:00:57 | DEBUG | trading.strategy5_continuation:_scan_symbol:379 | S5 skip: recent loss on symbol | {'symbol': 'BANKUSDT', 'hours_since_loss': 12.0}
2026-07-26 08:00:57 | DEBUG | trading.strategy5_continuation:_scan_symbol:379 | S5 skip: recent loss on symbol | {'symbol': 'EULUSDT', 'hours_since_loss': 10.0}
2026-07-26 08:01:03 | DEBUG | trading.strategy5_continuation:_scan_symbol:379 | S5 skip: recent loss on symbol | {'symbol': 'BANKUSDT', 'hours_since_loss': 12.0}
2026-07-26 08:01:03 | DEBUG | trading.strategy5_continuation:_scan_symbol:379 | S5 skip: recent loss on symbol | {'symbol': 'EULUSDT', 'hours_since_loss': 10.0}
2026-07-26 08:01:08 | DEBUG | trading.strategy5_continuation:_scan_symbol:379 | S5 skip: recent loss on symbol | {'symbol': 'BANKUSDT', 'hours_since_loss': 12.0}
2026-07-26 08:01:08 | DEBUG | trading.strategy5_continuation:_scan_symbol:379 | S5 skip: recent loss on symbol | {'symbol': 'EULUSDT', 'hours_since_loss': 10.0}
2026-07-26 08:01:13 | DEBUG | trading.strategy5_continuation:_scan_symbol:379 | S5 skip: recent loss on symbol | {'symbol': 'BANKUSDT', 'hours_since_loss': 12.0}
2026-07-26 08:01:13 | DEBUG | trading.strategy5_continuation:_scan_symbol:379 | S5 skip: recent loss on symbol | {'symbol': 'EULUSDT', 'hours_since_loss': 10.0}
2026-07-26 08:01:18 | DEBUG | trading.strategy5_continuation:_scan_symbol:379 | S5 skip: recent loss on symbol | {'symbol': 'BANKUSDT', 'hours_since_loss': 12.0}
2026-07-26 08:01:18 | DEBUG | trading.strategy5_continuation:_scan_symbol:379 | S5 skip: recent loss on symbol | {'symbol': 'EULUSDT', 'hours_since_loss': 10.0}
2026-07-26 08:01:23 | DEBUG | trading.strategy5_continuation:_scan_symbol:379 | S5 skip: recent loss on symbol | {'symbol': 'BANKUSDT', 'hours_since_loss': 12.0}
2026-07-26 08:01:23 | DEBUG | trading.strategy5_continuation:_scan_symbol:379 | S5 skip: recent loss on symbol | {'symbol': 'EULUSDT', 'hours_since_loss': 10.0}
2026-07-26 08:01:28 | DEBUG | trading.strategy5_continuation:_scan_symbol:379 | S5 skip: recent loss on symbol | {'symbol': 'BANKUSDT', 'hours_since_loss': 12.0}
2026-07-26 08:01:28 | DEBUG | trading.strategy5_continuation:_scan_symbol:379 | S5 skip: recent loss on symbol | {'symbol': 'EULUSDT', 'hours_since_loss': 10.0}
2026-07-26 08:01:34 | DEBUG | trading.strategy5_continuation:_scan_symbol:379 | S5 skip: recent loss on symbol | {'symbol': 'BANKUSDT', 'hours_since_loss': 12.0}
2026-07-26 08:01:34 | DEBUG | trading.strategy5_continuation:_scan_symbol:379 | S5 skip: recent loss on symbol | {'symbol': 'EULUSDT', 'hours_since_loss': 10.0}
2026-07-26 08:01:39 | DEBUG | trading.strategy5_continuation:_scan_symbol:379 | S5 skip: recent loss on symbol | {'symbol': 'BANKUSDT', 'hours_since_loss': 12.0}
2026-07-26 08:01:39 | DEBUG | trading.strategy5_continuation:_scan_symbol:379 | S5 skip: recent loss on symbol | {'symbol': 'EULUSDT', 'hours_since_loss': 10.0}
2026-07-26 08:01:44 | DEBUG | trading.strategy5_continuation:_scan_symbol:379 | S5 skip: recent loss on symbol | {'symbol': 'BANKUSDT', 'hours_since_loss': 12.0}
2026-07-26 08:01:44 | DEBUG | trading.strategy5_continuation:_scan_symbol:379 | S5 skip: recent loss on symbol | {'symbol': 'EULUSDT', 'hours_since_loss': 10.0}
2026-07-26 08:01:49 | DEBUG | trading.strategy5_continuation:_scan_symbol:379 | S5 skip: recent loss on symbol | {'symbol': 'BANKUSDT', 'hours_since_loss': 12.0}
2026-07-26 08:01:49 | DEBUG | trading.strategy5_continuation:_scan_symbol:379 | S5 skip: recent loss on symbol | {'symbol': 'EULUSDT', 'hours_since_loss': 10.0}
2026-07-26 08:01:54 | DEBUG | trading.strategy5_continuation:_scan_symbol:379 | S5 skip: recent loss on symbol | {'symbol': 'BANKUSDT', 'hours_since_loss': 12.0}
2026-07-26 08:01:54 | DEBUG | trading.strategy5_continuation:_scan_symbol:379 | S5 skip: recent loss on symbol | {'symbol': 'EULUSDT', 'hours_since_loss': 10.0}
2026-07-26 08:01:59 | DEBUG | trading.strategy5_continuation:_scan_symbol:379 | S5 skip: recent loss on symbol | {'symbol': 'BANKUSDT', 'hours_since_loss': 12.0}
2026-07-26 08:02:00 | DEBUG | trading.strategy5_continuation:_scan_symbol:379 | S5 skip: recent loss on symbol | {'symbol': 'EULUSDT', 'hours_since_loss': 10.0}
2026-07-26 08:02:05 | DEBUG | trading.strategy5_continuation:_scan_symbol:379 | S5 skip: recent loss on symbol | {'symbol': 'BANKUSDT', 'hours_since_loss': 12.0}
2026-07-26 08:02:05 | DEBUG | trading.strategy5_continuation:_scan_symbol:379 | S5 skip: recent loss on symbol | {'symbol': 'EULUSDT', 'hours_since_loss': 10.0}
2026-07-26 08:02:10 | DEBUG | trading.strategy5_continuation:_scan_symbol:379 | S5 skip: recent loss on symbol | {'symbol': 'BANKUSDT', 'hours_since_loss': 12.0}
2026-07-26 08:02:10 | DEBUG | trading.strategy5_continuation:_scan_symbol:379 | S5 skip: recent loss on symbol | {'symbol': 'EULUSDT', 'hours_since_loss': 10.0}
2026-07-26 08:02:15 | DEBUG | trading.strategy5_continuation:_scan_symbol:379 | S5 skip: recent loss on symbol | {'symbol': 'BANKUSDT', 'hours_since_loss': 12.0}
2026-07-26 08:02:15 | DEBUG | trading.strategy5_continuation:_scan_symbol:379 | S5 skip: recent loss on symbol | {'symbol': 'EULUSDT', 'hours_since_loss': 10.0}
2026-07-26 08:02:20 | DEBUG | trading.strategy5_continuation:_scan_symbol:379 | S5 skip: recent loss on symbol | {'symbol': 'BANKUSDT', 'hours_since_loss': 12.0}
2026-07-26 08:02:20 | DEBUG | trading.strategy5_continuation:_scan_symbol:379 | S5 skip: recent loss on symbol | {'symbol': 'EULUSDT', 'hours_since_loss': 10.0}
2026-07-26 08:02:25 | DEBUG | trading.strategy5_continuation:_scan_symbol:379 | S5 skip: recent loss on symbol | {'symbol': 'BANKUSDT', 'hours_since_loss': 12.0}
2026-07-26 08:02:25 | DEBUG | trading.strategy5_continuation:_scan_symbol:379 | S5 skip: recent loss on symbol | {'symbol': 'EULUSDT', 'hours_since_loss': 10.0}
2026-07-26 08:02:31 | DEBUG | trading.strategy5_continuation:_scan_symbol:379 | S5 skip: recent loss on symbol | {'symbol': 'BANKUSDT', 'hours_since_loss': 12.0}
2026-07-26 08:02:31 | DEBUG | trading.strategy5_continuation:_scan_symbol:379 | S5 skip: recent loss on symbol | {'symbol': 'EULUSDT', 'hours_since_loss': 10.0}
2026-07-26 08:02:36 | DEBUG | trading.strategy5_continuation:_scan_symbol:379 | S5 skip: recent loss on symbol | {'symbol': 'BANKUSDT', 'hours_since_loss': 12.0}
2026-07-26 08:02:36 | DEBUG | trading.strategy5_continuation:_scan_symbol:379 | S5 skip: recent loss on symbol | {'symbol': 'EULUSDT', 'hours_since_loss': 10.0}
2026-07-26 08:02:41 | DEBUG | trading.strategy5_continuation:_scan_symbol:379 | S5 skip: recent loss on symbol | {'symbol': 'BANKUSDT', 'hours_since_loss': 12.0}
2026-07-26 08:02:41 | DEBUG | trading.strategy5_continuation:_scan_symbol:379 | S5 skip: recent loss on symbol | {'symbol': 'EULUSDT', 'hours_since_loss': 10.0}
2026-07-26 08:02:46 | DEBUG | trading.strategy5_continuation:_scan_symbol:379 | S5 skip: recent loss on symbol | {'symbol': 'BANKUSDT', 'hours_since_loss': 12.0}
2026-07-26 08:02:46 | DEBUG | trading.strategy5_continuation:_scan_symbol:379 | S5 skip: recent loss on symbol | {'symbol': 'EULUSDT', 'hours_since_loss': 10.0}
2026-07-26 08:02:51 | DEBUG | trading.strategy5_continuation:_scan_symbol:379 | S5 skip: recent loss on symbol | {'symbol': 'BANKUSDT', 'hours_since_loss': 12.0}
2026-07-26 08:02:51 | DEBUG | trading.strategy5_continuation:_scan_symbol:379 | S5 skip: recent loss on symbol | {'symbol': 'EULUSDT', 'hours_since_loss': 10.0}
2026-07-26 08:02:57 | DEBUG | trading.strategy5_continuation:_scan_symbol:379 | S5 skip: recent loss on symbol | {'symbol': 'BANKUSDT', 'hours_since_loss': 12.0}
2026-07-26 08:02:57 | DEBUG | trading.strategy5_continuation:_scan_symbol:379 | S5 skip: recent loss on symbol | {'symbol': 'EULUSDT', 'hours_since_loss': 10.0}
2026-07-26 08:03:02 | DEBUG | trading.strategy5_continuation:_scan_symbol:379 | S5 skip: recent loss on symbol | {'symbol': 'BANKUSDT', 'hours_since_loss': 12.0}
2026-07-26 08:03:02 | DEBUG | trading.strategy5_continuation:_scan_symbol:379 | S5 skip: recent loss on symbol | {'symbol': 'EULUSDT', 'hours_since_loss': 10.0}
2026-07-26 08:03:07 | DEBUG | trading.strategy5_continuation:_scan_symbol:379 | S5 skip: recent loss on symbol | {'symbol': 'BANKUSDT', 'hours_since_loss': 12.0}
2026-07-26 08:03:07 | DEBUG | trading.strategy5_continuation:_scan_symbol:379 | S5 skip: recent loss on symbol | {'symbol': 'EULUSDT', 'hours_since_loss': 10.0}
2026-07-26 08:03:12 | DEBUG | trading.strategy5_continuation:_scan_symbol:379 | S5 skip: recent loss on symbol | {'symbol': 'BANKUSDT', 'hours_since_loss': 12.0}
2026-07-26 08:03:12 | DEBUG | trading.strategy5_continuation:_scan_symbol:379 | S5 skip: recent loss on symbol | {'symbol': 'EULUSDT', 'hours_since_loss': 10.0}
2026-07-26 08:03:17 | DEBUG | trading.strategy5_continuation:_scan_symbol:379 | S5 skip: recent loss on symbol | {'symbol': 'BANKUSDT', 'hours_since_loss': 12.0}
2026-07-26 08:03:17 | DEBUG | trading.strategy5_continuation:_scan_symbol:379 | S5 skip: recent loss on symbol | {'symbol': 'EULUSDT', 'hours_since_loss': 10.0}
2026-07-26 08:03:22 | DEBUG | trading.strategy5_continuation:_scan_symbol:379 | S5 skip: recent loss on symbol | {'symbol': 'BANKUSDT', 'hours_since_loss': 12.0}
2026-07-26 08:03:23 | DEBUG | trading.strategy5_continuation:_scan_symbol:379 | S5 skip: recent loss on symbol | {'symbol': 'EULUSDT', 'hours_since_loss': 10.0}
2026-07-26 08:03:28 | DEBUG | trading.strategy5_continuation:_scan_symbol:379 | S5 skip: recent loss on symbol | {'symbol': 'EULUSDT', 'hours_since_loss': 10.0}
2026-07-26 08:03:33 | DEBUG | trading.strategy5_continuation:_scan_symbol:379 | S5 skip: recent loss on symbol | {'symbol': 'EULUSDT', 'hours_since_loss': 10.0}
2026-07-26 08:03:38 | DEBUG | trading.strategy5_continuation:_scan_symbol:379 | S5 skip: recent loss on symbol | {'symbol': 'EULUSDT', 'hours_since_loss': 10.0}
2026-07-26 08:03:43 | DEBUG | trading.strategy5_continuation:_scan_symbol:379 | S5 skip: recent loss on symbol | {'symbol': 'EULUSDT', 'hours_since_loss': 10.0}
2026-07-26 08:03:48 | DEBUG | trading.strategy5_continuation:_scan_symbol:379 | S5 skip: recent loss on symbol | {'symbol': 'EULUSDT', 'hours_since_loss': 10.0}
2026-07-26 08:03:54 | DEBUG | trading.strategy5_continuation:_scan_symbol:379 | S5 skip: recent loss on symbol | {'symbol': 'EULUSDT', 'hours_since_loss': 10.0}
2026-07-26 08:03:59 | DEBUG | trading.strategy5_continuation:_scan_symbol:379 | S5 skip: recent loss on symbol | {'symbol': 'EULUSDT', 'hours_since_loss': 10.0}
2026-07-26 08:04:04 | DEBUG | trading.strategy5_continuation:_scan_symbol:379 | S5 skip: recent loss on symbol | {'symbol': 'EULUSDT', 'hours_since_loss': 10.0}
2026-07-26 08:04:09 | DEBUG | trading.strategy5_continuation:_scan_symbol:379 | S5 skip: recent loss on symbol | {'symbol': 'EULUSDT', 'hours_since_loss': 10.0}
2026-07-26 08:04:14 | DEBUG | trading.strategy5_continuation:_scan_symbol:379 | S5 skip: recent loss on symbol | {'symbol': 'EULUSDT', 'hours_since_loss': 10.0}
2026-07-26 08:04:20 | INFO | trading.strategy2_signal_filter:check:681 | S2 market phase | {'symbol': 'PIEVERSEUSDT', 'phase': 'drop_tradeable', 'note': 'drop_tradeable:bq=1.00'}
2026-07-26 08:04:20 | DEBUG | trading.strategy2_signal_filter:check:928 | S2 skip: RR below minimum | {'symbol': 'PIEVERSEUSDT', 'rr': 0.6, 'min_rr': 0.7, 'sl_dist_pct': 1.512, 'tp1_dist_pct': 0.9}
2026-07-26 08:04:20 | DEBUG | trading.strategy5_continuation:_scan_symbol:379 | S5 skip: recent loss on symbol | {'symbol': 'EULUSDT', 'hours_since_loss': 10.0}
2026-07-26 08:04:20 | DEBUG | trading.strategy2_signal_filter:check:563 | S2 skip: p_bounce below group floor | {'symbol': 'PIEVERSEUSDT', 'group': 'g1', 'p_bounce': 0.0, 'floor': 0.6, 'approach_count': 0, 'touches': 'unknown(no-count)'}
2026-07-26 08:04:25 | INFO | trading.strategy2_signal_filter:check:681 | S2 market phase | {'symbol': 'PIEVERSEUSDT', 'phase': 'drop_tradeable', 'note': 'drop_tradeable:bq=1.00'}
2026-07-26 08:04:25 | DEBUG | trading.strategy2_signal_filter:check:928 | S2 skip: RR below minimum | {'symbol': 'PIEVERSEUSDT', 'rr': 0.6, 'min_rr': 0.7, 'sl_dist_pct': 1.512, 'tp1_dist_pct': 0.9}
2026-07-26 08:04:25 | DEBUG | trading.strategy5_continuation:_scan_symbol:379 | S5 skip: recent loss on symbol | {'symbol': 'EULUSDT', 'hours_since_loss': 10.0}
2026-07-26 08:04:30 | DEBUG | trading.strategy5_continuation:_scan_symbol:379 | S5 skip: recent loss on symbol | {'symbol': 'EULUSDT', 'hours_since_loss': 10.0}
2026-07-26 08:04:35 | DEBUG | trading.strategy5_continuation:_scan_symbol:379 | S5 skip: recent loss on symbol | {'symbol': 'EULUSDT', 'hours_since_loss': 10.0}
2026-07-26 08:04:40 | INFO | trading.strategy2_signal_filter:check:681 | S2 market phase | {'symbol': 'PIEVERSEUSDT', 'phase': 'drop_tradeable', 'note': 'drop_tradeable:bq=1.00'}
2026-07-26 08:04:40 | DEBUG | trading.strategy2_signal_filter:check:928 | S2 skip: RR below minimum | {'symbol': 'PIEVERSEUSDT', 'rr': 0.6, 'min_rr': 0.7, 'sl_dist_pct': 1.512, 'tp1_dist_pct': 0.9}
2026-07-26 08:04:40 | DEBUG | trading.strategy2_signal_filter:check:563 | S2 skip: p_bounce below group floor | {'symbol': 'PIEVERSEUSDT', 'group': 'g1', 'p_bounce': 0.0, 'floor': 0.6, 'approach_count': 0, 'touches': 'unknown(no-count)'}
2026-07-26 08:04:40 | DEBUG | trading.strategy5_continuation:_scan_symbol:379 | S5 skip: recent loss on symbol | {'symbol': 'EULUSDT', 'hours_since_loss': 10.0}
2026-07-26 08:04:45 | INFO | trading.strategy2_signal_filter:check:681 | S2 market phase | {'symbol': 'PIEVERSEUSDT', 'phase': 'drop_tradeable', 'note': 'drop_tradeable:bq=1.00'}
2026-07-26 08:04:45 | DEBUG | trading.strategy2_signal_filter:check:928 | S2 skip: RR below minimum | {'symbol': 'PIEVERSEUSDT', 'rr': 0.6, 'min_rr': 0.7, 'sl_dist_pct': 1.512, 'tp1_dist_pct': 0.9}
2026-07-26 08:04:45 | DEBUG | trading.strategy5_continuation:_scan_symbol:379 | S5 skip: recent loss on symbol | {'symbol': 'EULUSDT', 'hours_since_loss': 10.0}
2026-07-26 08:04:51 | INFO | trading.strategy2_signal_filter:check:681 | S2 market phase | {'symbol': 'PIEVERSEUSDT', 'phase': 'drop_tradeable', 'note': 'drop_tradeable:bq=1.00'}
2026-07-26 08:04:51 | DEBUG | trading.strategy2_signal_filter:check:928 | S2 skip: RR below minimum | {'symbol': 'PIEVERSEUSDT', 'rr': 0.6, 'min_rr': 0.7, 'sl_dist_pct': 1.512, 'tp1_dist_pct': 0.9}
2026-07-26 08:04:51 | DEBUG | trading.strategy5_continuation:_scan_symbol:379 | S5 skip: recent loss on symbol | {'symbol': 'EULUSDT', 'hours_since_loss': 10.0}
2026-07-26 08:04:56 | INFO | trading.strategy2_signal_filter:check:681 | S2 market phase | {'symbol': 'PIEVERSEUSDT', 'phase': 'drop_tradeable', 'note': 'drop_tradeable:bq=1.00'}
2026-07-26 08:04:56 | DEBUG | trading.strategy2_signal_filter:check:928 | S2 skip: RR below minimum | {'symbol': 'PIEVERSEUSDT', 'rr': 0.6, 'min_rr': 0.7, 'sl_dist_pct': 1.512, 'tp1_dist_pct': 0.9}
2026-07-26 08:04:56 | DEBUG | trading.strategy2_signal_filter:check:563 | S2 skip: p_bounce below group floor | {'symbol': 'PIEVERSEUSDT', 'group': 'g1', 'p_bounce': 0.0, 'floor': 0.6, 'approach_count': 0, 'touches': 'unknown(no-count)'}
2026-07-26 08:04:56 | DEBUG | trading.strategy5_continuation:_scan_symbol:379 | S5 skip: recent loss on symbol | {'symbol': 'EULUSDT', 'hours_since_loss': 10.0}
2026-07-26 08:05:01 | INFO | trading.strategy2_signal_filter:check:681 | S2 market phase | {'symbol': 'PIEVERSEUSDT', 'phase': 'drop_tradeable', 'note': 'drop_tradeable:bq=1.00'}
2026-07-26 08:05:01 | DEBUG | trading.strategy2_signal_filter:check:928 | S2 skip: RR below minimum | {'symbol': 'PIEVERSEUSDT', 'rr': 0.6, 'min_rr': 0.7, 'sl_dist_pct': 1.512, 'tp1_dist_pct': 0.9}
2026-07-26 08:05:01 | DEBUG | trading.strategy5_continuation:_scan_symbol:379 | S5 skip: recent loss on symbol | {'symbol': 'EULUSDT', 'hours_since_loss': 10.0}
2026-07-26 08:05:06 | INFO | trading.strategy2_signal_filter:check:681 | S2 market phase | {'symbol': 'PIEVERSEUSDT', 'phase': 'drop_tradeable', 'note': 'drop_tradeable:bq=1.00'}
2026-07-26 08:05:06 | DEBUG | trading.strategy2_signal_filter:check:928 | S2 skip: RR below minimum | {'symbol': 'PIEVERSEUSDT', 'rr': 0.6, 'min_rr': 0.7, 'sl_dist_pct': 1.512, 'tp1_dist_pct': 0.9}
2026-07-26 08:05:06 | DEBUG | trading.strategy5_continuation:_scan_symbol:379 | S5 skip: recent loss on symbol | {'symbol': 'EULUSDT', 'hours_since_loss': 10.0}
2026-07-26 08:05:11 | INFO | trading.strategy2_signal_filter:check:681 | S2 market phase | {'symbol': 'PIEVERSEUSDT', 'phase': 'drop_tradeable', 'note': 'drop_tradeable:bq=1.00'}
2026-07-26 08:05:11 | DEBUG | trading.strategy2_signal_filter:check:928 | S2 skip: RR below minimum | {'symbol': 'PIEVERSEUSDT', 'rr': 0.6, 'min_rr': 0.7, 'sl_dist_pct': 1.512, 'tp1_dist_pct': 0.9}
2026-07-26 08:05:11 | DEBUG | trading.strategy2_signal_filter:check:563 | S2 skip: p_bounce below group floor | {'symbol': 'PIEVERSEUSDT', 'group': 'g1', 'p_bounce': 0.0, 'floor': 0.6, 'approach_count': 0, 'touches': 'unknown(no-count)'}
2026-07-26 08:05:11 | DEBUG | trading.strategy5_continuation:_scan_symbol:379 | S5 skip: recent loss on symbol | {'symbol': 'EULUSDT', 'hours_since_loss': 10.0}
2026-07-26 08:05:17 | INFO | trading.strategy2_signal_filter:check:681 | S2 market phase | {'symbol': 'PIEVERSEUSDT', 'phase': 'drop_tradeable', 'note': 'drop_tradeable:bq=1.00'}
2026-07-26 08:05:17 | DEBUG | trading.strategy2_signal_filter:check:928 | S2 skip: RR below minimum | {'symbol': 'PIEVERSEUSDT', 'rr': 0.6, 'min_rr': 0.7, 'sl_dist_pct': 1.512, 'tp1_dist_pct': 0.9}
2026-07-26 08:05:17 | DEBUG | trading.strategy5_continuation:_scan_symbol:379 | S5 skip: recent loss on symbol | {'symbol': 'EULUSDT', 'hours_since_loss': 10.0}
2026-07-26 08:05:22 | INFO | trading.strategy2_signal_filter:check:681 | S2 market phase | {'symbol': 'PIEVERSEUSDT', 'phase': 'drop_tradeable', 'note': 'drop_tradeable:bq=1.00'}
2026-07-26 08:05:22 | DEBUG | trading.strategy2_signal_filter:check:928 | S2 skip: RR below minimum | {'symbol': 'PIEVERSEUSDT', 'rr': 0.6, 'min_rr': 0.7, 'sl_dist_pct': 1.512, 'tp1_dist_pct': 0.9}
2026-07-26 08:05:22 | DEBUG | trading.strategy5_continuation:_scan_symbol:379 | S5 skip: recent loss on symbol | {'symbol': 'EULUSDT', 'hours_since_loss': 10.0}
2026-07-26 08:05:27 | INFO | trading.strategy2_signal_filter:check:681 | S2 market phase | {'symbol': 'PIEVERSEUSDT', 'phase': 'drop_tradeable', 'note': 'drop_tradeable:bq=1.00'}
2026-07-26 08:05:27 | DEBUG | trading.strategy2_signal_filter:check:928 | S2 skip: RR below minimum | {'symbol': 'PIEVERSEUSDT', 'rr': 0.6, 'min_rr': 0.7, 'sl_dist_pct': 1.512, 'tp1_dist_pct': 0.9}
2026-07-26 08:05:27 | DEBUG | trading.strategy2_signal_filter:check:563 | S2 skip: p_bounce below group floor | {'symbol': 'PIEVERSEUSDT', 'group': 'g1', 'p_bounce': 0.0, 'floor': 0.6, 'approach_count': 0, 'touches': 'unknown(no-count)'}
2026-07-26 08:05:27 | DEBUG | trading.strategy5_continuation:_scan_symbol:379 | S5 skip: recent loss on symbol | {'symbol': 'EULUSDT', 'hours_since_loss': 10.0}
2026-07-26 08:05:32 | INFO | trading.strategy2_signal_filter:check:681 | S2 market phase | {'symbol': 'PIEVERSEUSDT', 'phase': 'drop_tradeable', 'note': 'drop_tradeable:bq=1.00'}
2026-07-26 08:05:32 | DEBUG | trading.strategy2_signal_filter:check:928 | S2 skip: RR below minimum | {'symbol': 'PIEVERSEUSDT', 'rr': 0.6, 'min_rr': 0.7, 'sl_dist_pct': 1.512, 'tp1_dist_pct': 0.9}
2026-07-26 08:05:32 | DEBUG | trading.strategy5_continuation:_scan_symbol:379 | S5 skip: recent loss on symbol | {'symbol': 'EULUSDT', 'hours_since_loss': 10.0}
2026-07-26 08:05:37 | INFO | trading.strategy2_signal_filter:check:681 | S2 market phase | {'symbol': 'PIEVERSEUSDT', 'phase': 'drop_tradeable', 'note': 'drop_tradeable:bq=1.00'}
2026-07-26 08:05:37 | DEBUG | trading.strategy2_signal_filter:check:928 | S2 skip: RR below minimum | {'symbol': 'PIEVERSEUSDT', 'rr': 0.6, 'min_rr': 0.7, 'sl_dist_pct': 1.512, 'tp1_dist_pct': 0.9}
2026-07-26 08:05:37 | DEBUG | trading.strategy5_continuation:_scan_symbol:379 | S5 skip: recent loss on symbol | {'symbol': 'EULUSDT', 'hours_since_loss': 10.0}
2026-07-26 08:05:42 | INFO | trading.strategy2_signal_filter:check:681 | S2 market phase | {'symbol': 'PIEVERSEUSDT', 'phase': 'drop_tradeable', 'note': 'drop_tradeable:bq=1.00'}
2026-07-26 08:05:42 | DEBUG | trading.strategy2_signal_filter:check:928 | S2 skip: RR below minimum | {'symbol': 'PIEVERSEUSDT', 'rr': 0.6, 'min_rr': 0.7, 'sl_dist_pct': 1.512, 'tp1_dist_pct': 0.9}
2026-07-26 08:05:42 | DEBUG | trading.strategy2_signal_filter:check:563 | S2 skip: p_bounce below group floor | {'symbol': 'PIEVERSEUSDT', 'group': 'g1', 'p_bounce': 0.0, 'floor': 0.6, 'approach_count': 0, 'touches': 'unknown(no-count)'}
2026-07-26 08:05:42 | DEBUG | trading.strategy5_continuation:_scan_symbol:379 | S5 skip: recent loss on symbol | {'symbol': 'EULUSDT', 'hours_since_loss': 10.0}
2026-07-26 08:05:48 | INFO | trading.strategy2_signal_filter:check:681 | S2 market phase | {'symbol': 'PIEVERSEUSDT', 'phase': 'drop_tradeable', 'note': 'drop_tradeable:bq=1.00'}
2026-07-26 08:05:48 | DEBUG | trading.strategy2_signal_filter:check:928 | S2 skip: RR below minimum | {'symbol': 'PIEVERSEUSDT', 'rr': 0.6, 'min_rr': 0.7, 'sl_dist_pct': 1.512, 'tp1_dist_pct': 0.9}
2026-07-26 08:05:48 | DEBUG | trading.strategy5_continuation:_scan_symbol:379 | S5 skip: recent loss on symbol | {'symbol': 'EULUSDT', 'hours_since_loss': 10.0}
2026-07-26 08:05:53 | INFO | trading.strategy2_signal_filter:check:681 | S2 market phase | {'symbol': 'PIEVERSEUSDT', 'phase': 'drop_tradeable', 'note': 'drop_tradeable:bq=1.00'}
2026-07-26 08:05:53 | DEBUG | trading.strategy2_signal_filter:check:928 | S2 skip: RR below minimum | {'symbol': 'PIEVERSEUSDT', 'rr': 0.6, 'min_rr': 0.7, 'sl_dist_pct': 1.512, 'tp1_dist_pct': 0.9}
2026-07-26 08:05:53 | DEBUG | trading.strategy5_continuation:_scan_symbol:379 | S5 skip: recent loss on symbol | {'symbol': 'EULUSDT', 'hours_since_loss': 10.0}
2026-07-26 08:05:58 | INFO | trading.strategy2_signal_filter:check:681 | S2 market phase | {'symbol': 'PIEVERSEUSDT', 'phase': 'drop_tradeable', 'note': 'drop_tradeable:bq=1.00'}
2026-07-26 08:05:58 | DEBUG | trading.strategy2_signal_filter:check:928 | S2 skip: RR below minimum | {'symbol': 'PIEVERSEUSDT', 'rr': 0.6, 'min_rr': 0.7, 'sl_dist_pct': 1.512, 'tp1_dist_pct': 0.9}
2026-07-26 08:05:58 | DEBUG | trading.strategy2_signal_filter:check:563 | S2 skip: p_bounce below group floor | {'symbol': 'PIEVERSEUSDT', 'group': 'g1', 'p_bounce': 0.0, 'floor': 0.6, 'approach_count': 0, 'touches': 'unknown(no-count)'}
2026-07-26 08:05:58 | DEBUG | trading.strategy5_continuation:_scan_symbol:379 | S5 skip: recent loss on symbol | {'symbol': 'EULUSDT', 'hours_since_loss': 10.0}
2026-07-26 08:06:03 | INFO | trading.strategy2_signal_filter:check:681 | S2 market phase | {'symbol': 'PIEVERSEUSDT', 'phase': 'drop_tradeable', 'note': 'drop_tradeable:bq=1.00'}
2026-07-26 08:06:03 | DEBUG | trading.strategy2_signal_filter:check:928 | S2 skip: RR below minimum | {'symbol': 'PIEVERSEUSDT', 'rr': 0.6, 'min_rr': 0.7, 'sl_dist_pct': 1.512, 'tp1_dist_pct': 0.9}
2026-07-26 08:06:03 | DEBUG | trading.strategy5_continuation:_scan_symbol:379 | S5 skip: recent loss on symbol | {'symbol': 'EULUSDT', 'hours_since_loss': 10.0}
2026-07-26 08:06:08 | INFO | trading.strategy2_signal_filter:check:681 | S2 market phase | {'symbol': 'PIEVERSEUSDT', 'phase': 'drop_tradeable', 'note': 'drop_tradeable:bq=1.00'}
2026-07-26 08:06:08 | DEBUG | trading.strategy2_signal_filter:check:928 | S2 skip: RR below minimum | {'symbol': 'PIEVERSEUSDT', 'rr': 0.6, 'min_rr': 0.7, 'sl_dist_pct': 1.512, 'tp1_dist_pct': 0.9}
2026-07-26 08:06:08 | DEBUG | trading.strategy5_continuation:_scan_symbol:379 | S5 skip: recent loss on symbol | {'symbol': 'EULUSDT', 'hours_since_loss': 10.0}
2026-07-26 08:06:13 | DEBUG | trading.strategy2_signal_filter:check:563 | S2 skip: p_bounce below group floor | {'symbol': 'PIEVERSEUSDT', 'group': 'g1', 'p_bounce': 0.0, 'floor': 0.6, 'approach_count': 0, 'touches': 'unknown(no-count)'}
2026-07-26 08:06:13 | DEBUG | trading.strategy5_continuation:_scan_symbol:379 | S5 skip: recent loss on symbol | {'symbol': 'EULUSDT', 'hours_since_loss': 10.0}
2026-07-26 08:06:19 | DEBUG | trading.strategy5_continuation:_scan_symbol:379 | S5 skip: recent loss on symbol | {'symbol': 'EULUSDT', 'hours_since_loss': 10.0}
2026-07-26 08:06:24 | DEBUG | trading.strategy5_continuation:_scan_symbol:379 | S5 skip: recent loss on symbol | {'symbol': 'EULUSDT', 'hours_since_loss': 10.0}
2026-07-26 08:06:29 | DEBUG | trading.strategy2_signal_filter:check:563 | S2 skip: p_bounce below group floor | {'symbol': 'PIEVERSEUSDT', 'group': 'g1', 'p_bounce': 0.0, 'floor': 0.6, 'approach_count': 1, 'touches': 'unknown(no-count)'}
2026-07-26 08:06:29 | DEBUG | trading.strategy5_continuation:_scan_symbol:379 | S5 skip: recent loss on symbol | {'symbol': 'EULUSDT', 'hours_since_loss': 10.1}
2026-07-26 08:06:34 | DEBUG | trading.strategy5_continuation:_scan_symbol:379 | S5 skip: recent loss on symbol | {'symbol': 'EULUSDT', 'hours_since_loss': 10.1}
2026-07-26 08:06:39 | INFO | trading.strategy2_signal_filter:check:681 | S2 market phase | {'symbol': 'PIEVERSEUSDT', 'phase': 'drop_tradeable', 'note': 'drop_tradeable:bq=1.00'}
2026-07-26 08:06:39 | DEBUG | trading.strategy2_signal_filter:check:928 | S2 skip: RR below minimum | {'symbol': 'PIEVERSEUSDT', 'rr': 0.6, 'min_rr': 0.7, 'sl_dist_pct': 1.512, 'tp1_dist_pct': 0.9}
2026-07-26 08:06:39 | DEBUG | trading.strategy5_continuation:_scan_symbol:379 | S5 skip: recent loss on symbol | {'symbol': 'EULUSDT', 'hours_since_loss': 10.1}
2026-07-26 08:06:45 | INFO | trading.strategy2_signal_filter:check:681 | S2 market phase | {'symbol': 'PIEVERSEUSDT', 'phase': 'drop_tradeable', 'note': 'drop_tradeable:bq=1.00'}
2026-07-26 08:06:45 | DEBUG | trading.strategy2_signal_filter:check:928 | S2 skip: RR below minimum | {'symbol': 'PIEVERSEUSDT', 'rr': 0.6, 'min_rr': 0.7, 'sl_dist_pct': 1.512, 'tp1_dist_pct': 0.9}
2026-07-26 08:06:45 | DEBUG | trading.strategy2_signal_filter:check:563 | S2 skip: p_bounce below group floor | {'symbol': 'PIEVERSEUSDT', 'group': 'g1', 'p_bounce': 0.0, 'floor': 0.6, 'approach_count': 1, 'touches': 'unknown(no-count)'}
2026-07-26 08:06:45 | DEBUG | trading.strategy5_continuation:_scan_symbol:379 | S5 skip: recent loss on symbol | {'symbol': 'EULUSDT', 'hours_since_loss': 10.1}
2026-07-26 08:06:50 | DEBUG | trading.strategy5_continuation:_scan_symbol:379 | S5 skip: recent loss on symbol | {'symbol': 'EULUSDT', 'hours_since_loss': 10.1}
2026-07-26 08:06:55 | DEBUG | trading.strategy5_continuation:_scan_symbol:379 | S5 skip: recent loss on symbol | {'symbol': 'EULUSDT', 'hours_since_loss': 10.1}
2026-07-26 08:07:00 | DEBUG | trading.strategy2_signal_filter:check:563 | S2 skip: p_bounce below group floor | {'symbol': 'PIEVERSEUSDT', 'group': 'g1', 'p_bounce': 0.0, 'floor': 0.6, 'approach_count': 1, 'touches': 'unknown(no-count)'}
2026-07-26 08:07:00 | DEBUG | trading.strategy5_continuation:_scan_symbol:379 | S5 skip: recent loss on symbol | {'symbol': 'EULUSDT', 'hours_since_loss': 10.1}
2026-07-26 08:07:05 | DEBUG | trading.strategy5_continuation:_scan_symbol:379 | S5 skip: recent loss on symbol | {'symbol': 'EULUSDT', 'hours_since_loss': 10.1}
2026-07-26 08:07:10 | DEBUG | trading.strategy5_continuation:_scan_symbol:379 | S5 skip: recent loss on symbol | {'symbol': 'EULUSDT', 'hours_since_loss': 10.1}
2026-07-26 08:07:16 | INFO | trading.strategy2_signal_filter:check:681 | S2 market phase | {'symbol': 'PIEVERSEUSDT', 'phase': 'drop_tradeable', 'note': 'drop_tradeable:bq=1.00'}
2026-07-26 08:07:16 | DEBUG | trading.strategy2_signal_filter:check:928 | S2 skip: RR below minimum | {'symbol': 'PIEVERSEUSDT', 'rr': 0.6, 'min_rr': 0.7, 'sl_dist_pct': 1.512, 'tp1_dist_pct': 0.9}
2026-07-26 08:07:16 | DEBUG | trading.strategy2_signal_filter:check:563 | S2 skip: p_bounce below group floor | {'symbol': 'PIEVERSEUSDT', 'group': 'g1', 'p_bounce': 0.0, 'floor': 0.6, 'approach_count': 1, 'touches': 'unknown(no-count)'}
2026-07-26 08:07:16 | DEBUG | trading.strategy5_continuation:_scan_symbol:379 | S5 skip: recent loss on symbol | {'symbol': 'EULUSDT', 'hours_since_loss': 10.1}
2026-07-26 08:07:21 | INFO | trading.strategy2_signal_filter:check:681 | S2 market phase | {'symbol': 'PIEVERSEUSDT', 'phase': 'drop_tradeable', 'note': 'drop_tradeable:bq=1.00'}
2026-07-26 08:07:21 | DEBUG | trading.strategy2_signal_filter:check:928 | S2 skip: RR below minimum | {'symbol': 'PIEVERSEUSDT', 'rr': 0.6, 'min_rr': 0.7, 'sl_dist_pct': 1.512, 'tp1_dist_pct': 0.9}
2026-07-26 08:07:21 | DEBUG | trading.strategy5_continuation:_scan_symbol:379 | S5 skip: recent loss on symbol | {'symbol': 'EULUSDT', 'hours_since_loss': 10.1}
2026-07-26 08:07:26 | DEBUG | trading.strategy5_continuation:_scan_symbol:379 | S5 skip: recent loss on symbol | {'symbol': 'EULUSDT', 'hours_since_loss': 10.1}
2026-07-26 08:07:31 | DEBUG | trading.strategy2_signal_filter:check:563 | S2 skip: p_bounce below group floor | {'symbol': 'PIEVERSEUSDT', 'group': 'g1', 'p_bounce': 0.0, 'floor': 0.6, 'approach_count': 1, 'touches': 'unknown(no-count)'}
2026-07-26 08:07:31 | DEBUG | trading.strategy5_continuation:_scan_symbol:379 | S5 skip: recent loss on symbol | {'symbol': 'EULUSDT', 'hours_since_loss': 10.1}
2026-07-26 08:07:36 | DEBUG | trading.strategy5_continuation:_scan_symbol:379 | S5 skip: recent loss on symbol | {'symbol': 'EULUSDT', 'hours_since_loss': 10.1}
2026-07-26 08:07:42 | DEBUG | trading.strategy5_continuation:_scan_symbol:379 | S5 skip: recent loss on symbol | {'symbol': 'EULUSDT', 'hours_since_loss': 10.1}
2026-07-26 08:07:47 | DEBUG | trading.strategy5_continuation:_scan_symbol:379 | S5 skip: recent loss on symbol | {'symbol': 'EULUSDT', 'hours_since_loss': 10.1}
2026-07-26 08:07:52 | DEBUG | trading.strategy5_continuation:_scan_symbol:379 | S5 skip: recent loss on symbol | {'symbol': 'EULUSDT', 'hours_since_loss': 10.1}
2026-07-26 08:07:57 | DEBUG | trading.strategy5_continuation:_scan_symbol:379 | S5 skip: recent loss on symbol | {'symbol': 'EULUSDT', 'hours_since_loss': 10.1}
2026-07-26 08:08:02 | DEBUG | trading.strategy5_continuation:_scan_symbol:379 | S5 skip: recent loss on symbol | {'symbol': 'EULUSDT', 'hours_since_loss': 10.1}
2026-07-26 08:08:07 | DEBUG | trading.strategy5_continuation:_scan_symbol:379 | S5 skip: recent loss on symbol | {'symbol': 'EULUSDT', 'hours_since_loss': 10.1}
2026-07-26 08:08:13 | DEBUG | trading.strategy5_continuation:_scan_symbol:379 | S5 skip: recent loss on symbol | {'symbol': 'EULUSDT', 'hours_since_loss': 10.1}
2026-07-26 08:08:18 | DEBUG | trading.strategy5_continuation:_scan_symbol:379 | S5 skip: recent loss on symbol | {'symbol': 'EULUSDT', 'hours_since_loss': 10.1}
2026-07-26 08:08:23 | DEBUG | trading.strategy5_continuation:_scan_symbol:379 | S5 skip: recent loss on symbol | {'symbol': 'EULUSDT', 'hours_since_loss': 10.1}
2026-07-26 08:08:28 | DEBUG | trading.strategy5_continuation:_scan_symbol:379 | S5 skip: recent loss on symbol | {'symbol': 'EULUSDT', 'hours_since_loss': 10.1}
2026-07-26 08:08:33 | DEBUG | trading.strategy5_continuation:_scan_symbol:379 | S5 skip: recent loss on symbol | {'symbol': 'EULUSDT', 'hours_since_loss': 10.1}
2026-07-26 08:08:39 | DEBUG | trading.strategy5_continuation:_scan_symbol:379 | S5 skip: recent loss on symbol | {'symbol': 'EULUSDT', 'hours_since_loss': 10.1}
2026-07-26 08:08:44 | DEBUG | trading.strategy5_continuation:_scan_symbol:379 | S5 skip: recent loss on symbol | {'symbol': 'EULUSDT', 'hours_since_loss': 10.1}
2026-07-26 08:08:49 | DEBUG | trading.strategy5_continuation:_scan_symbol:379 | S5 skip: recent loss on symbol | {'symbol': 'EULUSDT', 'hours_since_loss': 10.1}
2026-07-26 08:08:54 | DEBUG | trading.strategy5_continuation:_scan_symbol:379 | S5 skip: recent loss on symbol | {'symbol': 'EULUSDT', 'hours_since_loss': 10.1}
2026-07-26 08:08:59 | DEBUG | trading.strategy5_continuation:_scan_symbol:379 | S5 skip: recent loss on symbol | {'symbol': 'EULUSDT', 'hours_since_loss': 10.1}
2026-07-26 08:09:05 | DEBUG | trading.strategy5_continuation:_scan_symbol:379 | S5 skip: recent loss on symbol | {'symbol': 'EULUSDT', 'hours_since_loss': 10.1}
2026-07-26 08:09:10 | DEBUG | trading.strategy5_continuation:_scan_symbol:379 | S5 skip: recent loss on symbol | {'symbol': 'EULUSDT', 'hours_since_loss': 10.1}
2026-07-26 08:09:15 | DEBUG | trading.strategy5_continuation:_scan_symbol:379 | S5 skip: recent loss on symbol | {'symbol': 'EULUSDT', 'hours_since_loss': 10.1}
2026-07-26 08:09:20 | DEBUG | trading.strategy5_continuation:_scan_symbol:379 | S5 skip: recent loss on symbol | {'symbol': 'EULUSDT', 'hours_since_loss': 10.1}
2026-07-26 08:09:25 | DEBUG | trading.strategy5_continuation:_scan_symbol:379 | S5 skip: recent loss on symbol | {'symbol': 'EULUSDT', 'hours_since_loss': 10.1}
2026-07-26 08:09:30 | DEBUG | trading.strategy5_continuation:_scan_symbol:379 | S5 skip: recent loss on symbol | {'symbol': 'EULUSDT', 'hours_since_loss': 10.1}
2026-07-26 08:09:36 | DEBUG | trading.strategy5_continuation:_scan_symbol:379 | S5 skip: recent loss on symbol | {'symbol': 'EULUSDT', 'hours_since_loss': 10.1}
2026-07-26 08:09:41 | DEBUG | trading.strategy5_continuation:_scan_symbol:379 | S5 skip: recent loss on symbol | {'symbol': 'EULUSDT', 'hours_since_loss': 10.1}
2026-07-26 08:09:46 | DEBUG | trading.strategy5_continuation:_scan_symbol:379 | S5 skip: recent loss on symbol | {'symbol': 'EULUSDT', 'hours_since_loss': 10.1}
2026-07-26 08:09:51 | DEBUG | trading.strategy5_continuation:_scan_symbol:379 | S5 skip: recent loss on symbol | {'symbol': 'EULUSDT', 'hours_since_loss': 10.1}
2026-07-26 08:09:56 | DEBUG | trading.strategy5_continuation:_scan_symbol:379 | S5 skip: recent loss on symbol | {'symbol': 'EULUSDT', 'hours_since_loss': 10.1}
2026-07-26 08:10:02 | DEBUG | trading.strategy5_continuation:_scan_symbol:379 | S5 skip: recent loss on symbol | {'symbol': 'EULUSDT', 'hours_since_loss': 10.1}
2026-07-26 08:10:07 | DEBUG | trading.strategy5_continuation:_scan_symbol:379 | S5 skip: recent loss on symbol | {'symbol': 'EULUSDT', 'hours_since_loss': 10.1}
2026-07-26 08:10:12 | DEBUG | trading.strategy5_continuation:_scan_symbol:379 | S5 skip: recent loss on symbol | {'symbol': 'EULUSDT', 'hours_since_loss': 10.1}
2026-07-26 08:10:17 | DEBUG | trading.strategy5_continuation:_scan_symbol:379 | S5 skip: recent loss on symbol | {'symbol': 'EULUSDT', 'hours_since_loss': 10.1}
2026-07-26 08:10:22 | DEBUG | trading.strategy5_continuation:_scan_symbol:379 | S5 skip: recent loss on symbol | {'symbol': 'EULUSDT', 'hours_since_loss': 10.1}
2026-07-26 08:10:27 | DEBUG | trading.strategy5_continuation:_scan_symbol:379 | S5 skip: recent loss on symbol | {'symbol': 'EULUSDT', 'hours_since_loss': 10.1}
2026-07-26 08:10:33 | DEBUG | trading.strategy5_continuation:_scan_symbol:379 | S5 skip: recent loss on symbol | {'symbol': 'EULUSDT', 'hours_since_loss': 10.1}
2026-07-26 08:10:38 | DEBUG | trading.strategy5_continuation:_scan_symbol:379 | S5 skip: recent loss on symbol | {'symbol': 'EULUSDT', 'hours_since_loss': 10.1}
2026-07-26 08:10:43 | DEBUG | trading.strategy5_continuation:_scan_symbol:379 | S5 skip: recent loss on symbol | {'symbol': 'EULUSDT', 'hours_since_loss': 10.1}
2026-07-26 08:10:48 | DEBUG | trading.strategy5_continuation:_scan_symbol:379 | S5 skip: recent loss on symbol | {'symbol': 'EULUSDT', 'hours_since_loss': 10.1}
2026-07-26 08:10:53 | DEBUG | trading.strategy5_continuation:_scan_symbol:379 | S5 skip: recent loss on symbol | {'symbol': 'EULUSDT', 'hours_since_loss': 10.1}
2026-07-26 08:10:58 | DEBUG | trading.strategy5_continuation:_scan_symbol:379 | S5 skip: recent loss on symbol | {'symbol': 'EULUSDT', 'hours_since_loss': 10.1}
2026-07-26 08:11:04 | DEBUG | trading.strategy5_continuation:_scan_symbol:379 | S5 skip: recent loss on symbol | {'symbol': 'EULUSDT', 'hours_since_loss': 10.1}
2026-07-26 08:11:09 | DEBUG | trading.strategy5_continuation:_scan_symbol:379 | S5 skip: recent loss on symbol | {'symbol': 'EULUSDT', 'hours_since_loss': 10.1}
2026-07-26 08:11:14 | DEBUG | trading.strategy5_continuation:_scan_symbol:379 | S5 skip: recent loss on symbol | {'symbol': 'EULUSDT', 'hours_since_loss': 10.1}
2026-07-26 08:11:19 | DEBUG | trading.strategy5_continuation:_scan_symbol:379 | S5 skip: recent loss on symbol | {'symbol': 'EULUSDT', 'hours_since_loss': 10.1}
2026-07-26 08:11:24 | DEBUG | trading.strategy5_continuation:_scan_symbol:379 | S5 skip: recent loss on symbol | {'symbol': 'EULUSDT', 'hours_since_loss': 10.1}
2026-07-26 08:11:29 | DEBUG | trading.strategy5_continuation:_scan_symbol:379 | S5 skip: recent loss on symbol | {'symbol': 'EULUSDT', 'hours_since_loss': 10.1}
2026-07-26 08:11:35 | DEBUG | trading.strategy5_continuation:_scan_symbol:379 | S5 skip: recent loss on symbol | {'symbol': 'EULUSDT', 'hours_since_loss': 10.1}
2026-07-26 08:11:40 | DEBUG | trading.strategy5_continuation:_scan_symbol:379 | S5 skip: recent loss on symbol | {'symbol': 'EULUSDT', 'hours_since_loss': 10.1}
2026-07-26 08:11:45 | DEBUG | trading.strategy5_continuation:_scan_symbol:379 | S5 skip: recent loss on symbol | {'symbol': 'EULUSDT', 'hours_since_loss': 10.1}
2026-07-26 08:11:50 | DEBUG | trading.strategy5_continuation:_scan_symbol:379 | S5 skip: recent loss on symbol | {'symbol': 'EULUSDT', 'hours_since_loss': 10.1}
2026-07-26 08:11:55 | DEBUG | trading.strategy5_continuation:_scan_symbol:379 | S5 skip: recent loss on symbol | {'symbol': 'EULUSDT', 'hours_since_loss': 10.1}
2026-07-26 08:12:01 | DEBUG | trading.strategy5_continuation:_scan_symbol:379 | S5 skip: recent loss on symbol | {'symbol': 'EULUSDT', 'hours_since_loss': 10.1}
2026-07-26 08:12:06 | DEBUG | trading.strategy5_continuation:_scan_symbol:379 | S5 skip: recent loss on symbol | {'symbol': 'EULUSDT', 'hours_since_loss': 10.1}
2026-07-26 08:12:11 | DEBUG | trading.strategy5_continuation:_scan_symbol:379 | S5 skip: recent loss on symbol | {'symbol': 'EULUSDT', 'hours_since_loss': 10.1}
2026-07-26 08:12:16 | DEBUG | trading.strategy5_continuation:_scan_symbol:379 | S5 skip: recent loss on symbol | {'symbol': 'EULUSDT', 'hours_since_loss': 10.1}
2026-07-26 08:12:21 | DEBUG | trading.strategy5_continuation:_scan_symbol:379 | S5 skip: recent loss on symbol | {'symbol': 'EULUSDT', 'hours_since_loss': 10.1}
2026-07-26 08:12:26 | DEBUG | trading.strategy5_continuation:_scan_symbol:379 | S5 skip: recent loss on symbol | {'symbol': 'EULUSDT', 'hours_since_loss': 10.2}
2026-07-26 08:12:32 | DEBUG | trading.strategy5_continuation:_scan_symbol:379 | S5 skip: recent loss on symbol | {'symbol': 'EULUSDT', 'hours_since_loss': 10.2}
2026-07-26 08:12:37 | DEBUG | trading.strategy5_continuation:_scan_symbol:379 | S5 skip: recent loss on symbol | {'symbol': 'EULUSDT', 'hours_since_loss': 10.2}
2026-07-26 08:12:42 | DEBUG | trading.strategy5_continuation:_scan_symbol:379 | S5 skip: recent loss on symbol | {'symbol': 'EULUSDT', 'hours_since_loss': 10.2}
2026-07-26 08:12:47 | DEBUG | trading.strategy5_continuation:_scan_symbol:379 | S5 skip: recent loss on symbol | {'symbol': 'EULUSDT', 'hours_since_loss': 10.2}
2026-07-26 08:12:52 | DEBUG | trading.strategy5_continuation:_scan_symbol:379 | S5 skip: recent loss on symbol | {'symbol': 'EULUSDT', 'hours_since_loss': 10.2}
2026-07-26 08:12:57 | DEBUG | trading.strategy5_continuation:_scan_symbol:379 | S5 skip: recent loss on symbol | {'symbol': 'EULUSDT', 'hours_since_loss': 10.2}
2026-07-26 08:13:03 | DEBUG | trading.strategy5_continuation:_scan_symbol:379 | S5 skip: recent loss on symbol | {'symbol': 'EULUSDT', 'hours_since_loss': 10.2}
2026-07-26 08:13:08 | DEBUG | trading.strategy5_continuation:_scan_symbol:379 | S5 skip: recent loss on symbol | {'symbol': 'EULUSDT', 'hours_since_loss': 10.2}
2026-07-26 08:13:13 | DEBUG | trading.strategy5_continuation:_scan_symbol:379 | S5 skip: recent loss on symbol | {'symbol': 'EULUSDT', 'hours_since_loss': 10.2}
2026-07-26 08:13:18 | DEBUG | trading.strategy5_continuation:_scan_symbol:379 | S5 skip: recent loss on symbol | {'symbol': 'EULUSDT', 'hours_since_loss': 10.2}
2026-07-26 08:13:23 | DEBUG | trading.strategy5_continuation:_scan_symbol:379 | S5 skip: recent loss on symbol | {'symbol': 'EULUSDT', 'hours_since_loss': 10.2}
2026-07-26 08:13:29 | DEBUG | trading.strategy5_continuation:_scan_symbol:379 | S5 skip: recent loss on symbol | {'symbol': 'EULUSDT', 'hours_since_loss': 10.2}
2026-07-26 08:13:34 | DEBUG | trading.strategy5_continuation:_scan_symbol:379 | S5 skip: recent loss on symbol | {'symbol': 'EULUSDT', 'hours_since_loss': 10.2}
2026-07-26 08:13:39 | DEBUG | trading.strategy5_continuation:_scan_symbol:379 | S5 skip: recent loss on symbol | {'symbol': 'EULUSDT', 'hours_since_loss': 10.2}
2026-07-26 08:13:44 | DEBUG | trading.strategy5_continuation:_scan_symbol:379 | S5 skip: recent loss on symbol | {'symbol': 'EULUSDT', 'hours_since_loss': 10.2}
2026-07-26 08:13:49 | DEBUG | trading.strategy5_continuation:_scan_symbol:379 | S5 skip: recent loss on symbol | {'symbol': 'EULUSDT', 'hours_since_loss': 10.2}
2026-07-26 08:13:54 | DEBUG | trading.strategy5_continuation:_scan_symbol:379 | S5 skip: recent loss on symbol | {'symbol': 'EULUSDT', 'hours_since_loss': 10.2}
2026-07-26 08:14:00 | DEBUG | trading.strategy5_continuation:_scan_symbol:379 | S5 skip: recent loss on symbol | {'symbol': 'EULUSDT', 'hours_since_loss': 10.2}
2026-07-26 08:14:05 | DEBUG | trading.strategy5_continuation:_scan_symbol:379 | S5 skip: recent loss on symbol | {'symbol': 'EULUSDT', 'hours_since_loss': 10.2}
2026-07-26 08:14:10 | DEBUG | trading.strategy5_continuation:_scan_symbol:379 | S5 skip: recent loss on symbol | {'symbol': 'EULUSDT', 'hours_since_loss': 10.2}
2026-07-26 08:14:15 | DEBUG | trading.strategy5_continuation:_scan_symbol:379 | S5 skip: recent loss on symbol | {'symbol': 'EULUSDT', 'hours_since_loss': 10.2}
2026-07-26 08:14:20 | DEBUG | trading.strategy5_continuation:_scan_symbol:379 | S5 skip: recent loss on symbol | {'symbol': 'EULUSDT', 'hours_since_loss': 10.2}
2026-07-26 08:14:26 | DEBUG | trading.strategy5_continuation:_scan_symbol:379 | S5 skip: recent loss on symbol | {'symbol': 'EULUSDT', 'hours_since_loss': 10.2}
2026-07-26 08:14:31 | DEBUG | trading.strategy5_continuation:_scan_symbol:379 | S5 skip: recent loss on symbol | {'symbol': 'EULUSDT', 'hours_since_loss': 10.2}
2026-07-26 08:14:36 | DEBUG | trading.strategy5_continuation:_scan_symbol:379 | S5 skip: recent loss on symbol | {'symbol': 'EULUSDT', 'hours_since_loss': 10.2}
2026-07-26 08:14:41 | DEBUG | trading.strategy5_continuation:_scan_symbol:379 | S5 skip: recent loss on symbol | {'symbol': 'EULUSDT', 'hours_since_loss': 10.2}
2026-07-26 08:14:46 | DEBUG | trading.strategy5_continuation:_scan_symbol:379 | S5 skip: recent loss on symbol | {'symbol': 'EULUSDT', 'hours_since_loss': 10.2}
2026-07-26 08:14:51 | DEBUG | trading.strategy5_continuation:_scan_symbol:379 | S5 skip: recent loss on symbol | {'symbol': 'EULUSDT', 'hours_since_loss': 10.2}
2026-07-26 08:14:57 | DEBUG | trading.strategy5_continuation:_scan_symbol:379 | S5 skip: recent loss on symbol | {'symbol': 'EULUSDT', 'hours_since_loss': 10.2}
2026-07-26 08:15:02 | DEBUG | trading.strategy5_continuation:_scan_symbol:379 | S5 skip: recent loss on symbol | {'symbol': 'EULUSDT', 'hours_since_loss': 10.2}
2026-07-26 08:15:07 | DEBUG | trading.strategy5_continuation:_scan_symbol:379 | S5 skip: recent loss on symbol | {'symbol': 'EULUSDT', 'hours_since_loss': 10.2}
2026-07-26 08:15:12 | DEBUG | trading.strategy5_continuation:_scan_symbol:379 | S5 skip: recent loss on symbol | {'symbol': 'EULUSDT', 'hours_since_loss': 10.2}
2026-07-26 08:15:18 | DEBUG | trading.strategy5_continuation:_scan_symbol:379 | S5 skip: recent loss on symbol | {'symbol': 'EULUSDT', 'hours_since_loss': 10.2}
2026-07-26 08:15:23 | DEBUG | trading.strategy5_continuation:_scan_symbol:379 | S5 skip: recent loss on symbol | {'symbol': 'EULUSDT', 'hours_since_loss': 10.2}
2026-07-26 08:15:28 | DEBUG | trading.strategy5_continuation:_scan_symbol:379 | S5 skip: recent loss on symbol | {'symbol': 'EULUSDT', 'hours_since_loss': 10.2}
2026-07-26 08:15:33 | DEBUG | trading.strategy5_continuation:_scan_symbol:379 | S5 skip: recent loss on symbol | {'symbol': 'EULUSDT', 'hours_since_loss': 10.2}
2026-07-26 08:15:38 | DEBUG | trading.strategy5_continuation:_scan_symbol:379 | S5 skip: recent loss on symbol | {'symbol': 'EULUSDT', 'hours_since_loss': 10.2}
2026-07-26 08:15:44 | DEBUG | trading.strategy5_continuation:_scan_symbol:379 | S5 skip: recent loss on symbol | {'symbol': 'EULUSDT', 'hours_since_loss': 10.2}
2026-07-26 08:15:49 | DEBUG | trading.strategy5_continuation:_scan_symbol:379 | S5 skip: recent loss on symbol | {'symbol': 'EULUSDT', 'hours_since_loss': 10.2}
2026-07-26 08:15:54 | DEBUG | trading.strategy5_continuation:_scan_symbol:379 | S5 skip: recent loss on symbol | {'symbol': 'EULUSDT', 'hours_since_loss': 10.2}
2026-07-26 08:15:59 | DEBUG | trading.strategy5_continuation:_scan_symbol:379 | S5 skip: recent loss on symbol | {'symbol': 'EULUSDT', 'hours_since_loss': 10.2}
2026-07-26 08:16:04 | DEBUG | trading.strategy5_continuation:_scan_symbol:379 | S5 skip: recent loss on symbol | {'symbol': 'EULUSDT', 'hours_since_loss': 10.2}
2026-07-26 08:16:09 | DEBUG | trading.strategy5_continuation:_scan_symbol:379 | S5 skip: recent loss on symbol | {'symbol': 'EULUSDT', 'hours_since_loss': 10.2}
2026-07-26 08:16:15 | DEBUG | trading.strategy5_continuation:_scan_symbol:379 | S5 skip: recent loss on symbol | {'symbol': 'EULUSDT', 'hours_since_loss': 10.2}
2026-07-26 08:16:20 | DEBUG | trading.strategy5_continuation:_scan_symbol:379 | S5 skip: recent loss on symbol | {'symbol': 'EULUSDT', 'hours_since_loss': 10.2}
2026-07-26 08:16:25 | DEBUG | trading.strategy5_continuation:_scan_symbol:379 | S5 skip: recent loss on symbol | {'symbol': 'EULUSDT', 'hours_since_loss': 10.2}
2026-07-26 08:16:30 | DEBUG | trading.strategy5_continuation:_scan_symbol:379 | S5 skip: recent loss on symbol | {'symbol': 'EULUSDT', 'hours_since_loss': 10.2}
2026-07-26 08:16:35 | DEBUG | trading.strategy5_continuation:_scan_symbol:379 | S5 skip: recent loss on symbol | {'symbol': 'EULUSDT', 'hours_since_loss': 10.2}
2026-07-26 08:16:40 | DEBUG | trading.strategy5_continuation:_scan_symbol:379 | S5 skip: recent loss on symbol | {'symbol': 'EULUSDT', 'hours_since_loss': 10.2}
2026-07-26 08:16:46 | DEBUG | trading.strategy5_continuation:_scan_symbol:379 | S5 skip: recent loss on symbol | {'symbol': 'EULUSDT', 'hours_since_loss': 10.2}
2026-07-26 08:16:51 | DEBUG | trading.strategy5_continuation:_scan_symbol:379 | S5 skip: recent loss on symbol | {'symbol': 'EULUSDT', 'hours_since_loss': 10.2}
2026-07-26 08:16:56 | DEBUG | trading.strategy5_continuation:_scan_symbol:379 | S5 skip: recent loss on symbol | {'symbol': 'EULUSDT', 'hours_since_loss': 10.2}
2026-07-26 08:17:01 | DEBUG | trading.strategy5_continuation:_scan_symbol:379 | S5 skip: recent loss on symbol | {'symbol': 'EULUSDT', 'hours_since_loss': 10.2}
2026-07-26 08:17:06 | DEBUG | trading.strategy5_continuation:_scan_symbol:379 | S5 skip: recent loss on symbol | {'symbol': 'EULUSDT', 'hours_since_loss': 10.2}
2026-07-26 08:17:12 | DEBUG | trading.strategy5_continuation:_scan_symbol:379 | S5 skip: recent loss on symbol | {'symbol': 'EULUSDT', 'hours_since_loss': 10.2}
2026-07-26 08:17:17 | DEBUG | trading.strategy5_continuation:_scan_symbol:379 | S5 skip: recent loss on symbol | {'symbol': 'EULUSDT', 'hours_since_loss': 10.2}
2026-07-26 08:17:22 | DEBUG | trading.strategy5_continuation:_scan_symbol:379 | S5 skip: recent loss on symbol | {'symbol': 'EULUSDT', 'hours_since_loss': 10.2}
2026-07-26 08:17:27 | DEBUG | trading.strategy5_continuation:_scan_symbol:379 | S5 skip: recent loss on symbol | {'symbol': 'EULUSDT', 'hours_since_loss': 10.2}
2026-07-26 08:17:32 | DEBUG | trading.strategy5_continuation:_scan_symbol:379 | S5 skip: recent loss on symbol | {'symbol': 'EULUSDT', 'hours_since_loss': 10.2}
2026-07-26 08:17:38 | DEBUG | trading.strategy5_continuation:_scan_symbol:379 | S5 skip: recent loss on symbol | {'symbol': 'EULUSDT', 'hours_since_loss': 10.2}
2026-07-26 08:17:43 | DEBUG | trading.strategy5_continuation:_scan_symbol:379 | S5 skip: recent loss on symbol | {'symbol': 'EULUSDT', 'hours_since_loss': 10.2}
2026-07-26 08:17:48 | DEBUG | trading.strategy5_continuation:_scan_symbol:379 | S5 skip: recent loss on symbol | {'symbol': 'EULUSDT', 'hours_since_loss': 10.2}
2026-07-26 08:17:53 | DEBUG | trading.strategy5_continuation:_scan_symbol:379 | S5 skip: recent loss on symbol | {'symbol': 'EULUSDT', 'hours_since_loss': 10.2}
2026-07-26 08:17:58 | DEBUG | trading.strategy5_continuation:_scan_symbol:379 | S5 skip: recent loss on symbol | {'symbol': 'EULUSDT', 'hours_since_loss': 10.2}
2026-07-26 08:18:03 | DEBUG | trading.strategy5_continuation:_scan_symbol:379 | S5 skip: recent loss on symbol | {'symbol': 'EULUSDT', 'hours_since_loss': 10.2}
2026-07-26 08:18:09 | DEBUG | trading.strategy5_continuation:_scan_symbol:379 | S5 skip: recent loss on symbol | {'symbol': 'EULUSDT', 'hours_since_loss': 10.2}
2026-07-26 08:18:14 | DEBUG | trading.strategy5_continuation:_scan_symbol:379 | S5 skip: recent loss on symbol | {'symbol': 'EULUSDT', 'hours_since_loss': 10.2}
2026-07-26 08:18:19 | DEBUG | trading.strategy5_continuation:_scan_symbol:379 | S5 skip: recent loss on symbol | {'symbol': 'EULUSDT', 'hours_since_loss': 10.2}
2026-07-26 08:18:24 | DEBUG | trading.strategy5_continuation:_scan_symbol:379 | S5 skip: recent loss on symbol | {'symbol': 'EULUSDT', 'hours_since_loss': 10.2}
2026-07-26 08:18:29 | DEBUG | trading.strategy5_continuation:_scan_symbol:379 | S5 skip: recent loss on symbol | {'symbol': 'EULUSDT', 'hours_since_loss': 10.3}
2026-07-26 08:18:34 | DEBUG | trading.strategy5_continuation:_scan_symbol:379 | S5 skip: recent loss on symbol | {'symbol': 'EULUSDT', 'hours_since_loss': 10.3}
2026-07-26 08:18:40 | DEBUG | trading.strategy5_continuation:_scan_symbol:379 | S5 skip: recent loss on symbol | {'symbol': 'EULUSDT', 'hours_since_loss': 10.3}
2026-07-26 08:18:45 | DEBUG | trading.strategy5_continuation:_scan_symbol:379 | S5 skip: recent loss on symbol | {'symbol': 'EULUSDT', 'hours_since_loss': 10.3}
2026-07-26 08:18:50 | DEBUG | trading.strategy5_continuation:_scan_symbol:379 | S5 skip: recent loss on symbol | {'symbol': 'EULUSDT', 'hours_since_loss': 10.3}
2026-07-26 08:18:55 | DEBUG | trading.strategy5_continuation:_scan_symbol:379 | S5 skip: recent loss on symbol | {'symbol': 'EULUSDT', 'hours_since_loss': 10.3}
2026-07-26 08:19:00 | DEBUG | trading.strategy5_continuation:_scan_symbol:379 | S5 skip: recent loss on symbol | {'symbol': 'EULUSDT', 'hours_since_loss': 10.3}
2026-07-26 08:19:06 | DEBUG | trading.strategy5_continuation:_scan_symbol:379 | S5 skip: recent loss on symbol | {'symbol': 'EULUSDT', 'hours_since_loss': 10.3}
2026-07-26 08:19:11 | INFO | trading.strategy2_signal_filter:check:681 | S2 market phase | {'symbol': 'PIEVERSEUSDT', 'phase': 'drop_tradeable', 'note': 'drop_tradeable:bq=0.86'}
2026-07-26 08:19:11 | DEBUG | trading.strategy2_signal_filter:check:928 | S2 skip: RR below minimum | {'symbol': 'PIEVERSEUSDT', 'rr': 0.54, 'min_rr': 0.7, 'sl_dist_pct': 1.658, 'tp1_dist_pct': 0.9}
2026-07-26 08:19:11 | DEBUG | trading.strategy2_signal_filter:check:563 | S2 skip: p_bounce below group floor | {'symbol': 'PIEVERSEUSDT', 'group': 'g1', 'p_bounce': 0.0, 'floor': 0.6, 'approach_count': 1, 'touches': 'unknown(no-count)'}
2026-07-26 08:19:11 | DEBUG | trading.strategy5_continuation:_scan_symbol:379 | S5 skip: recent loss on symbol | {'symbol': 'EULUSDT', 'hours_since_loss': 10.3}
2026-07-26 08:19:16 | INFO | trading.strategy2_signal_filter:check:681 | S2 market phase | {'symbol': 'PIEVERSEUSDT', 'phase': 'drop_tradeable', 'note': 'drop_tradeable:bq=0.86'}
2026-07-26 08:19:16 | DEBUG | trading.strategy2_signal_filter:check:928 | S2 skip: RR below minimum | {'symbol': 'PIEVERSEUSDT', 'rr': 0.54, 'min_rr': 0.7, 'sl_dist_pct': 1.658, 'tp1_dist_pct': 0.9}
2026-07-26 08:19:16 | DEBUG | trading.strategy5_continuation:_scan_symbol:379 | S5 skip: recent loss on symbol | {'symbol': 'EULUSDT', 'hours_since_loss': 10.3}
2026-07-26 08:19:21 | INFO | trading.strategy2_signal_filter:check:681 | S2 market phase | {'symbol': 'PIEVERSEUSDT', 'phase': 'drop_tradeable', 'note': 'drop_tradeable:bq=0.86'}
2026-07-26 08:19:21 | DEBUG | trading.strategy2_signal_filter:check:928 | S2 skip: RR below minimum | {'symbol': 'PIEVERSEUSDT', 'rr': 0.54, 'min_rr': 0.7, 'sl_dist_pct': 1.658, 'tp1_dist_pct': 0.9}
2026-07-26 08:19:21 | DEBUG | trading.strategy5_continuation:_scan_symbol:379 | S5 skip: recent loss on symbol | {'symbol': 'EULUSDT', 'hours_since_loss': 10.3}
2026-07-26 08:19:26 | INFO | trading.strategy2_signal_filter:check:681 | S2 market phase | {'symbol': 'PIEVERSEUSDT', 'phase': 'drop_tradeable', 'note': 'drop_tradeable:bq=0.86'}
2026-07-26 08:19:26 | DEBUG | trading.strategy2_signal_filter:check:928 | S2 skip: RR below minimum | {'symbol': 'PIEVERSEUSDT', 'rr': 0.54, 'min_rr': 0.7, 'sl_dist_pct': 1.658, 'tp1_dist_pct': 0.9}
2026-07-26 08:19:26 | DEBUG | trading.strategy2_signal_filter:check:563 | S2 skip: p_bounce below group floor | {'symbol': 'PIEVERSEUSDT', 'group': 'g1', 'p_bounce': 0.0, 'floor': 0.6, 'approach_count': 1, 'touches': 'unknown(no-count)'}
2026-07-26 08:19:26 | DEBUG | trading.strategy5_continuation:_scan_symbol:379 | S5 skip: recent loss on symbol | {'symbol': 'EULUSDT', 'hours_since_loss': 10.3}
2026-07-26 08:19:32 | INFO | trading.strategy2_signal_filter:check:681 | S2 market phase | {'symbol': 'PIEVERSEUSDT', 'phase': 'drop_tradeable', 'note': 'drop_tradeable:bq=0.86'}
2026-07-26 08:19:32 | DEBUG | trading.strategy2_signal_filter:check:928 | S2 skip: RR below minimum | {'symbol': 'PIEVERSEUSDT', 'rr': 0.54, 'min_rr': 0.7, 'sl_dist_pct': 1.658, 'tp1_dist_pct': 0.9}
2026-07-26 08:19:32 | DEBUG | trading.strategy5_continuation:_scan_symbol:379 | S5 skip: recent loss on symbol | {'symbol': 'EULUSDT', 'hours_since_loss': 10.3}
2026-07-26 08:19:37 | INFO | trading.strategy2_signal_filter:check:681 | S2 market phase | {'symbol': 'PIEVERSEUSDT', 'phase': 'drop_tradeable', 'note': 'drop_tradeable:bq=0.86'}
2026-07-26 08:19:37 | DEBUG | trading.strategy2_signal_filter:check:928 | S2 skip: RR below minimum | {'symbol': 'PIEVERSEUSDT', 'rr': 0.54, 'min_rr': 0.7, 'sl_dist_pct': 1.658, 'tp1_dist_pct': 0.9}
2026-07-26 08:19:37 | DEBUG | trading.strategy5_continuation:_scan_symbol:379 | S5 skip: recent loss on symbol | {'symbol': 'EULUSDT', 'hours_since_loss': 10.3}
2026-07-26 08:19:42 | INFO | trading.strategy2_signal_filter:check:681 | S2 market phase | {'symbol': 'PIEVERSEUSDT', 'phase': 'drop_tradeable', 'note': 'drop_tradeable:bq=0.86'}
2026-07-26 08:19:42 | DEBUG | trading.strategy2_signal_filter:check:928 | S2 skip: RR below minimum | {'symbol': 'PIEVERSEUSDT', 'rr': 0.54, 'min_rr': 0.7, 'sl_dist_pct': 1.658, 'tp1_dist_pct': 0.9}
2026-07-26 08:19:42 | DEBUG | trading.strategy2_signal_filter:check:563 | S2 skip: p_bounce below group floor | {'symbol': 'PIEVERSEUSDT', 'group': 'g1', 'p_bounce': 0.0, 'floor': 0.6, 'approach_count': 1, 'touches': 'unknown(no-count)'}
2026-07-26 08:19:42 | DEBUG | trading.strategy5_continuation:_scan_symbol:379 | S5 skip: recent loss on symbol | {'symbol': 'EULUSDT', 'hours_since_loss': 10.3}
2026-07-26 08:19:47 | DEBUG | trading.strategy5_continuation:_scan_symbol:379 | S5 skip: recent loss on symbol | {'symbol': 'EULUSDT', 'hours_since_loss': 10.3}
2026-07-26 08:19:52 | DEBUG | trading.strategy5_continuation:_scan_symbol:379 | S5 skip: recent loss on symbol | {'symbol': 'EULUSDT', 'hours_since_loss': 10.3}
2026-07-26 08:19:57 | DEBUG | trading.strategy5_continuation:_scan_symbol:379 | S5 skip: recent loss on symbol | {'symbol': 'EULUSDT', 'hours_since_loss': 10.3}
2026-07-26 08:20:03 | DEBUG | trading.strategy5_continuation:_scan_symbol:379 | S5 skip: recent loss on symbol | {'symbol': 'EULUSDT', 'hours_since_loss': 10.3}
2026-07-26 08:20:08 | DEBUG | trading.strategy5_continuation:_scan_symbol:379 | S5 skip: recent loss on symbol | {'symbol': 'EULUSDT', 'hours_since_loss': 10.3}
2026-07-26 08:20:13 | DEBUG | trading.strategy5_continuation:_scan_symbol:379 | S5 skip: recent loss on symbol | {'symbol': 'EULUSDT', 'hours_since_loss': 10.3}
2026-07-26 08:20:18 | DEBUG | trading.strategy5_continuation:_scan_symbol:379 | S5 skip: recent loss on symbol | {'symbol': 'EULUSDT', 'hours_since_loss': 10.3}
2026-07-26 08:20:23 | DEBUG | trading.strategy5_continuation:_scan_symbol:379 | S5 skip: recent loss on symbol | {'symbol': 'EULUSDT', 'hours_since_loss': 10.3}
2026-07-26 08:20:29 | DEBUG | trading.strategy5_continuation:_scan_symbol:379 | S5 skip: recent loss on symbol | {'symbol': 'EULUSDT', 'hours_since_loss': 10.3}
2026-07-26 08:20:34 | DEBUG | trading.strategy5_continuation:_scan_symbol:379 | S5 skip: recent loss on symbol | {'symbol': 'EULUSDT', 'hours_since_loss': 10.3}
2026-07-26 08:20:39 | DEBUG | trading.strategy5_continuation:_scan_symbol:379 | S5 skip: recent loss on symbol | {'symbol': 'EULUSDT', 'hours_since_loss': 10.3}
2026-07-26 08:20:44 | DEBUG | trading.strategy5_continuation:_scan_symbol:379 | S5 skip: recent loss on symbol | {'symbol': 'EULUSDT', 'hours_since_loss': 10.3}
2026-07-26 08:20:49 | DEBUG | trading.strategy5_continuation:_scan_symbol:379 | S5 skip: recent loss on symbol | {'symbol': 'EULUSDT', 'hours_since_loss': 10.3}
2026-07-26 08:20:54 | DEBUG | trading.strategy5_continuation:_scan_symbol:379 | S5 skip: recent loss on symbol | {'symbol': 'EULUSDT', 'hours_since_loss': 10.3}
2026-07-26 08:21:00 | DEBUG | trading.strategy5_continuation:_scan_symbol:379 | S5 skip: recent loss on symbol | {'symbol': 'EULUSDT', 'hours_since_loss': 10.3}
2026-07-26 08:21:05 | DEBUG | trading.strategy5_continuation:_scan_symbol:379 | S5 skip: recent loss on symbol | {'symbol': 'EULUSDT', 'hours_since_loss': 10.3}
2026-07-26 08:21:10 | DEBUG | trading.strategy5_continuation:_scan_symbol:379 | S5 skip: recent loss on symbol | {'symbol': 'EULUSDT', 'hours_since_loss': 10.3}
2026-07-26 08:21:15 | DEBUG | trading.strategy5_continuation:_scan_symbol:379 | S5 skip: recent loss on symbol | {'symbol': 'EULUSDT', 'hours_since_loss': 10.3}
2026-07-26 08:21:20 | DEBUG | trading.strategy5_continuation:_scan_symbol:379 | S5 skip: recent loss on symbol | {'symbol': 'EULUSDT', 'hours_since_loss': 10.3}
2026-07-26 08:21:25 | DEBUG | trading.strategy5_continuation:_scan_symbol:379 | S5 skip: recent loss on symbol | {'symbol': 'EULUSDT', 'hours_since_loss': 10.3}
2026-07-26 08:21:31 | DEBUG | trading.strategy5_continuation:_scan_symbol:379 | S5 skip: recent loss on symbol | {'symbol': 'EULUSDT', 'hours_since_loss': 10.3}
2026-07-26 08:21:36 | DEBUG | trading.strategy5_continuation:_scan_symbol:379 | S5 skip: recent loss on symbol | {'symbol': 'EULUSDT', 'hours_since_loss': 10.3}
2026-07-26 08:21:41 | DEBUG | trading.strategy5_continuation:_scan_symbol:379 | S5 skip: recent loss on symbol | {'symbol': 'EULUSDT', 'hours_since_loss': 10.3}
2026-07-26 08:21:46 | DEBUG | trading.strategy5_continuation:_scan_symbol:379 | S5 skip: recent loss on symbol | {'symbol': 'EULUSDT', 'hours_since_loss': 10.3}
2026-07-26 08:21:52 | DEBUG | trading.strategy5_continuation:_scan_symbol:379 | S5 skip: recent loss on symbol | {'symbol': 'EULUSDT', 'hours_since_loss': 10.3}
2026-07-26 08:21:57 | DEBUG | trading.strategy5_continuation:_scan_symbol:379 | S5 skip: recent loss on symbol | {'symbol': 'EULUSDT', 'hours_since_loss': 10.3}
2026-07-26 08:22:02 | DEBUG | trading.strategy5_continuation:_scan_symbol:379 | S5 skip: recent loss on symbol | {'symbol': 'EULUSDT', 'hours_since_loss': 10.3}
2026-07-26 08:22:07 | DEBUG | trading.strategy5_continuation:_scan_symbol:379 | S5 skip: recent loss on symbol | {'symbol': 'EULUSDT', 'hours_since_loss': 10.3}
2026-07-26 08:22:12 | DEBUG | trading.strategy5_continuation:_scan_symbol:379 | S5 skip: recent loss on symbol | {'symbol': 'EULUSDT', 'hours_since_loss': 10.3}
2026-07-26 08:22:17 | DEBUG | trading.strategy5_continuation:_scan_symbol:379 | S5 skip: recent loss on symbol | {'symbol': 'EULUSDT', 'hours_since_loss': 10.3}
2026-07-26 08:22:22 | DEBUG | trading.strategy5_continuation:_scan_symbol:379 | S5 skip: recent loss on symbol | {'symbol': 'EULUSDT', 'hours_since_loss': 10.3}
2026-07-26 08:22:28 | DEBUG | trading.strategy5_continuation:_scan_symbol:379 | S5 skip: recent loss on symbol | {'symbol': 'EULUSDT', 'hours_since_loss': 10.3}
2026-07-26 08:22:33 | DEBUG | trading.strategy5_continuation:_scan_symbol:379 | S5 skip: recent loss on symbol | {'symbol': 'EULUSDT', 'hours_since_loss': 10.3}
2026-07-26 08:22:38 | DEBUG | trading.strategy5_continuation:_scan_symbol:379 | S5 skip: recent loss on symbol | {'symbol': 'EULUSDT', 'hours_since_loss': 10.3}
2026-07-26 08:22:43 | DEBUG | trading.strategy5_continuation:_scan_symbol:379 | S5 skip: recent loss on symbol | {'symbol': 'EULUSDT', 'hours_since_loss': 10.3}
2026-07-26 08:22:48 | DEBUG | trading.strategy5_continuation:_scan_symbol:379 | S5 skip: recent loss on symbol | {'symbol': 'EULUSDT', 'hours_since_loss': 10.3}
2026-07-26 08:22:54 | DEBUG | trading.strategy5_continuation:_scan_symbol:379 | S5 skip: recent loss on symbol | {'symbol': 'EULUSDT', 'hours_since_loss': 10.3}
2026-07-26 08:22:59 | DEBUG | trading.strategy5_continuation:_scan_symbol:379 | S5 skip: recent loss on symbol | {'symbol': 'EULUSDT', 'hours_since_loss': 10.3}
2026-07-26 08:23:04 | DEBUG | trading.strategy5_continuation:_scan_symbol:379 | S5 skip: recent loss on symbol | {'symbol': 'EULUSDT', 'hours_since_loss': 10.3}
2026-07-26 08:23:09 | DEBUG | trading.strategy5_continuation:_scan_symbol:379 | S5 skip: recent loss on symbol | {'symbol': 'EULUSDT', 'hours_since_loss': 10.3}
2026-07-26 08:23:14 | DEBUG | trading.strategy5_continuation:_scan_symbol:379 | S5 skip: recent loss on symbol | {'symbol': 'EULUSDT', 'hours_since_loss': 10.3}
2026-07-26 08:23:19 | DEBUG | trading.strategy5_continuation:_scan_symbol:379 | S5 skip: recent loss on symbol | {'symbol': 'EULUSDT', 'hours_since_loss': 10.3}
2026-07-26 08:23:25 | DEBUG | trading.strategy5_continuation:_scan_symbol:379 | S5 skip: recent loss on symbol | {'symbol': 'EULUSDT', 'hours_since_loss': 10.3}
2026-07-26 08:23:30 | DEBUG | trading.strategy5_continuation:_scan_symbol:379 | S5 skip: recent loss on symbol | {'symbol': 'EULUSDT', 'hours_since_loss': 10.3}
2026-07-26 08:23:35 | DEBUG | trading.strategy5_continuation:_scan_symbol:379 | S5 skip: recent loss on symbol | {'symbol': 'EULUSDT', 'hours_since_loss': 10.3}
2026-07-26 08:23:40 | DEBUG | trading.strategy5_continuation:_scan_symbol:379 | S5 skip: recent loss on symbol | {'symbol': 'EULUSDT', 'hours_since_loss': 10.3}
2026-07-26 08:23:45 | DEBUG | trading.strategy5_continuation:_scan_symbol:379 | S5 skip: recent loss on symbol | {'symbol': 'EULUSDT', 'hours_since_loss': 10.3}
2026-07-26 08:23:50 | DEBUG | trading.strategy5_continuation:_scan_symbol:379 | S5 skip: recent loss on symbol | {'symbol': 'EULUSDT', 'hours_since_loss': 10.3}
2026-07-26 08:23:56 | DEBUG | trading.strategy5_continuation:_scan_symbol:379 | S5 skip: recent loss on symbol | {'symbol': 'EULUSDT', 'hours_since_loss': 10.3}
2026-07-26 08:24:01 | DEBUG | trading.strategy5_continuation:_scan_symbol:379 | S5 skip: recent loss on symbol | {'symbol': 'EULUSDT', 'hours_since_loss': 10.3}
2026-07-26 08:24:06 | DEBUG | trading.strategy5_continuation:_scan_symbol:379 | S5 skip: recent loss on symbol | {'symbol': 'EULUSDT', 'hours_since_loss': 10.3}
2026-07-26 08:24:11 | DEBUG | trading.strategy5_continuation:_scan_symbol:379 | S5 skip: recent loss on symbol | {'symbol': 'EULUSDT', 'hours_since_loss': 10.3}
2026-07-26 08:24:16 | DEBUG | trading.strategy5_continuation:_scan_symbol:379 | S5 skip: recent loss on symbol | {'symbol': 'EULUSDT', 'hours_since_loss': 10.3}
2026-07-26 08:24:21 | DEBUG | trading.strategy5_continuation:_scan_symbol:379 | S5 skip: recent loss on symbol | {'symbol': 'EULUSDT', 'hours_since_loss': 10.3}
2026-07-26 08:24:27 | DEBUG | trading.strategy5_continuation:_scan_symbol:379 | S5 skip: recent loss on symbol | {'symbol': 'EULUSDT', 'hours_since_loss': 10.4}
2026-07-26 08:24:32 | DEBUG | trading.strategy5_continuation:_scan_symbol:379 | S5 skip: recent loss on symbol | {'symbol': 'EULUSDT', 'hours_since_loss': 10.4}
2026-07-26 08:24:37 | DEBUG | trading.strategy5_continuation:_scan_symbol:379 | S5 skip: recent loss on symbol | {'symbol': 'EULUSDT', 'hours_since_loss': 10.4}
2026-07-26 08:24:42 | DEBUG | trading.strategy5_continuation:_scan_symbol:379 | S5 skip: recent loss on symbol | {'symbol': 'EULUSDT', 'hours_since_loss': 10.4}
2026-07-26 08:24:47 | DEBUG | trading.strategy5_continuation:_scan_symbol:379 | S5 skip: recent loss on symbol | {'symbol': 'EULUSDT', 'hours_since_loss': 10.4}
2026-07-26 08:24:53 | DEBUG | trading.strategy5_continuation:_scan_symbol:379 | S5 skip: recent loss on symbol | {'symbol': 'EULUSDT', 'hours_since_loss': 10.4}
2026-07-26 08:24:58 | DEBUG | trading.strategy5_continuation:_scan_symbol:379 | S5 skip: recent loss on symbol | {'symbol': 'EULUSDT', 'hours_since_loss': 10.4}
2026-07-26 08:25:03 | DEBUG | trading.strategy5_continuation:_scan_symbol:379 | S5 skip: recent loss on symbol | {'symbol': 'EULUSDT', 'hours_since_loss': 10.4}
2026-07-26 08:25:08 | DEBUG | trading.strategy5_continuation:_scan_symbol:379 | S5 skip: recent loss on symbol | {'symbol': 'EULUSDT', 'hours_since_loss': 10.4}
2026-07-26 08:25:13 | DEBUG | trading.strategy5_continuation:_scan_symbol:379 | S5 skip: recent loss on symbol | {'symbol': 'EULUSDT', 'hours_since_loss': 10.4}
2026-07-26 08:25:18 | DEBUG | trading.strategy5_continuation:_scan_symbol:379 | S5 skip: recent loss on symbol | {'symbol': 'EULUSDT', 'hours_since_loss': 10.4}
2026-07-26 08:25:24 | DEBUG | trading.strategy5_continuation:_scan_symbol:379 | S5 skip: recent loss on symbol | {'symbol': 'EULUSDT', 'hours_since_loss': 10.4}
2026-07-26 08:25:29 | DEBUG | trading.strategy5_continuation:_scan_symbol:379 | S5 skip: recent loss on symbol | {'symbol': 'EULUSDT', 'hours_since_loss': 10.4}
2026-07-26 08:25:34 | DEBUG | trading.strategy5_continuation:_scan_symbol:379 | S5 skip: recent loss on symbol | {'symbol': 'EULUSDT', 'hours_since_loss': 10.4}
2026-07-26 08:25:39 | DEBUG | trading.strategy5_continuation:_scan_symbol:379 | S5 skip: recent loss on symbol | {'symbol': 'EULUSDT', 'hours_since_loss': 10.4}
2026-07-26 08:25:44 | DEBUG | trading.strategy5_continuation:_scan_symbol:379 | S5 skip: recent loss on symbol | {'symbol': 'EULUSDT', 'hours_since_loss': 10.4}
2026-07-26 08:25:50 | DEBUG | trading.strategy5_continuation:_scan_symbol:379 | S5 skip: recent loss on symbol | {'symbol': 'EULUSDT', 'hours_since_loss': 10.4}
2026-07-26 08:25:55 | DEBUG | trading.strategy5_continuation:_scan_symbol:379 | S5 skip: recent loss on symbol | {'symbol': 'EULUSDT', 'hours_since_loss': 10.4}
2026-07-26 08:26:00 | DEBUG | trading.strategy5_continuation:_scan_symbol:379 | S5 skip: recent loss on symbol | {'symbol': 'EULUSDT', 'hours_since_loss': 10.4}
2026-07-26 08:26:05 | DEBUG | trading.strategy5_continuation:_scan_symbol:379 | S5 skip: recent loss on symbol | {'symbol': 'EULUSDT', 'hours_since_loss': 10.4}
2026-07-26 08:26:10 | DEBUG | trading.strategy5_continuation:_scan_symbol:379 | S5 skip: recent loss on symbol | {'symbol': 'EULUSDT', 'hours_since_loss': 10.4}
2026-07-26 08:26:15 | DEBUG | trading.strategy5_continuation:_scan_symbol:379 | S5 skip: recent loss on symbol | {'symbol': 'EULUSDT', 'hours_since_loss': 10.4}
2026-07-26 08:26:21 | DEBUG | trading.strategy5_continuation:_scan_symbol:379 | S5 skip: recent loss on symbol | {'symbol': 'EULUSDT', 'hours_since_loss': 10.4}
2026-07-26 08:26:26 | DEBUG | trading.strategy5_continuation:_scan_symbol:379 | S5 skip: recent loss on symbol | {'symbol': 'EULUSDT', 'hours_since_loss': 10.4}
2026-07-26 08:26:31 | DEBUG | trading.strategy5_continuation:_scan_symbol:379 | S5 skip: recent loss on symbol | {'symbol': 'EULUSDT', 'hours_since_loss': 10.4}
2026-07-26 08:26:36 | DEBUG | trading.strategy5_continuation:_scan_symbol:379 | S5 skip: recent loss on symbol | {'symbol': 'EULUSDT', 'hours_since_loss': 10.4}
2026-07-26 08:26:41 | DEBUG | trading.strategy5_continuation:_scan_symbol:379 | S5 skip: recent loss on symbol | {'symbol': 'EULUSDT', 'hours_since_loss': 10.4}
2026-07-26 08:26:47 | DEBUG | trading.strategy5_continuation:_scan_symbol:379 | S5 skip: recent loss on symbol | {'symbol': 'EULUSDT', 'hours_since_loss': 10.4}
2026-07-26 08:26:52 | DEBUG | trading.strategy5_continuation:_scan_symbol:379 | S5 skip: recent loss on symbol | {'symbol': 'EULUSDT', 'hours_since_loss': 10.4}
2026-07-26 08:26:57 | DEBUG | trading.strategy5_continuation:_scan_symbol:379 | S5 skip: recent loss on symbol | {'symbol': 'EULUSDT', 'hours_since_loss': 10.4}
2026-07-26 08:27:02 | DEBUG | trading.strategy5_continuation:_scan_symbol:379 | S5 skip: recent loss on symbol | {'symbol': 'EULUSDT', 'hours_since_loss': 10.4}
2026-07-26 08:27:07 | DEBUG | trading.strategy5_continuation:_scan_symbol:379 | S5 skip: recent loss on symbol | {'symbol': 'EULUSDT', 'hours_since_loss': 10.4}
2026-07-26 08:27:12 | DEBUG | trading.strategy5_continuation:_scan_symbol:379 | S5 skip: recent loss on symbol | {'symbol': 'EULUSDT', 'hours_since_loss': 10.4}
2026-07-26 08:27:18 | DEBUG | trading.strategy5_continuation:_scan_symbol:379 | S5 skip: recent loss on symbol | {'symbol': 'EULUSDT', 'hours_since_loss': 10.4}
2026-07-26 08:27:23 | DEBUG | trading.strategy5_continuation:_scan_symbol:379 | S5 skip: recent loss on symbol | {'symbol': 'EULUSDT', 'hours_since_loss': 10.4}
2026-07-26 08:27:28 | DEBUG | trading.strategy5_continuation:_scan_symbol:379 | S5 skip: recent loss on symbol | {'symbol': 'EULUSDT', 'hours_since_loss': 10.4}
2026-07-26 08:27:33 | DEBUG | trading.strategy5_continuation:_scan_symbol:379 | S5 skip: recent loss on symbol | {'symbol': 'EULUSDT', 'hours_since_loss': 10.4}
2026-07-26 08:27:38 | DEBUG | trading.strategy5_continuation:_scan_symbol:379 | S5 skip: recent loss on symbol | {'symbol': 'EULUSDT', 'hours_since_loss': 10.4}
2026-07-26 08:27:44 | DEBUG | trading.strategy5_continuation:_scan_symbol:379 | S5 skip: recent loss on symbol | {'symbol': 'EULUSDT', 'hours_since_loss': 10.4}
2026-07-26 08:27:49 | DEBUG | trading.strategy5_continuation:_scan_symbol:379 | S5 skip: recent loss on symbol | {'symbol': 'EULUSDT', 'hours_since_loss': 10.4}
2026-07-26 08:27:54 | DEBUG | trading.strategy5_continuation:_scan_symbol:379 | S5 skip: recent loss on symbol | {'symbol': 'EULUSDT', 'hours_since_loss': 10.4}
2026-07-26 08:27:59 | DEBUG | trading.strategy5_continuation:_scan_symbol:379 | S5 skip: recent loss on symbol | {'symbol': 'EULUSDT', 'hours_since_loss': 10.4}
2026-07-26 08:28:04 | DEBUG | trading.strategy5_continuation:_scan_symbol:379 | S5 skip: recent loss on symbol | {'symbol': 'EULUSDT', 'hours_since_loss': 10.4}
2026-07-26 08:28:09 | DEBUG | trading.strategy5_continuation:_scan_symbol:379 | S5 skip: recent loss on symbol | {'symbol': 'EULUSDT', 'hours_since_loss': 10.4}
2026-07-26 08:28:15 | DEBUG | trading.strategy5_continuation:_scan_symbol:379 | S5 skip: recent loss on symbol | {'symbol': 'EULUSDT', 'hours_since_loss': 10.4}
2026-07-26 08:28:20 | DEBUG | trading.strategy5_continuation:_scan_symbol:379 | S5 skip: recent loss on symbol | {'symbol': 'EULUSDT', 'hours_since_loss': 10.4}
2026-07-26 08:28:25 | DEBUG | trading.strategy5_continuation:_scan_symbol:379 | S5 skip: recent loss on symbol | {'symbol': 'EULUSDT', 'hours_since_loss': 10.4}
2026-07-26 08:28:30 | DEBUG | trading.strategy5_continuation:_scan_symbol:379 | S5 skip: recent loss on symbol | {'symbol': 'EULUSDT', 'hours_since_loss': 10.4}
2026-07-26 08:28:35 | DEBUG | trading.strategy5_continuation:_scan_symbol:379 | S5 skip: recent loss on symbol | {'symbol': 'EULUSDT', 'hours_since_loss': 10.4}
2026-07-26 08:28:40 | DEBUG | trading.strategy5_continuation:_scan_symbol:379 | S5 skip: recent loss on symbol | {'symbol': 'EULUSDT', 'hours_since_loss': 10.4}
2026-07-26 08:28:46 | DEBUG | trading.strategy5_continuation:_scan_symbol:379 | S5 skip: recent loss on symbol | {'symbol': 'EULUSDT', 'hours_since_loss': 10.4}
2026-07-26 08:28:51 | DEBUG | trading.strategy5_continuation:_scan_symbol:379 | S5 skip: recent loss on symbol | {'symbol': 'EULUSDT', 'hours_since_loss': 10.4}
2026-07-26 08:28:56 | DEBUG | trading.strategy5_continuation:_scan_symbol:379 | S5 skip: recent loss on symbol | {'symbol': 'EULUSDT', 'hours_since_loss': 10.4}
2026-07-26 08:29:01 | DEBUG | trading.strategy5_continuation:_scan_symbol:379 | S5 skip: recent loss on symbol | {'symbol': 'EULUSDT', 'hours_since_loss': 10.4}
2026-07-26 08:29:06 | DEBUG | trading.strategy5_continuation:_scan_symbol:379 | S5 skip: recent loss on symbol | {'symbol': 'EULUSDT', 'hours_since_loss': 10.4}
2026-07-26 08:29:11 | DEBUG | trading.strategy5_continuation:_scan_symbol:379 | S5 skip: recent loss on symbol | {'symbol': 'EULUSDT', 'hours_since_loss': 10.4}
2026-07-26 08:29:17 | DEBUG | trading.strategy5_continuation:_scan_symbol:379 | S5 skip: recent loss on symbol | {'symbol': 'EULUSDT', 'hours_since_loss': 10.4}
2026-07-26 08:29:22 | DEBUG | trading.strategy5_continuation:_scan_symbol:379 | S5 skip: recent loss on symbol | {'symbol': 'EULUSDT', 'hours_since_loss': 10.4}
2026-07-26 08:29:27 | DEBUG | trading.strategy5_continuation:_scan_symbol:379 | S5 skip: recent loss on symbol | {'symbol': 'EULUSDT', 'hours_since_loss': 10.4}
2026-07-26 08:29:32 | DEBUG | trading.strategy5_continuation:_scan_symbol:379 | S5 skip: recent loss on symbol | {'symbol': 'EULUSDT', 'hours_since_loss': 10.4}
2026-07-26 08:29:37 | DEBUG | trading.strategy5_continuation:_scan_symbol:379 | S5 skip: recent loss on symbol | {'symbol': 'EULUSDT', 'hours_since_loss': 10.4}
2026-07-26 08:29:43 | DEBUG | trading.strategy5_continuation:_scan_symbol:379 | S5 skip: recent loss on symbol | {'symbol': 'EULUSDT', 'hours_since_loss': 10.4}
2026-07-26 08:29:48 | DEBUG | trading.strategy5_continuation:_scan_symbol:379 | S5 skip: recent loss on symbol | {'symbol': 'EULUSDT', 'hours_since_loss': 10.4}
2026-07-26 08:29:53 | DEBUG | trading.strategy5_continuation:_scan_symbol:379 | S5 skip: recent loss on symbol | {'symbol': 'EULUSDT', 'hours_since_loss': 10.4}
2026-07-26 08:29:58 | DEBUG | trading.strategy5_continuation:_scan_symbol:379 | S5 skip: recent loss on symbol | {'symbol': 'EULUSDT', 'hours_since_loss': 10.4}
2026-07-26 08:30:03 | DEBUG | trading.strategy5_continuation:_scan_symbol:379 | S5 skip: recent loss on symbol | {'symbol': 'EULUSDT', 'hours_since_loss': 10.4}
2026-07-26 08:30:08 | DEBUG | trading.strategy5_continuation:_scan_symbol:379 | S5 skip: recent loss on symbol | {'symbol': 'EULUSDT', 'hours_since_loss': 10.4}
2026-07-26 08:30:14 | DEBUG | trading.strategy5_continuation:_scan_symbol:379 | S5 skip: recent loss on symbol | {'symbol': 'EULUSDT', 'hours_since_loss': 10.4}
2026-07-26 08:30:19 | DEBUG | trading.strategy5_continuation:_scan_symbol:379 | S5 skip: recent loss on symbol | {'symbol': 'EULUSDT', 'hours_since_loss': 10.4}
2026-07-26 08:30:24 | DEBUG | trading.strategy5_continuation:_scan_symbol:379 | S5 skip: recent loss on symbol | {'symbol': 'EULUSDT', 'hours_since_loss': 10.4}
2026-07-26 08:30:29 | DEBUG | trading.strategy5_continuation:_scan_symbol:379 | S5 skip: recent loss on symbol | {'symbol': 'EULUSDT', 'hours_since_loss': 10.5}
2026-07-26 08:30:34 | DEBUG | trading.strategy5_continuation:_scan_symbol:379 | S5 skip: recent loss on symbol | {'symbol': 'EULUSDT', 'hours_since_loss': 10.5}
2026-07-26 08:30:40 | DEBUG | trading.strategy5_continuation:_scan_symbol:379 | S5 skip: recent loss on symbol | {'symbol': 'EULUSDT', 'hours_since_loss': 10.5}
2026-07-26 08:30:45 | DEBUG | trading.strategy5_continuation:_scan_symbol:379 | S5 skip: recent loss on symbol | {'symbol': 'EULUSDT', 'hours_since_loss': 10.5}
2026-07-26 08:30:50 | DEBUG | trading.strategy5_continuation:_scan_symbol:379 | S5 skip: recent loss on symbol | {'symbol': 'EULUSDT', 'hours_since_loss': 10.5}
2026-07-26 08:30:55 | DEBUG | trading.strategy5_continuation:_scan_symbol:379 | S5 skip: recent loss on symbol | {'symbol': 'EULUSDT', 'hours_since_loss': 10.5}
2026-07-26 08:31:00 | DEBUG | trading.strategy5_continuation:_scan_symbol:379 | S5 skip: recent loss on symbol | {'symbol': 'EULUSDT', 'hours_since_loss': 10.5}
2026-07-26 08:31:05 | DEBUG | trading.strategy5_continuation:_scan_symbol:379 | S5 skip: recent loss on symbol | {'symbol': 'EULUSDT', 'hours_since_loss': 10.5}
2026-07-26 08:31:11 | DEBUG | trading.strategy5_continuation:_scan_symbol:379 | S5 skip: recent loss on symbol | {'symbol': 'EULUSDT', 'hours_since_loss': 10.5}
2026-07-26 08:31:16 | DEBUG | trading.strategy5_continuation:_scan_symbol:379 | S5 skip: recent loss on symbol | {'symbol': 'EULUSDT', 'hours_since_loss': 10.5}
2026-07-26 08:31:21 | DEBUG | trading.strategy5_continuation:_scan_symbol:379 | S5 skip: recent loss on symbol | {'symbol': 'EULUSDT', 'hours_since_loss': 10.5}
2026-07-26 08:31:26 | DEBUG | trading.strategy5_continuation:_scan_symbol:379 | S5 skip: recent loss on symbol | {'symbol': 'EULUSDT', 'hours_since_loss': 10.5}
2026-07-26 08:31:31 | DEBUG | trading.strategy5_continuation:_scan_symbol:379 | S5 skip: recent loss on symbol | {'symbol': 'EULUSDT', 'hours_since_loss': 10.5}
2026-07-26 08:31:37 | DEBUG | trading.strategy5_continuation:_scan_symbol:379 | S5 skip: recent loss on symbol | {'symbol': 'EULUSDT', 'hours_since_loss': 10.5}
2026-07-26 08:31:42 | DEBUG | trading.strategy5_continuation:_scan_symbol:379 | S5 skip: recent loss on symbol | {'symbol': 'EULUSDT', 'hours_since_loss': 10.5}
2026-07-26 08:31:47 | DEBUG | trading.strategy5_continuation:_scan_symbol:379 | S5 skip: recent loss on symbol | {'symbol': 'EULUSDT', 'hours_since_loss': 10.5}
2026-07-26 08:31:52 | DEBUG | trading.strategy5_continuation:_scan_symbol:379 | S5 skip: recent loss on symbol | {'symbol': 'EULUSDT', 'hours_since_loss': 10.5}
2026-07-26 08:31:57 | DEBUG | trading.strategy5_continuation:_scan_symbol:379 | S5 skip: recent loss on symbol | {'symbol': 'EULUSDT', 'hours_since_loss': 10.5}
2026-07-26 08:32:03 | DEBUG | trading.strategy5_continuation:_scan_symbol:379 | S5 skip: recent loss on symbol | {'symbol': 'EULUSDT', 'hours_since_loss': 10.5}
2026-07-26 08:32:08 | DEBUG | trading.strategy5_continuation:_scan_symbol:379 | S5 skip: recent loss on symbol | {'symbol': 'EULUSDT', 'hours_since_loss': 10.5}
2026-07-26 08:32:13 | DEBUG | trading.strategy5_continuation:_scan_symbol:379 | S5 skip: recent loss on symbol | {'symbol': 'EULUSDT', 'hours_since_loss': 10.5}
2026-07-26 08:32:18 | DEBUG | trading.strategy5_continuation:_scan_symbol:379 | S5 skip: recent loss on symbol | {'symbol': 'EULUSDT', 'hours_since_loss': 10.5}
2026-07-26 08:32:23 | DEBUG | trading.strategy5_continuation:_scan_symbol:379 | S5 skip: recent loss on symbol | {'symbol': 'EULUSDT', 'hours_since_loss': 10.5}
2026-07-26 08:32:28 | DEBUG | trading.strategy5_continuation:_scan_symbol:379 | S5 skip: recent loss on symbol | {'symbol': 'EULUSDT', 'hours_since_loss': 10.5}
2026-07-26 08:32:34 | DEBUG | trading.strategy5_continuation:_scan_symbol:379 | S5 skip: recent loss on symbol | {'symbol': 'EULUSDT', 'hours_since_loss': 10.5}
2026-07-26 08:32:39 | DEBUG | trading.strategy5_continuation:_scan_symbol:379 | S5 skip: recent loss on symbol | {'symbol': 'EULUSDT', 'hours_since_loss': 10.5}
2026-07-26 08:32:44 | DEBUG | trading.strategy5_continuation:_scan_symbol:379 | S5 skip: recent loss on symbol | {'symbol': 'EULUSDT', 'hours_since_loss': 10.5}
2026-07-26 08:32:49 | DEBUG | trading.strategy5_continuation:_scan_symbol:379 | S5 skip: recent loss on symbol | {'symbol': 'EULUSDT', 'hours_since_loss': 10.5}
2026-07-26 08:32:54 | DEBUG | trading.strategy5_continuation:_scan_symbol:379 | S5 skip: recent loss on symbol | {'symbol': 'EULUSDT', 'hours_since_loss': 10.5}
2026-07-26 08:32:59 | DEBUG | trading.strategy5_continuation:_scan_symbol:379 | S5 skip: recent loss on symbol | {'symbol': 'EULUSDT', 'hours_since_loss': 10.5}
2026-07-26 08:33:05 | DEBUG | trading.strategy5_continuation:_scan_symbol:379 | S5 skip: recent loss on symbol | {'symbol': 'EULUSDT', 'hours_since_loss': 10.5}
2026-07-26 08:33:10 | DEBUG | trading.strategy5_continuation:_scan_symbol:379 | S5 skip: recent loss on symbol | {'symbol': 'EULUSDT', 'hours_since_loss': 10.5}
2026-07-26 08:33:15 | DEBUG | trading.strategy5_continuation:_scan_symbol:379 | S5 skip: recent loss on symbol | {'symbol': 'EULUSDT', 'hours_since_loss': 10.5}
2026-07-26 08:33:20 | DEBUG | trading.strategy5_continuation:_scan_symbol:379 | S5 skip: recent loss on symbol | {'symbol': 'EULUSDT', 'hours_since_loss': 10.5}
2026-07-26 08:33:25 | DEBUG | trading.strategy5_continuation:_scan_symbol:379 | S5 skip: recent loss on symbol | {'symbol': 'EULUSDT', 'hours_since_loss': 10.5}
2026-07-26 08:33:31 | DEBUG | trading.strategy5_continuation:_scan_symbol:379 | S5 skip: recent loss on symbol | {'symbol': 'EULUSDT', 'hours_since_loss': 10.5}
2026-07-26 08:33:36 | DEBUG | trading.strategy5_continuation:_scan_symbol:379 | S5 skip: recent loss on symbol | {'symbol': 'EULUSDT', 'hours_since_loss': 10.5}
2026-07-26 08:33:41 | DEBUG | trading.strategy5_continuation:_scan_symbol:379 | S5 skip: recent loss on symbol | {'symbol': 'EULUSDT', 'hours_since_loss': 10.5}
2026-07-26 08:33:46 | DEBUG | trading.strategy5_continuation:_scan_symbol:379 | S5 skip: recent loss on symbol | {'symbol': 'EULUSDT', 'hours_since_loss': 10.5}
2026-07-26 08:33:51 | DEBUG | trading.strategy5_continuation:_scan_symbol:379 | S5 skip: recent loss on symbol | {'symbol': 'EULUSDT', 'hours_since_loss': 10.5}
2026-07-26 08:33:56 | DEBUG | trading.strategy5_continuation:_scan_symbol:379 | S5 skip: recent loss on symbol | {'symbol': 'EULUSDT', 'hours_since_loss': 10.5}
2026-07-26 08:34:02 | DEBUG | trading.strategy5_continuation:_scan_symbol:379 | S5 skip: recent loss on symbol | {'symbol': 'EULUSDT', 'hours_since_loss': 10.5}
2026-07-26 08:34:07 | DEBUG | trading.strategy5_continuation:_scan_symbol:379 | S5 skip: recent loss on symbol | {'symbol': 'EULUSDT', 'hours_since_loss': 10.5}
2026-07-26 08:34:12 | DEBUG | trading.strategy5_continuation:_scan_symbol:379 | S5 skip: recent loss on symbol | {'symbol': 'EULUSDT', 'hours_since_loss': 10.5}
2026-07-26 08:34:17 | DEBUG | trading.strategy5_continuation:_scan_symbol:379 | S5 skip: recent loss on symbol | {'symbol': 'EULUSDT', 'hours_since_loss': 10.5}
2026-07-26 08:34:22 | DEBUG | trading.strategy5_continuation:_scan_symbol:379 | S5 skip: recent loss on symbol | {'symbol': 'EULUSDT', 'hours_since_loss': 10.5}
2026-07-26 08:34:28 | DEBUG | trading.strategy5_continuation:_scan_symbol:379 | S5 skip: recent loss on symbol | {'symbol': 'EULUSDT', 'hours_since_loss': 10.5}
2026-07-26 08:34:33 | DEBUG | trading.strategy5_continuation:_scan_symbol:379 | S5 skip: recent loss on symbol | {'symbol': 'EULUSDT', 'hours_since_loss': 10.5}
2026-07-26 08:34:38 | DEBUG | trading.strategy5_continuation:_scan_symbol:379 | S5 skip: recent loss on symbol | {'symbol': 'EULUSDT', 'hours_since_loss': 10.5}
2026-07-26 08:34:43 | DEBUG | trading.strategy5_continuation:_scan_symbol:379 | S5 skip: recent loss on symbol | {'symbol': 'EULUSDT', 'hours_since_loss': 10.5}
2026-07-26 08:34:48 | DEBUG | trading.strategy5_continuation:_scan_symbol:379 | S5 skip: recent loss on symbol | {'symbol': 'EULUSDT', 'hours_since_loss': 10.5}
2026-07-26 08:34:54 | DEBUG | trading.strategy5_continuation:_scan_symbol:379 | S5 skip: recent loss on symbol | {'symbol': 'EULUSDT', 'hours_since_loss': 10.5}
2026-07-26 08:34:59 | DEBUG | trading.strategy5_continuation:_scan_symbol:379 | S5 skip: recent loss on symbol | {'symbol': 'EULUSDT', 'hours_since_loss': 10.5}
2026-07-26 08:35:04 | DEBUG | trading.strategy5_continuation:_scan_symbol:379 | S5 skip: recent loss on symbol | {'symbol': 'EULUSDT', 'hours_since_loss': 10.5}
2026-07-26 08:35:09 | DEBUG | trading.strategy5_continuation:_scan_symbol:379 | S5 skip: recent loss on symbol | {'symbol': 'EULUSDT', 'hours_since_loss': 10.5}
2026-07-26 08:35:14 | DEBUG | trading.strategy5_continuation:_scan_symbol:379 | S5 skip: recent loss on symbol | {'symbol': 'EULUSDT', 'hours_since_loss': 10.5}
2026-07-26 08:35:19 | DEBUG | trading.strategy5_continuation:_scan_symbol:379 | S5 skip: recent loss on symbol | {'symbol': 'EULUSDT', 'hours_since_loss': 10.5}
2026-07-26 08:35:25 | DEBUG | trading.strategy5_continuation:_scan_symbol:379 | S5 skip: recent loss on symbol | {'symbol': 'EULUSDT', 'hours_since_loss': 10.5}
2026-07-26 08:35:30 | DEBUG | trading.strategy5_continuation:_scan_symbol:379 | S5 skip: recent loss on symbol | {'symbol': 'EULUSDT', 'hours_since_loss': 10.5}
2026-07-26 08:35:35 | DEBUG | trading.strategy5_continuation:_scan_symbol:379 | S5 skip: recent loss on symbol | {'symbol': 'EULUSDT', 'hours_since_loss': 10.5}
2026-07-26 08:35:40 | DEBUG | trading.strategy5_continuation:_scan_symbol:379 | S5 skip: recent loss on symbol | {'symbol': 'EULUSDT', 'hours_since_loss': 10.5}
2026-07-26 08:35:45 | DEBUG | trading.strategy5_continuation:_scan_symbol:379 | S5 skip: recent loss on symbol | {'symbol': 'EULUSDT', 'hours_since_loss': 10.5}
2026-07-26 08:35:50 | DEBUG | trading.strategy5_continuation:_scan_symbol:379 | S5 skip: recent loss on symbol | {'symbol': 'EULUSDT', 'hours_since_loss': 10.5}
2026-07-26 08:35:56 | DEBUG | trading.strategy5_continuation:_scan_symbol:379 | S5 skip: recent loss on symbol | {'symbol': 'EULUSDT', 'hours_since_loss': 10.5}
2026-07-26 08:36:01 | DEBUG | trading.strategy5_continuation:_scan_symbol:379 | S5 skip: recent loss on symbol | {'symbol': 'EULUSDT', 'hours_since_loss': 10.5}
2026-07-26 08:36:06 | DEBUG | trading.strategy5_continuation:_scan_symbol:379 | S5 skip: recent loss on symbol | {'symbol': 'EULUSDT', 'hours_since_loss': 10.5}
2026-07-26 08:36:11 | DEBUG | trading.strategy5_continuation:_scan_symbol:379 | S5 skip: recent loss on symbol | {'symbol': 'EULUSDT', 'hours_since_loss': 10.5}
2026-07-26 08:36:16 | DEBUG | trading.strategy5_continuation:_scan_symbol:379 | S5 skip: recent loss on symbol | {'symbol': 'EULUSDT', 'hours_since_loss': 10.5}
2026-07-26 08:36:22 | DEBUG | trading.strategy5_continuation:_scan_symbol:379 | S5 skip: recent loss on symbol | {'symbol': 'EULUSDT', 'hours_since_loss': 10.5}
2026-07-26 08:36:27 | DEBUG | trading.strategy5_continuation:_scan_symbol:379 | S5 skip: recent loss on symbol | {'symbol': 'EULUSDT', 'hours_since_loss': 10.6}
2026-07-26 08:36:32 | DEBUG | trading.strategy5_continuation:_scan_symbol:379 | S5 skip: recent loss on symbol | {'symbol': 'EULUSDT', 'hours_since_loss': 10.6}
2026-07-26 08:36:37 | DEBUG | trading.strategy5_continuation:_scan_symbol:379 | S5 skip: recent loss on symbol | {'symbol': 'EULUSDT', 'hours_since_loss': 10.6}
2026-07-26 08:36:42 | DEBUG | trading.strategy5_continuation:_scan_symbol:379 | S5 skip: recent loss on symbol | {'symbol': 'EULUSDT', 'hours_since_loss': 10.6}
2026-07-26 08:36:47 | DEBUG | trading.strategy5_continuation:_scan_symbol:379 | S5 skip: recent loss on symbol | {'symbol': 'EULUSDT', 'hours_since_loss': 10.6}
2026-07-26 08:36:53 | DEBUG | trading.strategy5_continuation:_scan_symbol:379 | S5 skip: recent loss on symbol | {'symbol': 'EULUSDT', 'hours_since_loss': 10.6}
2026-07-26 08:36:58 | DEBUG | trading.strategy5_continuation:_scan_symbol:379 | S5 skip: recent loss on symbol | {'symbol': 'EULUSDT', 'hours_since_loss': 10.6}
2026-07-26 08:37:03 | DEBUG | trading.strategy5_continuation:_scan_symbol:379 | S5 skip: recent loss on symbol | {'symbol': 'EULUSDT', 'hours_since_loss': 10.6}
2026-07-26 08:37:08 | DEBUG | trading.strategy5_continuation:_scan_symbol:379 | S5 skip: recent loss on symbol | {'symbol': 'EULUSDT', 'hours_since_loss': 10.6}
2026-07-26 08:37:13 | DEBUG | trading.strategy5_continuation:_scan_symbol:379 | S5 skip: recent loss on symbol | {'symbol': 'EULUSDT', 'hours_since_loss': 10.6}
2026-07-26 08:37:19 | DEBUG | trading.strategy5_continuation:_scan_symbol:379 | S5 skip: recent loss on symbol | {'symbol': 'EULUSDT', 'hours_since_loss': 10.6}
2026-07-26 08:37:24 | DEBUG | trading.strategy5_continuation:_scan_symbol:379 | S5 skip: recent loss on symbol | {'symbol': 'EULUSDT', 'hours_since_loss': 10.6}
2026-07-26 08:37:29 | DEBUG | trading.strategy5_continuation:_scan_symbol:379 | S5 skip: recent loss on symbol | {'symbol': 'EULUSDT', 'hours_since_loss': 10.6}
2026-07-26 08:37:34 | DEBUG | trading.strategy5_continuation:_scan_symbol:379 | S5 skip: recent loss on symbol | {'symbol': 'EULUSDT', 'hours_since_loss': 10.6}
2026-07-26 08:37:39 | DEBUG | trading.strategy5_continuation:_scan_symbol:379 | S5 skip: recent loss on symbol | {'symbol': 'EULUSDT', 'hours_since_loss': 10.6}
2026-07-26 08:37:44 | DEBUG | trading.strategy5_continuation:_scan_symbol:379 | S5 skip: recent loss on symbol | {'symbol': 'EULUSDT', 'hours_since_loss': 10.6}
2026-07-26 08:37:50 | DEBUG | trading.strategy5_continuation:_scan_symbol:379 | S5 skip: recent loss on symbol | {'symbol': 'EULUSDT', 'hours_since_loss': 10.6}
2026-07-26 08:37:55 | DEBUG | trading.strategy5_continuation:_scan_symbol:379 | S5 skip: recent loss on symbol | {'symbol': 'EULUSDT', 'hours_since_loss': 10.6}
2026-07-26 08:38:00 | DEBUG | trading.strategy5_continuation:_scan_symbol:379 | S5 skip: recent loss on symbol | {'symbol': 'EULUSDT', 'hours_since_loss': 10.6}
2026-07-26 08:38:05 | DEBUG | trading.strategy5_continuation:_scan_symbol:379 | S5 skip: recent loss on symbol | {'symbol': 'EULUSDT', 'hours_since_loss': 10.6}
2026-07-26 08:38:10 | DEBUG | trading.strategy5_continuation:_scan_symbol:379 | S5 skip: recent loss on symbol | {'symbol': 'EULUSDT', 'hours_since_loss': 10.6}
2026-07-26 08:38:15 | DEBUG | trading.strategy5_continuation:_scan_symbol:379 | S5 skip: recent loss on symbol | {'symbol': 'EULUSDT', 'hours_since_loss': 10.6}
2026-07-26 08:38:21 | DEBUG | trading.strategy5_continuation:_scan_symbol:379 | S5 skip: recent loss on symbol | {'symbol': 'EULUSDT', 'hours_since_loss': 10.6}
2026-07-26 08:38:26 | DEBUG | trading.strategy5_continuation:_scan_symbol:379 | S5 skip: recent loss on symbol | {'symbol': 'EULUSDT', 'hours_since_loss': 10.6}
2026-07-26 08:38:31 | DEBUG | trading.strategy5_continuation:_scan_symbol:379 | S5 skip: recent loss on symbol | {'symbol': 'EULUSDT', 'hours_since_loss': 10.6}
2026-07-26 08:38:36 | DEBUG | trading.strategy5_continuation:_scan_symbol:379 | S5 skip: recent loss on symbol | {'symbol': 'EULUSDT', 'hours_since_loss': 10.6}
2026-07-26 08:38:41 | DEBUG | trading.strategy5_continuation:_scan_symbol:379 | S5 skip: recent loss on symbol | {'symbol': 'EULUSDT', 'hours_since_loss': 10.6}
2026-07-26 08:38:47 | DEBUG | trading.strategy5_continuation:_scan_symbol:379 | S5 skip: recent loss on symbol | {'symbol': 'EULUSDT', 'hours_since_loss': 10.6}
2026-07-26 08:38:52 | DEBUG | trading.strategy5_continuation:_scan_symbol:379 | S5 skip: recent loss on symbol | {'symbol': 'EULUSDT', 'hours_since_loss': 10.6}
2026-07-26 08:38:57 | DEBUG | trading.strategy5_continuation:_scan_symbol:379 | S5 skip: recent loss on symbol | {'symbol': 'EULUSDT', 'hours_since_loss': 10.6}
2026-07-26 08:39:02 | DEBUG | trading.strategy5_continuation:_scan_symbol:379 | S5 skip: recent loss on symbol | {'symbol': 'EULUSDT', 'hours_since_loss': 10.6}
2026-07-26 08:39:07 | DEBUG | trading.strategy5_continuation:_scan_symbol:379 | S5 skip: recent loss on symbol | {'symbol': 'EULUSDT', 'hours_since_loss': 10.6}
2026-07-26 08:39:12 | DEBUG | trading.strategy5_continuation:_scan_symbol:379 | S5 skip: recent loss on symbol | {'symbol': 'EULUSDT', 'hours_since_loss': 10.6}
2026-07-26 08:39:18 | DEBUG | trading.strategy5_continuation:_scan_symbol:379 | S5 skip: recent loss on symbol | {'symbol': 'EULUSDT', 'hours_since_loss': 10.6}
2026-07-26 08:39:23 | DEBUG | trading.strategy5_continuation:_scan_symbol:379 | S5 skip: recent loss on symbol | {'symbol': 'EULUSDT', 'hours_since_loss': 10.6}
2026-07-26 08:39:28 | DEBUG | trading.strategy5_continuation:_scan_symbol:379 | S5 skip: recent loss on symbol | {'symbol': 'EULUSDT', 'hours_since_loss': 10.6}
2026-07-26 08:39:33 | DEBUG | trading.strategy5_continuation:_scan_symbol:379 | S5 skip: recent loss on symbol | {'symbol': 'EULUSDT', 'hours_since_loss': 10.6}
2026-07-26 08:39:38 | DEBUG | trading.strategy5_continuation:_scan_symbol:379 | S5 skip: recent loss on symbol | {'symbol': 'EULUSDT', 'hours_since_loss': 10.6}
2026-07-26 08:39:43 | DEBUG | trading.strategy5_continuation:_scan_symbol:379 | S5 skip: recent loss on symbol | {'symbol': 'EULUSDT', 'hours_since_loss': 10.6}
2026-07-26 08:39:49 | DEBUG | trading.strategy5_continuation:_scan_symbol:379 | S5 skip: recent loss on symbol | {'symbol': 'EULUSDT', 'hours_since_loss': 10.6}
2026-07-26 08:39:54 | DEBUG | trading.strategy5_continuation:_scan_symbol:379 | S5 skip: recent loss on symbol | {'symbol': 'EULUSDT', 'hours_since_loss': 10.6}
2026-07-26 08:39:59 | DEBUG | trading.strategy5_continuation:_scan_symbol:379 | S5 skip: recent loss on symbol | {'symbol': 'EULUSDT', 'hours_since_loss': 10.6}
2026-07-26 08:40:04 | DEBUG | trading.strategy5_continuation:_scan_symbol:379 | S5 skip: recent loss on symbol | {'symbol': 'EULUSDT', 'hours_since_loss': 10.6}
2026-07-26 08:40:09 | DEBUG | trading.strategy5_continuation:_scan_symbol:379 | S5 skip: recent loss on symbol | {'symbol': 'EULUSDT', 'hours_since_loss': 10.6}
2026-07-26 08:40:14 | DEBUG | trading.strategy5_continuation:_scan_symbol:379 | S5 skip: recent loss on symbol | {'symbol': 'EULUSDT', 'hours_since_loss': 10.6}
2026-07-26 08:40:20 | DEBUG | trading.strategy5_continuation:_scan_symbol:379 | S5 skip: recent loss on symbol | {'symbol': 'EULUSDT', 'hours_since_loss': 10.6}
2026-07-26 08:40:25 | DEBUG | trading.strategy5_continuation:_scan_symbol:379 | S5 skip: recent loss on symbol | {'symbol': 'EULUSDT', 'hours_since_loss': 10.6}
2026-07-26 08:40:30 | DEBUG | trading.strategy5_continuation:_scan_symbol:379 | S5 skip: recent loss on symbol | {'symbol': 'EULUSDT', 'hours_since_loss': 10.6}
2026-07-26 08:40:35 | DEBUG | trading.strategy5_continuation:_scan_symbol:379 | S5 skip: recent loss on symbol | {'symbol': 'EULUSDT', 'hours_since_loss': 10.6}
2026-07-26 08:40:40 | DEBUG | trading.strategy5_continuation:_scan_symbol:379 | S5 skip: recent loss on symbol | {'symbol': 'EULUSDT', 'hours_since_loss': 10.6}
2026-07-26 08:40:46 | DEBUG | trading.strategy5_continuation:_scan_symbol:379 | S5 skip: recent loss on symbol | {'symbol': 'EULUSDT', 'hours_since_loss': 10.6}
2026-07-26 08:40:51 | DEBUG | trading.strategy5_continuation:_scan_symbol:379 | S5 skip: recent loss on symbol | {'symbol': 'EULUSDT', 'hours_since_loss': 10.6}
2026-07-26 08:40:56 | DEBUG | trading.strategy5_continuation:_scan_symbol:379 | S5 skip: recent loss on symbol | {'symbol': 'EULUSDT', 'hours_since_loss': 10.6}
2026-07-26 08:41:01 | DEBUG | trading.strategy5_continuation:_scan_symbol:379 | S5 skip: recent loss on symbol | {'symbol': 'EULUSDT', 'hours_since_loss': 10.6}
2026-07-26 08:41:06 | DEBUG | trading.strategy5_continuation:_scan_symbol:379 | S5 skip: recent loss on symbol | {'symbol': 'EULUSDT', 'hours_since_loss': 10.6}
2026-07-26 08:41:11 | DEBUG | trading.strategy5_continuation:_scan_symbol:379 | S5 skip: recent loss on symbol | {'symbol': 'EULUSDT', 'hours_since_loss': 10.6}
2026-07-26 08:41:17 | DEBUG | trading.strategy5_continuation:_scan_symbol:379 | S5 skip: recent loss on symbol | {'symbol': 'EULUSDT', 'hours_since_loss': 10.6}
2026-07-26 08:41:22 | DEBUG | trading.strategy5_continuation:_scan_symbol:379 | S5 skip: recent loss on symbol | {'symbol': 'EULUSDT', 'hours_since_loss': 10.6}
2026-07-26 08:41:27 | DEBUG | trading.strategy5_continuation:_scan_symbol:379 | S5 skip: recent loss on symbol | {'symbol': 'EULUSDT', 'hours_since_loss': 10.6}
2026-07-26 08:41:32 | DEBUG | trading.strategy5_continuation:_scan_symbol:379 | S5 skip: recent loss on symbol | {'symbol': 'EULUSDT', 'hours_since_loss': 10.6}
2026-07-26 08:41:37 | DEBUG | trading.strategy5_continuation:_scan_symbol:379 | S5 skip: recent loss on symbol | {'symbol': 'EULUSDT', 'hours_since_loss': 10.6}
2026-07-26 08:41:42 | DEBUG | trading.strategy5_continuation:_scan_symbol:379 | S5 skip: recent loss on symbol | {'symbol': 'EULUSDT', 'hours_since_loss': 10.6}
2026-07-26 08:41:48 | DEBUG | trading.strategy5_continuation:_scan_symbol:379 | S5 skip: recent loss on symbol | {'symbol': 'EULUSDT', 'hours_since_loss': 10.6}
2026-07-26 08:41:53 | DEBUG | trading.strategy5_continuation:_scan_symbol:379 | S5 skip: recent loss on symbol | {'symbol': 'EULUSDT', 'hours_since_loss': 10.6}
2026-07-26 08:41:58 | DEBUG | trading.strategy5_continuation:_scan_symbol:379 | S5 skip: recent loss on symbol | {'symbol': 'EULUSDT', 'hours_since_loss': 10.6}
2026-07-26 08:42:03 | DEBUG | trading.strategy5_continuation:_scan_symbol:379 | S5 skip: recent loss on symbol | {'symbol': 'EULUSDT', 'hours_since_loss': 10.6}
2026-07-26 08:42:08 | DEBUG | trading.strategy5_continuation:_scan_symbol:379 | S5 skip: recent loss on symbol | {'symbol': 'EULUSDT', 'hours_since_loss': 10.6}
2026-07-26 08:42:13 | DEBUG | trading.strategy5_continuation:_scan_symbol:379 | S5 skip: recent loss on symbol | {'symbol': 'EULUSDT', 'hours_since_loss': 10.6}
2026-07-26 08:42:19 | DEBUG | trading.strategy5_continuation:_scan_symbol:379 | S5 skip: recent loss on symbol | {'symbol': 'EULUSDT', 'hours_since_loss': 10.6}
2026-07-26 08:42:24 | DEBUG | trading.strategy5_continuation:_scan_symbol:379 | S5 skip: recent loss on symbol | {'symbol': 'EULUSDT', 'hours_since_loss': 10.6}
2026-07-26 08:42:29 | DEBUG | trading.strategy5_continuation:_scan_symbol:379 | S5 skip: recent loss on symbol | {'symbol': 'EULUSDT', 'hours_since_loss': 10.7}
2026-07-26 08:42:34 | DEBUG | trading.strategy5_continuation:_scan_symbol:379 | S5 skip: recent loss on symbol | {'symbol': 'EULUSDT', 'hours_since_loss': 10.7}
2026-07-26 08:42:39 | DEBUG | trading.strategy5_continuation:_scan_symbol:379 | S5 skip: recent loss on symbol | {'symbol': 'EULUSDT', 'hours_since_loss': 10.7}
2026-07-26 08:42:44 | DEBUG | trading.strategy5_continuation:_scan_symbol:379 | S5 skip: recent loss on symbol | {'symbol': 'EULUSDT', 'hours_since_loss': 10.7}
2026-07-26 08:42:50 | DEBUG | trading.strategy5_continuation:_scan_symbol:379 | S5 skip: recent loss on symbol | {'symbol': 'EULUSDT', 'hours_since_loss': 10.7}
2026-07-26 08:42:55 | DEBUG | trading.strategy5_continuation:_scan_symbol:379 | S5 skip: recent loss on symbol | {'symbol': 'EULUSDT', 'hours_since_loss': 10.7}
2026-07-26 08:43:00 | DEBUG | trading.strategy5_continuation:_scan_symbol:379 | S5 skip: recent loss on symbol | {'symbol': 'EULUSDT', 'hours_since_loss': 10.7}
2026-07-26 08:43:05 | DEBUG | trading.strategy5_continuation:_scan_symbol:379 | S5 skip: recent loss on symbol | {'symbol': 'EULUSDT', 'hours_since_loss': 10.7}
2026-07-26 08:43:10 | DEBUG | trading.strategy5_continuation:_scan_symbol:379 | S5 skip: recent loss on symbol | {'symbol': 'EULUSDT', 'hours_since_loss': 10.7}
2026-07-26 08:43:15 | DEBUG | trading.strategy5_continuation:_scan_symbol:379 | S5 skip: recent loss on symbol | {'symbol': 'EULUSDT', 'hours_since_loss': 10.7}
2026-07-26 08:43:21 | DEBUG | trading.strategy5_continuation:_scan_symbol:379 | S5 skip: recent loss on symbol | {'symbol': 'EULUSDT', 'hours_since_loss': 10.7}
2026-07-26 08:43:26 | DEBUG | trading.strategy5_continuation:_scan_symbol:379 | S5 skip: recent loss on symbol | {'symbol': 'EULUSDT', 'hours_since_loss': 10.7}
2026-07-26 08:43:31 | DEBUG | trading.strategy5_continuation:_scan_symbol:379 | S5 skip: recent loss on symbol | {'symbol': 'EULUSDT', 'hours_since_loss': 10.7}
2026-07-26 08:43:36 | DEBUG | trading.strategy5_continuation:_scan_symbol:379 | S5 skip: recent loss on symbol | {'symbol': 'EULUSDT', 'hours_since_loss': 10.7}
2026-07-26 08:43:41 | DEBUG | trading.strategy5_continuation:_scan_symbol:379 | S5 skip: recent loss on symbol | {'symbol': 'EULUSDT', 'hours_since_loss': 10.7}
2026-07-26 08:43:47 | DEBUG | trading.strategy5_continuation:_scan_symbol:379 | S5 skip: recent loss on symbol | {'symbol': 'EULUSDT', 'hours_since_loss': 10.7}
2026-07-26 08:43:52 | DEBUG | trading.strategy5_continuation:_scan_symbol:379 | S5 skip: recent loss on symbol | {'symbol': 'EULUSDT', 'hours_since_loss': 10.7}
2026-07-26 08:43:57 | DEBUG | trading.strategy5_continuation:_scan_symbol:379 | S5 skip: recent loss on symbol | {'symbol': 'EULUSDT', 'hours_since_loss': 10.7}
2026-07-26 08:44:02 | DEBUG | trading.strategy5_continuation:_scan_symbol:379 | S5 skip: recent loss on symbol | {'symbol': 'EULUSDT', 'hours_since_loss': 10.7}
2026-07-26 08:44:07 | DEBUG | trading.strategy5_continuation:_scan_symbol:379 | S5 skip: recent loss on symbol | {'symbol': 'EULUSDT', 'hours_since_loss': 10.7}
2026-07-26 08:44:13 | DEBUG | trading.strategy5_continuation:_scan_symbol:379 | S5 skip: recent loss on symbol | {'symbol': 'EULUSDT', 'hours_since_loss': 10.7}
2026-07-26 08:44:18 | DEBUG | trading.strategy5_continuation:_scan_symbol:379 | S5 skip: recent loss on symbol | {'symbol': 'EULUSDT', 'hours_since_loss': 10.7}
2026-07-26 08:44:23 | DEBUG | trading.strategy5_continuation:_scan_symbol:379 | S5 skip: recent loss on symbol | {'symbol': 'EULUSDT', 'hours_since_loss': 10.7}
2026-07-26 08:44:28 | DEBUG | trading.strategy5_continuation:_scan_symbol:379 | S5 skip: recent loss on symbol | {'symbol': 'EULUSDT', 'hours_since_loss': 10.7}
2026-07-26 08:44:33 | DEBUG | trading.strategy5_continuation:_scan_symbol:379 | S5 skip: recent loss on symbol | {'symbol': 'EULUSDT', 'hours_since_loss': 10.7}
2026-07-26 08:44:39 | DEBUG | trading.strategy5_continuation:_scan_symbol:379 | S5 skip: recent loss on symbol | {'symbol': 'EULUSDT', 'hours_since_loss': 10.7}
2026-07-26 08:44:44 | DEBUG | trading.strategy5_continuation:_scan_symbol:379 | S5 skip: recent loss on symbol | {'symbol': 'EULUSDT', 'hours_since_loss': 10.7}
2026-07-26 08:44:49 | DEBUG | trading.strategy5_continuation:_scan_symbol:379 | S5 skip: recent loss on symbol | {'symbol': 'EULUSDT', 'hours_since_loss': 10.7}
2026-07-26 08:44:54 | DEBUG | trading.strategy5_continuation:_scan_symbol:379 | S5 skip: recent loss on symbol | {'symbol': 'EULUSDT', 'hours_since_loss': 10.7}
2026-07-26 08:44:59 | DEBUG | trading.strategy5_continuation:_scan_symbol:379 | S5 skip: recent loss on symbol | {'symbol': 'EULUSDT', 'hours_since_loss': 10.7}
2026-07-26 08:45:04 | DEBUG | trading.strategy5_continuation:_scan_symbol:379 | S5 skip: recent loss on symbol | {'symbol': 'EULUSDT', 'hours_since_loss': 10.7}
2026-07-26 08:45:10 | DEBUG | trading.strategy5_continuation:_scan_symbol:379 | S5 skip: recent loss on symbol | {'symbol': 'EULUSDT', 'hours_since_loss': 10.7}
2026-07-26 08:45:15 | DEBUG | trading.strategy5_continuation:_scan_symbol:379 | S5 skip: recent loss on symbol | {'symbol': 'EULUSDT', 'hours_since_loss': 10.7}
2026-07-26 08:45:20 | DEBUG | trading.strategy5_continuation:_scan_symbol:379 | S5 skip: recent loss on symbol | {'symbol': 'EULUSDT', 'hours_since_loss': 10.7}
2026-07-26 08:45:25 | DEBUG | trading.strategy5_continuation:_scan_symbol:379 | S5 skip: recent loss on symbol | {'symbol': 'EULUSDT', 'hours_since_loss': 10.7}
2026-07-26 08:45:30 | DEBUG | trading.strategy5_continuation:_scan_symbol:379 | S5 skip: recent loss on symbol | {'symbol': 'EULUSDT', 'hours_since_loss': 10.7}
2026-07-26 08:45:36 | DEBUG | trading.strategy5_continuation:_scan_symbol:379 | S5 skip: recent loss on symbol | {'symbol': 'EULUSDT', 'hours_since_loss': 10.7}
2026-07-26 08:45:41 | DEBUG | trading.strategy5_continuation:_scan_symbol:379 | S5 skip: recent loss on symbol | {'symbol': 'EULUSDT', 'hours_since_loss': 10.7}
2026-07-26 08:45:46 | DEBUG | trading.strategy5_continuation:_scan_symbol:379 | S5 skip: recent loss on symbol | {'symbol': 'EULUSDT', 'hours_since_loss': 10.7}
2026-07-26 08:45:51 | DEBUG | trading.strategy5_continuation:_scan_symbol:379 | S5 skip: recent loss on symbol | {'symbol': 'EULUSDT', 'hours_since_loss': 10.7}
2026-07-26 08:45:56 | DEBUG | trading.strategy5_continuation:_scan_symbol:379 | S5 skip: recent loss on symbol | {'symbol': 'EULUSDT', 'hours_since_loss': 10.7}
2026-07-26 08:46:01 | DEBUG | trading.strategy5_continuation:_scan_symbol:379 | S5 skip: recent loss on symbol | {'symbol': 'EULUSDT', 'hours_since_loss': 10.7}
2026-07-26 08:46:07 | DEBUG | trading.strategy5_continuation:_scan_symbol:379 | S5 skip: recent loss on symbol | {'symbol': 'EULUSDT', 'hours_since_loss': 10.7}
2026-07-26 08:46:12 | DEBUG | trading.strategy5_continuation:_scan_symbol:379 | S5 skip: recent loss on symbol | {'symbol': 'EULUSDT', 'hours_since_loss': 10.7}
2026-07-26 08:46:17 | DEBUG | trading.strategy5_continuation:_scan_symbol:379 | S5 skip: recent loss on symbol | {'symbol': 'EULUSDT', 'hours_since_loss': 10.7}
2026-07-26 08:46:22 | DEBUG | trading.strategy5_continuation:_scan_symbol:379 | S5 skip: recent loss on symbol | {'symbol': 'EULUSDT', 'hours_since_loss': 10.7}
2026-07-26 08:46:27 | DEBUG | trading.strategy5_continuation:_scan_symbol:379 | S5 skip: recent loss on symbol | {'symbol': 'EULUSDT', 'hours_since_loss': 10.7}
2026-07-26 08:46:33 | DEBUG | trading.strategy5_continuation:_scan_symbol:379 | S5 skip: recent loss on symbol | {'symbol': 'EULUSDT', 'hours_since_loss': 10.7}
2026-07-26 08:46:38 | DEBUG | trading.strategy5_continuation:_scan_symbol:379 | S5 skip: recent loss on symbol | {'symbol': 'EULUSDT', 'hours_since_loss': 10.7}
2026-07-26 08:46:43 | DEBUG | trading.strategy5_continuation:_scan_symbol:379 | S5 skip: recent loss on symbol | {'symbol': 'EULUSDT', 'hours_since_loss': 10.7}
2026-07-26 08:46:48 | DEBUG | trading.strategy5_continuation:_scan_symbol:379 | S5 skip: recent loss on symbol | {'symbol': 'EULUSDT', 'hours_since_loss': 10.7}
2026-07-26 08:46:53 | DEBUG | trading.strategy5_continuation:_scan_symbol:379 | S5 skip: recent loss on symbol | {'symbol': 'EULUSDT', 'hours_since_loss': 10.7}
2026-07-26 08:46:58 | DEBUG | trading.strategy5_continuation:_scan_symbol:379 | S5 skip: recent loss on symbol | {'symbol': 'EULUSDT', 'hours_since_loss': 10.7}
2026-07-26 08:47:04 | DEBUG | trading.strategy5_continuation:_scan_symbol:379 | S5 skip: recent loss on symbol | {'symbol': 'EULUSDT', 'hours_since_loss': 10.7}
2026-07-26 08:47:09 | DEBUG | trading.strategy5_continuation:_scan_symbol:379 | S5 skip: recent loss on symbol | {'symbol': 'EULUSDT', 'hours_since_loss': 10.7}
2026-07-26 08:47:14 | DEBUG | trading.strategy5_continuation:_scan_symbol:379 | S5 skip: recent loss on symbol | {'symbol': 'EULUSDT', 'hours_since_loss': 10.7}
2026-07-26 08:47:19 | DEBUG | trading.strategy5_continuation:_scan_symbol:379 | S5 skip: recent loss on symbol | {'symbol': 'EULUSDT', 'hours_since_loss': 10.7}
2026-07-26 08:47:24 | DEBUG | trading.strategy5_continuation:_scan_symbol:379 | S5 skip: recent loss on symbol | {'symbol': 'EULUSDT', 'hours_since_loss': 10.7}
2026-07-26 08:47:30 | DEBUG | trading.strategy5_continuation:_scan_symbol:379 | S5 skip: recent loss on symbol | {'symbol': 'EULUSDT', 'hours_since_loss': 10.7}
2026-07-26 08:47:35 | DEBUG | trading.strategy5_continuation:_scan_symbol:379 | S5 skip: recent loss on symbol | {'symbol': 'EULUSDT', 'hours_since_loss': 10.7}
2026-07-26 08:47:40 | DEBUG | trading.strategy5_continuation:_scan_symbol:379 | S5 skip: recent loss on symbol | {'symbol': 'EULUSDT', 'hours_since_loss': 10.7}
2026-07-26 08:47:45 | DEBUG | trading.strategy5_continuation:_scan_symbol:379 | S5 skip: recent loss on symbol | {'symbol': 'EULUSDT', 'hours_since_loss': 10.7}
2026-07-26 08:47:50 | DEBUG | trading.strategy5_continuation:_scan_symbol:379 | S5 skip: recent loss on symbol | {'symbol': 'EULUSDT', 'hours_since_loss': 10.7}
2026-07-26 08:47:55 | DEBUG | trading.strategy5_continuation:_scan_symbol:379 | S5 skip: recent loss on symbol | {'symbol': 'EULUSDT', 'hours_since_loss': 10.7}
2026-07-26 08:48:01 | DEBUG | trading.strategy5_continuation:_scan_symbol:379 | S5 skip: recent loss on symbol | {'symbol': 'EULUSDT', 'hours_since_loss': 10.7}
2026-07-26 08:48:06 | DEBUG | trading.strategy5_continuation:_scan_symbol:379 | S5 skip: recent loss on symbol | {'symbol': 'EULUSDT', 'hours_since_loss': 10.7}
2026-07-26 08:48:11 | DEBUG | trading.strategy5_continuation:_scan_symbol:379 | S5 skip: recent loss on symbol | {'symbol': 'EULUSDT', 'hours_since_loss': 10.7}
2026-07-26 08:48:16 | DEBUG | trading.strategy5_continuation:_scan_symbol:379 | S5 skip: recent loss on symbol | {'symbol': 'EULUSDT', 'hours_since_loss': 10.7}
2026-07-26 08:48:21 | DEBUG | trading.strategy5_continuation:_scan_symbol:379 | S5 skip: recent loss on symbol | {'symbol': 'EULUSDT', 'hours_since_loss': 10.7}
2026-07-26 08:48:26 | DEBUG | trading.strategy5_continuation:_scan_symbol:379 | S5 skip: recent loss on symbol | {'symbol': 'EULUSDT', 'hours_since_loss': 10.8}
2026-07-26 08:48:32 | DEBUG | trading.strategy5_continuation:_scan_symbol:379 | S5 skip: recent loss on symbol | {'symbol': 'EULUSDT', 'hours_since_loss': 10.8}
2026-07-26 08:48:37 | DEBUG | trading.strategy5_continuation:_scan_symbol:379 | S5 skip: recent loss on symbol | {'symbol': 'EULUSDT', 'hours_since_loss': 10.8}
2026-07-26 08:48:42 | DEBUG | trading.strategy5_continuation:_scan_symbol:379 | S5 skip: recent loss on symbol | {'symbol': 'EULUSDT', 'hours_since_loss': 10.8}
2026-07-26 08:48:47 | DEBUG | trading.strategy5_continuation:_scan_symbol:379 | S5 skip: recent loss on symbol | {'symbol': 'EULUSDT', 'hours_since_loss': 10.8}
2026-07-26 08:48:52 | DEBUG | trading.strategy5_continuation:_scan_symbol:379 | S5 skip: recent loss on symbol | {'symbol': 'EULUSDT', 'hours_since_loss': 10.8}
2026-07-26 08:48:57 | DEBUG | trading.strategy5_continuation:_scan_symbol:379 | S5 skip: recent loss on symbol | {'symbol': 'EULUSDT', 'hours_since_loss': 10.8}
2026-07-26 08:49:03 | DEBUG | trading.strategy5_continuation:_scan_symbol:379 | S5 skip: recent loss on symbol | {'symbol': 'EULUSDT', 'hours_since_loss': 10.8}
2026-07-26 08:49:08 | DEBUG | trading.strategy5_continuation:_scan_symbol:379 | S5 skip: recent loss on symbol | {'symbol': 'EULUSDT', 'hours_since_loss': 10.8}
2026-07-26 08:49:13 | DEBUG | trading.strategy5_continuation:_scan_symbol:379 | S5 skip: recent loss on symbol | {'symbol': 'EULUSDT', 'hours_since_loss': 10.8}
2026-07-26 08:49:18 | DEBUG | trading.strategy5_continuation:_scan_symbol:379 | S5 skip: recent loss on symbol | {'symbol': 'EULUSDT', 'hours_since_loss': 10.8}
2026-07-26 08:49:23 | DEBUG | trading.strategy5_continuation:_scan_symbol:379 | S5 skip: recent loss on symbol | {'symbol': 'EULUSDT', 'hours_since_loss': 10.8}
2026-07-26 08:49:29 | DEBUG | trading.strategy5_continuation:_scan_symbol:379 | S5 skip: recent loss on symbol | {'symbol': 'EULUSDT', 'hours_since_loss': 10.8}
2026-07-26 08:49:34 | DEBUG | trading.strategy5_continuation:_scan_symbol:379 | S5 skip: recent loss on symbol | {'symbol': 'EULUSDT', 'hours_since_loss': 10.8}
2026-07-26 08:49:39 | DEBUG | trading.strategy5_continuation:_scan_symbol:379 | S5 skip: recent loss on symbol | {'symbol': 'EULUSDT', 'hours_since_loss': 10.8}
2026-07-26 08:49:44 | DEBUG | trading.strategy5_continuation:_scan_symbol:379 | S5 skip: recent loss on symbol | {'symbol': 'EULUSDT', 'hours_since_loss': 10.8}
2026-07-26 08:49:49 | DEBUG | trading.strategy5_continuation:_scan_symbol:379 | S5 skip: recent loss on symbol | {'symbol': 'EULUSDT', 'hours_since_loss': 10.8}
2026-07-26 08:49:54 | DEBUG | trading.strategy5_continuation:_scan_symbol:379 | S5 skip: recent loss on symbol | {'symbol': 'EULUSDT', 'hours_since_loss': 10.8}
2026-07-26 08:50:00 | DEBUG | trading.strategy5_continuation:_scan_symbol:379 | S5 skip: recent loss on symbol | {'symbol': 'EULUSDT', 'hours_since_loss': 10.8}
2026-07-26 08:50:05 | DEBUG | trading.strategy5_continuation:_scan_symbol:379 | S5 skip: recent loss on symbol | {'symbol': 'EULUSDT', 'hours_since_loss': 10.8}
2026-07-26 08:50:10 | DEBUG | trading.strategy5_continuation:_scan_symbol:379 | S5 skip: recent loss on symbol | {'symbol': 'EULUSDT', 'hours_since_loss': 10.8}
2026-07-26 08:50:15 | DEBUG | trading.strategy5_continuation:_scan_symbol:379 | S5 skip: recent loss on symbol | {'symbol': 'EULUSDT', 'hours_since_loss': 10.8}
2026-07-26 08:50:20 | DEBUG | trading.strategy5_continuation:_scan_symbol:379 | S5 skip: recent loss on symbol | {'symbol': 'EULUSDT', 'hours_since_loss': 10.8}
2026-07-26 08:50:26 | DEBUG | trading.strategy5_continuation:_scan_symbol:379 | S5 skip: recent loss on symbol | {'symbol': 'EULUSDT', 'hours_since_loss': 10.8}
2026-07-26 08:50:31 | DEBUG | trading.strategy5_continuation:_scan_symbol:379 | S5 skip: recent loss on symbol | {'symbol': 'EULUSDT', 'hours_since_loss': 10.8}
2026-07-26 08:50:36 | DEBUG | trading.strategy5_continuation:_scan_symbol:379 | S5 skip: recent loss on symbol | {'symbol': 'EULUSDT', 'hours_since_loss': 10.8}
2026-07-26 08:50:41 | DEBUG | trading.strategy5_continuation:_scan_symbol:379 | S5 skip: recent loss on symbol | {'symbol': 'EULUSDT', 'hours_since_loss': 10.8}
2026-07-26 08:50:46 | DEBUG | trading.strategy5_continuation:_scan_symbol:379 | S5 skip: recent loss on symbol | {'symbol': 'EULUSDT', 'hours_since_loss': 10.8}
2026-07-26 08:50:52 | DEBUG | trading.strategy5_continuation:_scan_symbol:379 | S5 skip: recent loss on symbol | {'symbol': 'EULUSDT', 'hours_since_loss': 10.8}
2026-07-26 08:50:57 | DEBUG | trading.strategy5_continuation:_scan_symbol:379 | S5 skip: recent loss on symbol | {'symbol': 'EULUSDT', 'hours_since_loss': 10.8}
2026-07-26 08:51:02 | DEBUG | trading.strategy5_continuation:_scan_symbol:379 | S5 skip: recent loss on symbol | {'symbol': 'EULUSDT', 'hours_since_loss': 10.8}
2026-07-26 08:51:07 | DEBUG | trading.strategy5_continuation:_scan_symbol:379 | S5 skip: recent loss on symbol | {'symbol': 'EULUSDT', 'hours_since_loss': 10.8}
2026-07-26 08:51:12 | DEBUG | trading.strategy5_continuation:_scan_symbol:379 | S5 skip: recent loss on symbol | {'symbol': 'EULUSDT', 'hours_since_loss': 10.8}
2026-07-26 08:51:17 | DEBUG | trading.strategy5_continuation:_scan_symbol:379 | S5 skip: recent loss on symbol | {'symbol': 'EULUSDT', 'hours_since_loss': 10.8}
2026-07-26 08:51:22 | DEBUG | trading.strategy5_continuation:_scan_symbol:379 | S5 skip: recent loss on symbol | {'symbol': 'EULUSDT', 'hours_since_loss': 10.8}
2026-07-26 08:51:28 | DEBUG | trading.strategy5_continuation:_scan_symbol:379 | S5 skip: recent loss on symbol | {'symbol': 'EULUSDT', 'hours_since_loss': 10.8}
2026-07-26 08:51:33 | DEBUG | trading.strategy5_continuation:_scan_symbol:379 | S5 skip: recent loss on symbol | {'symbol': 'EULUSDT', 'hours_since_loss': 10.8}
2026-07-26 08:51:38 | DEBUG | trading.strategy5_continuation:_scan_symbol:379 | S5 skip: recent loss on symbol | {'symbol': 'EULUSDT', 'hours_since_loss': 10.8}
2026-07-26 08:51:43 | DEBUG | trading.strategy5_continuation:_scan_symbol:379 | S5 skip: recent loss on symbol | {'symbol': 'EULUSDT', 'hours_since_loss': 10.8}
2026-07-26 08:51:48 | DEBUG | trading.strategy5_continuation:_scan_symbol:379 | S5 skip: recent loss on symbol | {'symbol': 'EULUSDT', 'hours_since_loss': 10.8}
2026-07-26 08:51:53 | INFO | trading.strategy2_signal_filter:check:681 | S2 market phase | {'symbol': 'PIEVERSEUSDT', 'phase': 'drop_tradeable', 'note': 'drop_tradeable:bq=0.82'}
2026-07-26 08:51:53 | DEBUG | trading.strategy2_signal_filter:check:928 | S2 skip: RR below minimum | {'symbol': 'PIEVERSEUSDT', 'rr': 0.69, 'min_rr': 0.7, 'sl_dist_pct': 1.307, 'tp1_dist_pct': 0.9}
2026-07-26 08:51:53 | DEBUG | trading.strategy2_signal_filter:check:563 | S2 skip: p_bounce below group floor | {'symbol': 'PIEVERSEUSDT', 'group': 'g1', 'p_bounce': 0.0, 'floor': 0.6, 'approach_count': 0, 'touches': 'unknown(no-count)'}
2026-07-26 08:51:53 | DEBUG | trading.strategy5_continuation:_scan_symbol:379 | S5 skip: recent loss on symbol | {'symbol': 'EULUSDT', 'hours_since_loss': 10.8}
2026-07-26 08:51:58 | INFO | trading.strategy2_signal_filter:check:681 | S2 market phase | {'symbol': 'PIEVERSEUSDT', 'phase': 'drop_tradeable', 'note': 'drop_tradeable:bq=0.82'}
2026-07-26 08:51:58 | DEBUG | trading.strategy2_signal_filter:check:928 | S2 skip: RR below minimum | {'symbol': 'PIEVERSEUSDT', 'rr': 0.69, 'min_rr': 0.7, 'sl_dist_pct': 1.307, 'tp1_dist_pct': 0.9}
2026-07-26 08:51:59 | DEBUG | trading.strategy5_continuation:_scan_symbol:379 | S5 skip: recent loss on symbol | {'symbol': 'EULUSDT', 'hours_since_loss': 10.8}
2026-07-26 08:52:04 | INFO | trading.strategy2_signal_filter:check:681 | S2 market phase | {'symbol': 'PIEVERSEUSDT', 'phase': 'drop_tradeable', 'note': 'drop_tradeable:bq=0.82'}
2026-07-26 08:52:04 | DEBUG | trading.strategy2_signal_filter:check:928 | S2 skip: RR below minimum | {'symbol': 'PIEVERSEUSDT', 'rr': 0.69, 'min_rr': 0.7, 'sl_dist_pct': 1.307, 'tp1_dist_pct': 0.9}
2026-07-26 08:52:04 | DEBUG | trading.strategy5_continuation:_scan_symbol:379 | S5 skip: recent loss on symbol | {'symbol': 'EULUSDT', 'hours_since_loss': 10.8}
2026-07-26 08:52:09 | INFO | trading.strategy2_signal_filter:check:681 | S2 market phase | {'symbol': 'PIEVERSEUSDT', 'phase': 'drop_tradeable', 'note': 'drop_tradeable:bq=0.82'}
2026-07-26 08:52:09 | DEBUG | trading.strategy2_signal_filter:check:928 | S2 skip: RR below minimum | {'symbol': 'PIEVERSEUSDT', 'rr': 0.69, 'min_rr': 0.7, 'sl_dist_pct': 1.307, 'tp1_dist_pct': 0.9}
2026-07-26 08:52:09 | DEBUG | trading.strategy2_signal_filter:check:563 | S2 skip: p_bounce below group floor | {'symbol': 'PIEVERSEUSDT', 'group': 'g1', 'p_bounce': 0.0, 'floor': 0.6, 'approach_count': 0, 'touches': 'unknown(no-count)'}
2026-07-26 08:52:09 | DEBUG | trading.strategy5_continuation:_scan_symbol:379 | S5 skip: recent loss on symbol | {'symbol': 'EULUSDT', 'hours_since_loss': 10.8}
2026-07-26 08:52:14 | INFO | trading.strategy2_signal_filter:check:681 | S2 market phase | {'symbol': 'PIEVERSEUSDT', 'phase': 'drop_tradeable', 'note': 'drop_tradeable:bq=0.82'}
2026-07-26 08:52:14 | DEBUG | trading.strategy2_signal_filter:check:928 | S2 skip: RR below minimum | {'symbol': 'PIEVERSEUSDT', 'rr': 0.69, 'min_rr': 0.7, 'sl_dist_pct': 1.307, 'tp1_dist_pct': 0.9}
2026-07-26 08:52:14 | DEBUG | trading.strategy5_continuation:_scan_symbol:379 | S5 skip: recent loss on symbol | {'symbol': 'EULUSDT', 'hours_since_loss': 10.8}
2026-07-26 08:52:19 | INFO | trading.strategy2_signal_filter:check:681 | S2 market phase | {'symbol': 'PIEVERSEUSDT', 'phase': 'drop_tradeable', 'note': 'drop_tradeable:bq=0.82'}
2026-07-26 08:52:19 | DEBUG | trading.strategy2_signal_filter:check:928 | S2 skip: RR below minimum | {'symbol': 'PIEVERSEUSDT', 'rr': 0.69, 'min_rr': 0.7, 'sl_dist_pct': 1.307, 'tp1_dist_pct': 0.9}
2026-07-26 08:52:19 | DEBUG | trading.strategy5_continuation:_scan_symbol:379 | S5 skip: recent loss on symbol | {'symbol': 'EULUSDT', 'hours_since_loss': 10.8}
2026-07-26 08:52:24 | INFO | trading.strategy2_signal_filter:check:681 | S2 market phase | {'symbol': 'PIEVERSEUSDT', 'phase': 'drop_tradeable', 'note': 'drop_tradeable:bq=0.82'}
2026-07-26 08:52:24 | DEBUG | trading.strategy2_signal_filter:check:928 | S2 skip: RR below minimum | {'symbol': 'PIEVERSEUSDT', 'rr': 0.69, 'min_rr': 0.7, 'sl_dist_pct': 1.307, 'tp1_dist_pct': 0.9}
2026-07-26 08:52:24 | DEBUG | trading.strategy2_signal_filter:check:563 | S2 skip: p_bounce below group floor | {'symbol': 'PIEVERSEUSDT', 'group': 'g1', 'p_bounce': 0.0, 'floor': 0.6, 'approach_count': 0, 'touches': 'unknown(no-count)'}
2026-07-26 08:52:24 | DEBUG | trading.strategy5_continuation:_scan_symbol:379 | S5 skip: recent loss on symbol | {'symbol': 'EULUSDT', 'hours_since_loss': 10.8}
2026-07-26 08:52:30 | DEBUG | trading.strategy5_continuation:_scan_symbol:379 | S5 skip: recent loss on symbol | {'symbol': 'EULUSDT', 'hours_since_loss': 10.8}
2026-07-26 08:52:35 | DEBUG | trading.strategy5_continuation:_scan_symbol:379 | S5 skip: recent loss on symbol | {'symbol': 'EULUSDT', 'hours_since_loss': 10.8}
2026-07-26 08:52:40 | INFO | trading.strategy2_signal_filter:check:681 | S2 market phase | {'symbol': 'PIEVERSEUSDT', 'phase': 'drop_tradeable', 'note': 'drop_tradeable:bq=0.82'}
2026-07-26 08:52:40 | DEBUG | trading.strategy2_signal_filter:check:840 | S2 skip: price already below grid bottom | {'symbol': 'PIEVERSEUSDT', 'current': 0.9169, 'grid_bottom': 0.9190534}
2026-07-26 08:52:40 | DEBUG | trading.strategy5_continuation:_scan_symbol:379 | S5 skip: recent loss on symbol | {'symbol': 'EULUSDT', 'hours_since_loss': 10.8}
2026-07-26 08:52:45 | INFO | trading.strategy2_signal_filter:check:681 | S2 market phase | {'symbol': 'PIEVERSEUSDT', 'phase': 'drop_tradeable', 'note': 'drop_tradeable:bq=0.82'}
2026-07-26 08:52:45 | DEBUG | trading.strategy2_signal_filter:check:840 | S2 skip: price already below grid bottom | {'symbol': 'PIEVERSEUSDT', 'current': 0.9169, 'grid_bottom': 0.9190534}
2026-07-26 08:52:45 | DEBUG | trading.strategy5_continuation:_scan_symbol:379 | S5 skip: recent loss on symbol | {'symbol': 'EULUSDT', 'hours_since_loss': 10.8}
2026-07-26 08:52:50 | INFO | trading.strategy2_signal_filter:check:681 | S2 market phase | {'symbol': 'PIEVERSEUSDT', 'phase': 'drop_tradeable', 'note': 'drop_tradeable:bq=0.82'}
2026-07-26 08:52:50 | DEBUG | trading.strategy2_signal_filter:check:840 | S2 skip: price already below grid bottom | {'symbol': 'PIEVERSEUSDT', 'current': 0.9176, 'grid_bottom': 0.9190534}
2026-07-26 08:52:50 | DEBUG | trading.strategy5_continuation:_scan_symbol:379 | S5 skip: recent loss on symbol | {'symbol': 'EULUSDT', 'hours_since_loss': 10.8}
2026-07-26 08:52:55 | INFO | trading.strategy2_signal_filter:check:681 | S2 market phase | {'symbol': 'PIEVERSEUSDT', 'phase': 'drop_tradeable', 'note': 'drop_tradeable:bq=0.82'}
2026-07-26 08:52:55 | DEBUG | trading.strategy2_signal_filter:check:840 | S2 skip: price already below grid bottom | {'symbol': 'PIEVERSEUSDT', 'current': 0.9176, 'grid_bottom': 0.9190534}
2026-07-26 08:52:55 | DEBUG | trading.strategy5_continuation:_scan_symbol:379 | S5 skip: recent loss on symbol | {'symbol': 'EULUSDT', 'hours_since_loss': 10.8}
2026-07-26 08:53:01 | INFO | trading.strategy2_signal_filter:check:681 | S2 market phase | {'symbol': 'PIEVERSEUSDT', 'phase': 'drop_tradeable', 'note': 'drop_tradeable:bq=0.82'}
2026-07-26 08:53:01 | DEBUG | trading.strategy2_signal_filter:check:928 | S2 skip: RR below minimum | {'symbol': 'PIEVERSEUSDT', 'rr': 0.46, 'min_rr': 0.7, 'sl_dist_pct': 3.253, 'tp1_dist_pct': 1.5}
2026-07-26 08:53:01 | DEBUG | trading.strategy5_continuation:_scan_symbol:379 | S5 skip: recent loss on symbol | {'symbol': 'EULUSDT', 'hours_since_loss': 10.8}
2026-07-26 08:53:06 | INFO | trading.strategy2_signal_filter:check:681 | S2 market phase | {'symbol': 'PIEVERSEUSDT', 'phase': 'drop_tradeable', 'note': 'drop_tradeable:bq=0.82'}
2026-07-26 08:53:06 | DEBUG | trading.strategy2_signal_filter:check:928 | S2 skip: RR below minimum | {'symbol': 'PIEVERSEUSDT', 'rr': 0.46, 'min_rr': 0.7, 'sl_dist_pct': 3.253, 'tp1_dist_pct': 1.5}
2026-07-26 08:53:06 | DEBUG | trading.strategy5_continuation:_scan_symbol:379 | S5 skip: recent loss on symbol | {'symbol': 'EULUSDT', 'hours_since_loss': 10.8}
2026-07-26 08:53:11 | INFO | trading.strategy2_signal_filter:check:681 | S2 market phase | {'symbol': 'PIEVERSEUSDT', 'phase': 'drop_tradeable', 'note': 'drop_tradeable:bq=0.82'}
2026-07-26 08:53:11 | DEBUG | trading.strategy2_signal_filter:check:928 | S2 skip: RR below minimum | {'symbol': 'PIEVERSEUSDT', 'rr': 0.46, 'min_rr': 0.7, 'sl_dist_pct': 3.253, 'tp1_dist_pct': 1.5}
2026-07-26 08:53:11 | DEBUG | trading.strategy5_continuation:_scan_symbol:379 | S5 skip: recent loss on symbol | {'symbol': 'EULUSDT', 'hours_since_loss': 10.8}
2026-07-26 08:53:16 | INFO | trading.strategy2_signal_filter:check:681 | S2 market phase | {'symbol': 'PIEVERSEUSDT', 'phase': 'drop_tradeable', 'note': 'drop_tradeable:bq=0.82'}
2026-07-26 08:53:16 | DEBUG | trading.strategy2_signal_filter:check:840 | S2 skip: price already below grid bottom | {'symbol': 'PIEVERSEUSDT', 'current': 0.9189, 'grid_bottom': 0.9190534}
2026-07-26 08:53:17 | DEBUG | trading.strategy5_continuation:_scan_symbol:379 | S5 skip: recent loss on symbol | {'symbol': 'EULUSDT', 'hours_since_loss': 10.8}
2026-07-26 08:53:21 | INFO | trading.strategy2_signal_filter:check:681 | S2 market phase | {'symbol': 'PIEVERSEUSDT', 'phase': 'drop_tradeable', 'note': 'drop_tradeable:bq=0.82'}
2026-07-26 08:53:21 | DEBUG | trading.strategy2_signal_filter:check:840 | S2 skip: price already below grid bottom | {'symbol': 'PIEVERSEUSDT', 'current': 0.9189, 'grid_bottom': 0.9190534}
2026-07-26 08:53:22 | DEBUG | trading.strategy5_continuation:_scan_symbol:379 | S5 skip: recent loss on symbol | {'symbol': 'EULUSDT', 'hours_since_loss': 10.8}
2026-07-26 08:53:26 | INFO | trading.strategy2_signal_filter:check:681 | S2 market phase | {'symbol': 'PIEVERSEUSDT', 'phase': 'drop_tradeable', 'note': 'drop_tradeable:bq=0.82'}
2026-07-26 08:53:26 | DEBUG | trading.strategy2_signal_filter:check:840 | S2 skip: price already below grid bottom | {'symbol': 'PIEVERSEUSDT', 'current': 0.9167, 'grid_bottom': 0.9190534}
2026-07-26 08:53:27 | DEBUG | trading.strategy5_continuation:_scan_symbol:379 | S5 skip: recent loss on symbol | {'symbol': 'EULUSDT', 'hours_since_loss': 10.8}
2026-07-26 08:53:32 | INFO | trading.strategy2_signal_filter:check:681 | S2 market phase | {'symbol': 'PIEVERSEUSDT', 'phase': 'drop_tradeable', 'note': 'drop_tradeable:bq=0.82'}
2026-07-26 08:53:32 | DEBUG | trading.strategy2_signal_filter:check:840 | S2 skip: price already below grid bottom | {'symbol': 'PIEVERSEUSDT', 'current': 0.9167, 'grid_bottom': 0.9190534}
2026-07-26 08:53:32 | DEBUG | trading.strategy5_continuation:_scan_symbol:379 | S5 skip: recent loss on symbol | {'symbol': 'EULUSDT', 'hours_since_loss': 10.8}
2026-07-26 08:53:37 | INFO | trading.strategy2_signal_filter:check:681 | S2 market phase | {'symbol': 'PIEVERSEUSDT', 'phase': 'drop_tradeable', 'note': 'drop_tradeable:bq=0.82'}
2026-07-26 08:53:37 | DEBUG | trading.strategy2_signal_filter:check:840 | S2 skip: price already below grid bottom | {'symbol': 'PIEVERSEUSDT', 'current': 0.918, 'grid_bottom': 0.9190534}
2026-07-26 08:53:37 | DEBUG | trading.strategy5_continuation:_scan_symbol:379 | S5 skip: recent loss on symbol | {'symbol': 'EULUSDT', 'hours_since_loss': 10.8}
2026-07-26 08:53:42 | INFO | trading.strategy2_signal_filter:check:681 | S2 market phase | {'symbol': 'PIEVERSEUSDT', 'phase': 'drop_tradeable', 'note': 'drop_tradeable:bq=0.82'}
2026-07-26 08:53:42 | DEBUG | trading.strategy2_signal_filter:check:840 | S2 skip: price already below grid bottom | {'symbol': 'PIEVERSEUSDT', 'current': 0.918, 'grid_bottom': 0.9190534}
2026-07-26 08:53:42 | DEBUG | trading.strategy5_continuation:_scan_symbol:379 | S5 skip: recent loss on symbol | {'symbol': 'EULUSDT', 'hours_since_loss': 10.8}
2026-07-26 08:53:47 | DEBUG | trading.strategy5_continuation:_scan_symbol:379 | S5 skip: recent loss on symbol | {'symbol': 'EULUSDT', 'hours_since_loss': 10.8}
2026-07-26 08:53:52 | DEBUG | trading.strategy5_continuation:_scan_symbol:379 | S5 skip: recent loss on symbol | {'symbol': 'EULUSDT', 'hours_since_loss': 10.8}
2026-07-26 08:53:57 | DEBUG | trading.strategy5_continuation:_scan_symbol:379 | S5 skip: recent loss on symbol | {'symbol': 'EULUSDT', 'hours_since_loss': 10.8}
2026-07-26 08:54:03 | INFO | trading.strategy2_signal_filter:check:681 | S2 market phase | {'symbol': 'PIEVERSEUSDT', 'phase': 'drop_tradeable', 'note': 'drop_tradeable:bq=0.82'}
2026-07-26 08:54:03 | DEBUG | trading.strategy2_signal_filter:check:840 | S2 skip: price already below grid bottom | {'symbol': 'PIEVERSEUSDT', 'current': 0.9183, 'grid_bottom': 0.9190534}
2026-07-26 08:54:03 | DEBUG | trading.strategy5_continuation:_scan_symbol:379 | S5 skip: recent loss on symbol | {'symbol': 'EULUSDT', 'hours_since_loss': 10.8}
2026-07-26 08:54:08 | INFO | trading.strategy2_signal_filter:check:681 | S2 market phase | {'symbol': 'PIEVERSEUSDT', 'phase': 'drop_tradeable', 'note': 'drop_tradeable:bq=0.82'}
2026-07-26 08:54:08 | DEBUG | trading.strategy2_signal_filter:check:840 | S2 skip: price already below grid bottom | {'symbol': 'PIEVERSEUSDT', 'current': 0.9183, 'grid_bottom': 0.9190534}
2026-07-26 08:54:08 | DEBUG | trading.strategy5_continuation:_scan_symbol:379 | S5 skip: recent loss on symbol | {'symbol': 'EULUSDT', 'hours_since_loss': 10.8}
2026-07-26 08:54:13 | INFO | trading.strategy2_signal_filter:check:681 | S2 market phase | {'symbol': 'PIEVERSEUSDT', 'phase': 'drop_tradeable', 'note': 'drop_tradeable:bq=0.82'}
2026-07-26 08:54:13 | DEBUG | trading.strategy2_signal_filter:check:840 | S2 skip: price already below grid bottom | {'symbol': 'PIEVERSEUSDT', 'current': 0.9165, 'grid_bottom': 0.9190534}
2026-07-26 08:54:13 | DEBUG | trading.strategy5_continuation:_scan_symbol:379 | S5 skip: recent loss on symbol | {'symbol': 'EULUSDT', 'hours_since_loss': 10.8}
2026-07-26 08:54:18 | DEBUG | trading.strategy5_continuation:_scan_symbol:379 | S5 skip: recent loss on symbol | {'symbol': 'EULUSDT', 'hours_since_loss': 10.8}
2026-07-26 08:54:23 | INFO | trading.strategy2_signal_filter:check:681 | S2 market phase | {'symbol': 'PIEVERSEUSDT', 'phase': 'drop_tradeable', 'note': 'drop_tradeable:bq=0.82'}
2026-07-26 08:54:23 | DEBUG | trading.strategy2_signal_filter:check:840 | S2 skip: price already below grid bottom | {'symbol': 'PIEVERSEUSDT', 'current': 0.9147, 'grid_bottom': 0.9190534}
2026-07-26 08:54:23 | DEBUG | trading.strategy5_continuation:_scan_symbol:379 | S5 skip: recent loss on symbol | {'symbol': 'EULUSDT', 'hours_since_loss': 10.8}
2026-07-26 08:54:29 | INFO | trading.strategy2_signal_filter:check:681 | S2 market phase | {'symbol': 'PIEVERSEUSDT', 'phase': 'drop_tradeable', 'note': 'drop_tradeable:bq=0.82'}
2026-07-26 08:54:29 | DEBUG | trading.strategy2_signal_filter:check:840 | S2 skip: price already below grid bottom | {'symbol': 'PIEVERSEUSDT', 'current': 0.9147, 'grid_bottom': 0.9190534}
2026-07-26 08:54:29 | DEBUG | trading.strategy5_continuation:_scan_symbol:379 | S5 skip: recent loss on symbol | {'symbol': 'EULUSDT', 'hours_since_loss': 10.9}
2026-07-26 08:54:34 | INFO | trading.strategy2_signal_filter:check:681 | S2 market phase | {'symbol': 'PIEVERSEUSDT', 'phase': 'drop_tradeable', 'note': 'drop_tradeable:bq=0.82'}
2026-07-26 08:54:34 | DEBUG | trading.strategy2_signal_filter:check:840 | S2 skip: price already below grid bottom | {'symbol': 'PIEVERSEUSDT', 'current': 0.9147, 'grid_bottom': 0.9190534}
2026-07-26 08:54:34 | DEBUG | trading.strategy5_continuation:_scan_symbol:379 | S5 skip: recent loss on symbol | {'symbol': 'EULUSDT', 'hours_since_loss': 10.9}
2026-07-26 08:54:39 | DEBUG | trading.strategy5_continuation:_scan_symbol:379 | S5 skip: recent loss on symbol | {'symbol': 'EULUSDT', 'hours_since_loss': 10.9}
2026-07-26 08:54:44 | DEBUG | trading.strategy5_continuation:_scan_symbol:379 | S5 skip: recent loss on symbol | {'symbol': 'EULUSDT', 'hours_since_loss': 10.9}
2026-07-26 08:54:49 | DEBUG | trading.strategy5_continuation:_scan_symbol:379 | S5 skip: recent loss on symbol | {'symbol': 'EULUSDT', 'hours_since_loss': 10.9}
2026-07-26 08:54:54 | DEBUG | trading.strategy5_continuation:_scan_symbol:379 | S5 skip: recent loss on symbol | {'symbol': 'EULUSDT', 'hours_since_loss': 10.9}
2026-07-26 08:55:00 | DEBUG | trading.strategy5_continuation:_scan_symbol:379 | S5 skip: recent loss on symbol | {'symbol': 'EULUSDT', 'hours_since_loss': 10.9}
2026-07-26 08:55:05 | DEBUG | trading.strategy5_continuation:_scan_symbol:379 | S5 skip: recent loss on symbol | {'symbol': 'EULUSDT', 'hours_since_loss': 10.9}
2026-07-26 08:55:10 | DEBUG | trading.strategy5_continuation:_scan_symbol:379 | S5 skip: recent loss on symbol | {'symbol': 'EULUSDT', 'hours_since_loss': 10.9}
2026-07-26 08:55:15 | DEBUG | trading.strategy5_continuation:_scan_symbol:379 | S5 skip: recent loss on symbol | {'symbol': 'EULUSDT', 'hours_since_loss': 10.9}
2026-07-26 08:55:20 | DEBUG | trading.strategy5_continuation:_scan_symbol:379 | S5 skip: recent loss on symbol | {'symbol': 'EULUSDT', 'hours_since_loss': 10.9}
2026-07-26 08:55:26 | DEBUG | trading.strategy5_continuation:_scan_symbol:379 | S5 skip: recent loss on symbol | {'symbol': 'EULUSDT', 'hours_since_loss': 10.9}
2026-07-26 08:55:31 | DEBUG | trading.strategy5_continuation:_scan_symbol:379 | S5 skip: recent loss on symbol | {'symbol': 'EULUSDT', 'hours_since_loss': 10.9}
2026-07-26 08:55:36 | DEBUG | trading.strategy5_continuation:_scan_symbol:379 | S5 skip: recent loss on symbol | {'symbol': 'EULUSDT', 'hours_since_loss': 10.9}
2026-07-26 08:55:41 | DEBUG | trading.strategy5_continuation:_scan_symbol:379 | S5 skip: recent loss on symbol | {'symbol': 'EULUSDT', 'hours_since_loss': 10.9}
2026-07-26 08:55:46 | DEBUG | trading.strategy5_continuation:_scan_symbol:379 | S5 skip: recent loss on symbol | {'symbol': 'EULUSDT', 'hours_since_loss': 10.9}
2026-07-26 08:55:51 | DEBUG | trading.strategy5_continuation:_scan_symbol:379 | S5 skip: recent loss on symbol | {'symbol': 'EULUSDT', 'hours_since_loss': 10.9}
2026-07-26 08:55:57 | DEBUG | trading.strategy5_continuation:_scan_symbol:379 | S5 skip: recent loss on symbol | {'symbol': 'EULUSDT', 'hours_since_loss': 10.9}
2026-07-26 08:56:02 | DEBUG | trading.strategy5_continuation:_scan_symbol:379 | S5 skip: recent loss on symbol | {'symbol': 'EULUSDT', 'hours_since_loss': 10.9}
2026-07-26 08:56:07 | DEBUG | trading.strategy5_continuation:_scan_symbol:379 | S5 skip: recent loss on symbol | {'symbol': 'EULUSDT', 'hours_since_loss': 10.9}
2026-07-26 08:56:12 | DEBUG | trading.strategy5_continuation:_scan_symbol:379 | S5 skip: recent loss on symbol | {'symbol': 'EULUSDT', 'hours_since_loss': 10.9}
2026-07-26 08:56:17 | DEBUG | trading.strategy5_continuation:_scan_symbol:379 | S5 skip: recent loss on symbol | {'symbol': 'EULUSDT', 'hours_since_loss': 10.9}
2026-07-26 08:56:22 | DEBUG | trading.strategy5_continuation:_scan_symbol:379 | S5 skip: recent loss on symbol | {'symbol': 'EULUSDT', 'hours_since_loss': 10.9}
2026-07-26 08:56:28 | DEBUG | trading.strategy5_continuation:_scan_symbol:379 | S5 skip: recent loss on symbol | {'symbol': 'EULUSDT', 'hours_since_loss': 10.9}
2026-07-26 08:56:33 | DEBUG | trading.strategy5_continuation:_scan_symbol:379 | S5 skip: recent loss on symbol | {'symbol': 'EULUSDT', 'hours_since_loss': 10.9}
2026-07-26 08:56:38 | DEBUG | trading.strategy5_continuation:_scan_symbol:379 | S5 skip: recent loss on symbol | {'symbol': 'EULUSDT', 'hours_since_loss': 10.9}
2026-07-26 08:56:43 | DEBUG | trading.strategy5_continuation:_scan_symbol:379 | S5 skip: recent loss on symbol | {'symbol': 'EULUSDT', 'hours_since_loss': 10.9}
2026-07-26 08:56:48 | DEBUG | trading.strategy5_continuation:_scan_symbol:379 | S5 skip: recent loss on symbol | {'symbol': 'EULUSDT', 'hours_since_loss': 10.9}
2026-07-26 08:56:53 | DEBUG | trading.strategy5_continuation:_scan_symbol:379 | S5 skip: recent loss on symbol | {'symbol': 'EULUSDT', 'hours_since_loss': 10.9}
2026-07-26 08:56:59 | DEBUG | trading.strategy5_continuation:_scan_symbol:379 | S5 skip: recent loss on symbol | {'symbol': 'EULUSDT', 'hours_since_loss': 10.9}
2026-07-26 08:57:04 | DEBUG | trading.strategy5_continuation:_scan_symbol:379 | S5 skip: recent loss on symbol | {'symbol': 'EULUSDT', 'hours_since_loss': 10.9}
2026-07-26 08:57:09 | DEBUG | trading.strategy5_continuation:_scan_symbol:379 | S5 skip: recent loss on symbol | {'symbol': 'EULUSDT', 'hours_since_loss': 10.9}
2026-07-26 08:57:14 | DEBUG | trading.strategy5_continuation:_scan_symbol:379 | S5 skip: recent loss on symbol | {'symbol': 'EULUSDT', 'hours_since_loss': 10.9}
2026-07-26 08:57:19 | DEBUG | trading.strategy5_continuation:_scan_symbol:379 | S5 skip: recent loss on symbol | {'symbol': 'EULUSDT', 'hours_since_loss': 10.9}
2026-07-26 08:57:25 | DEBUG | trading.strategy5_continuation:_scan_symbol:379 | S5 skip: recent loss on symbol | {'symbol': 'EULUSDT', 'hours_since_loss': 10.9}
2026-07-26 08:57:30 | DEBUG | trading.strategy5_continuation:_scan_symbol:379 | S5 skip: recent loss on symbol | {'symbol': 'EULUSDT', 'hours_since_loss': 10.9}
2026-07-26 08:57:35 | DEBUG | trading.strategy5_continuation:_scan_symbol:379 | S5 skip: recent loss on symbol | {'symbol': 'EULUSDT', 'hours_since_loss': 10.9}
2026-07-26 08:57:40 | DEBUG | trading.strategy5_continuation:_scan_symbol:379 | S5 skip: recent loss on symbol | {'symbol': 'EULUSDT', 'hours_since_loss': 10.9}
2026-07-26 08:57:45 | DEBUG | trading.strategy5_continuation:_scan_symbol:379 | S5 skip: recent loss on symbol | {'symbol': 'EULUSDT', 'hours_since_loss': 10.9}
2026-07-26 08:57:50 | DEBUG | trading.strategy5_continuation:_scan_symbol:379 | S5 skip: recent loss on symbol | {'symbol': 'EULUSDT', 'hours_since_loss': 10.9}
2026-07-26 08:57:56 | DEBUG | trading.strategy5_continuation:_scan_symbol:379 | S5 skip: recent loss on symbol | {'symbol': 'EULUSDT', 'hours_since_loss': 10.9}
2026-07-26 08:58:01 | DEBUG | trading.strategy5_continuation:_scan_symbol:379 | S5 skip: recent loss on symbol | {'symbol': 'EULUSDT', 'hours_since_loss': 10.9}
2026-07-26 08:58:06 | DEBUG | trading.strategy5_continuation:_scan_symbol:379 | S5 skip: recent loss on symbol | {'symbol': 'EULUSDT', 'hours_since_loss': 10.9}
2026-07-26 08:58:11 | DEBUG | trading.strategy5_continuation:_scan_symbol:379 | S5 skip: recent loss on symbol | {'symbol': 'EULUSDT', 'hours_since_loss': 10.9}
2026-07-26 08:58:16 | DEBUG | trading.strategy5_continuation:_scan_symbol:379 | S5 skip: recent loss on symbol | {'symbol': 'EULUSDT', 'hours_since_loss': 10.9}
2026-07-26 08:58:21 | DEBUG | trading.strategy5_continuation:_scan_symbol:379 | S5 skip: recent loss on symbol | {'symbol': 'EULUSDT', 'hours_since_loss': 10.9}
2026-07-26 08:58:27 | DEBUG | trading.strategy5_continuation:_scan_symbol:379 | S5 skip: recent loss on symbol | {'symbol': 'EULUSDT', 'hours_since_loss': 10.9}
2026-07-26 08:58:32 | DEBUG | trading.strategy5_continuation:_scan_symbol:379 | S5 skip: recent loss on symbol | {'symbol': 'EULUSDT', 'hours_since_loss': 10.9}
2026-07-26 08:58:37 | DEBUG | trading.strategy5_continuation:_scan_symbol:379 | S5 skip: recent loss on symbol | {'symbol': 'EULUSDT', 'hours_since_loss': 10.9}
2026-07-26 08:58:42 | DEBUG | trading.strategy5_continuation:_scan_symbol:379 | S5 skip: recent loss on symbol | {'symbol': 'EULUSDT', 'hours_since_loss': 10.9}
2026-07-26 08:58:47 | DEBUG | trading.strategy5_continuation:_scan_symbol:379 | S5 skip: recent loss on symbol | {'symbol': 'EULUSDT', 'hours_since_loss': 10.9}
2026-07-26 08:58:53 | DEBUG | trading.strategy5_continuation:_scan_symbol:379 | S5 skip: recent loss on symbol | {'symbol': 'EULUSDT', 'hours_since_loss': 10.9}
2026-07-26 08:58:58 | DEBUG | trading.strategy5_continuation:_scan_symbol:379 | S5 skip: recent loss on symbol | {'symbol': 'EULUSDT', 'hours_since_loss': 10.9}
2026-07-26 08:59:03 | DEBUG | trading.strategy5_continuation:_scan_symbol:379 | S5 skip: recent loss on symbol | {'symbol': 'EULUSDT', 'hours_since_loss': 10.9}
2026-07-26 08:59:08 | DEBUG | trading.strategy5_continuation:_scan_symbol:379 | S5 skip: recent loss on symbol | {'symbol': 'EULUSDT', 'hours_since_loss': 10.9}
2026-07-26 08:59:13 | DEBUG | trading.strategy5_continuation:_scan_symbol:379 | S5 skip: recent loss on symbol | {'symbol': 'EULUSDT', 'hours_since_loss': 10.9}
2026-07-26 08:59:18 | DEBUG | trading.strategy5_continuation:_scan_symbol:379 | S5 skip: recent loss on symbol | {'symbol': 'EULUSDT', 'hours_since_loss': 10.9}
2026-07-26 08:59:24 | DEBUG | trading.strategy5_continuation:_scan_symbol:379 | S5 skip: recent loss on symbol | {'symbol': 'EULUSDT', 'hours_since_loss': 10.9}
2026-07-26 08:59:29 | INFO | trading.strategy2_signal_filter:check:681 | S2 market phase | {'symbol': 'PIEVERSEUSDT', 'phase': 'drop_tradeable', 'note': 'drop_tradeable:bq=0.82'}
2026-07-26 08:59:29 | DEBUG | trading.strategy2_signal_filter:check:840 | S2 skip: price already below grid bottom | {'symbol': 'PIEVERSEUSDT', 'current': 0.9154, 'grid_bottom': 0.9190534}
2026-07-26 08:59:29 | DEBUG | trading.strategy5_continuation:_scan_symbol:379 | S5 skip: recent loss on symbol | {'symbol': 'EULUSDT', 'hours_since_loss': 10.9}
2026-07-26 08:59:34 | INFO | trading.strategy2_signal_filter:check:681 | S2 market phase | {'symbol': 'PIEVERSEUSDT', 'phase': 'drop_tradeable', 'note': 'drop_tradeable:bq=0.82'}
2026-07-26 08:59:34 | DEBUG | trading.strategy2_signal_filter:check:840 | S2 skip: price already below grid bottom | {'symbol': 'PIEVERSEUSDT', 'current': 0.9154, 'grid_bottom': 0.9190534}
2026-07-26 08:59:34 | DEBUG | trading.strategy5_continuation:_scan_symbol:379 | S5 skip: recent loss on symbol | {'symbol': 'EULUSDT', 'hours_since_loss': 10.9}
2026-07-26 08:59:39 | INFO | trading.strategy2_signal_filter:check:681 | S2 market phase | {'symbol': 'PIEVERSEUSDT', 'phase': 'drop_tradeable', 'note': 'drop_tradeable:bq=0.82'}
2026-07-26 08:59:39 | DEBUG | trading.strategy2_signal_filter:check:840 | S2 skip: price already below grid bottom | {'symbol': 'PIEVERSEUSDT', 'current': 0.9154, 'grid_bottom': 0.9190534}
2026-07-26 08:59:39 | DEBUG | trading.strategy5_continuation:_scan_symbol:379 | S5 skip: recent loss on symbol | {'symbol': 'EULUSDT', 'hours_since_loss': 10.9}
2026-07-26 08:59:44 | INFO | trading.strategy2_signal_filter:check:681 | S2 market phase | {'symbol': 'PIEVERSEUSDT', 'phase': 'drop_tradeable', 'note': 'drop_tradeable:bq=0.82'}
2026-07-26 08:59:44 | DEBUG | trading.strategy2_signal_filter:check:840 | S2 skip: price already below grid bottom | {'symbol': 'PIEVERSEUSDT', 'current': 0.9154, 'grid_bottom': 0.9190534}
2026-07-26 08:59:44 | DEBUG | trading.strategy5_continuation:_scan_symbol:379 | S5 skip: recent loss on symbol | {'symbol': 'EULUSDT', 'hours_since_loss': 10.9}
2026-07-26 08:59:49 | INFO | trading.strategy2_signal_filter:check:681 | S2 market phase | {'symbol': 'PIEVERSEUSDT', 'phase': 'drop_tradeable', 'note': 'drop_tradeable:bq=0.82'}
2026-07-26 08:59:49 | DEBUG | trading.strategy2_signal_filter:check:840 | S2 skip: price already below grid bottom | {'symbol': 'PIEVERSEUSDT', 'current': 0.9154, 'grid_bottom': 0.9190534}
2026-07-26 08:59:49 | DEBUG | trading.strategy5_continuation:_scan_symbol:379 | S5 skip: recent loss on symbol | {'symbol': 'EULUSDT', 'hours_since_loss': 10.9}
2026-07-26 08:59:55 | INFO | trading.strategy2_signal_filter:check:681 | S2 market phase | {'symbol': 'PIEVERSEUSDT', 'phase': 'drop_tradeable', 'note': 'drop_tradeable:bq=0.82'}
2026-07-26 08:59:55 | DEBUG | trading.strategy2_signal_filter:check:840 | S2 skip: price already below grid bottom | {'symbol': 'PIEVERSEUSDT', 'current': 0.9142, 'grid_bottom': 0.9190534}
2026-07-26 08:59:55 | DEBUG | trading.strategy5_continuation:_scan_symbol:379 | S5 skip: recent loss on symbol | {'symbol': 'EULUSDT', 'hours_since_loss': 10.9}
2026-07-26 09:00:00 | INFO | trading.strategy2_signal_filter:check:681 | S2 market phase | {'symbol': 'PIEVERSEUSDT', 'phase': 'drop_tradeable', 'note': 'drop_tradeable:bq=0.82'}
2026-07-26 09:00:00 | DEBUG | trading.strategy2_signal_filter:check:840 | S2 skip: price already below grid bottom | {'symbol': 'PIEVERSEUSDT', 'current': 0.9142, 'grid_bottom': 0.9190534}
2026-07-26 09:00:00 | DEBUG | trading.strategy5_continuation:_scan_symbol:379 | S5 skip: recent loss on symbol | {'symbol': 'EULUSDT', 'hours_since_loss': 10.9}
2026-07-26 09:00:05 | INFO | trading.strategy2_signal_filter:check:681 | S2 market phase | {'symbol': 'PIEVERSEUSDT', 'phase': 'drop_tradeable', 'note': 'drop_tradeable:bq=0.82'}
2026-07-26 09:00:05 | DEBUG | trading.strategy2_signal_filter:check:840 | S2 skip: price already below grid bottom | {'symbol': 'PIEVERSEUSDT', 'current': 0.9124, 'grid_bottom': 0.9190534}
2026-07-26 09:00:05 | DEBUG | trading.strategy5_continuation:_scan_symbol:379 | S5 skip: recent loss on symbol | {'symbol': 'EULUSDT', 'hours_since_loss': 10.9}
2026-07-26 09:00:10 | INFO | trading.strategy2_signal_filter:check:681 | S2 market phase | {'symbol': 'PIEVERSEUSDT', 'phase': 'drop_tradeable', 'note': 'drop_tradeable:bq=0.82'}
2026-07-26 09:00:10 | DEBUG | trading.strategy2_signal_filter:check:840 | S2 skip: price already below grid bottom | {'symbol': 'PIEVERSEUSDT', 'current': 0.9124, 'grid_bottom': 0.9190534}
2026-07-26 09:00:10 | DEBUG | trading.strategy5_continuation:_scan_symbol:379 | S5 skip: recent loss on symbol | {'symbol': 'EULUSDT', 'hours_since_loss': 10.9}
2026-07-26 09:00:15 | INFO | trading.strategy2_signal_filter:check:681 | S2 market phase | {'symbol': 'PIEVERSEUSDT', 'phase': 'drop_tradeable', 'note': 'drop_tradeable:bq=0.82'}
2026-07-26 09:00:15 | DEBUG | trading.strategy2_signal_filter:check:840 | S2 skip: price already below grid bottom | {'symbol': 'PIEVERSEUSDT', 'current': 0.9124, 'grid_bottom': 0.9190534}
2026-07-26 09:00:15 | DEBUG | trading.strategy5_continuation:_scan_symbol:379 | S5 skip: recent loss on symbol | {'symbol': 'EULUSDT', 'hours_since_loss': 10.9}
2026-07-26 09:00:21 | INFO | trading.strategy2_signal_filter:check:681 | S2 market phase | {'symbol': 'PIEVERSEUSDT', 'phase': 'drop_tradeable', 'note': 'drop_tradeable:bq=0.82'}
2026-07-26 09:00:21 | DEBUG | trading.strategy2_signal_filter:check:840 | S2 skip: price already below grid bottom | {'symbol': 'PIEVERSEUSDT', 'current': 0.9115, 'grid_bottom': 0.9190534}
2026-07-26 09:00:21 | DEBUG | trading.strategy5_continuation:_scan_symbol:379 | S5 skip: recent loss on symbol | {'symbol': 'EULUSDT', 'hours_since_loss': 10.9}
2026-07-26 09:00:26 | INFO | trading.strategy2_signal_filter:check:681 | S2 market phase | {'symbol': 'PIEVERSEUSDT', 'phase': 'drop_tradeable', 'note': 'drop_tradeable:bq=0.82'}
2026-07-26 09:00:26 | DEBUG | trading.strategy2_signal_filter:check:840 | S2 skip: price already below grid bottom | {'symbol': 'PIEVERSEUSDT', 'current': 0.9115, 'grid_bottom': 0.9190534}
2026-07-26 09:00:26 | DEBUG | trading.strategy5_continuation:_scan_symbol:379 | S5 skip: recent loss on symbol | {'symbol': 'EULUSDT', 'hours_since_loss': 10.9}
2026-07-26 09:00:31 | INFO | trading.strategy2_signal_filter:check:681 | S2 market phase | {'symbol': 'PIEVERSEUSDT', 'phase': 'drop_tradeable', 'note': 'drop_tradeable:bq=0.82'}
2026-07-26 09:00:31 | DEBUG | trading.strategy2_signal_filter:check:840 | S2 skip: price already below grid bottom | {'symbol': 'PIEVERSEUSDT', 'current': 0.9103, 'grid_bottom': 0.9190534}
2026-07-26 09:00:31 | DEBUG | trading.strategy5_continuation:_scan_symbol:379 | S5 skip: recent loss on symbol | {'symbol': 'EULUSDT', 'hours_since_loss': 11.0}
2026-07-26 09:00:36 | INFO | trading.strategy2_signal_filter:check:681 | S2 market phase | {'symbol': 'PIEVERSEUSDT', 'phase': 'drop_tradeable', 'note': 'drop_tradeable:bq=0.82'}
2026-07-26 09:00:36 | DEBUG | trading.strategy2_signal_filter:check:840 | S2 skip: price already below grid bottom | {'symbol': 'PIEVERSEUSDT', 'current': 0.9103, 'grid_bottom': 0.9190534}
2026-07-26 09:00:36 | DEBUG | trading.strategy5_continuation:_scan_symbol:379 | S5 skip: recent loss on symbol | {'symbol': 'EULUSDT', 'hours_since_loss': 11.0}
2026-07-26 09:00:41 | INFO | trading.strategy2_signal_filter:check:681 | S2 market phase | {'symbol': 'PIEVERSEUSDT', 'phase': 'drop_tradeable', 'note': 'drop_tradeable:bq=0.82'}
2026-07-26 09:00:41 | DEBUG | trading.strategy2_signal_filter:check:840 | S2 skip: price already below grid bottom | {'symbol': 'PIEVERSEUSDT', 'current': 0.9103, 'grid_bottom': 0.9190534}
2026-07-26 09:00:41 | DEBUG | trading.strategy5_continuation:_scan_symbol:379 | S5 skip: recent loss on symbol | {'symbol': 'EULUSDT', 'hours_since_loss': 11.0}
2026-07-26 09:00:46 | INFO | trading.strategy2_signal_filter:check:681 | S2 market phase | {'symbol': 'PIEVERSEUSDT', 'phase': 'drop_tradeable', 'note': 'drop_tradeable:bq=0.82'}
2026-07-26 09:00:46 | DEBUG | trading.strategy2_signal_filter:check:840 | S2 skip: price already below grid bottom | {'symbol': 'PIEVERSEUSDT', 'current': 0.9131, 'grid_bottom': 0.9190534}
2026-07-26 09:00:46 | DEBUG | trading.strategy5_continuation:_scan_symbol:379 | S5 skip: recent loss on symbol | {'symbol': 'EULUSDT', 'hours_since_loss': 11.0}
2026-07-26 09:00:52 | INFO | trading.strategy2_signal_filter:check:681 | S2 market phase | {'symbol': 'PIEVERSEUSDT', 'phase': 'drop_tradeable', 'note': 'drop_tradeable:bq=0.82'}
2026-07-26 09:00:52 | DEBUG | trading.strategy2_signal_filter:check:840 | S2 skip: price already below grid bottom | {'symbol': 'PIEVERSEUSDT', 'current': 0.9131, 'grid_bottom': 0.9190534}
2026-07-26 09:00:52 | DEBUG | trading.strategy5_continuation:_scan_symbol:379 | S5 skip: recent loss on symbol | {'symbol': 'EULUSDT', 'hours_since_loss': 11.0}
2026-07-26 09:00:57 | DEBUG | trading.strategy5_continuation:_scan_symbol:379 | S5 skip: recent loss on symbol | {'symbol': 'EULUSDT', 'hours_since_loss': 11.0}
2026-07-26 09:01:02 | DEBUG | trading.strategy5_continuation:_scan_symbol:379 | S5 skip: recent loss on symbol | {'symbol': 'EULUSDT', 'hours_since_loss': 11.0}
2026-07-26 09:01:07 | INFO | trading.strategy2_signal_filter:check:681 | S2 market phase | {'symbol': 'PIEVERSEUSDT', 'phase': 'drop_tradeable', 'note': 'drop_tradeable:bq=0.82'}
2026-07-26 09:01:07 | DEBUG | trading.strategy2_signal_filter:check:840 | S2 skip: price already below grid bottom | {'symbol': 'PIEVERSEUSDT', 'current': 0.9158, 'grid_bottom': 0.9190534}
2026-07-26 09:01:07 | DEBUG | trading.strategy5_continuation:_scan_symbol:379 | S5 skip: recent loss on symbol | {'symbol': 'EULUSDT', 'hours_since_loss': 11.0}
2026-07-26 09:01:12 | INFO | trading.strategy2_signal_filter:check:681 | S2 market phase | {'symbol': 'PIEVERSEUSDT', 'phase': 'drop_tradeable', 'note': 'drop_tradeable:bq=0.82'}
2026-07-26 09:01:12 | DEBUG | trading.strategy2_signal_filter:check:840 | S2 skip: price already below grid bottom | {'symbol': 'PIEVERSEUSDT', 'current': 0.9158, 'grid_bottom': 0.9190534}
2026-07-26 09:01:12 | DEBUG | trading.strategy5_continuation:_scan_symbol:379 | S5 skip: recent loss on symbol | {'symbol': 'EULUSDT', 'hours_since_loss': 11.0}
2026-07-26 09:01:18 | INFO | trading.strategy2_signal_filter:check:681 | S2 market phase | {'symbol': 'PIEVERSEUSDT', 'phase': 'drop_tradeable', 'note': 'drop_tradeable:bq=0.82'}
2026-07-26 09:01:18 | DEBUG | trading.strategy2_signal_filter:check:840 | S2 skip: price already below grid bottom | {'symbol': 'PIEVERSEUSDT', 'current': 0.9144, 'grid_bottom': 0.9190534}
2026-07-26 09:01:18 | DEBUG | trading.strategy5_continuation:_scan_symbol:379 | S5 skip: recent loss on symbol | {'symbol': 'EULUSDT', 'hours_since_loss': 11.0}
2026-07-26 09:01:23 | INFO | trading.strategy2_signal_filter:check:681 | S2 market phase | {'symbol': 'PIEVERSEUSDT', 'phase': 'drop_tradeable', 'note': 'drop_tradeable:bq=0.82'}
2026-07-26 09:01:23 | DEBUG | trading.strategy2_signal_filter:check:840 | S2 skip: price already below grid bottom | {'symbol': 'PIEVERSEUSDT', 'current': 0.9144, 'grid_bottom': 0.9190534}
2026-07-26 09:01:23 | DEBUG | trading.strategy5_continuation:_scan_symbol:379 | S5 skip: recent loss on symbol | {'symbol': 'EULUSDT', 'hours_since_loss': 11.0}
2026-07-26 09:01:28 | INFO | trading.strategy2_signal_filter:check:681 | S2 market phase | {'symbol': 'PIEVERSEUSDT', 'phase': 'drop_tradeable', 'note': 'drop_tradeable:bq=0.82'}
2026-07-26 09:01:28 | DEBUG | trading.strategy2_signal_filter:check:840 | S2 skip: price already below grid bottom | {'symbol': 'PIEVERSEUSDT', 'current': 0.9144, 'grid_bottom': 0.9190534}
2026-07-26 09:01:28 | DEBUG | trading.strategy5_continuation:_scan_symbol:379 | S5 skip: recent loss on symbol | {'symbol': 'EULUSDT', 'hours_since_loss': 11.0}
2026-07-26 09:01:33 | INFO | trading.strategy2_signal_filter:check:681 | S2 market phase | {'symbol': 'PIEVERSEUSDT', 'phase': 'drop_tradeable', 'note': 'drop_tradeable:bq=0.82'}
2026-07-26 09:01:33 | DEBUG | trading.strategy2_signal_filter:check:840 | S2 skip: price already below grid bottom | {'symbol': 'PIEVERSEUSDT', 'current': 0.9145, 'grid_bottom': 0.9190534}
2026-07-26 09:01:33 | DEBUG | trading.strategy5_continuation:_scan_symbol:379 | S5 skip: recent loss on symbol | {'symbol': 'EULUSDT', 'hours_since_loss': 11.0}
2026-07-26 09:01:38 | INFO | trading.strategy2_signal_filter:check:681 | S2 market phase | {'symbol': 'PIEVERSEUSDT', 'phase': 'drop_tradeable', 'note': 'drop_tradeable:bq=0.82'}
2026-07-26 09:01:38 | DEBUG | trading.strategy2_signal_filter:check:840 | S2 skip: price already below grid bottom | {'symbol': 'PIEVERSEUSDT', 'current': 0.9145, 'grid_bottom': 0.9190534}
2026-07-26 09:01:38 | DEBUG | trading.strategy5_continuation:_scan_symbol:379 | S5 skip: recent loss on symbol | {'symbol': 'EULUSDT', 'hours_since_loss': 11.0}
2026-07-26 09:01:43 | INFO | trading.strategy2_signal_filter:check:681 | S2 market phase | {'symbol': 'PIEVERSEUSDT', 'phase': 'drop_tradeable', 'note': 'drop_tradeable:bq=0.82'}
2026-07-26 09:01:43 | DEBUG | trading.strategy2_signal_filter:check:840 | S2 skip: price already below grid bottom | {'symbol': 'PIEVERSEUSDT', 'current': 0.9149, 'grid_bottom': 0.9190534}
2026-07-26 09:01:43 | DEBUG | trading.strategy5_continuation:_scan_symbol:379 | S5 skip: recent loss on symbol | {'symbol': 'EULUSDT', 'hours_since_loss': 11.0}
2026-07-26 09:01:48 | INFO | trading.strategy2_signal_filter:check:681 | S2 market phase | {'symbol': 'PIEVERSEUSDT', 'phase': 'drop_tradeable', 'note': 'drop_tradeable:bq=0.82'}
2026-07-26 09:01:48 | DEBUG | trading.strategy2_signal_filter:check:840 | S2 skip: price already below grid bottom | {'symbol': 'PIEVERSEUSDT', 'current': 0.9149, 'grid_bottom': 0.9190534}
2026-07-26 09:01:49 | DEBUG | trading.strategy5_continuation:_scan_symbol:379 | S5 skip: recent loss on symbol | {'symbol': 'EULUSDT', 'hours_since_loss': 11.0}
2026-07-26 09:01:54 | INFO | trading.strategy2_signal_filter:check:681 | S2 market phase | {'symbol': 'PIEVERSEUSDT', 'phase': 'drop_tradeable', 'note': 'drop_tradeable:bq=0.82'}
2026-07-26 09:01:54 | DEBUG | trading.strategy2_signal_filter:check:840 | S2 skip: price already below grid bottom | {'symbol': 'PIEVERSEUSDT', 'current': 0.9149, 'grid_bottom': 0.9190534}
2026-07-26 09:01:54 | DEBUG | trading.strategy5_continuation:_scan_symbol:379 | S5 skip: recent loss on symbol | {'symbol': 'EULUSDT', 'hours_since_loss': 11.0}
2026-07-26 09:01:59 | INFO | trading.strategy2_signal_filter:check:681 | S2 market phase | {'symbol': 'PIEVERSEUSDT', 'phase': 'drop_tradeable', 'note': 'drop_tradeable:bq=0.82'}
2026-07-26 09:01:59 | DEBUG | trading.strategy2_signal_filter:check:840 | S2 skip: price already below grid bottom | {'symbol': 'PIEVERSEUSDT', 'current': 0.9127, 'grid_bottom': 0.9190534}
2026-07-26 09:01:59 | DEBUG | trading.strategy5_continuation:_scan_symbol:379 | S5 skip: recent loss on symbol | {'symbol': 'EULUSDT', 'hours_since_loss': 11.0}
2026-07-26 09:02:04 | INFO | trading.strategy2_signal_filter:check:681 | S2 market phase | {'symbol': 'PIEVERSEUSDT', 'phase': 'drop_tradeable', 'note': 'drop_tradeable:bq=0.82'}
2026-07-26 09:02:04 | DEBUG | trading.strategy2_signal_filter:check:840 | S2 skip: price already below grid bottom | {'symbol': 'PIEVERSEUSDT', 'current': 0.9127, 'grid_bottom': 0.9190534}
2026-07-26 09:02:04 | DEBUG | trading.strategy5_continuation:_scan_symbol:379 | S5 skip: recent loss on symbol | {'symbol': 'EULUSDT', 'hours_since_loss': 11.0}
2026-07-26 09:02:09 | INFO | trading.strategy2_signal_filter:check:681 | S2 market phase | {'symbol': 'PIEVERSEUSDT', 'phase': 'drop_tradeable', 'note': 'drop_tradeable:bq=0.82'}
2026-07-26 09:02:09 | DEBUG | trading.strategy2_signal_filter:check:840 | S2 skip: price already below grid bottom | {'symbol': 'PIEVERSEUSDT', 'current': 0.9134, 'grid_bottom': 0.9190534}
2026-07-26 09:02:09 | DEBUG | trading.strategy5_continuation:_scan_symbol:379 | S5 skip: recent loss on symbol | {'symbol': 'EULUSDT', 'hours_since_loss': 11.0}
2026-07-26 09:02:14 | INFO | trading.strategy2_signal_filter:check:681 | S2 market phase | {'symbol': 'PIEVERSEUSDT', 'phase': 'drop_tradeable', 'note': 'drop_tradeable:bq=0.82'}
2026-07-26 09:02:14 | DEBUG | trading.strategy2_signal_filter:check:840 | S2 skip: price already below grid bottom | {'symbol': 'PIEVERSEUSDT', 'current': 0.9134, 'grid_bottom': 0.9190534}
2026-07-26 09:02:14 | DEBUG | trading.strategy5_continuation:_scan_symbol:379 | S5 skip: recent loss on symbol | {'symbol': 'EULUSDT', 'hours_since_loss': 11.0}
2026-07-26 09:02:20 | DEBUG | trading.strategy5_continuation:_scan_symbol:379 | S5 skip: recent loss on symbol | {'symbol': 'EULUSDT', 'hours_since_loss': 11.0}
2026-07-26 09:02:25 | DEBUG | trading.strategy5_continuation:_scan_symbol:379 | S5 skip: recent loss on symbol | {'symbol': 'EULUSDT', 'hours_since_loss': 11.0}
2026-07-26 09:02:30 | DEBUG | trading.strategy5_continuation:_scan_symbol:379 | S5 skip: recent loss on symbol | {'symbol': 'EULUSDT', 'hours_since_loss': 11.0}
2026-07-26 09:02:35 | DEBUG | trading.strategy5_continuation:_scan_symbol:379 | S5 skip: recent loss on symbol | {'symbol': 'EULUSDT', 'hours_since_loss': 11.0}
2026-07-26 09:02:40 | DEBUG | trading.strategy5_continuation:_scan_symbol:379 | S5 skip: recent loss on symbol | {'symbol': 'EULUSDT', 'hours_since_loss': 11.0}
2026-07-26 09:02:45 | DEBUG | trading.strategy2_signal_filter:check:563 | S2 skip: p_bounce below group floor | {'symbol': 'PIEVERSEUSDT', 'group': 'g2', 'p_bounce': 0.0, 'floor': 0.4, 'approach_count': 3, 'touches': 'unknown(no-count)'}
2026-07-26 09:02:46 | DEBUG | trading.strategy1_bounce:_try_open:48 | S1 skip: pump_base level | {'symbol': 'PIEVERSEUSDT', 'level_type': 'pump_base'}
2026-07-26 09:02:46 | DEBUG | trading.strategy1_bounce:_try_open:48 | S1 skip: pump_base level | {'symbol': 'PIEVERSEUSDT', 'level_type': 'pump_base'}
2026-07-26 09:02:46 | DEBUG | trading.strategy5_continuation:_scan_symbol:379 | S5 skip: recent loss on symbol | {'symbol': 'EULUSDT', 'hours_since_loss': 11.0}
2026-07-26 09:02:51 | DEBUG | trading.strategy5_continuation:_scan_symbol:379 | S5 skip: recent loss on symbol | {'symbol': 'EULUSDT', 'hours_since_loss': 11.0}
2026-07-26 09:02:56 | DEBUG | trading.strategy5_continuation:_scan_symbol:379 | S5 skip: recent loss on symbol | {'symbol': 'EULUSDT', 'hours_since_loss': 11.0}
2026-07-26 09:03:01 | DEBUG | trading.strategy5_continuation:_scan_symbol:379 | S5 skip: recent loss on symbol | {'symbol': 'EULUSDT', 'hours_since_loss': 11.0}
2026-07-26 09:03:06 | DEBUG | trading.strategy5_continuation:_scan_symbol:379 | S5 skip: recent loss on symbol | {'symbol': 'EULUSDT', 'hours_since_loss': 11.0}
2026-07-26 09:03:11 | DEBUG | trading.strategy5_continuation:_scan_symbol:379 | S5 skip: recent loss on symbol | {'symbol': 'EULUSDT', 'hours_since_loss': 11.0}
2026-07-26 09:03:17 | DEBUG | trading.strategy5_continuation:_scan_symbol:379 | S5 skip: recent loss on symbol | {'symbol': 'EULUSDT', 'hours_since_loss': 11.0}
2026-07-26 09:03:22 | DEBUG | trading.strategy5_continuation:_scan_symbol:379 | S5 skip: recent loss on symbol | {'symbol': 'EULUSDT', 'hours_since_loss': 11.0}
2026-07-26 09:03:27 | DEBUG | trading.strategy5_continuation:_scan_symbol:379 | S5 skip: recent loss on symbol | {'symbol': 'EULUSDT', 'hours_since_loss': 11.0}
2026-07-26 09:03:32 | DEBUG | trading.strategy5_continuation:_scan_symbol:379 | S5 skip: recent loss on symbol | {'symbol': 'EULUSDT', 'hours_since_loss': 11.0}
2026-07-26 09:03:37 | DEBUG | trading.strategy5_continuation:_scan_symbol:379 | S5 skip: recent loss on symbol | {'symbol': 'EULUSDT', 'hours_since_loss': 11.0}
2026-07-26 09:03:43 | DEBUG | trading.strategy5_continuation:_scan_symbol:379 | S5 skip: recent loss on symbol | {'symbol': 'EULUSDT', 'hours_since_loss': 11.0}
2026-07-26 09:03:48 | DEBUG | trading.strategy5_continuation:_scan_symbol:379 | S5 skip: recent loss on symbol | {'symbol': 'EULUSDT', 'hours_since_loss': 11.0}
2026-07-26 09:03:53 | DEBUG | trading.strategy5_continuation:_scan_symbol:379 | S5 skip: recent loss on symbol | {'symbol': 'EULUSDT', 'hours_since_loss': 11.0}
2026-07-26 09:03:58 | DEBUG | trading.strategy5_continuation:_scan_symbol:379 | S5 skip: recent loss on symbol | {'symbol': 'EULUSDT', 'hours_since_loss': 11.0}
2026-07-26 09:04:03 | DEBUG | trading.strategy5_continuation:_scan_symbol:379 | S5 skip: recent loss on symbol | {'symbol': 'EULUSDT', 'hours_since_loss': 11.0}
2026-07-26 09:04:08 | DEBUG | trading.strategy5_continuation:_scan_symbol:379 | S5 skip: recent loss on symbol | {'symbol': 'EULUSDT', 'hours_since_loss': 11.0}
2026-07-26 09:04:14 | DEBUG | trading.strategy5_continuation:_scan_symbol:379 | S5 skip: recent loss on symbol | {'symbol': 'EULUSDT', 'hours_since_loss': 11.0}
2026-07-26 09:04:19 | DEBUG | trading.strategy5_continuation:_scan_symbol:379 | S5 skip: recent loss on symbol | {'symbol': 'EULUSDT', 'hours_since_loss': 11.0}
2026-07-26 09:04:24 | DEBUG | trading.strategy5_continuation:_scan_symbol:379 | S5 skip: recent loss on symbol | {'symbol': 'EULUSDT', 'hours_since_loss': 11.0}
2026-07-26 09:04:29 | DEBUG | trading.strategy5_continuation:_scan_symbol:379 | S5 skip: recent loss on symbol | {'symbol': 'EULUSDT', 'hours_since_loss': 11.0}
2026-07-26 09:04:34 | DEBUG | trading.strategy5_continuation:_scan_symbol:379 | S5 skip: recent loss on symbol | {'symbol': 'EULUSDT', 'hours_since_loss': 11.0}
2026-07-26 09:04:39 | DEBUG | trading.strategy5_continuation:_scan_symbol:379 | S5 skip: recent loss on symbol | {'symbol': 'EULUSDT', 'hours_since_loss': 11.0}
2026-07-26 09:04:45 | DEBUG | trading.strategy5_continuation:_scan_symbol:379 | S5 skip: recent loss on symbol | {'symbol': 'EULUSDT', 'hours_since_loss': 11.0}
2026-07-26 09:04:50 | DEBUG | trading.strategy5_continuation:_scan_symbol:379 | S5 skip: recent loss on symbol | {'symbol': 'EULUSDT', 'hours_since_loss': 11.0}
2026-07-26 09:04:55 | DEBUG | trading.strategy5_continuation:_scan_symbol:379 | S5 skip: recent loss on symbol | {'symbol': 'EULUSDT', 'hours_since_loss': 11.0}
2026-07-26 09:05:00 | DEBUG | trading.strategy5_continuation:_scan_symbol:379 | S5 skip: recent loss on symbol | {'symbol': 'EULUSDT', 'hours_since_loss': 11.0}
2026-07-26 09:05:05 | DEBUG | trading.strategy5_continuation:_scan_symbol:379 | S5 skip: recent loss on symbol | {'symbol': 'EULUSDT', 'hours_since_loss': 11.0}
2026-07-26 09:05:10 | DEBUG | trading.strategy5_continuation:_scan_symbol:379 | S5 skip: recent loss on symbol | {'symbol': 'EULUSDT', 'hours_since_loss': 11.0}
2026-07-26 09:05:16 | DEBUG | trading.strategy5_continuation:_scan_symbol:379 | S5 skip: recent loss on symbol | {'symbol': 'EULUSDT', 'hours_since_loss': 11.0}
2026-07-26 09:05:16 | INFO | trading.strategy2_signal_filter:check:681 | S2 market phase | {'symbol': 'PIEVERSEUSDT', 'phase': 'drop_tradeable', 'note': 'drop_tradeable:bq=0.66'}
2026-07-26 09:05:16 | DEBUG | trading.strategy2_signal_filter:check:928 | S2 skip: RR below minimum | {'symbol': 'PIEVERSEUSDT', 'rr': 0.57, 'min_rr': 0.7, 'sl_dist_pct': 1.585, 'tp1_dist_pct': 0.9}
2026-07-26 09:05:18 | INFO | trading.strategy2_signal_filter:check:681 | S2 market phase | {'symbol': 'PIEVERSEUSDT', 'phase': 'drop_tradeable', 'note': 'drop_tradeable:bq=0.66'}
2026-07-26 09:05:18 | DEBUG | trading.strategy2_signal_filter:check:928 | S2 skip: RR below minimum | {'symbol': 'PIEVERSEUSDT', 'rr': 0.56, 'min_rr': 0.7, 'sl_dist_pct': 1.595, 'tp1_dist_pct': 0.9}
2026-07-26 09:05:21 | DEBUG | trading.strategy5_continuation:_scan_symbol:379 | S5 skip: recent loss on symbol | {'symbol': 'EULUSDT', 'hours_since_loss': 11.0}
2026-07-26 09:05:23 | INFO | trading.strategy2_signal_filter:check:681 | S2 market phase | {'symbol': 'PIEVERSEUSDT', 'phase': 'drop_tradeable', 'note': 'drop_tradeable:bq=0.66'}
2026-07-26 09:05:23 | DEBUG | trading.strategy2_signal_filter:check:928 | S2 skip: RR below minimum | {'symbol': 'PIEVERSEUSDT', 'rr': 0.56, 'min_rr': 0.7, 'sl_dist_pct': 1.595, 'tp1_dist_pct': 0.9}
2026-07-26 09:05:26 | DEBUG | trading.strategy5_continuation:_scan_symbol:379 | S5 skip: recent loss on symbol | {'symbol': 'EULUSDT', 'hours_since_loss': 11.0}
2026-07-26 09:05:28 | INFO | trading.strategy2_signal_filter:check:681 | S2 market phase | {'symbol': 'PIEVERSEUSDT', 'phase': 'drop_tradeable', 'note': 'drop_tradeable:bq=0.66'}
2026-07-26 09:05:28 | DEBUG | trading.strategy2_signal_filter:check:928 | S2 skip: RR below minimum | {'symbol': 'PIEVERSEUSDT', 'rr': 0.56, 'min_rr': 0.7, 'sl_dist_pct': 1.595, 'tp1_dist_pct': 0.9}
2026-07-26 09:05:31 | INFO | trading.strategy2_signal_filter:check:681 | S2 market phase | {'symbol': 'PIEVERSEUSDT', 'phase': 'drop_tradeable', 'note': 'drop_tradeable:bq=0.66'}
2026-07-26 09:05:31 | DEBUG | trading.strategy2_signal_filter:check:928 | S2 skip: RR below minimum | {'symbol': 'PIEVERSEUSDT', 'rr': 0.57, 'min_rr': 0.7, 'sl_dist_pct': 1.586, 'tp1_dist_pct': 0.9}
2026-07-26 09:05:31 | DEBUG | trading.strategy5_continuation:_scan_symbol:379 | S5 skip: recent loss on symbol | {'symbol': 'EULUSDT', 'hours_since_loss': 11.0}
2026-07-26 09:05:33 | INFO | trading.strategy2_signal_filter:check:681 | S2 market phase | {'symbol': 'PIEVERSEUSDT', 'phase': 'drop_tradeable', 'note': 'drop_tradeable:bq=0.66'}
2026-07-26 09:05:33 | DEBUG | trading.strategy2_signal_filter:check:928 | S2 skip: RR below minimum | {'symbol': 'PIEVERSEUSDT', 'rr': 0.56, 'min_rr': 0.7, 'sl_dist_pct': 1.595, 'tp1_dist_pct': 0.9}
2026-07-26 09:05:36 | DEBUG | trading.strategy5_continuation:_scan_symbol:379 | S5 skip: recent loss on symbol | {'symbol': 'EULUSDT', 'hours_since_loss': 11.0}
2026-07-26 09:05:42 | DEBUG | trading.strategy5_continuation:_scan_symbol:379 | S5 skip: recent loss on symbol | {'symbol': 'EULUSDT', 'hours_since_loss': 11.0}
2026-07-26 09:05:47 | DEBUG | trading.strategy5_continuation:_scan_symbol:379 | S5 skip: recent loss on symbol | {'symbol': 'EULUSDT', 'hours_since_loss': 11.0}
2026-07-26 09:05:52 | DEBUG | trading.strategy5_continuation:_scan_symbol:379 | S5 skip: recent loss on symbol | {'symbol': 'EULUSDT', 'hours_since_loss': 11.0}
2026-07-26 09:05:57 | DEBUG | trading.strategy5_continuation:_scan_symbol:379 | S5 skip: recent loss on symbol | {'symbol': 'EULUSDT', 'hours_since_loss': 11.0}
2026-07-26 09:06:02 | DEBUG | trading.strategy5_continuation:_scan_symbol:379 | S5 skip: recent loss on symbol | {'symbol': 'EULUSDT', 'hours_since_loss': 11.0}
2026-07-26 09:06:08 | DEBUG | trading.strategy5_continuation:_scan_symbol:379 | S5 skip: recent loss on symbol | {'symbol': 'EULUSDT', 'hours_since_loss': 11.0}
2026-07-26 09:06:13 | DEBUG | trading.strategy5_continuation:_scan_symbol:379 | S5 skip: recent loss on symbol | {'symbol': 'EULUSDT', 'hours_since_loss': 11.0}
2026-07-26 09:06:18 | DEBUG | trading.strategy5_continuation:_scan_symbol:379 | S5 skip: recent loss on symbol | {'symbol': 'EULUSDT', 'hours_since_loss': 11.0}
2026-07-26 09:06:23 | DEBUG | trading.strategy5_continuation:_scan_symbol:379 | S5 skip: recent loss on symbol | {'symbol': 'EULUSDT', 'hours_since_loss': 11.0}
2026-07-26 09:06:28 | DEBUG | trading.strategy5_continuation:_scan_symbol:379 | S5 skip: recent loss on symbol | {'symbol': 'EULUSDT', 'hours_since_loss': 11.1}
2026-07-26 09:06:33 | DEBUG | trading.strategy5_continuation:_scan_symbol:379 | S5 skip: recent loss on symbol | {'symbol': 'EULUSDT', 'hours_since_loss': 11.1}
2026-07-26 09:06:39 | DEBUG | trading.strategy5_continuation:_scan_symbol:379 | S5 skip: recent loss on symbol | {'symbol': 'EULUSDT', 'hours_since_loss': 11.1}
2026-07-26 09:06:44 | DEBUG | trading.strategy5_continuation:_scan_symbol:379 | S5 skip: recent loss on symbol | {'symbol': 'EULUSDT', 'hours_since_loss': 11.1}
2026-07-26 09:06:49 | DEBUG | trading.strategy5_continuation:_scan_symbol:379 | S5 skip: recent loss on symbol | {'symbol': 'EULUSDT', 'hours_since_loss': 11.1}
2026-07-26 09:06:54 | DEBUG | trading.strategy5_continuation:_scan_symbol:379 | S5 skip: recent loss on symbol | {'symbol': 'EULUSDT', 'hours_since_loss': 11.1}
2026-07-26 09:06:59 | DEBUG | trading.strategy5_continuation:_scan_symbol:379 | S5 skip: recent loss on symbol | {'symbol': 'EULUSDT', 'hours_since_loss': 11.1}
2026-07-26 09:07:04 | DEBUG | trading.strategy5_continuation:_scan_symbol:379 | S5 skip: recent loss on symbol | {'symbol': 'EULUSDT', 'hours_since_loss': 11.1}
2026-07-26 09:07:10 | DEBUG | trading.strategy5_continuation:_scan_symbol:379 | S5 skip: recent loss on symbol | {'symbol': 'EULUSDT', 'hours_since_loss': 11.1}
2026-07-26 09:07:15 | DEBUG | trading.strategy5_continuation:_scan_symbol:379 | S5 skip: recent loss on symbol | {'symbol': 'EULUSDT', 'hours_since_loss': 11.1}
2026-07-26 09:07:20 | DEBUG | trading.strategy5_continuation:_scan_symbol:379 | S5 skip: recent loss on symbol | {'symbol': 'EULUSDT', 'hours_since_loss': 11.1}
2026-07-26 09:07:25 | DEBUG | trading.strategy5_continuation:_scan_symbol:379 | S5 skip: recent loss on symbol | {'symbol': 'EULUSDT', 'hours_since_loss': 11.1}
2026-07-26 09:07:30 | DEBUG | trading.strategy5_continuation:_scan_symbol:379 | S5 skip: recent loss on symbol | {'symbol': 'EULUSDT', 'hours_since_loss': 11.1}
2026-07-26 09:07:36 | DEBUG | trading.strategy5_continuation:_scan_symbol:379 | S5 skip: recent loss on symbol | {'symbol': 'EULUSDT', 'hours_since_loss': 11.1}
2026-07-26 09:07:41 | DEBUG | trading.strategy5_continuation:_scan_symbol:379 | S5 skip: recent loss on symbol | {'symbol': 'EULUSDT', 'hours_since_loss': 11.1}
2026-07-26 09:07:46 | DEBUG | trading.strategy5_continuation:_scan_symbol:379 | S5 skip: recent loss on symbol | {'symbol': 'EULUSDT', 'hours_since_loss': 11.1}
2026-07-26 09:07:51 | DEBUG | trading.strategy5_continuation:_scan_symbol:379 | S5 skip: recent loss on symbol | {'symbol': 'EULUSDT', 'hours_since_loss': 11.1}
2026-07-26 09:07:56 | DEBUG | trading.strategy5_continuation:_scan_symbol:379 | S5 skip: recent loss on symbol | {'symbol': 'EULUSDT', 'hours_since_loss': 11.1}
2026-07-26 09:08:01 | INFO | trading.strategy2_signal_filter:check:681 | S2 market phase | {'symbol': 'PIEVERSEUSDT', 'phase': 'drop_tradeable', 'note': 'drop_tradeable:bq=0.66'}
2026-07-26 09:08:01 | DEBUG | trading.strategy2_signal_filter:check:824 | S2 skip: price too far above level | {'symbol': 'PIEVERSEUSDT', 'current': 0.9125, 'level': 0.89425, 'diff_pct': 2.041, 'max_pct': 2.0}
2026-07-26 09:08:01 | DEBUG | trading.strategy5_continuation:_scan_symbol:379 | S5 skip: recent loss on symbol | {'symbol': 'EULUSDT', 'hours_since_loss': 11.1}
2026-07-26 09:08:07 | DEBUG | trading.strategy5_continuation:_scan_symbol:379 | S5 skip: recent loss on symbol | {'symbol': 'EULUSDT', 'hours_since_loss': 11.1}
2026-07-26 09:08:12 | DEBUG | trading.strategy5_continuation:_scan_symbol:379 | S5 skip: recent loss on symbol | {'symbol': 'EULUSDT', 'hours_since_loss': 11.1}
2026-07-26 09:08:17 | DEBUG | trading.strategy5_continuation:_scan_symbol:379 | S5 skip: recent loss on symbol | {'symbol': 'EULUSDT', 'hours_since_loss': 11.1}
2026-07-26 09:08:22 | DEBUG | trading.strategy5_continuation:_scan_symbol:379 | S5 skip: recent loss on symbol | {'symbol': 'EULUSDT', 'hours_since_loss': 11.1}
2026-07-26 09:08:27 | DEBUG | trading.strategy5_continuation:_scan_symbol:379 | S5 skip: recent loss on symbol | {'symbol': 'EULUSDT', 'hours_since_loss': 11.1}
2026-07-26 09:08:33 | DEBUG | trading.strategy5_continuation:_scan_symbol:379 | S5 skip: recent loss on symbol | {'symbol': 'EULUSDT', 'hours_since_loss': 11.1}
2026-07-26 09:08:38 | DEBUG | trading.strategy5_continuation:_scan_symbol:379 | S5 skip: recent loss on symbol | {'symbol': 'EULUSDT', 'hours_since_loss': 11.1}
2026-07-26 09:08:43 | DEBUG | trading.strategy5_continuation:_scan_symbol:379 | S5 skip: recent loss on symbol | {'symbol': 'EULUSDT', 'hours_since_loss': 11.1}
2026-07-26 09:08:48 | INFO | trading.strategy2_signal_filter:check:681 | S2 market phase | {'symbol': 'PIEVERSEUSDT', 'phase': 'drop_tradeable', 'note': 'drop_tradeable:bq=0.66'}
2026-07-26 09:08:48 | DEBUG | trading.strategy2_signal_filter:check:824 | S2 skip: price too far above level | {'symbol': 'PIEVERSEUSDT', 'current': 0.9122, 'level': 0.89425, 'diff_pct': 2.007, 'max_pct': 2.0}
2026-07-26 09:08:48 | DEBUG | trading.strategy5_continuation:_scan_symbol:379 | S5 skip: recent loss on symbol | {'symbol': 'EULUSDT', 'hours_since_loss': 11.1}
2026-07-26 09:08:53 | DEBUG | trading.strategy5_continuation:_scan_symbol:379 | S5 skip: recent loss on symbol | {'symbol': 'EULUSDT', 'hours_since_loss': 11.1}
2026-07-26 09:08:58 | DEBUG | trading.strategy5_continuation:_scan_symbol:379 | S5 skip: recent loss on symbol | {'symbol': 'EULUSDT', 'hours_since_loss': 11.1}
2026-07-26 09:09:04 | INFO | trading.strategy2_signal_filter:check:681 | S2 market phase | {'symbol': 'PIEVERSEUSDT', 'phase': 'drop_tradeable', 'note': 'drop_tradeable:bq=0.66'}
2026-07-26 09:09:04 | DEBUG | trading.strategy2_signal_filter:check:824 | S2 skip: price too far above level | {'symbol': 'PIEVERSEUSDT', 'current': 0.9123, 'level': 0.89425, 'diff_pct': 2.018, 'max_pct': 2.0}
2026-07-26 09:09:04 | DEBUG | trading.strategy5_continuation:_scan_symbol:379 | S5 skip: recent loss on symbol | {'symbol': 'EULUSDT', 'hours_since_loss': 11.1}
2026-07-26 09:09:09 | DEBUG | trading.strategy5_continuation:_scan_symbol:379 | S5 skip: recent loss on symbol | {'symbol': 'EULUSDT', 'hours_since_loss': 11.1}
2026-07-26 09:09:14 | DEBUG | trading.strategy5_continuation:_scan_symbol:379 | S5 skip: recent loss on symbol | {'symbol': 'EULUSDT', 'hours_since_loss': 11.1}
2026-07-26 09:09:19 | DEBUG | trading.strategy5_continuation:_scan_symbol:379 | S5 skip: recent loss on symbol | {'symbol': 'EULUSDT', 'hours_since_loss': 11.1}
2026-07-26 09:09:24 | DEBUG | trading.strategy5_continuation:_scan_symbol:379 | S5 skip: recent loss on symbol | {'symbol': 'EULUSDT', 'hours_since_loss': 11.1}
2026-07-26 09:09:30 | DEBUG | trading.strategy5_continuation:_scan_symbol:379 | S5 skip: recent loss on symbol | {'symbol': 'EULUSDT', 'hours_since_loss': 11.1}
2026-07-26 09:09:35 | DEBUG | trading.strategy5_continuation:_scan_symbol:379 | S5 skip: recent loss on symbol | {'symbol': 'EULUSDT', 'hours_since_loss': 11.1}
2026-07-26 09:09:40 | DEBUG | trading.strategy5_continuation:_scan_symbol:379 | S5 skip: recent loss on symbol | {'symbol': 'EULUSDT', 'hours_since_loss': 11.1}
2026-07-26 09:09:45 | DEBUG | trading.strategy5_continuation:_scan_symbol:379 | S5 skip: recent loss on symbol | {'symbol': 'EULUSDT', 'hours_since_loss': 11.1}
2026-07-26 09:09:50 | DEBUG | trading.strategy5_continuation:_scan_symbol:379 | S5 skip: recent loss on symbol | {'symbol': 'EULUSDT', 'hours_since_loss': 11.1}
2026-07-26 09:09:55 | INFO | trading.strategy2_signal_filter:check:681 | S2 market phase | {'symbol': 'PIEVERSEUSDT', 'phase': 'drop_tradeable', 'note': 'drop_tradeable:bq=0.66'}
2026-07-26 09:09:55 | DEBUG | trading.strategy2_signal_filter:check:928 | S2 skip: RR below minimum | {'symbol': 'PIEVERSEUSDT', 'rr': 0.61, 'min_rr': 0.7, 'sl_dist_pct': 1.475, 'tp1_dist_pct': 0.9}
2026-07-26 09:09:55 | INFO | trading.strategy2_signal_filter:check:681 | S2 market phase | {'symbol': 'PIEVERSEUSDT', 'phase': 'drop_tradeable', 'note': 'drop_tradeable:bq=0.66'}
2026-07-26 09:09:55 | DEBUG | trading.strategy2_signal_filter:check:928 | S2 skip: RR below minimum | {'symbol': 'PIEVERSEUSDT', 'rr': 0.61, 'min_rr': 0.7, 'sl_dist_pct': 1.487, 'tp1_dist_pct': 0.9}
2026-07-26 09:09:56 | DEBUG | trading.strategy5_continuation:_scan_symbol:379 | S5 skip: recent loss on symbol | {'symbol': 'EULUSDT', 'hours_since_loss': 11.1}
2026-07-26 09:10:01 | INFO | trading.strategy2_signal_filter:check:681 | S2 market phase | {'symbol': 'PIEVERSEUSDT', 'phase': 'drop_tradeable', 'note': 'drop_tradeable:bq=0.66'}
2026-07-26 09:10:01 | DEBUG | trading.strategy2_signal_filter:check:928 | S2 skip: RR below minimum | {'symbol': 'PIEVERSEUSDT', 'rr': 0.61, 'min_rr': 0.7, 'sl_dist_pct': 1.487, 'tp1_dist_pct': 0.9}
2026-07-26 09:10:01 | DEBUG | trading.strategy5_continuation:_scan_symbol:379 | S5 skip: recent loss on symbol | {'symbol': 'EULUSDT', 'hours_since_loss': 11.1}
2026-07-26 09:10:06 | INFO | trading.strategy2_signal_filter:check:681 | S2 market phase | {'symbol': 'PIEVERSEUSDT', 'phase': 'drop_tradeable', 'note': 'drop_tradeable:bq=0.66'}
2026-07-26 09:10:06 | DEBUG | trading.strategy2_signal_filter:check:928 | S2 skip: RR below minimum | {'symbol': 'PIEVERSEUSDT', 'rr': 0.61, 'min_rr': 0.7, 'sl_dist_pct': 1.487, 'tp1_dist_pct': 0.9}
2026-07-26 09:10:06 | DEBUG | trading.strategy5_continuation:_scan_symbol:379 | S5 skip: recent loss on symbol | {'symbol': 'EULUSDT', 'hours_since_loss': 11.1}
2026-07-26 09:10:11 | INFO | trading.strategy2_signal_filter:check:681 | S2 market phase | {'symbol': 'PIEVERSEUSDT', 'phase': 'drop_tradeable', 'note': 'drop_tradeable:bq=0.66'}
2026-07-26 09:10:11 | DEBUG | trading.strategy2_signal_filter:check:928 | S2 skip: RR below minimum | {'symbol': 'PIEVERSEUSDT', 'rr': 0.62, 'min_rr': 0.7, 'sl_dist_pct': 1.457, 'tp1_dist_pct': 0.9}
2026-07-26 09:10:11 | INFO | trading.strategy2_signal_filter:check:681 | S2 market phase | {'symbol': 'PIEVERSEUSDT', 'phase': 'drop_tradeable', 'note': 'drop_tradeable:bq=0.66'}
2026-07-26 09:10:11 | DEBUG | trading.strategy2_signal_filter:check:928 | S2 skip: RR below minimum | {'symbol': 'PIEVERSEUSDT', 'rr': 0.61, 'min_rr': 0.7, 'sl_dist_pct': 1.487, 'tp1_dist_pct': 0.9}
2026-07-26 09:10:11 | DEBUG | trading.strategy5_continuation:_scan_symbol:379 | S5 skip: recent loss on symbol | {'symbol': 'EULUSDT', 'hours_since_loss': 11.1}
2026-07-26 09:10:16 | INFO | trading.strategy2_signal_filter:check:681 | S2 market phase | {'symbol': 'PIEVERSEUSDT', 'phase': 'drop_tradeable', 'note': 'drop_tradeable:bq=0.66'}
2026-07-26 09:10:16 | DEBUG | trading.strategy2_signal_filter:check:928 | S2 skip: RR below minimum | {'symbol': 'PIEVERSEUSDT', 'rr': 0.61, 'min_rr': 0.7, 'sl_dist_pct': 1.487, 'tp1_dist_pct': 0.9}
2026-07-26 09:10:16 | DEBUG | trading.strategy5_continuation:_scan_symbol:379 | S5 skip: recent loss on symbol | {'symbol': 'EULUSDT', 'hours_since_loss': 11.1}
2026-07-26 09:10:21 | DEBUG | trading.strategy5_continuation:_scan_symbol:379 | S5 skip: recent loss on symbol | {'symbol': 'EULUSDT', 'hours_since_loss': 11.1}
2026-07-26 09:10:27 | DEBUG | trading.strategy5_continuation:_scan_symbol:379 | S5 skip: recent loss on symbol | {'symbol': 'EULUSDT', 'hours_since_loss': 11.1}
2026-07-26 09:10:32 | DEBUG | trading.strategy5_continuation:_scan_symbol:379 | S5 skip: recent loss on symbol | {'symbol': 'EULUSDT', 'hours_since_loss': 11.1}
2026-07-26 09:10:37 | DEBUG | trading.strategy5_continuation:_scan_symbol:379 | S5 skip: recent loss on symbol | {'symbol': 'EULUSDT', 'hours_since_loss': 11.1}
2026-07-26 09:10:42 | INFO | trading.strategy2_signal_filter:check:681 | S2 market phase | {'symbol': 'PIEVERSEUSDT', 'phase': 'drop_tradeable', 'note': 'drop_tradeable:bq=0.66'}
2026-07-26 09:10:42 | DEBUG | trading.strategy2_signal_filter:check:928 | S2 skip: RR below minimum | {'symbol': 'PIEVERSEUSDT', 'rr': 0.61, 'min_rr': 0.7, 'sl_dist_pct': 1.467, 'tp1_dist_pct': 0.9}
2026-07-26 09:10:42 | INFO | trading.strategy2_signal_filter:check:681 | S2 market phase | {'symbol': 'PIEVERSEUSDT', 'phase': 'drop_tradeable', 'note': 'drop_tradeable:bq=0.66'}
2026-07-26 09:10:42 | DEBUG | trading.strategy2_signal_filter:check:928 | S2 skip: RR below minimum | {'symbol': 'PIEVERSEUSDT', 'rr': 0.61, 'min_rr': 0.7, 'sl_dist_pct': 1.487, 'tp1_dist_pct': 0.9}
2026-07-26 09:10:42 | DEBUG | trading.strategy5_continuation:_scan_symbol:379 | S5 skip: recent loss on symbol | {'symbol': 'EULUSDT', 'hours_since_loss': 11.1}
2026-07-26 09:10:47 | INFO | trading.strategy2_signal_filter:check:681 | S2 market phase | {'symbol': 'PIEVERSEUSDT', 'phase': 'drop_tradeable', 'note': 'drop_tradeable:bq=0.66'}
2026-07-26 09:10:47 | DEBUG | trading.strategy2_signal_filter:check:928 | S2 skip: RR below minimum | {'symbol': 'PIEVERSEUSDT', 'rr': 0.61, 'min_rr': 0.7, 'sl_dist_pct': 1.487, 'tp1_dist_pct': 0.9}
2026-07-26 09:10:47 | DEBUG | trading.strategy5_continuation:_scan_symbol:379 | S5 skip: recent loss on symbol | {'symbol': 'EULUSDT', 'hours_since_loss': 11.1}
2026-07-26 09:10:52 | INFO | trading.strategy2_signal_filter:check:681 | S2 market phase | {'symbol': 'PIEVERSEUSDT', 'phase': 'drop_tradeable', 'note': 'drop_tradeable:bq=0.66'}
2026-07-26 09:10:52 | DEBUG | trading.strategy2_signal_filter:check:928 | S2 skip: RR below minimum | {'symbol': 'PIEVERSEUSDT', 'rr': 0.61, 'min_rr': 0.7, 'sl_dist_pct': 1.487, 'tp1_dist_pct': 0.9}
2026-07-26 09:10:52 | DEBUG | trading.strategy5_continuation:_scan_symbol:379 | S5 skip: recent loss on symbol | {'symbol': 'EULUSDT', 'hours_since_loss': 11.1}
2026-07-26 09:10:58 | INFO | trading.strategy2_signal_filter:check:681 | S2 market phase | {'symbol': 'PIEVERSEUSDT', 'phase': 'drop_tradeable', 'note': 'drop_tradeable:bq=0.66'}
2026-07-26 09:10:58 | DEBUG | trading.strategy2_signal_filter:check:928 | S2 skip: RR below minimum | {'symbol': 'PIEVERSEUSDT', 'rr': 0.61, 'min_rr': 0.7, 'sl_dist_pct': 1.467, 'tp1_dist_pct': 0.9}
2026-07-26 09:10:58 | INFO | trading.strategy2_signal_filter:check:681 | S2 market phase | {'symbol': 'PIEVERSEUSDT', 'phase': 'drop_tradeable', 'note': 'drop_tradeable:bq=0.66'}
2026-07-26 09:10:58 | DEBUG | trading.strategy2_signal_filter:check:928 | S2 skip: RR below minimum | {'symbol': 'PIEVERSEUSDT', 'rr': 0.61, 'min_rr': 0.7, 'sl_dist_pct': 1.487, 'tp1_dist_pct': 0.9}
2026-07-26 09:10:58 | DEBUG | trading.strategy5_continuation:_scan_symbol:379 | S5 skip: recent loss on symbol | {'symbol': 'EULUSDT', 'hours_since_loss': 11.1}
2026-07-26 09:11:03 | INFO | trading.strategy2_signal_filter:check:681 | S2 market phase | {'symbol': 'PIEVERSEUSDT', 'phase': 'drop_tradeable', 'note': 'drop_tradeable:bq=0.66'}
2026-07-26 09:11:03 | DEBUG | trading.strategy2_signal_filter:check:928 | S2 skip: RR below minimum | {'symbol': 'PIEVERSEUSDT', 'rr': 0.61, 'min_rr': 0.7, 'sl_dist_pct': 1.487, 'tp1_dist_pct': 0.9}
2026-07-26 09:11:03 | DEBUG | trading.strategy5_continuation:_scan_symbol:379 | S5 skip: recent loss on symbol | {'symbol': 'EULUSDT', 'hours_since_loss': 11.1}
2026-07-26 09:11:08 | INFO | trading.strategy2_signal_filter:check:681 | S2 market phase | {'symbol': 'PIEVERSEUSDT', 'phase': 'drop_tradeable', 'note': 'drop_tradeable:bq=0.66'}
2026-07-26 09:11:08 | DEBUG | trading.strategy2_signal_filter:check:928 | S2 skip: RR below minimum | {'symbol': 'PIEVERSEUSDT', 'rr': 0.61, 'min_rr': 0.7, 'sl_dist_pct': 1.487, 'tp1_dist_pct': 0.9}
2026-07-26 09:11:08 | DEBUG | trading.strategy5_continuation:_scan_symbol:379 | S5 skip: recent loss on symbol | {'symbol': 'EULUSDT', 'hours_since_loss': 11.1}
2026-07-26 09:11:13 | INFO | trading.strategy2_signal_filter:check:681 | S2 market phase | {'symbol': 'PIEVERSEUSDT', 'phase': 'drop_tradeable', 'note': 'drop_tradeable:bq=0.66'}
2026-07-26 09:11:13 | DEBUG | trading.strategy2_signal_filter:check:928 | S2 skip: RR below minimum | {'symbol': 'PIEVERSEUSDT', 'rr': 0.62, 'min_rr': 0.7, 'sl_dist_pct': 1.446, 'tp1_dist_pct': 0.9}
2026-07-26 09:11:13 | INFO | trading.strategy2_signal_filter:check:681 | S2 market phase | {'symbol': 'PIEVERSEUSDT', 'phase': 'drop_tradeable', 'note': 'drop_tradeable:bq=0.66'}
2026-07-26 09:11:13 | DEBUG | trading.strategy2_signal_filter:check:928 | S2 skip: RR below minimum | {'symbol': 'PIEVERSEUSDT', 'rr': 0.61, 'min_rr': 0.7, 'sl_dist_pct': 1.487, 'tp1_dist_pct': 0.9}
2026-07-26 09:11:13 | DEBUG | trading.strategy5_continuation:_scan_symbol:379 | S5 skip: recent loss on symbol | {'symbol': 'EULUSDT', 'hours_since_loss': 11.1}
2026-07-26 09:11:18 | DEBUG | trading.strategy5_continuation:_scan_symbol:379 | S5 skip: recent loss on symbol | {'symbol': 'EULUSDT', 'hours_since_loss': 11.1}
2026-07-26 09:11:24 | DEBUG | trading.strategy5_continuation:_scan_symbol:379 | S5 skip: recent loss on symbol | {'symbol': 'EULUSDT', 'hours_since_loss': 11.1}
2026-07-26 09:11:29 | INFO | trading.strategy2_signal_filter:check:681 | S2 market phase | {'symbol': 'PIEVERSEUSDT', 'phase': 'drop_tradeable', 'note': 'drop_tradeable:bq=0.66'}
2026-07-26 09:11:29 | DEBUG | trading.strategy2_signal_filter:check:928 | S2 skip: RR below minimum | {'symbol': 'PIEVERSEUSDT', 'rr': 0.5, 'min_rr': 0.7, 'sl_dist_pct': 1.251, 'tp1_dist_pct': 0.621}
2026-07-26 09:11:29 | DEBUG | trading.strategy5_continuation:_scan_symbol:379 | S5 skip: recent loss on symbol | {'symbol': 'EULUSDT', 'hours_since_loss': 11.1}
2026-07-26 09:11:34 | DEBUG | trading.strategy5_continuation:_scan_symbol:379 | S5 skip: recent loss on symbol | {'symbol': 'EULUSDT', 'hours_since_loss': 11.1}
2026-07-26 09:11:39 | DEBUG | trading.strategy5_continuation:_scan_symbol:379 | S5 skip: recent loss on symbol | {'symbol': 'EULUSDT', 'hours_since_loss': 11.1}
2026-07-26 09:11:44 | INFO | trading.strategy2_signal_filter:check:681 | S2 market phase | {'symbol': 'PIEVERSEUSDT', 'phase': 'drop_tradeable', 'note': 'drop_tradeable:bq=0.66'}
2026-07-26 09:11:44 | DEBUG | trading.strategy2_signal_filter:check:928 | S2 skip: RR below minimum | {'symbol': 'PIEVERSEUSDT', 'rr': 0.5, 'min_rr': 0.7, 'sl_dist_pct': 1.251, 'tp1_dist_pct': 0.621}
2026-07-26 09:11:44 | DEBUG | trading.strategy5_continuation:_scan_symbol:379 | S5 skip: recent loss on symbol | {'symbol': 'EULUSDT', 'hours_since_loss': 11.1}
2026-07-26 09:11:49 | DEBUG | trading.strategy5_continuation:_scan_symbol:379 | S5 skip: recent loss on symbol | {'symbol': 'EULUSDT', 'hours_since_loss': 11.1}
2026-07-26 09:11:55 | DEBUG | trading.strategy5_continuation:_scan_symbol:379 | S5 skip: recent loss on symbol | {'symbol': 'EULUSDT', 'hours_since_loss': 11.1}
2026-07-26 09:12:00 | INFO | trading.strategy2_signal_filter:check:681 | S2 market phase | {'symbol': 'PIEVERSEUSDT', 'phase': 'drop_tradeable', 'note': 'drop_tradeable:bq=0.66'}
2026-07-26 09:12:00 | DEBUG | trading.strategy2_signal_filter:check:928 | S2 skip: RR below minimum | {'symbol': 'PIEVERSEUSDT', 'rr': 0.5, 'min_rr': 0.7, 'sl_dist_pct': 1.251, 'tp1_dist_pct': 0.621}
2026-07-26 09:12:00 | DEBUG | trading.strategy5_continuation:_scan_symbol:379 | S5 skip: recent loss on symbol | {'symbol': 'EULUSDT', 'hours_since_loss': 11.1}
2026-07-26 09:12:05 | DEBUG | trading.strategy5_continuation:_scan_symbol:379 | S5 skip: recent loss on symbol | {'symbol': 'EULUSDT', 'hours_since_loss': 11.1}
2026-07-26 09:12:10 | DEBUG | trading.strategy5_continuation:_scan_symbol:379 | S5 skip: recent loss on symbol | {'symbol': 'EULUSDT', 'hours_since_loss': 11.1}
2026-07-26 09:12:15 | INFO | trading.strategy2_signal_filter:check:681 | S2 market phase | {'symbol': 'PIEVERSEUSDT', 'phase': 'drop_tradeable', 'note': 'drop_tradeable:bq=0.66'}
2026-07-26 09:12:15 | DEBUG | trading.strategy2_signal_filter:check:928 | S2 skip: RR below minimum | {'symbol': 'PIEVERSEUSDT', 'rr': 0.5, 'min_rr': 0.7, 'sl_dist_pct': 1.251, 'tp1_dist_pct': 0.621}
2026-07-26 09:12:15 | DEBUG | trading.strategy5_continuation:_scan_symbol:379 | S5 skip: recent loss on symbol | {'symbol': 'EULUSDT', 'hours_since_loss': 11.1}
2026-07-26 09:12:20 | DEBUG | trading.strategy5_continuation:_scan_symbol:379 | S5 skip: recent loss on symbol | {'symbol': 'EULUSDT', 'hours_since_loss': 11.1}
2026-07-26 09:12:26 | DEBUG | trading.strategy5_continuation:_scan_symbol:379 | S5 skip: recent loss on symbol | {'symbol': 'EULUSDT', 'hours_since_loss': 11.1}
2026-07-26 09:12:31 | DEBUG | trading.strategy5_continuation:_scan_symbol:379 | S5 skip: recent loss on symbol | {'symbol': 'EULUSDT', 'hours_since_loss': 11.2}
2026-07-26 09:12:36 | DEBUG | trading.strategy5_continuation:_scan_symbol:379 | S5 skip: recent loss on symbol | {'symbol': 'EULUSDT', 'hours_since_loss': 11.2}
2026-07-26 09:12:41 | DEBUG | trading.strategy5_continuation:_scan_symbol:379 | S5 skip: recent loss on symbol | {'symbol': 'EULUSDT', 'hours_since_loss': 11.2}
2026-07-26 09:12:46 | DEBUG | trading.strategy5_continuation:_scan_symbol:379 | S5 skip: recent loss on symbol | {'symbol': 'EULUSDT', 'hours_since_loss': 11.2}
2026-07-26 09:12:52 | DEBUG | trading.strategy5_continuation:_scan_symbol:379 | S5 skip: recent loss on symbol | {'symbol': 'EULUSDT', 'hours_since_loss': 11.2}
2026-07-26 09:12:57 | DEBUG | trading.strategy5_continuation:_scan_symbol:379 | S5 skip: recent loss on symbol | {'symbol': 'EULUSDT', 'hours_since_loss': 11.2}
2026-07-26 09:13:02 | DEBUG | trading.strategy5_continuation:_scan_symbol:379 | S5 skip: recent loss on symbol | {'symbol': 'EULUSDT', 'hours_since_loss': 11.2}
2026-07-26 09:13:07 | INFO | trading.strategy2_signal_filter:check:681 | S2 market phase | {'symbol': 'PIEVERSEUSDT', 'phase': 'drop_tradeable', 'note': 'drop_tradeable:bq=0.66'}
2026-07-26 09:13:07 | DEBUG | trading.strategy2_signal_filter:check:928 | S2 skip: RR below minimum | {'symbol': 'PIEVERSEUSDT', 'rr': 0.55, 'min_rr': 0.7, 'sl_dist_pct': 1.434, 'tp1_dist_pct': 0.788}
2026-07-26 09:13:07 | DEBUG | trading.strategy5_continuation:_scan_symbol:379 | S5 skip: recent loss on symbol | {'symbol': 'EULUSDT', 'hours_since_loss': 11.2}
2026-07-26 09:13:12 | DEBUG | trading.strategy5_continuation:_scan_symbol:379 | S5 skip: recent loss on symbol | {'symbol': 'EULUSDT', 'hours_since_loss': 11.2}
2026-07-26 09:13:18 | DEBUG | trading.strategy5_continuation:_scan_symbol:379 | S5 skip: recent loss on symbol | {'symbol': 'EULUSDT', 'hours_since_loss': 11.2}
2026-07-26 09:13:23 | DEBUG | trading.strategy5_continuation:_scan_symbol:379 | S5 skip: recent loss on symbol | {'symbol': 'EULUSDT', 'hours_since_loss': 11.2}
2026-07-26 09:13:28 | INFO | trading.strategy2_signal_filter:check:681 | S2 market phase | {'symbol': 'PIEVERSEUSDT', 'phase': 'drop_tradeable', 'note': 'drop_tradeable:bq=0.66'}
2026-07-26 09:13:28 | DEBUG | trading.strategy2_signal_filter:check:928 | S2 skip: RR below minimum | {'symbol': 'PIEVERSEUSDT', 'rr': 0.55, 'min_rr': 0.7, 'sl_dist_pct': 1.431, 'tp1_dist_pct': 0.788}
2026-07-26 09:13:28 | DEBUG | trading.strategy1_bounce:_try_open:48 | S1 skip: pump_base level | {'symbol': 'PIEVERSEUSDT', 'level_type': 'pump_base'}
2026-07-26 09:13:28 | DEBUG | trading.strategy5_continuation:_scan_symbol:379 | S5 skip: recent loss on symbol | {'symbol': 'EULUSDT', 'hours_since_loss': 11.2}
2026-07-26 09:13:33 | DEBUG | trading.strategy5_continuation:_scan_symbol:379 | S5 skip: recent loss on symbol | {'symbol': 'EULUSDT', 'hours_since_loss': 11.2}
2026-07-26 09:13:38 | DEBUG | trading.strategy5_continuation:_scan_symbol:379 | S5 skip: recent loss on symbol | {'symbol': 'EULUSDT', 'hours_since_loss': 11.2}
2026-07-26 09:13:43 | DEBUG | trading.strategy5_continuation:_scan_symbol:379 | S5 skip: recent loss on symbol | {'symbol': 'EULUSDT', 'hours_since_loss': 11.2}
2026-07-26 09:13:49 | DEBUG | trading.strategy5_continuation:_scan_symbol:379 | S5 skip: recent loss on symbol | {'symbol': 'EULUSDT', 'hours_since_loss': 11.2}
2026-07-26 09:13:54 | DEBUG | trading.strategy5_continuation:_scan_symbol:379 | S5 skip: recent loss on symbol | {'symbol': 'EULUSDT', 'hours_since_loss': 11.2}
2026-07-26 09:13:59 | DEBUG | trading.strategy5_continuation:_scan_symbol:379 | S5 skip: recent loss on symbol | {'symbol': 'EULUSDT', 'hours_since_loss': 11.2}
2026-07-26 09:14:04 | DEBUG | trading.strategy5_continuation:_scan_symbol:379 | S5 skip: recent loss on symbol | {'symbol': 'EULUSDT', 'hours_since_loss': 11.2}
2026-07-26 09:14:09 | DEBUG | trading.strategy5_continuation:_scan_symbol:379 | S5 skip: recent loss on symbol | {'symbol': 'EULUSDT', 'hours_since_loss': 11.2}
2026-07-26 09:14:15 | DEBUG | trading.strategy5_continuation:_scan_symbol:379 | S5 skip: recent loss on symbol | {'symbol': 'EULUSDT', 'hours_since_loss': 11.2}
2026-07-26 09:14:20 | DEBUG | trading.strategy5_continuation:_scan_symbol:379 | S5 skip: recent loss on symbol | {'symbol': 'EULUSDT', 'hours_since_loss': 11.2}
2026-07-26 09:14:25 | DEBUG | trading.strategy5_continuation:_scan_symbol:379 | S5 skip: recent loss on symbol | {'symbol': 'EULUSDT', 'hours_since_loss': 11.2}
2026-07-26 09:14:30 | DEBUG | trading.strategy5_continuation:_scan_symbol:379 | S5 skip: recent loss on symbol | {'symbol': 'EULUSDT', 'hours_since_loss': 11.2}
2026-07-26 09:14:35 | DEBUG | trading.strategy5_continuation:_scan_symbol:379 | S5 skip: recent loss on symbol | {'symbol': 'EULUSDT', 'hours_since_loss': 11.2}
2026-07-26 09:14:40 | DEBUG | trading.strategy5_continuation:_scan_symbol:379 | S5 skip: recent loss on symbol | {'symbol': 'EULUSDT', 'hours_since_loss': 11.2}
2026-07-26 09:14:46 | DEBUG | trading.strategy5_continuation:_scan_symbol:379 | S5 skip: recent loss on symbol | {'symbol': 'EULUSDT', 'hours_since_loss': 11.2}
2026-07-26 09:14:51 | DEBUG | trading.strategy5_continuation:_scan_symbol:379 | S5 skip: recent loss on symbol | {'symbol': 'EULUSDT', 'hours_since_loss': 11.2}
2026-07-26 09:14:56 | DEBUG | trading.strategy5_continuation:_scan_symbol:379 | S5 skip: recent loss on symbol | {'symbol': 'EULUSDT', 'hours_since_loss': 11.2}
2026-07-26 09:15:01 | DEBUG | trading.strategy5_continuation:_scan_symbol:379 | S5 skip: recent loss on symbol | {'symbol': 'EULUSDT', 'hours_since_loss': 11.2}
2026-07-26 09:15:06 | DEBUG | trading.strategy5_continuation:_scan_symbol:379 | S5 skip: recent loss on symbol | {'symbol': 'EULUSDT', 'hours_since_loss': 11.2}
2026-07-26 09:15:12 | DEBUG | trading.strategy5_continuation:_scan_symbol:379 | S5 skip: recent loss on symbol | {'symbol': 'EULUSDT', 'hours_since_loss': 11.2}
2026-07-26 09:15:17 | DEBUG | trading.strategy5_continuation:_scan_symbol:379 | S5 skip: recent loss on symbol | {'symbol': 'EULUSDT', 'hours_since_loss': 11.2}
2026-07-26 09:15:22 | DEBUG | trading.strategy5_continuation:_scan_symbol:379 | S5 skip: recent loss on symbol | {'symbol': 'EULUSDT', 'hours_since_loss': 11.2}
2026-07-26 09:15:27 | DEBUG | trading.strategy5_continuation:_scan_symbol:379 | S5 skip: recent loss on symbol | {'symbol': 'EULUSDT', 'hours_since_loss': 11.2}
2026-07-26 09:15:32 | DEBUG | trading.strategy5_continuation:_scan_symbol:379 | S5 skip: recent loss on symbol | {'symbol': 'EULUSDT', 'hours_since_loss': 11.2}
2026-07-26 09:15:37 | DEBUG | trading.strategy5_continuation:_scan_symbol:379 | S5 skip: recent loss on symbol | {'symbol': 'EULUSDT', 'hours_since_loss': 11.2}
2026-07-26 09:15:43 | DEBUG | trading.strategy5_continuation:_scan_symbol:379 | S5 skip: recent loss on symbol | {'symbol': 'EULUSDT', 'hours_since_loss': 11.2}
2026-07-26 09:15:48 | DEBUG | trading.strategy5_continuation:_scan_symbol:379 | S5 skip: recent loss on symbol | {'symbol': 'EULUSDT', 'hours_since_loss': 11.2}
2026-07-26 09:15:53 | DEBUG | trading.strategy5_continuation:_scan_symbol:379 | S5 skip: recent loss on symbol | {'symbol': 'EULUSDT', 'hours_since_loss': 11.2}
2026-07-26 09:15:58 | DEBUG | trading.strategy5_continuation:_scan_symbol:379 | S5 skip: recent loss on symbol | {'symbol': 'EULUSDT', 'hours_since_loss': 11.2}
2026-07-26 09:16:03 | DEBUG | trading.strategy5_continuation:_scan_symbol:379 | S5 skip: recent loss on symbol | {'symbol': 'EULUSDT', 'hours_since_loss': 11.2}
2026-07-26 09:16:09 | DEBUG | trading.strategy5_continuation:_scan_symbol:379 | S5 skip: recent loss on symbol | {'symbol': 'EULUSDT', 'hours_since_loss': 11.2}
2026-07-26 09:16:14 | DEBUG | trading.strategy5_continuation:_scan_symbol:379 | S5 skip: recent loss on symbol | {'symbol': 'EULUSDT', 'hours_since_loss': 11.2}
2026-07-26 09:16:19 | DEBUG | trading.strategy5_continuation:_scan_symbol:379 | S5 skip: recent loss on symbol | {'symbol': 'EULUSDT', 'hours_since_loss': 11.2}
2026-07-26 09:16:24 | DEBUG | trading.strategy5_continuation:_scan_symbol:379 | S5 skip: recent loss on symbol | {'symbol': 'EULUSDT', 'hours_since_loss': 11.2}
2026-07-26 09:16:29 | DEBUG | trading.strategy5_continuation:_scan_symbol:379 | S5 skip: recent loss on symbol | {'symbol': 'EULUSDT', 'hours_since_loss': 11.2}
2026-07-26 09:16:34 | DEBUG | trading.strategy5_continuation:_scan_symbol:379 | S5 skip: recent loss on symbol | {'symbol': 'EULUSDT', 'hours_since_loss': 11.2}
2026-07-26 09:16:40 | DEBUG | trading.strategy5_continuation:_scan_symbol:379 | S5 skip: recent loss on symbol | {'symbol': 'EULUSDT', 'hours_since_loss': 11.2}
2026-07-26 09:16:45 | DEBUG | trading.strategy5_continuation:_scan_symbol:379 | S5 skip: recent loss on symbol | {'symbol': 'EULUSDT', 'hours_since_loss': 11.2}
2026-07-26 09:16:50 | DEBUG | trading.strategy5_continuation:_scan_symbol:379 | S5 skip: recent loss on symbol | {'symbol': 'EULUSDT', 'hours_since_loss': 11.2}
2026-07-26 09:16:55 | DEBUG | trading.strategy5_continuation:_scan_symbol:379 | S5 skip: recent loss on symbol | {'symbol': 'EULUSDT', 'hours_since_loss': 11.2}
2026-07-26 09:17:00 | DEBUG | trading.strategy5_continuation:_scan_symbol:379 | S5 skip: recent loss on symbol | {'symbol': 'EULUSDT', 'hours_since_loss': 11.2}
2026-07-26 09:17:06 | DEBUG | trading.strategy5_continuation:_scan_symbol:379 | S5 skip: recent loss on symbol | {'symbol': 'EULUSDT', 'hours_since_loss': 11.2}
2026-07-26 09:17:11 | DEBUG | trading.strategy5_continuation:_scan_symbol:379 | S5 skip: recent loss on symbol | {'symbol': 'EULUSDT', 'hours_since_loss': 11.2}
2026-07-26 09:17:16 | DEBUG | trading.strategy5_continuation:_scan_symbol:379 | S5 skip: recent loss on symbol | {'symbol': 'EULUSDT', 'hours_since_loss': 11.2}
2026-07-26 09:17:21 | DEBUG | trading.strategy5_continuation:_scan_symbol:379 | S5 skip: recent loss on symbol | {'symbol': 'EULUSDT', 'hours_since_loss': 11.2}
2026-07-26 09:17:26 | DEBUG | trading.strategy5_continuation:_scan_symbol:379 | S5 skip: recent loss on symbol | {'symbol': 'EULUSDT', 'hours_since_loss': 11.2}
2026-07-26 09:17:31 | DEBUG | trading.strategy5_continuation:_scan_symbol:379 | S5 skip: recent loss on symbol | {'symbol': 'EULUSDT', 'hours_since_loss': 11.2}
2026-07-26 09:17:37 | DEBUG | trading.strategy5_continuation:_scan_symbol:379 | S5 skip: recent loss on symbol | {'symbol': 'EULUSDT', 'hours_since_loss': 11.2}
2026-07-26 09:17:42 | DEBUG | trading.strategy5_continuation:_scan_symbol:379 | S5 skip: recent loss on symbol | {'symbol': 'EULUSDT', 'hours_since_loss': 11.2}
2026-07-26 09:17:47 | DEBUG | trading.strategy5_continuation:_scan_symbol:379 | S5 skip: recent loss on symbol | {'symbol': 'EULUSDT', 'hours_since_loss': 11.2}
2026-07-26 09:17:52 | DEBUG | trading.strategy5_continuation:_scan_symbol:379 | S5 skip: recent loss on symbol | {'symbol': 'EULUSDT', 'hours_since_loss': 11.2}
2026-07-26 09:17:57 | DEBUG | trading.strategy5_continuation:_scan_symbol:379 | S5 skip: recent loss on symbol | {'symbol': 'EULUSDT', 'hours_since_loss': 11.2}
2026-07-26 09:18:03 | DEBUG | trading.strategy5_continuation:_scan_symbol:379 | S5 skip: recent loss on symbol | {'symbol': 'EULUSDT', 'hours_since_loss': 11.2}
2026-07-26 09:18:08 | DEBUG | trading.strategy5_continuation:_scan_symbol:379 | S5 skip: recent loss on symbol | {'symbol': 'EULUSDT', 'hours_since_loss': 11.2}
2026-07-26 09:18:13 | DEBUG | trading.strategy5_continuation:_scan_symbol:379 | S5 skip: recent loss on symbol | {'symbol': 'EULUSDT', 'hours_since_loss': 11.2}
2026-07-26 09:18:18 | DEBUG | trading.strategy5_continuation:_scan_symbol:379 | S5 skip: recent loss on symbol | {'symbol': 'EULUSDT', 'hours_since_loss': 11.2}
2026-07-26 09:18:23 | DEBUG | trading.strategy5_continuation:_scan_symbol:379 | S5 skip: recent loss on symbol | {'symbol': 'EULUSDT', 'hours_since_loss': 11.2}
2026-07-26 09:18:28 | DEBUG | trading.strategy5_continuation:_scan_symbol:379 | S5 skip: recent loss on symbol | {'symbol': 'EULUSDT', 'hours_since_loss': 11.3}
2026-07-26 09:18:34 | DEBUG | trading.strategy5_continuation:_scan_symbol:379 | S5 skip: recent loss on symbol | {'symbol': 'EULUSDT', 'hours_since_loss': 11.3}
2026-07-26 09:18:39 | DEBUG | trading.strategy5_continuation:_scan_symbol:379 | S5 skip: recent loss on symbol | {'symbol': 'EULUSDT', 'hours_since_loss': 11.3}
2026-07-26 09:18:44 | DEBUG | trading.strategy5_continuation:_scan_symbol:379 | S5 skip: recent loss on symbol | {'symbol': 'EULUSDT', 'hours_since_loss': 11.3}
2026-07-26 09:18:49 | DEBUG | trading.strategy5_continuation:_scan_symbol:379 | S5 skip: recent loss on symbol | {'symbol': 'EULUSDT', 'hours_since_loss': 11.3}
2026-07-26 09:18:54 | DEBUG | trading.strategy5_continuation:_scan_symbol:379 | S5 skip: recent loss on symbol | {'symbol': 'EULUSDT', 'hours_since_loss': 11.3}
2026-07-26 09:18:59 | DEBUG | trading.strategy5_continuation:_scan_symbol:379 | S5 skip: recent loss on symbol | {'symbol': 'EULUSDT', 'hours_since_loss': 11.3}
2026-07-26 09:19:05 | DEBUG | trading.strategy5_continuation:_scan_symbol:379 | S5 skip: recent loss on symbol | {'symbol': 'EULUSDT', 'hours_since_loss': 11.3}
2026-07-26 09:19:10 | DEBUG | trading.strategy5_continuation:_scan_symbol:379 | S5 skip: recent loss on symbol | {'symbol': 'EULUSDT', 'hours_since_loss': 11.3}
2026-07-26 09:19:15 | DEBUG | trading.strategy5_continuation:_scan_symbol:379 | S5 skip: recent loss on symbol | {'symbol': 'EULUSDT', 'hours_since_loss': 11.3}
2026-07-26 09:19:20 | DEBUG | trading.strategy5_continuation:_scan_symbol:379 | S5 skip: recent loss on symbol | {'symbol': 'EULUSDT', 'hours_since_loss': 11.3}
2026-07-26 09:19:25 | DEBUG | trading.strategy5_continuation:_scan_symbol:379 | S5 skip: recent loss on symbol | {'symbol': 'EULUSDT', 'hours_since_loss': 11.3}
2026-07-26 09:19:31 | DEBUG | trading.strategy5_continuation:_scan_symbol:379 | S5 skip: recent loss on symbol | {'symbol': 'EULUSDT', 'hours_since_loss': 11.3}
2026-07-26 09:19:36 | DEBUG | trading.strategy5_continuation:_scan_symbol:379 | S5 skip: recent loss on symbol | {'symbol': 'EULUSDT', 'hours_since_loss': 11.3}
2026-07-26 09:19:41 | DEBUG | trading.strategy5_continuation:_scan_symbol:379 | S5 skip: recent loss on symbol | {'symbol': 'EULUSDT', 'hours_since_loss': 11.3}
2026-07-26 09:19:46 | DEBUG | trading.strategy5_continuation:_scan_symbol:379 | S5 skip: recent loss on symbol | {'symbol': 'EULUSDT', 'hours_since_loss': 11.3}
2026-07-26 09:19:51 | DEBUG | trading.strategy5_continuation:_scan_symbol:379 | S5 skip: recent loss on symbol | {'symbol': 'EULUSDT', 'hours_since_loss': 11.3}
2026-07-26 09:19:56 | DEBUG | trading.strategy5_continuation:_scan_symbol:379 | S5 skip: recent loss on symbol | {'symbol': 'EULUSDT', 'hours_since_loss': 11.3}
2026-07-26 09:20:02 | DEBUG | trading.strategy5_continuation:_scan_symbol:379 | S5 skip: recent loss on symbol | {'symbol': 'EULUSDT', 'hours_since_loss': 11.3}
2026-07-26 09:20:07 | DEBUG | trading.strategy5_continuation:_scan_symbol:379 | S5 skip: recent loss on symbol | {'symbol': 'EULUSDT', 'hours_since_loss': 11.3}
2026-07-26 09:20:12 | DEBUG | trading.strategy5_continuation:_scan_symbol:379 | S5 skip: recent loss on symbol | {'symbol': 'EULUSDT', 'hours_since_loss': 11.3}
2026-07-26 09:20:17 | DEBUG | trading.strategy5_continuation:_scan_symbol:379 | S5 skip: recent loss on symbol | {'symbol': 'EULUSDT', 'hours_since_loss': 11.3}
2026-07-26 09:20:22 | DEBUG | trading.strategy5_continuation:_scan_symbol:379 | S5 skip: recent loss on symbol | {'symbol': 'EULUSDT', 'hours_since_loss': 11.3}
2026-07-26 09:20:28 | DEBUG | trading.strategy5_continuation:_scan_symbol:379 | S5 skip: recent loss on symbol | {'symbol': 'EULUSDT', 'hours_since_loss': 11.3}
2026-07-26 09:20:33 | DEBUG | trading.strategy5_continuation:_scan_symbol:379 | S5 skip: recent loss on symbol | {'symbol': 'EULUSDT', 'hours_since_loss': 11.3}
2026-07-26 09:20:38 | DEBUG | trading.strategy5_continuation:_scan_symbol:379 | S5 skip: recent loss on symbol | {'symbol': 'EULUSDT', 'hours_since_loss': 11.3}
2026-07-26 09:20:43 | DEBUG | trading.strategy5_continuation:_scan_symbol:379 | S5 skip: recent loss on symbol | {'symbol': 'EULUSDT', 'hours_since_loss': 11.3}
2026-07-26 09:20:48 | DEBUG | trading.strategy5_continuation:_scan_symbol:379 | S5 skip: recent loss on symbol | {'symbol': 'EULUSDT', 'hours_since_loss': 11.3}
2026-07-26 09:20:53 | DEBUG | trading.strategy5_continuation:_scan_symbol:379 | S5 skip: recent loss on symbol | {'symbol': 'EULUSDT', 'hours_since_loss': 11.3}
2026-07-26 09:20:59 | DEBUG | trading.strategy5_continuation:_scan_symbol:379 | S5 skip: recent loss on symbol | {'symbol': 'EULUSDT', 'hours_since_loss': 11.3}
2026-07-26 09:21:04 | DEBUG | trading.strategy5_continuation:_scan_symbol:379 | S5 skip: recent loss on symbol | {'symbol': 'EULUSDT', 'hours_since_loss': 11.3}
2026-07-26 09:21:09 | DEBUG | trading.strategy5_continuation:_scan_symbol:379 | S5 skip: recent loss on symbol | {'symbol': 'EULUSDT', 'hours_since_loss': 11.3}
2026-07-26 09:21:14 | DEBUG | trading.strategy5_continuation:_scan_symbol:379 | S5 skip: recent loss on symbol | {'symbol': 'EULUSDT', 'hours_since_loss': 11.3}
2026-07-26 09:21:19 | DEBUG | trading.strategy5_continuation:_scan_symbol:379 | S5 skip: recent loss on symbol | {'symbol': 'EULUSDT', 'hours_since_loss': 11.3}
2026-07-26 09:21:24 | DEBUG | trading.strategy5_continuation:_scan_symbol:379 | S5 skip: recent loss on symbol | {'symbol': 'EULUSDT', 'hours_since_loss': 11.3}
2026-07-26 09:21:30 | DEBUG | trading.strategy5_continuation:_scan_symbol:379 | S5 skip: recent loss on symbol | {'symbol': 'EULUSDT', 'hours_since_loss': 11.3}
2026-07-26 09:21:35 | DEBUG | trading.strategy5_continuation:_scan_symbol:379 | S5 skip: recent loss on symbol | {'symbol': 'EULUSDT', 'hours_since_loss': 11.3}
2026-07-26 09:21:40 | DEBUG | trading.strategy5_continuation:_scan_symbol:379 | S5 skip: recent loss on symbol | {'symbol': 'EULUSDT', 'hours_since_loss': 11.3}
2026-07-26 09:21:45 | DEBUG | trading.strategy5_continuation:_scan_symbol:379 | S5 skip: recent loss on symbol | {'symbol': 'EULUSDT', 'hours_since_loss': 11.3}
2026-07-26 09:21:50 | DEBUG | trading.strategy5_continuation:_scan_symbol:379 | S5 skip: recent loss on symbol | {'symbol': 'EULUSDT', 'hours_since_loss': 11.3}
2026-07-26 09:21:56 | DEBUG | trading.strategy5_continuation:_scan_symbol:379 | S5 skip: recent loss on symbol | {'symbol': 'EULUSDT', 'hours_since_loss': 11.3}
2026-07-26 09:22:01 | DEBUG | trading.strategy5_continuation:_scan_symbol:379 | S5 skip: recent loss on symbol | {'symbol': 'EULUSDT', 'hours_since_loss': 11.3}
2026-07-26 09:22:06 | DEBUG | trading.strategy5_continuation:_scan_symbol:379 | S5 skip: recent loss on symbol | {'symbol': 'EULUSDT', 'hours_since_loss': 11.3}
2026-07-26 09:22:11 | DEBUG | trading.strategy5_continuation:_scan_symbol:379 | S5 skip: recent loss on symbol | {'symbol': 'EULUSDT', 'hours_since_loss': 11.3}
2026-07-26 09:22:16 | DEBUG | trading.strategy5_continuation:_scan_symbol:379 | S5 skip: recent loss on symbol | {'symbol': 'EULUSDT', 'hours_since_loss': 11.3}
2026-07-26 09:22:22 | DEBUG | trading.strategy5_continuation:_scan_symbol:379 | S5 skip: recent loss on symbol | {'symbol': 'EULUSDT', 'hours_since_loss': 11.3}
2026-07-26 09:22:27 | DEBUG | trading.strategy5_continuation:_scan_symbol:379 | S5 skip: recent loss on symbol | {'symbol': 'EULUSDT', 'hours_since_loss': 11.3}
2026-07-26 09:22:32 | INFO | trading.strategy2_signal_filter:check:533 | S2 skip: approach>=block (G3, level exhausted) | {'symbol': 'DIAUSDT', 'level': 0.1372, 'approach_count': 19, 'block_threshold': 4}
2026-07-26 09:22:32 | INFO | trading.strategy2_signal_filter:check:545 | S2: level marked dead, monitor will stop sending proximity | {'symbol': 'DIAUSDT', 'level': 0.1372, 'approach_count': 19}
2026-07-26 09:22:32 | INFO | trading.strategy2_signal_filter:check:533 | S2 skip: approach>=block (G3, level exhausted) | {'symbol': 'DIAUSDT', 'level': 0.1372, 'approach_count': 19, 'block_threshold': 4}
2026-07-26 09:22:32 | DEBUG | trading.strategy5_continuation:_scan_symbol:379 | S5 skip: recent loss on symbol | {'symbol': 'EULUSDT', 'hours_since_loss': 11.3}
2026-07-26 09:22:37 | DEBUG | trading.strategy5_continuation:_scan_symbol:379 | S5 skip: recent loss on symbol | {'symbol': 'EULUSDT', 'hours_since_loss': 11.3}
2026-07-26 09:22:42 | DEBUG | trading.strategy5_continuation:_scan_symbol:379 | S5 skip: recent loss on symbol | {'symbol': 'EULUSDT', 'hours_since_loss': 11.3}
2026-07-26 09:22:47 | INFO | trading.strategy2_signal_filter:check:533 | S2 skip: approach>=block (G3, level exhausted) | {'symbol': 'DIAUSDT', 'level': 0.1372, 'approach_count': 19, 'block_threshold': 4}
2026-07-26 09:22:47 | DEBUG | trading.strategy5_continuation:_scan_symbol:379 | S5 skip: recent loss on symbol | {'symbol': 'EULUSDT', 'hours_since_loss': 11.3}
2026-07-26 09:22:52 | DEBUG | trading.strategy5_continuation:_scan_symbol:379 | S5 skip: recent loss on symbol | {'symbol': 'EULUSDT', 'hours_since_loss': 11.3}
2026-07-26 09:22:58 | DEBUG | trading.strategy5_continuation:_scan_symbol:379 | S5 skip: recent loss on symbol | {'symbol': 'EULUSDT', 'hours_since_loss': 11.3}
2026-07-26 09:23:03 | INFO | trading.strategy2_signal_filter:check:533 | S2 skip: approach>=block (G3, level exhausted) | {'symbol': 'DIAUSDT', 'level': 0.1372, 'approach_count': 19, 'block_threshold': 4}
2026-07-26 09:23:03 | DEBUG | trading.strategy5_continuation:_scan_symbol:379 | S5 skip: recent loss on symbol | {'symbol': 'EULUSDT', 'hours_since_loss': 11.3}
2026-07-26 09:23:08 | DEBUG | trading.strategy5_continuation:_scan_symbol:379 | S5 skip: recent loss on symbol | {'symbol': 'EULUSDT', 'hours_since_loss': 11.3}
2026-07-26 09:23:13 | DEBUG | trading.strategy5_continuation:_scan_symbol:379 | S5 skip: recent loss on symbol | {'symbol': 'EULUSDT', 'hours_since_loss': 11.3}
2026-07-26 09:23:18 | INFO | trading.strategy2_signal_filter:check:533 | S2 skip: approach>=block (G3, level exhausted) | {'symbol': 'DIAUSDT', 'level': 0.1372, 'approach_count': 19, 'block_threshold': 4}
2026-07-26 09:23:18 | DEBUG | trading.strategy5_continuation:_scan_symbol:379 | S5 skip: recent loss on symbol | {'symbol': 'EULUSDT', 'hours_since_loss': 11.3}
2026-07-26 09:23:24 | DEBUG | trading.strategy5_continuation:_scan_symbol:379 | S5 skip: recent loss on symbol | {'symbol': 'EULUSDT', 'hours_since_loss': 11.3}
2026-07-26 09:23:29 | DEBUG | trading.strategy5_continuation:_scan_symbol:379 | S5 skip: recent loss on symbol | {'symbol': 'EULUSDT', 'hours_since_loss': 11.3}
2026-07-26 09:23:34 | INFO | trading.strategy2_signal_filter:check:533 | S2 skip: approach>=block (G3, level exhausted) | {'symbol': 'DIAUSDT', 'level': 0.1372, 'approach_count': 19, 'block_threshold': 4}
2026-07-26 09:23:34 | DEBUG | trading.strategy5_continuation:_scan_symbol:379 | S5 skip: recent loss on symbol | {'symbol': 'EULUSDT', 'hours_since_loss': 11.3}
2026-07-26 09:23:39 | DEBUG | trading.strategy5_continuation:_scan_symbol:379 | S5 skip: recent loss on symbol | {'symbol': 'EULUSDT', 'hours_since_loss': 11.3}
2026-07-26 09:23:44 | DEBUG | trading.strategy5_continuation:_scan_symbol:379 | S5 skip: recent loss on symbol | {'symbol': 'EULUSDT', 'hours_since_loss': 11.3}
2026-07-26 09:23:49 | INFO | trading.strategy2_signal_filter:check:533 | S2 skip: approach>=block (G3, level exhausted) | {'symbol': 'DIAUSDT', 'level': 0.1372, 'approach_count': 19, 'block_threshold': 4}
2026-07-26 09:23:50 | DEBUG | trading.strategy5_continuation:_scan_symbol:379 | S5 skip: recent loss on symbol | {'symbol': 'EULUSDT', 'hours_since_loss': 11.3}
2026-07-26 09:23:55 | DEBUG | trading.strategy5_continuation:_scan_symbol:379 | S5 skip: recent loss on symbol | {'symbol': 'EULUSDT', 'hours_since_loss': 11.3}
2026-07-26 09:24:00 | DEBUG | trading.strategy5_continuation:_scan_symbol:379 | S5 skip: recent loss on symbol | {'symbol': 'EULUSDT', 'hours_since_loss': 11.3}
2026-07-26 09:24:05 | INFO | trading.strategy2_signal_filter:check:533 | S2 skip: approach>=block (G3, level exhausted) | {'symbol': 'DIAUSDT', 'level': 0.1372, 'approach_count': 19, 'block_threshold': 4}
2026-07-26 09:24:05 | DEBUG | trading.strategy5_continuation:_scan_symbol:379 | S5 skip: recent loss on symbol | {'symbol': 'EULUSDT', 'hours_since_loss': 11.3}
2026-07-26 09:24:10 | DEBUG | trading.strategy5_continuation:_scan_symbol:379 | S5 skip: recent loss on symbol | {'symbol': 'EULUSDT', 'hours_since_loss': 11.3}
2026-07-26 09:24:15 | DEBUG | trading.strategy5_continuation:_scan_symbol:379 | S5 skip: recent loss on symbol | {'symbol': 'EULUSDT', 'hours_since_loss': 11.3}
2026-07-26 09:24:21 | INFO | trading.strategy2_signal_filter:check:533 | S2 skip: approach>=block (G3, level exhausted) | {'symbol': 'DIAUSDT', 'level': 0.1372, 'approach_count': 19, 'block_threshold': 4}
2026-07-26 09:24:21 | DEBUG | trading.strategy5_continuation:_scan_symbol:379 | S5 skip: recent loss on symbol | {'symbol': 'EULUSDT', 'hours_since_loss': 11.3}
2026-07-26 09:24:26 | DEBUG | trading.strategy5_continuation:_scan_symbol:379 | S5 skip: recent loss on symbol | {'symbol': 'EULUSDT', 'hours_since_loss': 11.3}
2026-07-26 09:24:31 | DEBUG | trading.strategy5_continuation:_scan_symbol:379 | S5 skip: recent loss on symbol | {'symbol': 'EULUSDT', 'hours_since_loss': 11.4}
2026-07-26 09:24:36 | INFO | trading.strategy2_signal_filter:check:533 | S2 skip: approach>=block (G3, level exhausted) | {'symbol': 'DIAUSDT', 'level': 0.1372, 'approach_count': 19, 'block_threshold': 4}
2026-07-26 09:24:36 | DEBUG | trading.strategy5_continuation:_scan_symbol:379 | S5 skip: recent loss on symbol | {'symbol': 'EULUSDT', 'hours_since_loss': 11.4}
2026-07-26 09:24:41 | DEBUG | trading.strategy5_continuation:_scan_symbol:379 | S5 skip: recent loss on symbol | {'symbol': 'EULUSDT', 'hours_since_loss': 11.4}
2026-07-26 09:24:47 | DEBUG | trading.strategy5_continuation:_scan_symbol:379 | S5 skip: recent loss on symbol | {'symbol': 'EULUSDT', 'hours_since_loss': 11.4}
2026-07-26 09:24:52 | INFO | trading.strategy2_signal_filter:check:533 | S2 skip: approach>=block (G3, level exhausted) | {'symbol': 'DIAUSDT', 'level': 0.1372, 'approach_count': 19, 'block_threshold': 4}
2026-07-26 09:24:52 | DEBUG | trading.strategy5_continuation:_scan_symbol:379 | S5 skip: recent loss on symbol | {'symbol': 'EULUSDT', 'hours_since_loss': 11.4}
2026-07-26 09:24:57 | DEBUG | trading.strategy5_continuation:_scan_symbol:379 | S5 skip: recent loss on symbol | {'symbol': 'EULUSDT', 'hours_since_loss': 11.4}
2026-07-26 09:25:02 | DEBUG | trading.strategy5_continuation:_scan_symbol:379 | S5 skip: recent loss on symbol | {'symbol': 'EULUSDT', 'hours_since_loss': 11.4}
2026-07-26 09:25:07 | DEBUG | trading.strategy5_continuation:_scan_symbol:379 | S5 skip: recent loss on symbol | {'symbol': 'EULUSDT', 'hours_since_loss': 11.4}
2026-07-26 09:25:12 | DEBUG | trading.strategy5_continuation:_scan_symbol:379 | S5 skip: recent loss on symbol | {'symbol': 'EULUSDT', 'hours_since_loss': 11.4}
2026-07-26 09:25:18 | DEBUG | trading.strategy5_continuation:_scan_symbol:379 | S5 skip: recent loss on symbol | {'symbol': 'EULUSDT', 'hours_since_loss': 11.4}
2026-07-26 09:25:23 | DEBUG | trading.strategy5_continuation:_scan_symbol:379 | S5 skip: recent loss on symbol | {'symbol': 'EULUSDT', 'hours_since_loss': 11.4}
2026-07-26 09:25:28 | INFO | trading.strategy2_signal_filter:check:533 | S2 skip: approach>=block (G3, level exhausted) | {'symbol': 'DIAUSDT', 'level': 0.1372, 'approach_count': 19, 'block_threshold': 4}
2026-07-26 09:25:28 | DEBUG | trading.strategy5_continuation:_scan_symbol:379 | S5 skip: recent loss on symbol | {'symbol': 'EULUSDT', 'hours_since_loss': 11.4}
2026-07-26 09:25:33 | DEBUG | trading.strategy5_continuation:_scan_symbol:379 | S5 skip: recent loss on symbol | {'symbol': 'EULUSDT', 'hours_since_loss': 11.4}
2026-07-26 09:25:38 | DEBUG | trading.strategy5_continuation:_scan_symbol:379 | S5 skip: recent loss on symbol | {'symbol': 'EULUSDT', 'hours_since_loss': 11.4}
2026-07-26 09:25:43 | INFO | trading.strategy2_signal_filter:check:533 | S2 skip: approach>=block (G3, level exhausted) | {'symbol': 'DIAUSDT', 'level': 0.1372, 'approach_count': 19, 'block_threshold': 4}
2026-07-26 09:25:43 | DEBUG | trading.strategy5_continuation:_scan_symbol:379 | S5 skip: recent loss on symbol | {'symbol': 'EULUSDT', 'hours_since_loss': 11.4}
2026-07-26 09:25:49 | DEBUG | trading.strategy5_continuation:_scan_symbol:379 | S5 skip: recent loss on symbol | {'symbol': 'EULUSDT', 'hours_since_loss': 11.4}
2026-07-26 09:25:54 | DEBUG | trading.strategy5_continuation:_scan_symbol:379 | S5 skip: recent loss on symbol | {'symbol': 'EULUSDT', 'hours_since_loss': 11.4}
2026-07-26 09:25:59 | INFO | trading.strategy2_signal_filter:check:533 | S2 skip: approach>=block (G3, level exhausted) | {'symbol': 'DIAUSDT', 'level': 0.1372, 'approach_count': 19, 'block_threshold': 4}
2026-07-26 09:25:59 | DEBUG | trading.strategy5_continuation:_scan_symbol:379 | S5 skip: recent loss on symbol | {'symbol': 'EULUSDT', 'hours_since_loss': 11.4}
2026-07-26 09:26:04 | DEBUG | trading.strategy5_continuation:_scan_symbol:379 | S5 skip: recent loss on symbol | {'symbol': 'EULUSDT', 'hours_since_loss': 11.4}
2026-07-26 09:26:09 | DEBUG | trading.strategy5_continuation:_scan_symbol:379 | S5 skip: recent loss on symbol | {'symbol': 'EULUSDT', 'hours_since_loss': 11.4}
2026-07-26 09:26:14 | INFO | trading.strategy2_signal_filter:check:533 | S2 skip: approach>=block (G3, level exhausted) | {'symbol': 'DIAUSDT', 'level': 0.1372, 'approach_count': 19, 'block_threshold': 4}
2026-07-26 09:26:14 | DEBUG | trading.strategy5_continuation:_scan_symbol:379 | S5 skip: recent loss on symbol | {'symbol': 'EULUSDT', 'hours_since_loss': 11.4}
2026-07-26 09:26:20 | DEBUG | trading.strategy5_continuation:_scan_symbol:379 | S5 skip: recent loss on symbol | {'symbol': 'EULUSDT', 'hours_since_loss': 11.4}
2026-07-26 09:26:25 | DEBUG | trading.strategy5_continuation:_scan_symbol:379 | S5 skip: recent loss on symbol | {'symbol': 'EULUSDT', 'hours_since_loss': 11.4}
2026-07-26 09:26:30 | INFO | trading.strategy2_signal_filter:check:533 | S2 skip: approach>=block (G3, level exhausted) | {'symbol': 'DIAUSDT', 'level': 0.1372, 'approach_count': 20, 'block_threshold': 4}
2026-07-26 09:26:30 | DEBUG | trading.strategy5_continuation:_scan_symbol:379 | S5 skip: recent loss on symbol | {'symbol': 'EULUSDT', 'hours_since_loss': 11.4}
2026-07-26 09:26:35 | DEBUG | trading.strategy5_continuation:_scan_symbol:379 | S5 skip: recent loss on symbol | {'symbol': 'EULUSDT', 'hours_since_loss': 11.4}
2026-07-26 09:26:40 | DEBUG | trading.strategy5_continuation:_scan_symbol:379 | S5 skip: recent loss on symbol | {'symbol': 'EULUSDT', 'hours_since_loss': 11.4}
2026-07-26 09:26:46 | INFO | trading.strategy2_signal_filter:check:533 | S2 skip: approach>=block (G3, level exhausted) | {'symbol': 'DIAUSDT', 'level': 0.1372, 'approach_count': 20, 'block_threshold': 4}
2026-07-26 09:26:46 | DEBUG | trading.strategy5_continuation:_scan_symbol:379 | S5 skip: recent loss on symbol | {'symbol': 'EULUSDT', 'hours_since_loss': 11.4}
2026-07-26 09:26:51 | DEBUG | trading.strategy5_continuation:_scan_symbol:379 | S5 skip: recent loss on symbol | {'symbol': 'EULUSDT', 'hours_since_loss': 11.4}
2026-07-26 09:26:56 | DEBUG | trading.strategy5_continuation:_scan_symbol:379 | S5 skip: recent loss on symbol | {'symbol': 'EULUSDT', 'hours_since_loss': 11.4}
2026-07-26 09:27:01 | INFO | trading.strategy2_signal_filter:check:533 | S2 skip: approach>=block (G3, level exhausted) | {'symbol': 'DIAUSDT', 'level': 0.1372, 'approach_count': 20, 'block_threshold': 4}
2026-07-26 09:27:01 | DEBUG | trading.strategy5_continuation:_scan_symbol:379 | S5 skip: recent loss on symbol | {'symbol': 'EULUSDT', 'hours_since_loss': 11.4}
2026-07-26 09:27:06 | DEBUG | trading.strategy5_continuation:_scan_symbol:379 | S5 skip: recent loss on symbol | {'symbol': 'EULUSDT', 'hours_since_loss': 11.4}
2026-07-26 09:27:11 | DEBUG | trading.strategy5_continuation:_scan_symbol:379 | S5 skip: recent loss on symbol | {'symbol': 'EULUSDT', 'hours_since_loss': 11.4}
2026-07-26 09:27:17 | INFO | trading.strategy2_signal_filter:check:533 | S2 skip: approach>=block (G3, level exhausted) | {'symbol': 'DIAUSDT', 'level': 0.1372, 'approach_count': 20, 'block_threshold': 4}
2026-07-26 09:27:17 | DEBUG | trading.strategy5_continuation:_scan_symbol:379 | S5 skip: recent loss on symbol | {'symbol': 'EULUSDT', 'hours_since_loss': 11.4}
2026-07-26 09:27:22 | DEBUG | trading.strategy5_continuation:_scan_symbol:379 | S5 skip: recent loss on symbol | {'symbol': 'EULUSDT', 'hours_since_loss': 11.4}
2026-07-26 09:27:27 | DEBUG | trading.strategy5_continuation:_scan_symbol:379 | S5 skip: recent loss on symbol | {'symbol': 'EULUSDT', 'hours_since_loss': 11.4}
2026-07-26 09:27:32 | INFO | trading.strategy2_signal_filter:check:533 | S2 skip: approach>=block (G3, level exhausted) | {'symbol': 'DIAUSDT', 'level': 0.1372, 'approach_count': 22, 'block_threshold': 4}
2026-07-26 09:27:32 | DEBUG | trading.strategy5_continuation:_scan_symbol:379 | S5 skip: recent loss on symbol | {'symbol': 'EULUSDT', 'hours_since_loss': 11.4}
2026-07-26 09:27:37 | DEBUG | trading.strategy5_continuation:_scan_symbol:379 | S5 skip: recent loss on symbol | {'symbol': 'EULUSDT', 'hours_since_loss': 11.4}
2026-07-26 09:27:43 | DEBUG | trading.strategy5_continuation:_scan_symbol:379 | S5 skip: recent loss on symbol | {'symbol': 'EULUSDT', 'hours_since_loss': 11.4}
2026-07-26 09:27:48 | INFO | trading.strategy2_signal_filter:check:533 | S2 skip: approach>=block (G3, level exhausted) | {'symbol': 'DIAUSDT', 'level': 0.1372, 'approach_count': 22, 'block_threshold': 4}
2026-07-26 09:27:48 | DEBUG | trading.strategy5_continuation:_scan_symbol:379 | S5 skip: recent loss on symbol | {'symbol': 'EULUSDT', 'hours_since_loss': 11.4}
2026-07-26 09:27:53 | DEBUG | trading.strategy5_continuation:_scan_symbol:379 | S5 skip: recent loss on symbol | {'symbol': 'EULUSDT', 'hours_since_loss': 11.4}
2026-07-26 09:27:58 | DEBUG | trading.strategy5_continuation:_scan_symbol:379 | S5 skip: recent loss on symbol | {'symbol': 'EULUSDT', 'hours_since_loss': 11.4}
2026-07-26 09:28:03 | INFO | trading.strategy2_signal_filter:check:533 | S2 skip: approach>=block (G3, level exhausted) | {'symbol': 'DIAUSDT', 'level': 0.1372, 'approach_count': 22, 'block_threshold': 4}
2026-07-26 09:28:03 | DEBUG | trading.strategy5_continuation:_scan_symbol:379 | S5 skip: recent loss on symbol | {'symbol': 'EULUSDT', 'hours_since_loss': 11.4}
2026-07-26 09:28:08 | DEBUG | trading.strategy5_continuation:_scan_symbol:379 | S5 skip: recent loss on symbol | {'symbol': 'EULUSDT', 'hours_since_loss': 11.4}
2026-07-26 09:28:14 | DEBUG | trading.strategy5_continuation:_scan_symbol:379 | S5 skip: recent loss on symbol | {'symbol': 'EULUSDT', 'hours_since_loss': 11.4}
2026-07-26 09:28:19 | DEBUG | trading.strategy5_continuation:_scan_symbol:379 | S5 skip: recent loss on symbol | {'symbol': 'EULUSDT', 'hours_since_loss': 11.4}
2026-07-26 09:28:24 | INFO | trading.strategy2_signal_filter:check:533 | S2 skip: approach>=block (G3, level exhausted) | {'symbol': 'DIAUSDT', 'level': 0.1372, 'approach_count': 20, 'block_threshold': 4}
2026-07-26 09:28:24 | INFO | trading.strategy2_signal_filter:check:545 | S2: level marked dead, monitor will stop sending proximity | {'symbol': 'DIAUSDT', 'level': 0.1372, 'approach_count': 20}
2026-07-26 09:28:24 | DEBUG | trading.strategy1_bounce:_try_open:48 | S1 skip: pump_base level | {'symbol': 'DIAUSDT', 'level_type': 'pump_base'}
2026-07-26 09:28:24 | DEBUG | trading.strategy5_continuation:_scan_symbol:379 | S5 skip: recent loss on symbol | {'symbol': 'EULUSDT', 'hours_since_loss': 11.4}
2026-07-26 09:28:29 | DEBUG | trading.strategy5_continuation:_scan_symbol:379 | S5 skip: recent loss on symbol | {'symbol': 'EULUSDT', 'hours_since_loss': 11.4}
2026-07-26 09:28:34 | DEBUG | trading.strategy5_continuation:_scan_symbol:379 | S5 skip: recent loss on symbol | {'symbol': 'EULUSDT', 'hours_since_loss': 11.4}
2026-07-26 09:28:40 | DEBUG | trading.strategy5_continuation:_scan_symbol:379 | S5 skip: recent loss on symbol | {'symbol': 'EULUSDT', 'hours_since_loss': 11.4}
2026-07-26 09:28:45 | DEBUG | trading.strategy5_continuation:_scan_symbol:379 | S5 skip: recent loss on symbol | {'symbol': 'EULUSDT', 'hours_since_loss': 11.4}
2026-07-26 09:28:50 | DEBUG | trading.strategy5_continuation:_scan_symbol:379 | S5 skip: recent loss on symbol | {'symbol': 'EULUSDT', 'hours_since_loss': 11.4}
2026-07-26 09:28:55 | DEBUG | trading.strategy5_continuation:_scan_symbol:379 | S5 skip: recent loss on symbol | {'symbol': 'EULUSDT', 'hours_since_loss': 11.4}
2026-07-26 09:29:00 | DEBUG | trading.strategy5_continuation:_scan_symbol:379 | S5 skip: recent loss on symbol | {'symbol': 'EULUSDT', 'hours_since_loss': 11.4}
2026-07-26 09:29:05 | DEBUG | trading.strategy5_continuation:_scan_symbol:379 | S5 skip: recent loss on symbol | {'symbol': 'EULUSDT', 'hours_since_loss': 11.4}
2026-07-26 09:29:11 | DEBUG | trading.strategy5_continuation:_scan_symbol:379 | S5 skip: recent loss on symbol | {'symbol': 'EULUSDT', 'hours_since_loss': 11.4}
2026-07-26 09:29:16 | DEBUG | trading.strategy5_continuation:_scan_symbol:379 | S5 skip: recent loss on symbol | {'symbol': 'EULUSDT', 'hours_since_loss': 11.4}
2026-07-26 09:29:21 | DEBUG | trading.strategy5_continuation:_scan_symbol:379 | S5 skip: recent loss on symbol | {'symbol': 'EULUSDT', 'hours_since_loss': 11.4}
2026-07-26 09:29:26 | DEBUG | trading.strategy5_continuation:_scan_symbol:379 | S5 skip: recent loss on symbol | {'symbol': 'EULUSDT', 'hours_since_loss': 11.4}
2026-07-26 09:29:31 | DEBUG | trading.strategy5_continuation:_scan_symbol:379 | S5 skip: recent loss on symbol | {'symbol': 'EULUSDT', 'hours_since_loss': 11.4}
2026-07-26 09:29:37 | DEBUG | trading.strategy5_continuation:_scan_symbol:379 | S5 skip: recent loss on symbol | {'symbol': 'EULUSDT', 'hours_since_loss': 11.4}
2026-07-26 09:29:42 | DEBUG | trading.strategy5_continuation:_scan_symbol:379 | S5 skip: recent loss on symbol | {'symbol': 'EULUSDT', 'hours_since_loss': 11.4}
2026-07-26 09:29:47 | DEBUG | trading.strategy5_continuation:_scan_symbol:379 | S5 skip: recent loss on symbol | {'symbol': 'EULUSDT', 'hours_since_loss': 11.4}
2026-07-26 09:29:52 | DEBUG | trading.strategy5_continuation:_scan_symbol:379 | S5 skip: recent loss on symbol | {'symbol': 'EULUSDT', 'hours_since_loss': 11.4}
2026-07-26 09:29:57 | DEBUG | trading.strategy5_continuation:_scan_symbol:379 | S5 skip: recent loss on symbol | {'symbol': 'EULUSDT', 'hours_since_loss': 11.4}
2026-07-26 09:30:02 | DEBUG | trading.strategy5_continuation:_scan_symbol:379 | S5 skip: recent loss on symbol | {'symbol': 'EULUSDT', 'hours_since_loss': 11.4}
2026-07-26 09:30:08 | DEBUG | trading.strategy5_continuation:_scan_symbol:379 | S5 skip: recent loss on symbol | {'symbol': 'EULUSDT', 'hours_since_loss': 11.4}
2026-07-26 09:30:13 | DEBUG | trading.strategy5_continuation:_scan_symbol:379 | S5 skip: recent loss on symbol | {'symbol': 'EULUSDT', 'hours_since_loss': 11.4}
2026-07-26 09:30:18 | DEBUG | trading.strategy5_continuation:_scan_symbol:379 | S5 skip: recent loss on symbol | {'symbol': 'EULUSDT', 'hours_since_loss': 11.4}
2026-07-26 09:30:23 | DEBUG | trading.strategy5_continuation:_scan_symbol:379 | S5 skip: recent loss on symbol | {'symbol': 'EULUSDT', 'hours_since_loss': 11.4}
2026-07-26 09:30:28 | DEBUG | trading.strategy5_continuation:_scan_symbol:379 | S5 skip: recent loss on symbol | {'symbol': 'EULUSDT', 'hours_since_loss': 11.5}
2026-07-26 09:30:34 | DEBUG | trading.strategy5_continuation:_scan_symbol:379 | S5 skip: recent loss on symbol | {'symbol': 'EULUSDT', 'hours_since_loss': 11.5}
2026-07-26 09:30:39 | DEBUG | trading.strategy5_continuation:_scan_symbol:379 | S5 skip: recent loss on symbol | {'symbol': 'EULUSDT', 'hours_since_loss': 11.5}
2026-07-26 09:30:44 | DEBUG | trading.strategy5_continuation:_scan_symbol:379 | S5 skip: recent loss on symbol | {'symbol': 'EULUSDT', 'hours_since_loss': 11.5}
2026-07-26 09:30:49 | DEBUG | trading.strategy5_continuation:_scan_symbol:379 | S5 skip: recent loss on symbol | {'symbol': 'EULUSDT', 'hours_since_loss': 11.5}
2026-07-26 09:30:54 | DEBUG | trading.strategy5_continuation:_scan_symbol:379 | S5 skip: recent loss on symbol | {'symbol': 'EULUSDT', 'hours_since_loss': 11.5}
2026-07-26 09:30:59 | DEBUG | trading.strategy5_continuation:_scan_symbol:379 | S5 skip: recent loss on symbol | {'symbol': 'EULUSDT', 'hours_since_loss': 11.5}
2026-07-26 09:31:05 | DEBUG | trading.strategy5_continuation:_scan_symbol:379 | S5 skip: recent loss on symbol | {'symbol': 'EULUSDT', 'hours_since_loss': 11.5}
2026-07-26 09:31:10 | DEBUG | trading.strategy5_continuation:_scan_symbol:379 | S5 skip: recent loss on symbol | {'symbol': 'EULUSDT', 'hours_since_loss': 11.5}
2026-07-26 09:31:15 | DEBUG | trading.strategy5_continuation:_scan_symbol:379 | S5 skip: recent loss on symbol | {'symbol': 'EULUSDT', 'hours_since_loss': 11.5}
2026-07-26 09:31:20 | DEBUG | trading.strategy5_continuation:_scan_symbol:379 | S5 skip: recent loss on symbol | {'symbol': 'EULUSDT', 'hours_since_loss': 11.5}
2026-07-26 09:31:25 | DEBUG | trading.strategy5_continuation:_scan_symbol:379 | S5 skip: recent loss on symbol | {'symbol': 'EULUSDT', 'hours_since_loss': 11.5}
2026-07-26 09:31:30 | DEBUG | trading.strategy5_continuation:_scan_symbol:379 | S5 skip: recent loss on symbol | {'symbol': 'EULUSDT', 'hours_since_loss': 11.5}
2026-07-26 09:31:36 | DEBUG | trading.strategy5_continuation:_scan_symbol:379 | S5 skip: recent loss on symbol | {'symbol': 'EULUSDT', 'hours_since_loss': 11.5}
2026-07-26 09:31:41 | DEBUG | trading.strategy5_continuation:_scan_symbol:379 | S5 skip: recent loss on symbol | {'symbol': 'EULUSDT', 'hours_since_loss': 11.5}
2026-07-26 09:31:46 | DEBUG | trading.strategy5_continuation:_scan_symbol:379 | S5 skip: recent loss on symbol | {'symbol': 'EULUSDT', 'hours_since_loss': 11.5}
2026-07-26 09:31:51 | DEBUG | trading.strategy5_continuation:_scan_symbol:379 | S5 skip: recent loss on symbol | {'symbol': 'EULUSDT', 'hours_since_loss': 11.5}
2026-07-26 09:31:56 | DEBUG | trading.strategy5_continuation:_scan_symbol:379 | S5 skip: recent loss on symbol | {'symbol': 'EULUSDT', 'hours_since_loss': 11.5}
2026-07-26 09:32:02 | DEBUG | trading.strategy5_continuation:_scan_symbol:379 | S5 skip: recent loss on symbol | {'symbol': 'EULUSDT', 'hours_since_loss': 11.5}
2026-07-26 09:32:07 | DEBUG | trading.strategy5_continuation:_scan_symbol:379 | S5 skip: recent loss on symbol | {'symbol': 'EULUSDT', 'hours_since_loss': 11.5}
2026-07-26 09:32:12 | DEBUG | trading.strategy5_continuation:_scan_symbol:379 | S5 skip: recent loss on symbol | {'symbol': 'EULUSDT', 'hours_since_loss': 11.5}
2026-07-26 09:32:17 | DEBUG | trading.strategy5_continuation:_scan_symbol:379 | S5 skip: recent loss on symbol | {'symbol': 'EULUSDT', 'hours_since_loss': 11.5}
2026-07-26 09:32:22 | DEBUG | trading.strategy5_continuation:_scan_symbol:379 | S5 skip: recent loss on symbol | {'symbol': 'EULUSDT', 'hours_since_loss': 11.5}
2026-07-26 09:32:28 | DEBUG | trading.strategy5_continuation:_scan_symbol:379 | S5 skip: recent loss on symbol | {'symbol': 'EULUSDT', 'hours_since_loss': 11.5}
2026-07-26 09:32:33 | DEBUG | trading.strategy5_continuation:_scan_symbol:379 | S5 skip: recent loss on symbol | {'symbol': 'EULUSDT', 'hours_since_loss': 11.5}
2026-07-26 09:32:38 | DEBUG | trading.strategy5_continuation:_scan_symbol:379 | S5 skip: recent loss on symbol | {'symbol': 'EULUSDT', 'hours_since_loss': 11.5}
2026-07-26 09:32:43 | DEBUG | trading.strategy5_continuation:_scan_symbol:379 | S5 skip: recent loss on symbol | {'symbol': 'EULUSDT', 'hours_since_loss': 11.5}
2026-07-26 09:32:48 | DEBUG | trading.strategy5_continuation:_scan_symbol:379 | S5 skip: recent loss on symbol | {'symbol': 'EULUSDT', 'hours_since_loss': 11.5}
2026-07-26 09:32:53 | DEBUG | trading.strategy5_continuation:_scan_symbol:379 | S5 skip: recent loss on symbol | {'symbol': 'EULUSDT', 'hours_since_loss': 11.5}
2026-07-26 09:32:59 | DEBUG | trading.strategy5_continuation:_scan_symbol:379 | S5 skip: recent loss on symbol | {'symbol': 'EULUSDT', 'hours_since_loss': 11.5}
2026-07-26 09:33:04 | DEBUG | trading.strategy5_continuation:_scan_symbol:379 | S5 skip: recent loss on symbol | {'symbol': 'EULUSDT', 'hours_since_loss': 11.5}
2026-07-26 09:33:09 | DEBUG | trading.strategy5_continuation:_scan_symbol:379 | S5 skip: recent loss on symbol | {'symbol': 'EULUSDT', 'hours_since_loss': 11.5}
2026-07-26 09:33:14 | DEBUG | trading.strategy5_continuation:_scan_symbol:379 | S5 skip: recent loss on symbol | {'symbol': 'EULUSDT', 'hours_since_loss': 11.5}
2026-07-26 09:33:19 | DEBUG | trading.strategy5_continuation:_scan_symbol:379 | S5 skip: recent loss on symbol | {'symbol': 'EULUSDT', 'hours_since_loss': 11.5}
2026-07-26 09:33:25 | DEBUG | trading.strategy5_continuation:_scan_symbol:379 | S5 skip: recent loss on symbol | {'symbol': 'EULUSDT', 'hours_since_loss': 11.5}
2026-07-26 09:33:30 | DEBUG | trading.strategy5_continuation:_scan_symbol:379 | S5 skip: recent loss on symbol | {'symbol': 'EULUSDT', 'hours_since_loss': 11.5}
2026-07-26 09:33:35 | DEBUG | trading.strategy5_continuation:_scan_symbol:379 | S5 skip: recent loss on symbol | {'symbol': 'EULUSDT', 'hours_since_loss': 11.5}
2026-07-26 09:33:40 | DEBUG | trading.strategy5_continuation:_scan_symbol:379 | S5 skip: recent loss on symbol | {'symbol': 'EULUSDT', 'hours_since_loss': 11.5}
2026-07-26 09:33:45 | DEBUG | trading.strategy5_continuation:_scan_symbol:379 | S5 skip: recent loss on symbol | {'symbol': 'EULUSDT', 'hours_since_loss': 11.5}
2026-07-26 09:33:50 | DEBUG | trading.strategy5_continuation:_scan_symbol:379 | S5 skip: recent loss on symbol | {'symbol': 'EULUSDT', 'hours_since_loss': 11.5}
2026-07-26 09:33:56 | DEBUG | trading.strategy5_continuation:_scan_symbol:379 | S5 skip: recent loss on symbol | {'symbol': 'EULUSDT', 'hours_since_loss': 11.5}
2026-07-26 09:34:01 | DEBUG | trading.strategy5_continuation:_scan_symbol:379 | S5 skip: recent loss on symbol | {'symbol': 'EULUSDT', 'hours_since_loss': 11.5}
2026-07-26 09:34:06 | DEBUG | trading.strategy5_continuation:_scan_symbol:379 | S5 skip: recent loss on symbol | {'symbol': 'EULUSDT', 'hours_since_loss': 11.5}
2026-07-26 09:34:11 | DEBUG | trading.strategy5_continuation:_scan_symbol:379 | S5 skip: recent loss on symbol | {'symbol': 'EULUSDT', 'hours_since_loss': 11.5}
2026-07-26 09:34:16 | DEBUG | trading.strategy5_continuation:_scan_symbol:379 | S5 skip: recent loss on symbol | {'symbol': 'EULUSDT', 'hours_since_loss': 11.5}
2026-07-26 09:34:22 | DEBUG | trading.strategy5_continuation:_scan_symbol:379 | S5 skip: recent loss on symbol | {'symbol': 'EULUSDT', 'hours_since_loss': 11.5}
2026-07-26 09:34:27 | DEBUG | trading.strategy5_continuation:_scan_symbol:379 | S5 skip: recent loss on symbol | {'symbol': 'EULUSDT', 'hours_since_loss': 11.5}
2026-07-26 09:34:32 | DEBUG | trading.strategy5_continuation:_scan_symbol:379 | S5 skip: recent loss on symbol | {'symbol': 'EULUSDT', 'hours_since_loss': 11.5}
2026-07-26 09:34:37 | DEBUG | trading.strategy5_continuation:_scan_symbol:379 | S5 skip: recent loss on symbol | {'symbol': 'EULUSDT', 'hours_since_loss': 11.5}
2026-07-26 09:34:42 | DEBUG | trading.strategy5_continuation:_scan_symbol:379 | S5 skip: recent loss on symbol | {'symbol': 'EULUSDT', 'hours_since_loss': 11.5}
2026-07-26 09:34:47 | DEBUG | trading.strategy5_continuation:_scan_symbol:379 | S5 skip: recent loss on symbol | {'symbol': 'EULUSDT', 'hours_since_loss': 11.5}
2026-07-26 09:34:53 | DEBUG | trading.strategy5_continuation:_scan_symbol:379 | S5 skip: recent loss on symbol | {'symbol': 'EULUSDT', 'hours_since_loss': 11.5}
2026-07-26 09:34:58 | DEBUG | trading.strategy5_continuation:_scan_symbol:379 | S5 skip: recent loss on symbol | {'symbol': 'EULUSDT', 'hours_since_loss': 11.5}
2026-07-26 09:35:03 | DEBUG | trading.strategy5_continuation:_scan_symbol:379 | S5 skip: recent loss on symbol | {'symbol': 'EULUSDT', 'hours_since_loss': 11.5}
2026-07-26 09:35:08 | DEBUG | trading.strategy5_continuation:_scan_symbol:379 | S5 skip: recent loss on symbol | {'symbol': 'EULUSDT', 'hours_since_loss': 11.5}
2026-07-26 09:35:13 | DEBUG | trading.strategy5_continuation:_scan_symbol:379 | S5 skip: recent loss on symbol | {'symbol': 'EULUSDT', 'hours_since_loss': 11.5}
2026-07-26 09:35:18 | DEBUG | trading.strategy5_continuation:_scan_symbol:379 | S5 skip: recent loss on symbol | {'symbol': 'EULUSDT', 'hours_since_loss': 11.5}
2026-07-26 09:35:24 | DEBUG | trading.strategy5_continuation:_scan_symbol:379 | S5 skip: recent loss on symbol | {'symbol': 'EULUSDT', 'hours_since_loss': 11.5}
2026-07-26 09:35:29 | DEBUG | trading.strategy5_continuation:_scan_symbol:379 | S5 skip: recent loss on symbol | {'symbol': 'EULUSDT', 'hours_since_loss': 11.5}
2026-07-26 09:35:34 | DEBUG | trading.strategy5_continuation:_scan_symbol:379 | S5 skip: recent loss on symbol | {'symbol': 'EULUSDT', 'hours_since_loss': 11.5}
2026-07-26 09:35:39 | DEBUG | trading.strategy5_continuation:_scan_symbol:379 | S5 skip: recent loss on symbol | {'symbol': 'EULUSDT', 'hours_since_loss': 11.5}
2026-07-26 09:35:44 | DEBUG | trading.strategy5_continuation:_scan_symbol:379 | S5 skip: recent loss on symbol | {'symbol': 'EULUSDT', 'hours_since_loss': 11.5}
2026-07-26 09:35:50 | DEBUG | trading.strategy5_continuation:_scan_symbol:379 | S5 skip: recent loss on symbol | {'symbol': 'EULUSDT', 'hours_since_loss': 11.5}
2026-07-26 09:35:55 | DEBUG | trading.strategy5_continuation:_scan_symbol:379 | S5 skip: recent loss on symbol | {'symbol': 'EULUSDT', 'hours_since_loss': 11.5}
2026-07-26 09:36:00 | DEBUG | trading.strategy5_continuation:_scan_symbol:379 | S5 skip: recent loss on symbol | {'symbol': 'EULUSDT', 'hours_since_loss': 11.5}
2026-07-26 09:36:05 | DEBUG | trading.strategy5_continuation:_scan_symbol:379 | S5 skip: recent loss on symbol | {'symbol': 'EULUSDT', 'hours_since_loss': 11.5}
2026-07-26 09:36:10 | DEBUG | trading.strategy5_continuation:_scan_symbol:379 | S5 skip: recent loss on symbol | {'symbol': 'EULUSDT', 'hours_since_loss': 11.5}
2026-07-26 09:36:15 | DEBUG | trading.strategy5_continuation:_scan_symbol:379 | S5 skip: recent loss on symbol | {'symbol': 'EULUSDT', 'hours_since_loss': 11.5}
2026-07-26 09:36:21 | DEBUG | trading.strategy5_continuation:_scan_symbol:379 | S5 skip: recent loss on symbol | {'symbol': 'EULUSDT', 'hours_since_loss': 11.5}
2026-07-26 09:36:26 | DEBUG | trading.strategy5_continuation:_scan_symbol:379 | S5 skip: recent loss on symbol | {'symbol': 'EULUSDT', 'hours_since_loss': 11.5}
2026-07-26 09:36:31 | DEBUG | trading.strategy5_continuation:_scan_symbol:379 | S5 skip: recent loss on symbol | {'symbol': 'EULUSDT', 'hours_since_loss': 11.6}
2026-07-26 09:36:36 | DEBUG | trading.strategy5_continuation:_scan_symbol:379 | S5 skip: recent loss on symbol | {'symbol': 'EULUSDT', 'hours_since_loss': 11.6}
2026-07-26 09:36:41 | DEBUG | trading.strategy5_continuation:_scan_symbol:379 | S5 skip: recent loss on symbol | {'symbol': 'EULUSDT', 'hours_since_loss': 11.6}
2026-07-26 09:36:46 | DEBUG | trading.strategy5_continuation:_scan_symbol:379 | S5 skip: recent loss on symbol | {'symbol': 'EULUSDT', 'hours_since_loss': 11.6}
2026-07-26 09:36:52 | DEBUG | trading.strategy5_continuation:_scan_symbol:379 | S5 skip: recent loss on symbol | {'symbol': 'EULUSDT', 'hours_since_loss': 11.6}
2026-07-26 09:36:57 | DEBUG | trading.strategy5_continuation:_scan_symbol:379 | S5 skip: recent loss on symbol | {'symbol': 'EULUSDT', 'hours_since_loss': 11.6}
2026-07-26 09:37:02 | DEBUG | trading.strategy5_continuation:_scan_symbol:379 | S5 skip: recent loss on symbol | {'symbol': 'EULUSDT', 'hours_since_loss': 11.6}
2026-07-26 09:37:07 | DEBUG | trading.strategy5_continuation:_scan_symbol:379 | S5 skip: recent loss on symbol | {'symbol': 'EULUSDT', 'hours_since_loss': 11.6}
2026-07-26 09:37:12 | DEBUG | trading.strategy5_continuation:_scan_symbol:379 | S5 skip: recent loss on symbol | {'symbol': 'EULUSDT', 'hours_since_loss': 11.6}
2026-07-26 09:37:18 | DEBUG | trading.strategy5_continuation:_scan_symbol:379 | S5 skip: recent loss on symbol | {'symbol': 'EULUSDT', 'hours_since_loss': 11.6}
2026-07-26 09:37:23 | DEBUG | trading.strategy5_continuation:_scan_symbol:379 | S5 skip: recent loss on symbol | {'symbol': 'EULUSDT', 'hours_since_loss': 11.6}
2026-07-26 09:37:28 | DEBUG | trading.strategy5_continuation:_scan_symbol:379 | S5 skip: recent loss on symbol | {'symbol': 'EULUSDT', 'hours_since_loss': 11.6}
2026-07-26 09:37:33 | DEBUG | trading.strategy5_continuation:_scan_symbol:379 | S5 skip: recent loss on symbol | {'symbol': 'EULUSDT', 'hours_since_loss': 11.6}
2026-07-26 09:37:38 | DEBUG | trading.strategy5_continuation:_scan_symbol:379 | S5 skip: recent loss on symbol | {'symbol': 'EULUSDT', 'hours_since_loss': 11.6}
2026-07-26 09:37:43 | DEBUG | trading.strategy5_continuation:_scan_symbol:379 | S5 skip: recent loss on symbol | {'symbol': 'EULUSDT', 'hours_since_loss': 11.6}
2026-07-26 09:37:49 | DEBUG | trading.strategy5_continuation:_scan_symbol:379 | S5 skip: recent loss on symbol | {'symbol': 'EULUSDT', 'hours_since_loss': 11.6}
2026-07-26 09:37:54 | DEBUG | trading.strategy5_continuation:_scan_symbol:379 | S5 skip: recent loss on symbol | {'symbol': 'EULUSDT', 'hours_since_loss': 11.6}
2026-07-26 09:37:59 | DEBUG | trading.strategy5_continuation:_scan_symbol:379 | S5 skip: recent loss on symbol | {'symbol': 'EULUSDT', 'hours_since_loss': 11.6}
2026-07-26 09:38:04 | DEBUG | trading.strategy5_continuation:_scan_symbol:379 | S5 skip: recent loss on symbol | {'symbol': 'EULUSDT', 'hours_since_loss': 11.6}
2026-07-26 09:38:09 | DEBUG | trading.strategy5_continuation:_scan_symbol:379 | S5 skip: recent loss on symbol | {'symbol': 'EULUSDT', 'hours_since_loss': 11.6}
2026-07-26 09:38:15 | DEBUG | trading.strategy5_continuation:_scan_symbol:379 | S5 skip: recent loss on symbol | {'symbol': 'EULUSDT', 'hours_since_loss': 11.6}
2026-07-26 09:38:20 | DEBUG | trading.strategy5_continuation:_scan_symbol:379 | S5 skip: recent loss on symbol | {'symbol': 'EULUSDT', 'hours_since_loss': 11.6}
2026-07-26 09:38:25 | DEBUG | trading.strategy5_continuation:_scan_symbol:379 | S5 skip: recent loss on symbol | {'symbol': 'EULUSDT', 'hours_since_loss': 11.6}
2026-07-26 09:38:30 | DEBUG | trading.strategy5_continuation:_scan_symbol:379 | S5 skip: recent loss on symbol | {'symbol': 'EULUSDT', 'hours_since_loss': 11.6}
2026-07-26 09:38:35 | DEBUG | trading.strategy5_continuation:_scan_symbol:379 | S5 skip: recent loss on symbol | {'symbol': 'EULUSDT', 'hours_since_loss': 11.6}
2026-07-26 09:38:40 | DEBUG | trading.strategy5_continuation:_scan_symbol:379 | S5 skip: recent loss on symbol | {'symbol': 'EULUSDT', 'hours_since_loss': 11.6}
2026-07-26 09:38:46 | DEBUG | trading.strategy5_continuation:_scan_symbol:379 | S5 skip: recent loss on symbol | {'symbol': 'EULUSDT', 'hours_since_loss': 11.6}
2026-07-26 09:38:51 | DEBUG | trading.strategy5_continuation:_scan_symbol:379 | S5 skip: recent loss on symbol | {'symbol': 'EULUSDT', 'hours_since_loss': 11.6}
2026-07-26 09:38:56 | DEBUG | trading.strategy5_continuation:_scan_symbol:379 | S5 skip: recent loss on symbol | {'symbol': 'EULUSDT', 'hours_since_loss': 11.6}
2026-07-26 09:39:01 | DEBUG | trading.strategy5_continuation:_scan_symbol:379 | S5 skip: recent loss on symbol | {'symbol': 'EULUSDT', 'hours_since_loss': 11.6}
2026-07-26 09:39:06 | DEBUG | trading.strategy5_continuation:_scan_symbol:379 | S5 skip: recent loss on symbol | {'symbol': 'EULUSDT', 'hours_since_loss': 11.6}
2026-07-26 09:39:12 | DEBUG | trading.strategy5_continuation:_scan_symbol:379 | S5 skip: recent loss on symbol | {'symbol': 'EULUSDT', 'hours_since_loss': 11.6}
2026-07-26 09:39:17 | DEBUG | trading.strategy5_continuation:_scan_symbol:379 | S5 skip: recent loss on symbol | {'symbol': 'EULUSDT', 'hours_since_loss': 11.6}
2026-07-26 09:39:22 | DEBUG | trading.strategy5_continuation:_scan_symbol:379 | S5 skip: recent loss on symbol | {'symbol': 'EULUSDT', 'hours_since_loss': 11.6}
2026-07-26 09:39:27 | DEBUG | trading.strategy5_continuation:_scan_symbol:379 | S5 skip: recent loss on symbol | {'symbol': 'EULUSDT', 'hours_since_loss': 11.6}
2026-07-26 09:39:32 | DEBUG | trading.strategy5_continuation:_scan_symbol:379 | S5 skip: recent loss on symbol | {'symbol': 'EULUSDT', 'hours_since_loss': 11.6}
2026-07-26 09:39:37 | DEBUG | trading.strategy5_continuation:_scan_symbol:379 | S5 skip: recent loss on symbol | {'symbol': 'EULUSDT', 'hours_since_loss': 11.6}
2026-07-26 09:39:43 | DEBUG | trading.strategy5_continuation:_scan_symbol:379 | S5 skip: recent loss on symbol | {'symbol': 'EULUSDT', 'hours_since_loss': 11.6}
2026-07-26 09:39:48 | DEBUG | trading.strategy5_continuation:_scan_symbol:379 | S5 skip: recent loss on symbol | {'symbol': 'EULUSDT', 'hours_since_loss': 11.6}
2026-07-26 09:39:53 | DEBUG | trading.strategy5_continuation:_scan_symbol:379 | S5 skip: recent loss on symbol | {'symbol': 'EULUSDT', 'hours_since_loss': 11.6}
2026-07-26 09:39:58 | DEBUG | trading.strategy5_continuation:_scan_symbol:379 | S5 skip: recent loss on symbol | {'symbol': 'EULUSDT', 'hours_since_loss': 11.6}
2026-07-26 09:40:03 | DEBUG | trading.strategy5_continuation:_scan_symbol:379 | S5 skip: recent loss on symbol | {'symbol': 'EULUSDT', 'hours_since_loss': 11.6}
2026-07-26 09:40:09 | DEBUG | trading.strategy5_continuation:_scan_symbol:379 | S5 skip: recent loss on symbol | {'symbol': 'EULUSDT', 'hours_since_loss': 11.6}
2026-07-26 09:40:14 | DEBUG | trading.strategy5_continuation:_scan_symbol:379 | S5 skip: recent loss on symbol | {'symbol': 'EULUSDT', 'hours_since_loss': 11.6}
2026-07-26 09:40:19 | DEBUG | trading.strategy5_continuation:_scan_symbol:379 | S5 skip: recent loss on symbol | {'symbol': 'EULUSDT', 'hours_since_loss': 11.6}
2026-07-26 09:40:24 | DEBUG | trading.strategy5_continuation:_scan_symbol:379 | S5 skip: recent loss on symbol | {'symbol': 'EULUSDT', 'hours_since_loss': 11.6}
2026-07-26 09:40:29 | DEBUG | trading.strategy5_continuation:_scan_symbol:379 | S5 skip: recent loss on symbol | {'symbol': 'EULUSDT', 'hours_since_loss': 11.6}
2026-07-26 09:40:34 | DEBUG | trading.strategy5_continuation:_scan_symbol:379 | S5 skip: recent loss on symbol | {'symbol': 'EULUSDT', 'hours_since_loss': 11.6}
2026-07-26 09:40:40 | DEBUG | trading.strategy5_continuation:_scan_symbol:379 | S5 skip: recent loss on symbol | {'symbol': 'EULUSDT', 'hours_since_loss': 11.6}
2026-07-26 09:40:45 | DEBUG | trading.strategy5_continuation:_scan_symbol:379 | S5 skip: recent loss on symbol | {'symbol': 'EULUSDT', 'hours_since_loss': 11.6}
2026-07-26 09:40:50 | DEBUG | trading.strategy5_continuation:_scan_symbol:379 | S5 skip: recent loss on symbol | {'symbol': 'EULUSDT', 'hours_since_loss': 11.6}
2026-07-26 09:40:55 | DEBUG | trading.strategy5_continuation:_scan_symbol:379 | S5 skip: recent loss on symbol | {'symbol': 'EULUSDT', 'hours_since_loss': 11.6}
2026-07-26 09:41:00 | DEBUG | trading.strategy5_continuation:_scan_symbol:379 | S5 skip: recent loss on symbol | {'symbol': 'EULUSDT', 'hours_since_loss': 11.6}
2026-07-26 09:41:05 | DEBUG | trading.strategy5_continuation:_scan_symbol:379 | S5 skip: recent loss on symbol | {'symbol': 'EULUSDT', 'hours_since_loss': 11.6}
2026-07-26 09:41:11 | DEBUG | trading.strategy5_continuation:_scan_symbol:379 | S5 skip: recent loss on symbol | {'symbol': 'EULUSDT', 'hours_since_loss': 11.6}
2026-07-26 09:41:16 | DEBUG | trading.strategy5_continuation:_scan_symbol:379 | S5 skip: recent loss on symbol | {'symbol': 'EULUSDT', 'hours_since_loss': 11.6}
2026-07-26 09:41:21 | DEBUG | trading.strategy5_continuation:_scan_symbol:379 | S5 skip: recent loss on symbol | {'symbol': 'EULUSDT', 'hours_since_loss': 11.6}
2026-07-26 09:41:26 | DEBUG | trading.strategy5_continuation:_scan_symbol:379 | S5 skip: recent loss on symbol | {'symbol': 'EULUSDT', 'hours_since_loss': 11.6}
2026-07-26 09:41:31 | DEBUG | trading.strategy5_continuation:_scan_symbol:379 | S5 skip: recent loss on symbol | {'symbol': 'EULUSDT', 'hours_since_loss': 11.6}
2026-07-26 09:41:36 | DEBUG | trading.strategy5_continuation:_scan_symbol:379 | S5 skip: recent loss on symbol | {'symbol': 'EULUSDT', 'hours_since_loss': 11.6}
2026-07-26 09:41:42 | DEBUG | trading.strategy5_continuation:_scan_symbol:379 | S5 skip: recent loss on symbol | {'symbol': 'EULUSDT', 'hours_since_loss': 11.6}
2026-07-26 09:41:47 | DEBUG | trading.strategy5_continuation:_scan_symbol:379 | S5 skip: recent loss on symbol | {'symbol': 'EULUSDT', 'hours_since_loss': 11.6}
2026-07-26 09:41:52 | DEBUG | trading.strategy5_continuation:_scan_symbol:379 | S5 skip: recent loss on symbol | {'symbol': 'EULUSDT', 'hours_since_loss': 11.6}
2026-07-26 09:41:57 | DEBUG | trading.strategy5_continuation:_scan_symbol:379 | S5 skip: recent loss on symbol | {'symbol': 'EULUSDT', 'hours_since_loss': 11.6}
2026-07-26 09:42:02 | DEBUG | trading.strategy5_continuation:_scan_symbol:379 | S5 skip: recent loss on symbol | {'symbol': 'EULUSDT', 'hours_since_loss': 11.6}
2026-07-26 09:42:08 | DEBUG | trading.strategy5_continuation:_scan_symbol:379 | S5 skip: recent loss on symbol | {'symbol': 'EULUSDT', 'hours_since_loss': 11.6}
2026-07-26 09:42:13 | DEBUG | trading.strategy5_continuation:_scan_symbol:379 | S5 skip: recent loss on symbol | {'symbol': 'EULUSDT', 'hours_since_loss': 11.6}
2026-07-26 09:42:18 | DEBUG | trading.strategy5_continuation:_scan_symbol:379 | S5 skip: recent loss on symbol | {'symbol': 'EULUSDT', 'hours_since_loss': 11.6}
2026-07-26 09:42:23 | DEBUG | trading.strategy5_continuation:_scan_symbol:379 | S5 skip: recent loss on symbol | {'symbol': 'EULUSDT', 'hours_since_loss': 11.6}
2026-07-26 09:42:28 | DEBUG | trading.strategy5_continuation:_scan_symbol:379 | S5 skip: recent loss on symbol | {'symbol': 'EULUSDT', 'hours_since_loss': 11.7}
2026-07-26 09:42:33 | DEBUG | trading.strategy5_continuation:_scan_symbol:379 | S5 skip: recent loss on symbol | {'symbol': 'EULUSDT', 'hours_since_loss': 11.7}
2026-07-26 09:42:39 | DEBUG | trading.strategy5_continuation:_scan_symbol:379 | S5 skip: recent loss on symbol | {'symbol': 'EULUSDT', 'hours_since_loss': 11.7}
2026-07-26 09:42:44 | DEBUG | trading.strategy5_continuation:_scan_symbol:379 | S5 skip: recent loss on symbol | {'symbol': 'EULUSDT', 'hours_since_loss': 11.7}
2026-07-26 09:42:49 | DEBUG | trading.strategy5_continuation:_scan_symbol:379 | S5 skip: recent loss on symbol | {'symbol': 'EULUSDT', 'hours_since_loss': 11.7}
2026-07-26 09:42:54 | DEBUG | trading.strategy5_continuation:_scan_symbol:379 | S5 skip: recent loss on symbol | {'symbol': 'EULUSDT', 'hours_since_loss': 11.7}
2026-07-26 09:42:59 | DEBUG | trading.strategy5_continuation:_scan_symbol:379 | S5 skip: recent loss on symbol | {'symbol': 'EULUSDT', 'hours_since_loss': 11.7}
2026-07-26 09:43:05 | DEBUG | trading.strategy5_continuation:_scan_symbol:379 | S5 skip: recent loss on symbol | {'symbol': 'EULUSDT', 'hours_since_loss': 11.7}
2026-07-26 09:43:10 | DEBUG | trading.strategy5_continuation:_scan_symbol:379 | S5 skip: recent loss on symbol | {'symbol': 'EULUSDT', 'hours_since_loss': 11.7}
2026-07-26 09:43:15 | DEBUG | trading.strategy5_continuation:_scan_symbol:379 | S5 skip: recent loss on symbol | {'symbol': 'EULUSDT', 'hours_since_loss': 11.7}
2026-07-26 09:43:20 | DEBUG | trading.strategy5_continuation:_scan_symbol:379 | S5 skip: recent loss on symbol | {'symbol': 'EULUSDT', 'hours_since_loss': 11.7}
2026-07-26 09:43:25 | DEBUG | trading.strategy5_continuation:_scan_symbol:379 | S5 skip: recent loss on symbol | {'symbol': 'EULUSDT', 'hours_since_loss': 11.7}
2026-07-26 09:43:30 | DEBUG | trading.strategy5_continuation:_scan_symbol:379 | S5 skip: recent loss on symbol | {'symbol': 'EULUSDT', 'hours_since_loss': 11.7}
2026-07-26 09:43:36 | DEBUG | trading.strategy5_continuation:_scan_symbol:379 | S5 skip: recent loss on symbol | {'symbol': 'EULUSDT', 'hours_since_loss': 11.7}
2026-07-26 09:43:41 | DEBUG | trading.strategy5_continuation:_scan_symbol:379 | S5 skip: recent loss on symbol | {'symbol': 'EULUSDT', 'hours_since_loss': 11.7}
2026-07-26 09:43:46 | DEBUG | trading.strategy5_continuation:_scan_symbol:379 | S5 skip: recent loss on symbol | {'symbol': 'EULUSDT', 'hours_since_loss': 11.7}
2026-07-26 09:43:51 | DEBUG | trading.strategy5_continuation:_scan_symbol:379 | S5 skip: recent loss on symbol | {'symbol': 'EULUSDT', 'hours_since_loss': 11.7}
2026-07-26 09:43:56 | DEBUG | trading.strategy5_continuation:_scan_symbol:379 | S5 skip: recent loss on symbol | {'symbol': 'EULUSDT', 'hours_since_loss': 11.7}
2026-07-26 09:44:02 | DEBUG | trading.strategy5_continuation:_scan_symbol:379 | S5 skip: recent loss on symbol | {'symbol': 'EULUSDT', 'hours_since_loss': 11.7}
2026-07-26 09:44:07 | DEBUG | trading.strategy5_continuation:_scan_symbol:379 | S5 skip: recent loss on symbol | {'symbol': 'EULUSDT', 'hours_since_loss': 11.7}
2026-07-26 09:44:12 | DEBUG | trading.strategy5_continuation:_scan_symbol:379 | S5 skip: recent loss on symbol | {'symbol': 'EULUSDT', 'hours_since_loss': 11.7}
2026-07-26 09:44:17 | DEBUG | trading.strategy5_continuation:_scan_symbol:379 | S5 skip: recent loss on symbol | {'symbol': 'EULUSDT', 'hours_since_loss': 11.7}
2026-07-26 09:44:22 | DEBUG | trading.strategy5_continuation:_scan_symbol:379 | S5 skip: recent loss on symbol | {'symbol': 'EULUSDT', 'hours_since_loss': 11.7}
2026-07-26 09:44:28 | DEBUG | trading.strategy5_continuation:_scan_symbol:379 | S5 skip: recent loss on symbol | {'symbol': 'EULUSDT', 'hours_since_loss': 11.7}
2026-07-26 09:44:33 | DEBUG | trading.strategy5_continuation:_scan_symbol:379 | S5 skip: recent loss on symbol | {'symbol': 'EULUSDT', 'hours_since_loss': 11.7}
2026-07-26 09:44:38 | DEBUG | trading.strategy5_continuation:_scan_symbol:379 | S5 skip: recent loss on symbol | {'symbol': 'EULUSDT', 'hours_since_loss': 11.7}
2026-07-26 09:44:43 | DEBUG | trading.strategy5_continuation:_scan_symbol:379 | S5 skip: recent loss on symbol | {'symbol': 'EULUSDT', 'hours_since_loss': 11.7}
2026-07-26 09:44:48 | DEBUG | trading.strategy5_continuation:_scan_symbol:379 | S5 skip: recent loss on symbol | {'symbol': 'EULUSDT', 'hours_since_loss': 11.7}
2026-07-26 09:44:53 | DEBUG | trading.strategy5_continuation:_scan_symbol:379 | S5 skip: recent loss on symbol | {'symbol': 'EULUSDT', 'hours_since_loss': 11.7}
2026-07-26 09:44:59 | DEBUG | trading.strategy5_continuation:_scan_symbol:379 | S5 skip: recent loss on symbol | {'symbol': 'EULUSDT', 'hours_since_loss': 11.7}
2026-07-26 09:45:04 | DEBUG | trading.strategy5_continuation:_scan_symbol:379 | S5 skip: recent loss on symbol | {'symbol': 'EULUSDT', 'hours_since_loss': 11.7}
2026-07-26 09:45:09 | DEBUG | trading.strategy5_continuation:_scan_symbol:379 | S5 skip: recent loss on symbol | {'symbol': 'EULUSDT', 'hours_since_loss': 11.7}
2026-07-26 09:45:14 | DEBUG | trading.strategy5_continuation:_scan_symbol:379 | S5 skip: recent loss on symbol | {'symbol': 'EULUSDT', 'hours_since_loss': 11.7}
2026-07-26 09:45:19 | DEBUG | trading.strategy5_continuation:_scan_symbol:379 | S5 skip: recent loss on symbol | {'symbol': 'EULUSDT', 'hours_since_loss': 11.7}
2026-07-26 09:45:24 | DEBUG | trading.strategy5_continuation:_scan_symbol:379 | S5 skip: recent loss on symbol | {'symbol': 'EULUSDT', 'hours_since_loss': 11.7}
2026-07-26 09:45:30 | DEBUG | trading.strategy5_continuation:_scan_symbol:379 | S5 skip: recent loss on symbol | {'symbol': 'EULUSDT', 'hours_since_loss': 11.7}
2026-07-26 09:45:35 | DEBUG | trading.strategy5_continuation:_scan_symbol:379 | S5 skip: recent loss on symbol | {'symbol': 'EULUSDT', 'hours_since_loss': 11.7}
2026-07-26 09:45:40 | DEBUG | trading.strategy5_continuation:_scan_symbol:379 | S5 skip: recent loss on symbol | {'symbol': 'EULUSDT', 'hours_since_loss': 11.7}
2026-07-26 09:45:45 | DEBUG | trading.strategy5_continuation:_scan_symbol:379 | S5 skip: recent loss on symbol | {'symbol': 'EULUSDT', 'hours_since_loss': 11.7}
2026-07-26 09:45:50 | DEBUG | trading.strategy5_continuation:_scan_symbol:379 | S5 skip: recent loss on symbol | {'symbol': 'EULUSDT', 'hours_since_loss': 11.7}
2026-07-26 09:45:55 | DEBUG | trading.strategy5_continuation:_scan_symbol:379 | S5 skip: recent loss on symbol | {'symbol': 'EULUSDT', 'hours_since_loss': 11.7}
2026-07-26 09:46:01 | DEBUG | trading.strategy5_continuation:_scan_symbol:379 | S5 skip: recent loss on symbol | {'symbol': 'EULUSDT', 'hours_since_loss': 11.7}
2026-07-26 09:46:06 | DEBUG | trading.strategy5_continuation:_scan_symbol:379 | S5 skip: recent loss on symbol | {'symbol': 'EULUSDT', 'hours_since_loss': 11.7}
2026-07-26 09:46:11 | DEBUG | trading.strategy5_continuation:_scan_symbol:379 | S5 skip: recent loss on symbol | {'symbol': 'EULUSDT', 'hours_since_loss': 11.7}
2026-07-26 09:46:16 | DEBUG | trading.strategy5_continuation:_scan_symbol:379 | S5 skip: recent loss on symbol | {'symbol': 'EULUSDT', 'hours_since_loss': 11.7}
2026-07-26 09:46:21 | DEBUG | trading.strategy5_continuation:_scan_symbol:379 | S5 skip: recent loss on symbol | {'symbol': 'EULUSDT', 'hours_since_loss': 11.7}
2026-07-26 09:46:27 | DEBUG | trading.strategy5_continuation:_scan_symbol:379 | S5 skip: recent loss on symbol | {'symbol': 'EULUSDT', 'hours_since_loss': 11.7}
2026-07-26 09:46:32 | DEBUG | trading.strategy5_continuation:_scan_symbol:379 | S5 skip: recent loss on symbol | {'symbol': 'EULUSDT', 'hours_since_loss': 11.7}
2026-07-26 09:46:37 | DEBUG | trading.strategy5_continuation:_scan_symbol:379 | S5 skip: recent loss on symbol | {'symbol': 'EULUSDT', 'hours_since_loss': 11.7}
2026-07-26 09:46:42 | DEBUG | trading.strategy5_continuation:_scan_symbol:379 | S5 skip: recent loss on symbol | {'symbol': 'EULUSDT', 'hours_since_loss': 11.7}
2026-07-26 09:46:47 | DEBUG | trading.strategy5_continuation:_scan_symbol:379 | S5 skip: recent loss on symbol | {'symbol': 'EULUSDT', 'hours_since_loss': 11.7}
2026-07-26 09:46:52 | DEBUG | trading.strategy5_continuation:_scan_symbol:379 | S5 skip: recent loss on symbol | {'symbol': 'EULUSDT', 'hours_since_loss': 11.7}
2026-07-26 09:46:58 | DEBUG | trading.strategy5_continuation:_scan_symbol:379 | S5 skip: recent loss on symbol | {'symbol': 'EULUSDT', 'hours_since_loss': 11.7}
2026-07-26 09:47:03 | DEBUG | trading.strategy5_continuation:_scan_symbol:379 | S5 skip: recent loss on symbol | {'symbol': 'EULUSDT', 'hours_since_loss': 11.7}
2026-07-26 09:47:08 | DEBUG | trading.strategy5_continuation:_scan_symbol:379 | S5 skip: recent loss on symbol | {'symbol': 'EULUSDT', 'hours_since_loss': 11.7}
2026-07-26 09:47:13 | DEBUG | trading.strategy5_continuation:_scan_symbol:379 | S5 skip: recent loss on symbol | {'symbol': 'EULUSDT', 'hours_since_loss': 11.7}
2026-07-26 09:47:18 | DEBUG | trading.strategy5_continuation:_scan_symbol:379 | S5 skip: recent loss on symbol | {'symbol': 'EULUSDT', 'hours_since_loss': 11.7}
2026-07-26 09:47:24 | DEBUG | trading.strategy5_continuation:_scan_symbol:379 | S5 skip: recent loss on symbol | {'symbol': 'EULUSDT', 'hours_since_loss': 11.7}
2026-07-26 09:47:29 | DEBUG | trading.strategy5_continuation:_scan_symbol:379 | S5 skip: recent loss on symbol | {'symbol': 'EULUSDT', 'hours_since_loss': 11.7}
2026-07-26 09:47:34 | DEBUG | trading.strategy5_continuation:_scan_symbol:379 | S5 skip: recent loss on symbol | {'symbol': 'EULUSDT', 'hours_since_loss': 11.7}
2026-07-26 09:47:39 | DEBUG | trading.strategy5_continuation:_scan_symbol:379 | S5 skip: recent loss on symbol | {'symbol': 'EULUSDT', 'hours_since_loss': 11.7}
2026-07-26 09:47:44 | DEBUG | trading.strategy5_continuation:_scan_symbol:379 | S5 skip: recent loss on symbol | {'symbol': 'EULUSDT', 'hours_since_loss': 11.7}
2026-07-26 09:47:50 | DEBUG | trading.strategy5_continuation:_scan_symbol:379 | S5 skip: recent loss on symbol | {'symbol': 'EULUSDT', 'hours_since_loss': 11.7}
2026-07-26 09:47:55 | DEBUG | trading.strategy5_continuation:_scan_symbol:379 | S5 skip: recent loss on symbol | {'symbol': 'EULUSDT', 'hours_since_loss': 11.7}
2026-07-26 09:48:00 | DEBUG | trading.strategy5_continuation:_scan_symbol:379 | S5 skip: recent loss on symbol | {'symbol': 'EULUSDT', 'hours_since_loss': 11.7}
2026-07-26 09:48:05 | DEBUG | trading.strategy5_continuation:_scan_symbol:379 | S5 skip: recent loss on symbol | {'symbol': 'EULUSDT', 'hours_since_loss': 11.7}
2026-07-26 09:48:10 | DEBUG | trading.strategy5_continuation:_scan_symbol:379 | S5 skip: recent loss on symbol | {'symbol': 'EULUSDT', 'hours_since_loss': 11.7}
2026-07-26 09:48:15 | DEBUG | trading.strategy5_continuation:_scan_symbol:379 | S5 skip: recent loss on symbol | {'symbol': 'EULUSDT', 'hours_since_loss': 11.7}
2026-07-26 09:48:21 | DEBUG | trading.strategy5_continuation:_scan_symbol:379 | S5 skip: recent loss on symbol | {'symbol': 'EULUSDT', 'hours_since_loss': 11.7}
2026-07-26 09:48:26 | DEBUG | trading.strategy5_continuation:_scan_symbol:379 | S5 skip: recent loss on symbol | {'symbol': 'EULUSDT', 'hours_since_loss': 11.7}
2026-07-26 09:48:31 | DEBUG | trading.strategy5_continuation:_scan_symbol:379 | S5 skip: recent loss on symbol | {'symbol': 'EULUSDT', 'hours_since_loss': 11.8}
2026-07-26 09:48:36 | DEBUG | trading.strategy5_continuation:_scan_symbol:379 | S5 skip: recent loss on symbol | {'symbol': 'EULUSDT', 'hours_since_loss': 11.8}
2026-07-26 09:48:41 | DEBUG | trading.strategy5_continuation:_scan_symbol:379 | S5 skip: recent loss on symbol | {'symbol': 'EULUSDT', 'hours_since_loss': 11.8}
2026-07-26 09:48:47 | DEBUG | trading.strategy5_continuation:_scan_symbol:379 | S5 skip: recent loss on symbol | {'symbol': 'EULUSDT', 'hours_since_loss': 11.8}
2026-07-26 09:48:52 | DEBUG | trading.strategy5_continuation:_scan_symbol:379 | S5 skip: recent loss on symbol | {'symbol': 'EULUSDT', 'hours_since_loss': 11.8}
2026-07-26 09:48:57 | DEBUG | trading.strategy5_continuation:_scan_symbol:379 | S5 skip: recent loss on symbol | {'symbol': 'EULUSDT', 'hours_since_loss': 11.8}
2026-07-26 09:49:02 | DEBUG | trading.strategy5_continuation:_scan_symbol:379 | S5 skip: recent loss on symbol | {'symbol': 'EULUSDT', 'hours_since_loss': 11.8}
2026-07-26 09:49:07 | DEBUG | trading.strategy5_continuation:_scan_symbol:379 | S5 skip: recent loss on symbol | {'symbol': 'EULUSDT', 'hours_since_loss': 11.8}
2026-07-26 09:49:12 | DEBUG | trading.strategy5_continuation:_scan_symbol:379 | S5 skip: recent loss on symbol | {'symbol': 'EULUSDT', 'hours_since_loss': 11.8}
2026-07-26 09:49:18 | DEBUG | trading.strategy5_continuation:_scan_symbol:379 | S5 skip: recent loss on symbol | {'symbol': 'EULUSDT', 'hours_since_loss': 11.8}
2026-07-26 09:49:23 | DEBUG | trading.strategy5_continuation:_scan_symbol:379 | S5 skip: recent loss on symbol | {'symbol': 'EULUSDT', 'hours_since_loss': 11.8}
2026-07-26 09:49:28 | DEBUG | trading.strategy5_continuation:_scan_symbol:379 | S5 skip: recent loss on symbol | {'symbol': 'EULUSDT', 'hours_since_loss': 11.8}
2026-07-26 09:49:33 | DEBUG | trading.strategy5_continuation:_scan_symbol:379 | S5 skip: recent loss on symbol | {'symbol': 'EULUSDT', 'hours_since_loss': 11.8}
2026-07-26 09:49:38 | DEBUG | trading.strategy5_continuation:_scan_symbol:379 | S5 skip: recent loss on symbol | {'symbol': 'EULUSDT', 'hours_since_loss': 11.8}
2026-07-26 09:49:44 | DEBUG | trading.strategy5_continuation:_scan_symbol:379 | S5 skip: recent loss on symbol | {'symbol': 'EULUSDT', 'hours_since_loss': 11.8}
2026-07-26 09:49:49 | DEBUG | trading.strategy5_continuation:_scan_symbol:379 | S5 skip: recent loss on symbol | {'symbol': 'EULUSDT', 'hours_since_loss': 11.8}
2026-07-26 09:49:54 | DEBUG | trading.strategy5_continuation:_scan_symbol:379 | S5 skip: recent loss on symbol | {'symbol': 'EULUSDT', 'hours_since_loss': 11.8}
2026-07-26 09:49:59 | DEBUG | trading.strategy5_continuation:_scan_symbol:379 | S5 skip: recent loss on symbol | {'symbol': 'EULUSDT', 'hours_since_loss': 11.8}
2026-07-26 09:50:04 | DEBUG | trading.strategy5_continuation:_scan_symbol:379 | S5 skip: recent loss on symbol | {'symbol': 'EULUSDT', 'hours_since_loss': 11.8}
2026-07-26 09:50:10 | DEBUG | trading.strategy5_continuation:_scan_symbol:379 | S5 skip: recent loss on symbol | {'symbol': 'EULUSDT', 'hours_since_loss': 11.8}
2026-07-26 09:50:15 | DEBUG | trading.strategy5_continuation:_scan_symbol:379 | S5 skip: recent loss on symbol | {'symbol': 'EULUSDT', 'hours_since_loss': 11.8}
2026-07-26 09:50:20 | DEBUG | trading.strategy5_continuation:_scan_symbol:379 | S5 skip: recent loss on symbol | {'symbol': 'EULUSDT', 'hours_since_loss': 11.8}
2026-07-26 09:50:25 | DEBUG | trading.strategy5_continuation:_scan_symbol:379 | S5 skip: recent loss on symbol | {'symbol': 'EULUSDT', 'hours_since_loss': 11.8}
2026-07-26 09:50:30 | DEBUG | trading.strategy5_continuation:_scan_symbol:379 | S5 skip: recent loss on symbol | {'symbol': 'EULUSDT', 'hours_since_loss': 11.8}
2026-07-26 09:50:35 | DEBUG | trading.strategy5_continuation:_scan_symbol:379 | S5 skip: recent loss on symbol | {'symbol': 'EULUSDT', 'hours_since_loss': 11.8}
2026-07-26 09:50:41 | DEBUG | trading.strategy5_continuation:_scan_symbol:379 | S5 skip: recent loss on symbol | {'symbol': 'EULUSDT', 'hours_since_loss': 11.8}
2026-07-26 09:50:46 | DEBUG | trading.strategy5_continuation:_scan_symbol:379 | S5 skip: recent loss on symbol | {'symbol': 'EULUSDT', 'hours_since_loss': 11.8}
2026-07-26 09:50:51 | DEBUG | trading.strategy5_continuation:_scan_symbol:379 | S5 skip: recent loss on symbol | {'symbol': 'EULUSDT', 'hours_since_loss': 11.8}
2026-07-26 09:50:56 | DEBUG | trading.strategy5_continuation:_scan_symbol:379 | S5 skip: recent loss on symbol | {'symbol': 'EULUSDT', 'hours_since_loss': 11.8}
2026-07-26 09:51:02 | DEBUG | trading.strategy5_continuation:_scan_symbol:379 | S5 skip: recent loss on symbol | {'symbol': 'EULUSDT', 'hours_since_loss': 11.8}
2026-07-26 09:51:07 | DEBUG | trading.strategy5_continuation:_scan_symbol:379 | S5 skip: recent loss on symbol | {'symbol': 'EULUSDT', 'hours_since_loss': 11.8}
2026-07-26 09:51:12 | DEBUG | trading.strategy5_continuation:_scan_symbol:379 | S5 skip: recent loss on symbol | {'symbol': 'EULUSDT', 'hours_since_loss': 11.8}
2026-07-26 09:51:17 | DEBUG | trading.strategy5_continuation:_scan_symbol:379 | S5 skip: recent loss on symbol | {'symbol': 'EULUSDT', 'hours_since_loss': 11.8}
2026-07-26 09:51:22 | DEBUG | trading.strategy5_continuation:_scan_symbol:379 | S5 skip: recent loss on symbol | {'symbol': 'EULUSDT', 'hours_since_loss': 11.8}
2026-07-26 09:51:27 | DEBUG | trading.strategy5_continuation:_scan_symbol:379 | S5 skip: recent loss on symbol | {'symbol': 'EULUSDT', 'hours_since_loss': 11.8}
2026-07-26 09:51:32 | DEBUG | trading.strategy5_continuation:_scan_symbol:379 | S5 skip: recent loss on symbol | {'symbol': 'EULUSDT', 'hours_since_loss': 11.8}
2026-07-26 09:51:38 | DEBUG | trading.strategy5_continuation:_scan_symbol:379 | S5 skip: recent loss on symbol | {'symbol': 'EULUSDT', 'hours_since_loss': 11.8}
2026-07-26 09:51:43 | DEBUG | trading.strategy5_continuation:_scan_symbol:379 | S5 skip: recent loss on symbol | {'symbol': 'EULUSDT', 'hours_since_loss': 11.8}
2026-07-26 09:51:48 | DEBUG | trading.strategy5_continuation:_scan_symbol:379 | S5 skip: recent loss on symbol | {'symbol': 'EULUSDT', 'hours_since_loss': 11.8}
2026-07-26 09:51:53 | DEBUG | trading.strategy5_continuation:_scan_symbol:379 | S5 skip: recent loss on symbol | {'symbol': 'EULUSDT', 'hours_since_loss': 11.8}
2026-07-26 09:51:58 | DEBUG | trading.strategy5_continuation:_scan_symbol:379 | S5 skip: recent loss on symbol | {'symbol': 'EULUSDT', 'hours_since_loss': 11.8}
2026-07-26 09:52:03 | DEBUG | trading.strategy5_continuation:_scan_symbol:379 | S5 skip: recent loss on symbol | {'symbol': 'EULUSDT', 'hours_since_loss': 11.8}
2026-07-26 09:52:09 | DEBUG | trading.strategy5_continuation:_scan_symbol:379 | S5 skip: recent loss on symbol | {'symbol': 'EULUSDT', 'hours_since_loss': 11.8}
2026-07-26 09:52:14 | DEBUG | trading.strategy5_continuation:_scan_symbol:379 | S5 skip: recent loss on symbol | {'symbol': 'EULUSDT', 'hours_since_loss': 11.8}
2026-07-26 09:52:19 | DEBUG | trading.strategy5_continuation:_scan_symbol:379 | S5 skip: recent loss on symbol | {'symbol': 'EULUSDT', 'hours_since_loss': 11.8}
2026-07-26 09:52:24 | DEBUG | trading.strategy5_continuation:_scan_symbol:379 | S5 skip: recent loss on symbol | {'symbol': 'EULUSDT', 'hours_since_loss': 11.8}
2026-07-26 09:52:29 | DEBUG | trading.strategy5_continuation:_scan_symbol:379 | S5 skip: recent loss on symbol | {'symbol': 'EULUSDT', 'hours_since_loss': 11.8}
2026-07-26 09:52:35 | DEBUG | trading.strategy5_continuation:_scan_symbol:379 | S5 skip: recent loss on symbol | {'symbol': 'EULUSDT', 'hours_since_loss': 11.8}
2026-07-26 09:52:40 | DEBUG | trading.strategy5_continuation:_scan_symbol:379 | S5 skip: recent loss on symbol | {'symbol': 'EULUSDT', 'hours_since_loss': 11.8}
2026-07-26 09:52:45 | DEBUG | trading.strategy5_continuation:_scan_symbol:379 | S5 skip: recent loss on symbol | {'symbol': 'EULUSDT', 'hours_since_loss': 11.8}
2026-07-26 09:52:50 | DEBUG | trading.strategy5_continuation:_scan_symbol:379 | S5 skip: recent loss on symbol | {'symbol': 'EULUSDT', 'hours_since_loss': 11.8}
2026-07-26 09:52:55 | DEBUG | trading.strategy5_continuation:_scan_symbol:379 | S5 skip: recent loss on symbol | {'symbol': 'EULUSDT', 'hours_since_loss': 11.8}
2026-07-26 09:53:00 | DEBUG | trading.strategy5_continuation:_scan_symbol:379 | S5 skip: recent loss on symbol | {'symbol': 'EULUSDT', 'hours_since_loss': 11.8}
2026-07-26 09:53:06 | DEBUG | trading.strategy5_continuation:_scan_symbol:379 | S5 skip: recent loss on symbol | {'symbol': 'EULUSDT', 'hours_since_loss': 11.8}
2026-07-26 09:53:11 | DEBUG | trading.strategy5_continuation:_scan_symbol:379 | S5 skip: recent loss on symbol | {'symbol': 'EULUSDT', 'hours_since_loss': 11.8}
2026-07-26 09:53:16 | DEBUG | trading.strategy5_continuation:_scan_symbol:379 | S5 skip: recent loss on symbol | {'symbol': 'EULUSDT', 'hours_since_loss': 11.8}
2026-07-26 09:53:21 | DEBUG | trading.strategy5_continuation:_scan_symbol:379 | S5 skip: recent loss on symbol | {'symbol': 'EULUSDT', 'hours_since_loss': 11.8}
2026-07-26 09:53:26 | DEBUG | trading.strategy5_continuation:_scan_symbol:379 | S5 skip: recent loss on symbol | {'symbol': 'EULUSDT', 'hours_since_loss': 11.8}
2026-07-26 09:53:32 | DEBUG | trading.strategy5_continuation:_scan_symbol:379 | S5 skip: recent loss on symbol | {'symbol': 'EULUSDT', 'hours_since_loss': 11.8}
2026-07-26 09:53:37 | DEBUG | trading.strategy5_continuation:_scan_symbol:379 | S5 skip: recent loss on symbol | {'symbol': 'EULUSDT', 'hours_since_loss': 11.8}
2026-07-26 09:53:42 | DEBUG | trading.strategy5_continuation:_scan_symbol:379 | S5 skip: recent loss on symbol | {'symbol': 'EULUSDT', 'hours_since_loss': 11.8}
2026-07-26 09:53:47 | DEBUG | trading.strategy5_continuation:_scan_symbol:379 | S5 skip: recent loss on symbol | {'symbol': 'EULUSDT', 'hours_since_loss': 11.8}
2026-07-26 09:53:52 | DEBUG | trading.strategy5_continuation:_scan_symbol:379 | S5 skip: recent loss on symbol | {'symbol': 'EULUSDT', 'hours_since_loss': 11.8}
2026-07-26 09:53:58 | DEBUG | trading.strategy5_continuation:_scan_symbol:379 | S5 skip: recent loss on symbol | {'symbol': 'EULUSDT', 'hours_since_loss': 11.8}
2026-07-26 09:54:03 | DEBUG | trading.strategy5_continuation:_scan_symbol:379 | S5 skip: recent loss on symbol | {'symbol': 'EULUSDT', 'hours_since_loss': 11.8}
2026-07-26 09:54:08 | DEBUG | trading.strategy5_continuation:_scan_symbol:379 | S5 skip: recent loss on symbol | {'symbol': 'EULUSDT', 'hours_since_loss': 11.8}
2026-07-26 09:54:13 | DEBUG | trading.strategy5_continuation:_scan_symbol:379 | S5 skip: recent loss on symbol | {'symbol': 'EULUSDT', 'hours_since_loss': 11.8}
2026-07-26 09:54:18 | DEBUG | trading.strategy5_continuation:_scan_symbol:379 | S5 skip: recent loss on symbol | {'symbol': 'EULUSDT', 'hours_since_loss': 11.8}
2026-07-26 09:54:23 | DEBUG | trading.strategy5_continuation:_scan_symbol:379 | S5 skip: recent loss on symbol | {'symbol': 'EULUSDT', 'hours_since_loss': 11.8}
2026-07-26 09:54:29 | DEBUG | trading.strategy5_continuation:_scan_symbol:379 | S5 skip: recent loss on symbol | {'symbol': 'EULUSDT', 'hours_since_loss': 11.9}
2026-07-26 09:54:34 | DEBUG | trading.strategy5_continuation:_scan_symbol:379 | S5 skip: recent loss on symbol | {'symbol': 'EULUSDT', 'hours_since_loss': 11.9}
2026-07-26 09:54:39 | DEBUG | trading.strategy5_continuation:_scan_symbol:379 | S5 skip: recent loss on symbol | {'symbol': 'EULUSDT', 'hours_since_loss': 11.9}
2026-07-26 09:54:44 | DEBUG | trading.strategy5_continuation:_scan_symbol:379 | S5 skip: recent loss on symbol | {'symbol': 'EULUSDT', 'hours_since_loss': 11.9}
2026-07-26 09:54:49 | DEBUG | trading.strategy5_continuation:_scan_symbol:379 | S5 skip: recent loss on symbol | {'symbol': 'EULUSDT', 'hours_since_loss': 11.9}
2026-07-26 09:54:55 | DEBUG | trading.strategy5_continuation:_scan_symbol:379 | S5 skip: recent loss on symbol | {'symbol': 'EULUSDT', 'hours_since_loss': 11.9}
2026-07-26 09:55:00 | DEBUG | trading.strategy5_continuation:_scan_symbol:379 | S5 skip: recent loss on symbol | {'symbol': 'EULUSDT', 'hours_since_loss': 11.9}
2026-07-26 09:55:05 | DEBUG | trading.strategy5_continuation:_scan_symbol:379 | S5 skip: recent loss on symbol | {'symbol': 'EULUSDT', 'hours_since_loss': 11.9}
2026-07-26 09:55:10 | DEBUG | trading.strategy5_continuation:_scan_symbol:379 | S5 skip: recent loss on symbol | {'symbol': 'EULUSDT', 'hours_since_loss': 11.9}
2026-07-26 09:55:15 | DEBUG | trading.strategy5_continuation:_scan_symbol:379 | S5 skip: recent loss on symbol | {'symbol': 'EULUSDT', 'hours_since_loss': 11.9}
2026-07-26 09:55:21 | DEBUG | trading.strategy5_continuation:_scan_symbol:379 | S5 skip: recent loss on symbol | {'symbol': 'EULUSDT', 'hours_since_loss': 11.9}
2026-07-26 09:55:26 | DEBUG | trading.strategy5_continuation:_scan_symbol:379 | S5 skip: recent loss on symbol | {'symbol': 'EULUSDT', 'hours_since_loss': 11.9}
2026-07-26 09:55:31 | DEBUG | trading.strategy5_continuation:_scan_symbol:379 | S5 skip: recent loss on symbol | {'symbol': 'EULUSDT', 'hours_since_loss': 11.9}
2026-07-26 09:55:36 | DEBUG | trading.strategy5_continuation:_scan_symbol:379 | S5 skip: recent loss on symbol | {'symbol': 'EULUSDT', 'hours_since_loss': 11.9}
2026-07-26 09:55:41 | DEBUG | trading.strategy5_continuation:_scan_symbol:379 | S5 skip: recent loss on symbol | {'symbol': 'EULUSDT', 'hours_since_loss': 11.9}
2026-07-26 09:55:46 | DEBUG | trading.strategy5_continuation:_scan_symbol:379 | S5 skip: recent loss on symbol | {'symbol': 'EULUSDT', 'hours_since_loss': 11.9}
2026-07-26 09:55:52 | DEBUG | trading.strategy5_continuation:_scan_symbol:379 | S5 skip: recent loss on symbol | {'symbol': 'EULUSDT', 'hours_since_loss': 11.9}
2026-07-26 09:55:57 | DEBUG | trading.strategy5_continuation:_scan_symbol:379 | S5 skip: recent loss on symbol | {'symbol': 'EULUSDT', 'hours_since_loss': 11.9}
2026-07-26 09:56:02 | DEBUG | trading.strategy5_continuation:_scan_symbol:379 | S5 skip: recent loss on symbol | {'symbol': 'EULUSDT', 'hours_since_loss': 11.9}
2026-07-26 09:56:07 | DEBUG | trading.strategy5_continuation:_scan_symbol:379 | S5 skip: recent loss on symbol | {'symbol': 'EULUSDT', 'hours_since_loss': 11.9}
2026-07-26 09:56:12 | DEBUG | trading.strategy5_continuation:_scan_symbol:379 | S5 skip: recent loss on symbol | {'symbol': 'EULUSDT', 'hours_since_loss': 11.9}
2026-07-26 09:56:18 | DEBUG | trading.strategy5_continuation:_scan_symbol:379 | S5 skip: recent loss on symbol | {'symbol': 'EULUSDT', 'hours_since_loss': 11.9}
2026-07-26 09:56:23 | DEBUG | trading.strategy5_continuation:_scan_symbol:379 | S5 skip: recent loss on symbol | {'symbol': 'EULUSDT', 'hours_since_loss': 11.9}
2026-07-26 09:56:28 | DEBUG | trading.strategy5_continuation:_scan_symbol:379 | S5 skip: recent loss on symbol | {'symbol': 'EULUSDT', 'hours_since_loss': 11.9}
2026-07-26 09:56:33 | DEBUG | trading.strategy5_continuation:_scan_symbol:379 | S5 skip: recent loss on symbol | {'symbol': 'EULUSDT', 'hours_since_loss': 11.9}
2026-07-26 09:56:38 | DEBUG | trading.strategy5_continuation:_scan_symbol:379 | S5 skip: recent loss on symbol | {'symbol': 'EULUSDT', 'hours_since_loss': 11.9}
2026-07-26 09:56:43 | DEBUG | trading.strategy5_continuation:_scan_symbol:379 | S5 skip: recent loss on symbol | {'symbol': 'EULUSDT', 'hours_since_loss': 11.9}
2026-07-26 09:56:49 | DEBUG | trading.strategy5_continuation:_scan_symbol:379 | S5 skip: recent loss on symbol | {'symbol': 'EULUSDT', 'hours_since_loss': 11.9}
2026-07-26 09:56:54 | DEBUG | trading.strategy5_continuation:_scan_symbol:379 | S5 skip: recent loss on symbol | {'symbol': 'EULUSDT', 'hours_since_loss': 11.9}
2026-07-26 09:56:59 | DEBUG | trading.strategy5_continuation:_scan_symbol:379 | S5 skip: recent loss on symbol | {'symbol': 'EULUSDT', 'hours_since_loss': 11.9}
2026-07-26 09:57:04 | DEBUG | trading.strategy5_continuation:_scan_symbol:379 | S5 skip: recent loss on symbol | {'symbol': 'EULUSDT', 'hours_since_loss': 11.9}
2026-07-26 09:57:09 | DEBUG | trading.strategy5_continuation:_scan_symbol:379 | S5 skip: recent loss on symbol | {'symbol': 'EULUSDT', 'hours_since_loss': 11.9}
2026-07-26 09:57:15 | DEBUG | trading.strategy5_continuation:_scan_symbol:379 | S5 skip: recent loss on symbol | {'symbol': 'EULUSDT', 'hours_since_loss': 11.9}
2026-07-26 09:57:20 | DEBUG | trading.strategy5_continuation:_scan_symbol:379 | S5 skip: recent loss on symbol | {'symbol': 'EULUSDT', 'hours_since_loss': 11.9}
2026-07-26 09:57:25 | DEBUG | trading.strategy5_continuation:_scan_symbol:379 | S5 skip: recent loss on symbol | {'symbol': 'EULUSDT', 'hours_since_loss': 11.9}
2026-07-26 09:57:30 | DEBUG | trading.strategy5_continuation:_scan_symbol:379 | S5 skip: recent loss on symbol | {'symbol': 'EULUSDT', 'hours_since_loss': 11.9}
2026-07-26 09:57:35 | DEBUG | trading.strategy5_continuation:_scan_symbol:379 | S5 skip: recent loss on symbol | {'symbol': 'EULUSDT', 'hours_since_loss': 11.9}
2026-07-26 09:57:40 | DEBUG | trading.strategy5_continuation:_scan_symbol:379 | S5 skip: recent loss on symbol | {'symbol': 'EULUSDT', 'hours_since_loss': 11.9}
2026-07-26 09:57:46 | DEBUG | trading.strategy5_continuation:_scan_symbol:379 | S5 skip: recent loss on symbol | {'symbol': 'EULUSDT', 'hours_since_loss': 11.9}
2026-07-26 09:57:51 | DEBUG | trading.strategy5_continuation:_scan_symbol:379 | S5 skip: recent loss on symbol | {'symbol': 'EULUSDT', 'hours_since_loss': 11.9}
2026-07-26 09:57:56 | DEBUG | trading.strategy5_continuation:_scan_symbol:379 | S5 skip: recent loss on symbol | {'symbol': 'EULUSDT', 'hours_since_loss': 11.9}
2026-07-26 09:58:01 | DEBUG | trading.strategy5_continuation:_scan_symbol:379 | S5 skip: recent loss on symbol | {'symbol': 'EULUSDT', 'hours_since_loss': 11.9}
2026-07-26 09:58:06 | DEBUG | trading.strategy5_continuation:_scan_symbol:379 | S5 skip: recent loss on symbol | {'symbol': 'EULUSDT', 'hours_since_loss': 11.9}
2026-07-26 09:58:12 | DEBUG | trading.strategy5_continuation:_scan_symbol:379 | S5 skip: recent loss on symbol | {'symbol': 'EULUSDT', 'hours_since_loss': 11.9}
2026-07-26 09:58:17 | DEBUG | trading.strategy5_continuation:_scan_symbol:379 | S5 skip: recent loss on symbol | {'symbol': 'EULUSDT', 'hours_since_loss': 11.9}
2026-07-26 09:58:22 | DEBUG | trading.strategy5_continuation:_scan_symbol:379 | S5 skip: recent loss on symbol | {'symbol': 'EULUSDT', 'hours_since_loss': 11.9}
2026-07-26 09:58:27 | DEBUG | trading.strategy5_continuation:_scan_symbol:379 | S5 skip: recent loss on symbol | {'symbol': 'EULUSDT', 'hours_since_loss': 11.9}
2026-07-26 09:58:32 | DEBUG | trading.strategy5_continuation:_scan_symbol:379 | S5 skip: recent loss on symbol | {'symbol': 'EULUSDT', 'hours_since_loss': 11.9}
2026-07-26 09:58:37 | DEBUG | trading.strategy5_continuation:_scan_symbol:379 | S5 skip: recent loss on symbol | {'symbol': 'EULUSDT', 'hours_since_loss': 11.9}
2026-07-26 09:58:43 | DEBUG | trading.strategy5_continuation:_scan_symbol:379 | S5 skip: recent loss on symbol | {'symbol': 'EULUSDT', 'hours_since_loss': 11.9}
2026-07-26 09:58:48 | DEBUG | trading.strategy5_continuation:_scan_symbol:379 | S5 skip: recent loss on symbol | {'symbol': 'EULUSDT', 'hours_since_loss': 11.9}
2026-07-26 09:58:53 | DEBUG | trading.strategy5_continuation:_scan_symbol:379 | S5 skip: recent loss on symbol | {'symbol': 'EULUSDT', 'hours_since_loss': 11.9}
2026-07-26 09:58:58 | DEBUG | trading.strategy5_continuation:_scan_symbol:379 | S5 skip: recent loss on symbol | {'symbol': 'EULUSDT', 'hours_since_loss': 11.9}
2026-07-26 09:59:03 | DEBUG | trading.strategy5_continuation:_scan_symbol:379 | S5 skip: recent loss on symbol | {'symbol': 'EULUSDT', 'hours_since_loss': 11.9}
2026-07-26 09:59:09 | DEBUG | trading.strategy5_continuation:_scan_symbol:379 | S5 skip: recent loss on symbol | {'symbol': 'EULUSDT', 'hours_since_loss': 11.9}
2026-07-26 09:59:14 | DEBUG | trading.strategy5_continuation:_scan_symbol:379 | S5 skip: recent loss on symbol | {'symbol': 'EULUSDT', 'hours_since_loss': 11.9}
2026-07-26 09:59:19 | DEBUG | trading.strategy5_continuation:_scan_symbol:379 | S5 skip: recent loss on symbol | {'symbol': 'EULUSDT', 'hours_since_loss': 11.9}
2026-07-26 09:59:24 | DEBUG | trading.strategy5_continuation:_scan_symbol:379 | S5 skip: recent loss on symbol | {'symbol': 'EULUSDT', 'hours_since_loss': 11.9}
2026-07-26 09:59:29 | DEBUG | trading.strategy5_continuation:_scan_symbol:379 | S5 skip: recent loss on symbol | {'symbol': 'EULUSDT', 'hours_since_loss': 11.9}
2026-07-26 09:59:35 | DEBUG | trading.strategy5_continuation:_scan_symbol:379 | S5 skip: recent loss on symbol | {'symbol': 'EULUSDT', 'hours_since_loss': 11.9}
2026-07-26 09:59:40 | DEBUG | trading.strategy5_continuation:_scan_symbol:379 | S5 skip: recent loss on symbol | {'symbol': 'EULUSDT', 'hours_since_loss': 11.9}
2026-07-26 09:59:45 | DEBUG | trading.strategy5_continuation:_scan_symbol:379 | S5 skip: recent loss on symbol | {'symbol': 'EULUSDT', 'hours_since_loss': 11.9}
2026-07-26 09:59:50 | DEBUG | trading.strategy5_continuation:_scan_symbol:379 | S5 skip: recent loss on symbol | {'symbol': 'EULUSDT', 'hours_since_loss': 11.9}
2026-07-26 09:59:55 | DEBUG | trading.strategy5_continuation:_scan_symbol:379 | S5 skip: recent loss on symbol | {'symbol': 'EULUSDT', 'hours_since_loss': 11.9}
2026-07-26 10:00:00 | DEBUG | trading.strategy5_continuation:_scan_symbol:379 | S5 skip: recent loss on symbol | {'symbol': 'EULUSDT', 'hours_since_loss': 11.9}
2026-07-26 10:00:06 | DEBUG | trading.strategy5_continuation:_scan_symbol:379 | S5 skip: recent loss on symbol | {'symbol': 'EULUSDT', 'hours_since_loss': 11.9}
2026-07-26 10:00:11 | DEBUG | trading.strategy5_continuation:_scan_symbol:379 | S5 skip: recent loss on symbol | {'symbol': 'EULUSDT', 'hours_since_loss': 11.9}
2026-07-26 10:00:16 | DEBUG | trading.strategy5_continuation:_scan_symbol:379 | S5 skip: recent loss on symbol | {'symbol': 'EULUSDT', 'hours_since_loss': 11.9}
2026-07-26 10:00:21 | DEBUG | trading.strategy5_continuation:_scan_symbol:379 | S5 skip: recent loss on symbol | {'symbol': 'EULUSDT', 'hours_since_loss': 11.9}
2026-07-26 10:00:26 | DEBUG | trading.strategy5_continuation:_scan_symbol:379 | S5 skip: recent loss on symbol | {'symbol': 'EULUSDT', 'hours_since_loss': 12.0}
2026-07-26 10:00:32 | DEBUG | trading.strategy5_continuation:_scan_symbol:379 | S5 skip: recent loss on symbol | {'symbol': 'EULUSDT', 'hours_since_loss': 12.0}
2026-07-26 10:00:37 | DEBUG | trading.strategy5_continuation:_scan_symbol:379 | S5 skip: recent loss on symbol | {'symbol': 'EULUSDT', 'hours_since_loss': 12.0}
2026-07-26 10:00:42 | DEBUG | trading.strategy5_continuation:_scan_symbol:379 | S5 skip: recent loss on symbol | {'symbol': 'EULUSDT', 'hours_since_loss': 12.0}
2026-07-26 10:00:47 | DEBUG | trading.strategy5_continuation:_scan_symbol:379 | S5 skip: recent loss on symbol | {'symbol': 'EULUSDT', 'hours_since_loss': 12.0}
2026-07-26 10:00:52 | DEBUG | trading.strategy5_continuation:_scan_symbol:379 | S5 skip: recent loss on symbol | {'symbol': 'EULUSDT', 'hours_since_loss': 12.0}
2026-07-26 10:00:57 | DEBUG | trading.strategy5_continuation:_scan_symbol:379 | S5 skip: recent loss on symbol | {'symbol': 'EULUSDT', 'hours_since_loss': 12.0}
2026-07-26 10:01:03 | DEBUG | trading.strategy5_continuation:_scan_symbol:379 | S5 skip: recent loss on symbol | {'symbol': 'EULUSDT', 'hours_since_loss': 12.0}
2026-07-26 10:01:08 | DEBUG | trading.strategy5_continuation:_scan_symbol:379 | S5 skip: recent loss on symbol | {'symbol': 'EULUSDT', 'hours_since_loss': 12.0}
2026-07-26 10:01:13 | DEBUG | trading.strategy5_continuation:_scan_symbol:379 | S5 skip: recent loss on symbol | {'symbol': 'EULUSDT', 'hours_since_loss': 12.0}
2026-07-26 10:01:18 | DEBUG | trading.strategy5_continuation:_scan_symbol:379 | S5 skip: recent loss on symbol | {'symbol': 'EULUSDT', 'hours_since_loss': 12.0}
2026-07-26 10:01:23 | DEBUG | trading.strategy5_continuation:_scan_symbol:379 | S5 skip: recent loss on symbol | {'symbol': 'EULUSDT', 'hours_since_loss': 12.0}
2026-07-26 10:01:29 | DEBUG | trading.strategy5_continuation:_scan_symbol:379 | S5 skip: recent loss on symbol | {'symbol': 'EULUSDT', 'hours_since_loss': 12.0}
2026-07-26 10:01:34 | DEBUG | trading.strategy5_continuation:_scan_symbol:379 | S5 skip: recent loss on symbol | {'symbol': 'EULUSDT', 'hours_since_loss': 12.0}
2026-07-26 10:01:39 | DEBUG | trading.strategy5_continuation:_scan_symbol:379 | S5 skip: recent loss on symbol | {'symbol': 'EULUSDT', 'hours_since_loss': 12.0}
2026-07-26 10:01:44 | DEBUG | trading.strategy5_continuation:_scan_symbol:379 | S5 skip: recent loss on symbol | {'symbol': 'EULUSDT', 'hours_since_loss': 12.0}
2026-07-26 10:01:49 | DEBUG | trading.strategy5_continuation:_scan_symbol:379 | S5 skip: recent loss on symbol | {'symbol': 'EULUSDT', 'hours_since_loss': 12.0}
2026-07-26 10:01:54 | DEBUG | trading.strategy5_continuation:_scan_symbol:379 | S5 skip: recent loss on symbol | {'symbol': 'EULUSDT', 'hours_since_loss': 12.0}
2026-07-26 10:02:00 | DEBUG | trading.strategy5_continuation:_scan_symbol:379 | S5 skip: recent loss on symbol | {'symbol': 'EULUSDT', 'hours_since_loss': 12.0}
2026-07-26 10:02:05 | DEBUG | trading.strategy5_continuation:_scan_symbol:379 | S5 skip: recent loss on symbol | {'symbol': 'EULUSDT', 'hours_since_loss': 12.0}
2026-07-26 10:02:10 | INFO | trading.strategy2_signal_filter:check:533 | S2 skip: approach>=block (G3, level exhausted) | {'symbol': 'EULUSDT', 'level': 2.4019, 'approach_count': 7, 'block_threshold': 4}
2026-07-26 10:02:10 | INFO | trading.strategy2_signal_filter:check:545 | S2: level marked dead, monitor will stop sending proximity | {'symbol': 'EULUSDT', 'level': 2.4019, 'approach_count': 7}
2026-07-26 10:02:10 | DEBUG | trading.strategy5_continuation:_scan_symbol:379 | S5 skip: recent loss on symbol | {'symbol': 'EULUSDT', 'hours_since_loss': 12.0}
2026-07-26 10:02:10 | INFO | trading.strategy2_signal_filter:check:533 | S2 skip: approach>=block (G3, level exhausted) | {'symbol': 'EULUSDT', 'level': 2.4019, 'approach_count': 7, 'block_threshold': 4}
2026-07-26 10:02:15 | DEBUG | trading.strategy5_continuation:_scan_symbol:379 | S5 skip: recent loss on symbol | {'symbol': 'EULUSDT', 'hours_since_loss': 12.0}
2026-07-26 10:02:20 | DEBUG | trading.strategy5_continuation:_scan_symbol:379 | S5 skip: recent loss on symbol | {'symbol': 'EULUSDT', 'hours_since_loss': 12.0}
2026-07-26 10:02:26 | INFO | trading.strategy2_signal_filter:check:533 | S2 skip: approach>=block (G3, level exhausted) | {'symbol': 'EULUSDT', 'level': 2.4019, 'approach_count': 7, 'block_threshold': 4}
2026-07-26 10:02:26 | DEBUG | trading.strategy5_continuation:_scan_symbol:379 | S5 skip: recent loss on symbol | {'symbol': 'EULUSDT', 'hours_since_loss': 12.0}
2026-07-26 10:02:31 | DEBUG | trading.strategy5_continuation:_scan_symbol:379 | S5 skip: recent loss on symbol | {'symbol': 'EULUSDT', 'hours_since_loss': 12.0}
2026-07-26 10:02:36 | DEBUG | trading.strategy5_continuation:_scan_symbol:379 | S5 skip: recent loss on symbol | {'symbol': 'EULUSDT', 'hours_since_loss': 12.0}
2026-07-26 10:02:41 | INFO | trading.strategy2_signal_filter:check:533 | S2 skip: approach>=block (G3, level exhausted) | {'symbol': 'EULUSDT', 'level': 2.4019, 'approach_count': 7, 'block_threshold': 4}
2026-07-26 10:02:41 | DEBUG | trading.strategy5_continuation:_scan_symbol:379 | S5 skip: recent loss on symbol | {'symbol': 'EULUSDT', 'hours_since_loss': 12.0}
2026-07-26 10:02:46 | DEBUG | trading.strategy5_continuation:_scan_symbol:379 | S5 skip: recent loss on symbol | {'symbol': 'EULUSDT', 'hours_since_loss': 12.0}
2026-07-26 10:02:51 | DEBUG | trading.strategy5_continuation:_scan_symbol:379 | S5 skip: recent loss on symbol | {'symbol': 'EULUSDT', 'hours_since_loss': 12.0}
2026-07-26 10:02:57 | INFO | trading.strategy2_signal_filter:check:533 | S2 skip: approach>=block (G3, level exhausted) | {'symbol': 'EULUSDT', 'level': 2.4019, 'approach_count': 7, 'block_threshold': 4}
2026-07-26 10:02:57 | DEBUG | trading.strategy5_continuation:_scan_symbol:379 | S5 skip: recent loss on symbol | {'symbol': 'EULUSDT', 'hours_since_loss': 12.0}
2026-07-26 10:03:02 | DEBUG | trading.strategy5_continuation:_scan_symbol:379 | S5 skip: recent loss on symbol | {'symbol': 'EULUSDT', 'hours_since_loss': 12.0}
2026-07-26 10:03:07 | DEBUG | trading.strategy5_continuation:_scan_symbol:379 | S5 skip: recent loss on symbol | {'symbol': 'EULUSDT', 'hours_since_loss': 12.0}
2026-07-26 10:03:12 | INFO | trading.strategy2_signal_filter:check:533 | S2 skip: approach>=block (G3, level exhausted) | {'symbol': 'EULUSDT', 'level': 2.4019, 'approach_count': 7, 'block_threshold': 4}
2026-07-26 10:03:12 | DEBUG | trading.strategy5_continuation:_scan_symbol:379 | S5 skip: recent loss on symbol | {'symbol': 'EULUSDT', 'hours_since_loss': 12.0}
2026-07-26 10:03:18 | DEBUG | trading.strategy5_continuation:_scan_symbol:379 | S5 skip: recent loss on symbol | {'symbol': 'EULUSDT', 'hours_since_loss': 12.0}
2026-07-26 10:03:23 | DEBUG | trading.strategy5_continuation:_scan_symbol:379 | S5 skip: recent loss on symbol | {'symbol': 'EULUSDT', 'hours_since_loss': 12.0}
2026-07-26 10:03:28 | INFO | trading.strategy2_signal_filter:check:533 | S2 skip: approach>=block (G3, level exhausted) | {'symbol': 'EULUSDT', 'level': 2.4019, 'approach_count': 7, 'block_threshold': 4}
2026-07-26 10:03:43 | INFO | trading.strategy2_signal_filter:check:533 | S2 skip: approach>=block (G3, level exhausted) | {'symbol': 'EULUSDT', 'level': 2.4019, 'approach_count': 7, 'block_threshold': 4}
2026-07-26 10:03:59 | INFO | trading.strategy2_signal_filter:check:533 | S2 skip: approach>=block (G3, level exhausted) | {'symbol': 'EULUSDT', 'level': 2.4019, 'approach_count': 8, 'block_threshold': 4}
2026-07-26 10:04:14 | INFO | trading.strategy2_signal_filter:check:533 | S2 skip: approach>=block (G3, level exhausted) | {'symbol': 'EULUSDT', 'level': 2.4019, 'approach_count': 8, 'block_threshold': 4}
2026-07-26 10:26:11 | DEBUG | trading.strategy1_bounce:_try_open:48 | S1 skip: pump_base level | {'symbol': 'EULUSDT', 'level_type': 'pump_base'}
2026-07-26 10:26:11 | INFO | trading.strategy2_signal_filter:check:533 | S2 skip: approach>=block (G3, level exhausted) | {'symbol': 'EULUSDT', 'level': 2.4019, 'approach_count': 10, 'block_threshold': 4}
2026-07-26 10:26:11 | INFO | trading.strategy2_signal_filter:check:545 | S2: level marked dead, monitor will stop sending proximity | {'symbol': 'EULUSDT', 'level': 2.4019, 'approach_count': 10}
2026-07-26 10:33:52 | INFO | trading.strategy2_signal_filter:check:533 | S2 skip: approach>=block (G3, level exhausted) | {'symbol': 'BANKUSDT', 'level': 0.37121, 'approach_count': 13, 'block_threshold': 4}
2026-07-26 10:33:52 | INFO | trading.strategy2_signal_filter:check:545 | S2: level marked dead, monitor will stop sending proximity | {'symbol': 'BANKUSDT', 'level': 0.37121, 'approach_count': 13}
2026-07-26 10:33:52 | INFO | trading.strategy2_signal_filter:check:533 | S2 skip: approach>=block (G3, level exhausted) | {'symbol': 'BANKUSDT', 'level': 0.37121, 'approach_count': 12, 'block_threshold': 4}
2026-07-26 10:34:39 | INFO | trading.strategy2_signal_filter:check:533 | S2 skip: approach>=block (G3, level exhausted) | {'symbol': 'BANKUSDT', 'level': 0.37121, 'approach_count': 12, 'block_threshold': 4}
2026-07-26 10:34:54 | INFO | trading.strategy2_signal_filter:check:533 | S2 skip: approach>=block (G3, level exhausted) | {'symbol': 'BANKUSDT', 'level': 0.37121, 'approach_count': 11, 'block_threshold': 4}
2026-07-26 10:35:10 | INFO | trading.strategy2_signal_filter:check:533 | S2 skip: approach>=block (G3, level exhausted) | {'symbol': 'BANKUSDT', 'level': 0.37121, 'approach_count': 11, 'block_threshold': 4}
2026-07-26 10:50:59 | INFO | trading.strategy2_signal_filter:check:533 | S2 skip: approach>=block (G3, level exhausted) | {'symbol': 'RIFUSDT', 'level': 0.09329, 'approach_count': 6, 'block_threshold': 4}
2026-07-26 10:50:59 | INFO | trading.strategy2_signal_filter:check:545 | S2: level marked dead, monitor will stop sending proximity | {'symbol': 'RIFUSDT', 'level': 0.09329, 'approach_count': 6}
2026-07-26 10:51:04 | INFO | trading.strategy2_signal_filter:check:533 | S2 skip: approach>=block (G3, level exhausted) | {'symbol': 'RIFUSDT', 'level': 0.09329, 'approach_count': 6, 'block_threshold': 4}
2026-07-26 10:51:19 | INFO | trading.strategy2_signal_filter:check:533 | S2 skip: approach>=block (G3, level exhausted) | {'symbol': 'RIFUSDT', 'level': 0.09329, 'approach_count': 6, 'block_threshold': 4}
2026-07-26 10:51:35 | INFO | trading.strategy2_signal_filter:check:533 | S2 skip: approach>=block (G3, level exhausted) | {'symbol': 'RIFUSDT', 'level': 0.09329, 'approach_count': 6, 'block_threshold': 4}
2026-07-26 10:51:50 | INFO | trading.strategy2_signal_filter:check:533 | S2 skip: approach>=block (G3, level exhausted) | {'symbol': 'RIFUSDT', 'level': 0.09329, 'approach_count': 6, 'block_threshold': 4}
2026-07-26 10:52:01 | INFO | trading.strategy2_signal_filter:check:533 | S2 skip: approach>=block (G3, level exhausted) | {'symbol': 'BANKUSDT', 'level': 0.37121, 'approach_count': 11, 'block_threshold': 4}
2026-07-26 10:52:06 | INFO | trading.strategy2_signal_filter:check:533 | S2 skip: approach>=block (G3, level exhausted) | {'symbol': 'RIFUSDT', 'level': 0.09329, 'approach_count': 6, 'block_threshold': 4}
2026-07-26 10:52:16 | INFO | trading.strategy2_signal_filter:check:533 | S2 skip: approach>=block (G3, level exhausted) | {'symbol': 'BANKUSDT', 'level': 0.37121, 'approach_count': 10, 'block_threshold': 4}
2026-07-26 10:53:39 | INFO | trading.strategy2_signal_filter:check:533 | S2 skip: approach>=block (G3, level exhausted) | {'symbol': 'RIFUSDT', 'level': 0.09329, 'approach_count': 6, 'block_threshold': 4}
2026-07-26 10:53:55 | INFO | trading.strategy2_signal_filter:check:533 | S2 skip: approach>=block (G3, level exhausted) | {'symbol': 'RIFUSDT', 'level': 0.09329, 'approach_count': 6, 'block_threshold': 4}
2026-07-26 10:54:10 | INFO | trading.strategy2_signal_filter:check:533 | S2 skip: approach>=block (G3, level exhausted) | {'symbol': 'RIFUSDT', 'level': 0.09329, 'approach_count': 6, 'block_threshold': 4}
2026-07-26 10:54:26 | INFO | trading.strategy2_signal_filter:check:533 | S2 skip: approach>=block (G3, level exhausted) | {'symbol': 'RIFUSDT', 'level': 0.09329, 'approach_count': 6, 'block_threshold': 4}
2026-07-26 10:54:41 | INFO | trading.strategy2_signal_filter:check:533 | S2 skip: approach>=block (G3, level exhausted) | {'symbol': 'RIFUSDT', 'level': 0.09329, 'approach_count': 6, 'block_threshold': 4}
2026-07-26 10:57:43 | INFO | trading.strategy2_signal_filter:check:533 | S2 skip: approach>=block (G3, level exhausted) | {'symbol': 'BANKUSDT', 'level': 0.37121, 'approach_count': 10, 'block_threshold': 4}
2026-07-26 10:57:58 | INFO | trading.strategy2_signal_filter:check:533 | S2 skip: approach>=block (G3, level exhausted) | {'symbol': 'BANKUSDT', 'level': 0.37121, 'approach_count': 10, 'block_threshold': 4}
2026-07-26 10:58:14 | INFO | trading.strategy2_signal_filter:check:533 | S2 skip: approach>=block (G3, level exhausted) | {'symbol': 'BANKUSDT', 'level': 0.37121, 'approach_count': 9, 'block_threshold': 4}
2026-07-26 10:58:29 | INFO | trading.strategy2_signal_filter:check:533 | S2 skip: approach>=block (G3, level exhausted) | {'symbol': 'BANKUSDT', 'level': 0.37121, 'approach_count': 10, 'block_threshold': 4}
2026-07-26 10:58:45 | INFO | trading.strategy2_signal_filter:check:533 | S2 skip: approach>=block (G3, level exhausted) | {'symbol': 'BANKUSDT', 'level': 0.37121, 'approach_count': 10, 'block_threshold': 4}
2026-07-26 10:59:06 | INFO | trading.strategy2_signal_filter:check:533 | S2 skip: approach>=block (G3, level exhausted) | {'symbol': 'BANKUSDT', 'level': 0.37121, 'approach_count': 10, 'block_threshold': 4}
2026-07-26 10:59:21 | INFO | trading.strategy2_signal_filter:check:533 | S2 skip: approach>=block (G3, level exhausted) | {'symbol': 'BANKUSDT', 'level': 0.37121, 'approach_count': 9, 'block_threshold': 4}
2026-07-26 11:00:24 | INFO | trading.strategy2_signal_filter:check:533 | S2 skip: approach>=block (G3, level exhausted) | {'symbol': 'PIEVERSEUSDT', 'level': 0.8997, 'approach_count': 8, 'block_threshold': 4}
2026-07-26 11:00:24 | INFO | trading.strategy2_signal_filter:check:545 | S2: level marked dead, monitor will stop sending proximity | {'symbol': 'PIEVERSEUSDT', 'level': 0.8997, 'approach_count': 8}
2026-07-26 11:00:29 | INFO | trading.strategy2_signal_filter:check:533 | S2 skip: approach>=block (G3, level exhausted) | {'symbol': 'PIEVERSEUSDT', 'level': 0.8997, 'approach_count': 8, 'block_threshold': 4}
2026-07-26 11:00:44 | INFO | trading.strategy2_signal_filter:check:533 | S2 skip: approach>=block (G3, level exhausted) | {'symbol': 'PIEVERSEUSDT', 'level': 0.8997, 'approach_count': 8, 'block_threshold': 4}
2026-07-26 11:01:00 | INFO | trading.strategy2_signal_filter:check:533 | S2 skip: approach>=block (G3, level exhausted) | {'symbol': 'PIEVERSEUSDT', 'level': 0.8997, 'approach_count': 7, 'block_threshold': 4}
2026-07-26 11:01:05 | INFO | trading.strategy2_signal_filter:check:533 | S2 skip: approach>=block (G3, level exhausted) | {'symbol': 'BANKUSDT', 'level': 0.37121, 'approach_count': 8, 'block_threshold': 4}
2026-07-26 11:01:15 | INFO | trading.strategy2_signal_filter:check:533 | S2 skip: approach>=block (G3, level exhausted) | {'symbol': 'PIEVERSEUSDT', 'level': 0.8997, 'approach_count': 8, 'block_threshold': 4}
2026-07-26 11:01:21 | INFO | trading.strategy2_signal_filter:check:533 | S2 skip: approach>=block (G3, level exhausted) | {'symbol': 'BANKUSDT', 'level': 0.37121, 'approach_count': 8, 'block_threshold': 4}
2026-07-26 11:02:18 | INFO | trading.strategy2_signal_filter:check:533 | S2 skip: approach>=block (G3, level exhausted) | {'symbol': 'RIFUSDT', 'level': 0.09329, 'approach_count': 6, 'block_threshold': 4}
2026-07-26 11:02:33 | INFO | trading.strategy2_signal_filter:check:533 | S2 skip: approach>=block (G3, level exhausted) | {'symbol': 'RIFUSDT', 'level': 0.09329, 'approach_count': 6, 'block_threshold': 4}
2026-07-26 11:02:49 | INFO | trading.strategy2_signal_filter:check:533 | S2 skip: approach>=block (G3, level exhausted) | {'symbol': 'RIFUSDT', 'level': 0.09329, 'approach_count': 6, 'block_threshold': 4}
2026-07-26 11:03:04 | INFO | trading.strategy2_signal_filter:check:533 | S2 skip: approach>=block (G3, level exhausted) | {'symbol': 'RIFUSDT', 'level': 0.09329, 'approach_count': 5, 'block_threshold': 4}
2026-07-26 11:03:20 | INFO | trading.strategy2_signal_filter:check:533 | S2 skip: approach>=block (G3, level exhausted) | {'symbol': 'RIFUSDT', 'level': 0.09329, 'approach_count': 5, 'block_threshold': 4}
2026-07-26 11:03:35 | INFO | trading.strategy2_signal_filter:check:533 | S2 skip: approach>=block (G3, level exhausted) | {'symbol': 'RIFUSDT', 'level': 0.09329, 'approach_count': 5, 'block_threshold': 4}
2026-07-26 11:03:51 | INFO | trading.strategy2_signal_filter:check:533 | S2 skip: approach>=block (G3, level exhausted) | {'symbol': 'RIFUSDT', 'level': 0.09329, 'approach_count': 5, 'block_threshold': 4}
2026-07-26 11:04:07 | INFO | trading.strategy2_signal_filter:check:533 | S2 skip: approach>=block (G3, level exhausted) | {'symbol': 'RIFUSDT', 'level': 0.09329, 'approach_count': 5, 'block_threshold': 4}
2026-07-26 11:11:12 | INFO | trading.strategy2_signal_filter:check:533 | S2 skip: approach>=block (G3, level exhausted) | {'symbol': 'RIFUSDT', 'level': 0.09329, 'approach_count': 6, 'block_threshold': 4}
2026-07-26 11:11:27 | INFO | trading.strategy2_signal_filter:check:533 | S2 skip: approach>=block (G3, level exhausted) | {'symbol': 'RIFUSDT', 'level': 0.09329, 'approach_count': 6, 'block_threshold': 4}
2026-07-26 11:11:43 | INFO | trading.strategy2_signal_filter:check:533 | S2 skip: approach>=block (G3, level exhausted) | {'symbol': 'RIFUSDT', 'level': 0.09329, 'approach_count': 6, 'block_threshold': 4}
2026-07-26 11:11:58 | INFO | trading.strategy2_signal_filter:check:533 | S2 skip: approach>=block (G3, level exhausted) | {'symbol': 'RIFUSDT', 'level': 0.09329, 'approach_count': 6, 'block_threshold': 4}
2026-07-26 11:12:14 | INFO | trading.strategy2_signal_filter:check:533 | S2 skip: approach>=block (G3, level exhausted) | {'symbol': 'RIFUSDT', 'level': 0.09329, 'approach_count': 6, 'block_threshold': 4}
2026-07-26 11:12:30 | INFO | trading.strategy2_signal_filter:check:533 | S2 skip: approach>=block (G3, level exhausted) | {'symbol': 'RIFUSDT', 'level': 0.09329, 'approach_count': 6, 'block_threshold': 4}
2026-07-26 11:12:45 | INFO | trading.strategy2_signal_filter:check:533 | S2 skip: approach>=block (G3, level exhausted) | {'symbol': 'RIFUSDT', 'level': 0.09329, 'approach_count': 6, 'block_threshold': 4}
2026-07-26 11:13:01 | INFO | trading.strategy2_signal_filter:check:533 | S2 skip: approach>=block (G3, level exhausted) | {'symbol': 'RIFUSDT', 'level': 0.09329, 'approach_count': 6, 'block_threshold': 4}
2026-07-26 11:13:11 | INFO | trading.strategy2_signal_filter:check:533 | S2 skip: approach>=block (G3, level exhausted) | {'symbol': 'DIAUSDT', 'level': 0.1405, 'approach_count': 11, 'block_threshold': 4}
2026-07-26 11:13:11 | INFO | trading.strategy2_signal_filter:check:545 | S2: level marked dead, monitor will stop sending proximity | {'symbol': 'DIAUSDT', 'level': 0.1405, 'approach_count': 11}
2026-07-26 11:13:11 | INFO | trading.strategy2_signal_filter:check:533 | S2 skip: approach>=block (G3, level exhausted) | {'symbol': 'DIAUSDT', 'level': 0.1405, 'approach_count': 11, 'block_threshold': 4}
2026-07-26 11:13:27 | INFO | trading.strategy2_signal_filter:check:533 | S2 skip: approach>=block (G3, level exhausted) | {'symbol': 'DIAUSDT', 'level': 0.1405, 'approach_count': 15, 'block_threshold': 4}
2026-07-26 11:13:42 | INFO | trading.strategy2_signal_filter:check:533 | S2 skip: approach>=block (G3, level exhausted) | {'symbol': 'DIAUSDT', 'level': 0.1405, 'approach_count': 15, 'block_threshold': 4}
2026-07-26 11:13:58 | INFO | trading.strategy2_signal_filter:check:533 | S2 skip: approach>=block (G3, level exhausted) | {'symbol': 'DIAUSDT', 'level': 0.1405, 'approach_count': 15, 'block_threshold': 4}
2026-07-26 11:15:05 | INFO | trading.strategy2_signal_filter:check:533 | S2 skip: approach>=block (G3, level exhausted) | {'symbol': 'BANKUSDT', 'level': 0.37121, 'approach_count': 7, 'block_threshold': 4}
2026-07-26 11:15:47 | INFO | trading.strategy2_signal_filter:check:533 | S2 skip: approach>=block (G3, level exhausted) | {'symbol': 'DIAUSDT', 'level': 0.1405, 'approach_count': 16, 'block_threshold': 4}
2026-07-26 11:15:47 | INFO | trading.strategy2_signal_filter:check:545 | S2: level marked dead, monitor will stop sending proximity | {'symbol': 'DIAUSDT', 'level': 0.1405, 'approach_count': 16}
2026-07-26 11:15:47 | DEBUG | trading.strategy1_bounce:_try_open:48 | S1 skip: pump_base level | {'symbol': 'DIAUSDT', 'level_type': 'pump_base'}
2026-07-26 11:17:15 | INFO | trading.strategy2_signal_filter:check:533 | S2 skip: approach>=block (G3, level exhausted) | {'symbol': 'BANKUSDT', 'level': 0.37121, 'approach_count': 7, 'block_threshold': 4}
2026-07-26 11:17:30 | INFO | trading.strategy2_signal_filter:check:533 | S2 skip: approach>=block (G3, level exhausted) | {'symbol': 'BANKUSDT', 'level': 0.37121, 'approach_count': 7, 'block_threshold': 4}
2026-07-26 11:17:46 | INFO | trading.strategy2_signal_filter:check:533 | S2 skip: approach>=block (G3, level exhausted) | {'symbol': 'BANKUSDT', 'level': 0.37121, 'approach_count': 7, 'block_threshold': 4}
2026-07-26 11:18:02 | INFO | trading.strategy2_signal_filter:check:533 | S2 skip: approach>=block (G3, level exhausted) | {'symbol': 'BANKUSDT', 'level': 0.37121, 'approach_count': 7, 'block_threshold': 4}
2026-07-26 11:18:17 | INFO | trading.strategy2_signal_filter:check:533 | S2 skip: approach>=block (G3, level exhausted) | {'symbol': 'BANKUSDT', 'level': 0.37121, 'approach_count': 7, 'block_threshold': 4}
2026-07-26 11:18:33 | INFO | trading.strategy2_signal_filter:check:533 | S2 skip: approach>=block (G3, level exhausted) | {'symbol': 'BANKUSDT', 'level': 0.37121, 'approach_count': 7, 'block_threshold': 4}
2026-07-26 11:18:48 | INFO | trading.strategy2_signal_filter:check:533 | S2 skip: approach>=block (G3, level exhausted) | {'symbol': 'BANKUSDT', 'level': 0.37121, 'approach_count': 7, 'block_threshold': 4}
2026-07-26 11:19:04 | INFO | trading.strategy2_signal_filter:check:533 | S2 skip: approach>=block (G3, level exhausted) | {'symbol': 'BANKUSDT', 'level': 0.37121, 'approach_count': 7, 'block_threshold': 4}
2026-07-26 11:19:19 | INFO | trading.strategy2_signal_filter:check:533 | S2 skip: approach>=block (G3, level exhausted) | {'symbol': 'BANKUSDT', 'level': 0.37121, 'approach_count': 7, 'block_threshold': 4}
2026-07-26 11:19:35 | INFO | trading.strategy2_signal_filter:check:533 | S2 skip: approach>=block (G3, level exhausted) | {'symbol': 'BANKUSDT', 'level': 0.37121, 'approach_count': 7, 'block_threshold': 4}
2026-07-26 11:19:50 | INFO | trading.strategy2_signal_filter:check:533 | S2 skip: approach>=block (G3, level exhausted) | {'symbol': 'BANKUSDT', 'level': 0.37121, 'approach_count': 7, 'block_threshold': 4}
2026-07-26 11:20:06 | INFO | trading.strategy2_signal_filter:check:533 | S2 skip: approach>=block (G3, level exhausted) | {'symbol': 'BANKUSDT', 'level': 0.37121, 'approach_count': 7, 'block_threshold': 4}
2026-07-26 11:20:22 | INFO | trading.strategy2_signal_filter:check:533 | S2 skip: approach>=block (G3, level exhausted) | {'symbol': 'BANKUSDT', 'level': 0.37121, 'approach_count': 7, 'block_threshold': 4}
2026-07-26 11:21:13 | INFO | trading.strategy2_signal_filter:check:533 | S2 skip: approach>=block (G3, level exhausted) | {'symbol': 'BANKUSDT', 'level': 0.37121, 'approach_count': 7, 'block_threshold': 4}
2026-07-26 11:21:29 | INFO | trading.strategy2_signal_filter:check:533 | S2 skip: approach>=block (G3, level exhausted) | {'symbol': 'BANKUSDT', 'level': 0.37121, 'approach_count': 7, 'block_threshold': 4}
2026-07-26 11:21:45 | INFO | trading.strategy2_signal_filter:check:533 | S2 skip: approach>=block (G3, level exhausted) | {'symbol': 'BANKUSDT', 'level': 0.37121, 'approach_count': 7, 'block_threshold': 4}
2026-07-26 11:22:00 | INFO | trading.strategy2_signal_filter:check:533 | S2 skip: approach>=block (G3, level exhausted) | {'symbol': 'BANKUSDT', 'level': 0.37121, 'approach_count': 7, 'block_threshold': 4}
2026-07-26 11:22:16 | INFO | trading.strategy2_signal_filter:check:533 | S2 skip: approach>=block (G3, level exhausted) | {'symbol': 'BANKUSDT', 'level': 0.37121, 'approach_count': 7, 'block_threshold': 4}
2026-07-26 11:22:31 | INFO | trading.strategy2_signal_filter:check:533 | S2 skip: approach>=block (G3, level exhausted) | {'symbol': 'BANKUSDT', 'level': 0.37121, 'approach_count': 7, 'block_threshold': 4}
2026-07-26 11:22:47 | INFO | trading.strategy2_signal_filter:check:533 | S2 skip: approach>=block (G3, level exhausted) | {'symbol': 'BANKUSDT', 'level': 0.37121, 'approach_count': 7, 'block_threshold': 4}
2026-07-26 11:23:02 | INFO | trading.strategy2_signal_filter:check:533 | S2 skip: approach>=block (G3, level exhausted) | {'symbol': 'BANKUSDT', 'level': 0.37121, 'approach_count': 7, 'block_threshold': 4}
2026-07-26 11:23:18 | INFO | trading.strategy2_signal_filter:check:533 | S2 skip: approach>=block (G3, level exhausted) | {'symbol': 'BANKUSDT', 'level': 0.37121, 'approach_count': 7, 'block_threshold': 4}
2026-07-26 11:23:33 | INFO | trading.strategy2_signal_filter:check:533 | S2 skip: approach>=block (G3, level exhausted) | {'symbol': 'BANKUSDT', 'level': 0.37121, 'approach_count': 7, 'block_threshold': 4}
2026-07-26 11:23:49 | INFO | trading.strategy2_signal_filter:check:533 | S2 skip: approach>=block (G3, level exhausted) | {'symbol': 'BANKUSDT', 'level': 0.37121, 'approach_count': 7, 'block_threshold': 4}
2026-07-26 11:24:04 | INFO | trading.strategy2_signal_filter:check:533 | S2 skip: approach>=block (G3, level exhausted) | {'symbol': 'BANKUSDT', 'level': 0.37121, 'approach_count': 7, 'block_threshold': 4}
2026-07-26 11:24:20 | INFO | trading.strategy2_signal_filter:check:533 | S2 skip: approach>=block (G3, level exhausted) | {'symbol': 'BANKUSDT', 'level': 0.37121, 'approach_count': 7, 'block_threshold': 4}
2026-07-26 11:24:36 | INFO | trading.strategy2_signal_filter:check:533 | S2 skip: approach>=block (G3, level exhausted) | {'symbol': 'BANKUSDT', 'level': 0.37121, 'approach_count': 7, 'block_threshold': 4}
2026-07-26 11:24:51 | INFO | trading.strategy2_signal_filter:check:533 | S2 skip: approach>=block (G3, level exhausted) | {'symbol': 'BANKUSDT', 'level': 0.37121, 'approach_count': 7, 'block_threshold': 4}
2026-07-26 11:25:07 | INFO | trading.strategy2_signal_filter:check:533 | S2 skip: approach>=block (G3, level exhausted) | {'symbol': 'BANKUSDT', 'level': 0.37121, 'approach_count': 7, 'block_threshold': 4}
2026-07-26 11:25:22 | INFO | trading.strategy2_signal_filter:check:533 | S2 skip: approach>=block (G3, level exhausted) | {'symbol': 'BANKUSDT', 'level': 0.37121, 'approach_count': 7, 'block_threshold': 4}
2026-07-26 11:25:38 | INFO | trading.strategy2_signal_filter:check:533 | S2 skip: approach>=block (G3, level exhausted) | {'symbol': 'BANKUSDT', 'level': 0.37121, 'approach_count': 7, 'block_threshold': 4}
2026-07-26 11:25:53 | INFO | trading.strategy2_signal_filter:check:533 | S2 skip: approach>=block (G3, level exhausted) | {'symbol': 'BANKUSDT', 'level': 0.37121, 'approach_count': 7, 'block_threshold': 4}
2026-07-26 11:26:09 | INFO | trading.strategy2_signal_filter:check:533 | S2 skip: approach>=block (G3, level exhausted) | {'symbol': 'BANKUSDT', 'level': 0.37121, 'approach_count': 7, 'block_threshold': 4}
2026-07-26 11:26:24 | INFO | trading.strategy2_signal_filter:check:533 | S2 skip: approach>=block (G3, level exhausted) | {'symbol': 'BANKUSDT', 'level': 0.37121, 'approach_count': 7, 'block_threshold': 4}
2026-07-26 11:26:40 | INFO | trading.strategy2_signal_filter:check:533 | S2 skip: approach>=block (G3, level exhausted) | {'symbol': 'BANKUSDT', 'level': 0.37121, 'approach_count': 7, 'block_threshold': 4}
2026-07-26 11:26:55 | INFO | trading.strategy2_signal_filter:check:533 | S2 skip: approach>=block (G3, level exhausted) | {'symbol': 'BANKUSDT', 'level': 0.37121, 'approach_count': 7, 'block_threshold': 4}
2026-07-26 11:27:11 | INFO | trading.strategy2_signal_filter:check:533 | S2 skip: approach>=block (G3, level exhausted) | {'symbol': 'BANKUSDT', 'level': 0.37121, 'approach_count': 7, 'block_threshold': 4}
2026-07-26 11:27:26 | INFO | trading.strategy2_signal_filter:check:533 | S2 skip: approach>=block (G3, level exhausted) | {'symbol': 'BANKUSDT', 'level': 0.37121, 'approach_count': 7, 'block_threshold': 4}
2026-07-26 11:27:42 | INFO | trading.strategy2_signal_filter:check:533 | S2 skip: approach>=block (G3, level exhausted) | {'symbol': 'BANKUSDT', 'level': 0.37121, 'approach_count': 7, 'block_threshold': 4}
2026-07-26 11:27:58 | INFO | trading.strategy2_signal_filter:check:533 | S2 skip: approach>=block (G3, level exhausted) | {'symbol': 'BANKUSDT', 'level': 0.37121, 'approach_count': 7, 'block_threshold': 4}
2026-07-26 11:28:13 | INFO | trading.strategy2_signal_filter:check:533 | S2 skip: approach>=block (G3, level exhausted) | {'symbol': 'BANKUSDT', 'level': 0.37121, 'approach_count': 7, 'block_threshold': 4}
2026-07-26 11:28:29 | INFO | trading.strategy2_signal_filter:check:533 | S2 skip: approach>=block (G3, level exhausted) | {'symbol': 'BANKUSDT', 'level': 0.37121, 'approach_count': 7, 'block_threshold': 4}
2026-07-26 11:28:44 | INFO | trading.strategy2_signal_filter:check:533 | S2 skip: approach>=block (G3, level exhausted) | {'symbol': 'BANKUSDT', 'level': 0.37121, 'approach_count': 7, 'block_threshold': 4}
2026-07-26 11:29:00 | INFO | trading.strategy2_signal_filter:check:533 | S2 skip: approach>=block (G3, level exhausted) | {'symbol': 'BANKUSDT', 'level': 0.37121, 'approach_count': 7, 'block_threshold': 4}
2026-07-26 11:29:15 | INFO | trading.strategy2_signal_filter:check:533 | S2 skip: approach>=block (G3, level exhausted) | {'symbol': 'BANKUSDT', 'level': 0.37121, 'approach_count': 7, 'block_threshold': 4}
2026-07-26 11:29:31 | INFO | trading.strategy2_signal_filter:check:533 | S2 skip: approach>=block (G3, level exhausted) | {'symbol': 'BANKUSDT', 'level': 0.37121, 'approach_count': 7, 'block_threshold': 4}
2026-07-26 11:29:46 | INFO | trading.strategy2_signal_filter:check:533 | S2 skip: approach>=block (G3, level exhausted) | {'symbol': 'BANKUSDT', 'level': 0.37121, 'approach_count': 7, 'block_threshold': 4}
2026-07-26 11:30:02 | INFO | trading.strategy2_signal_filter:check:533 | S2 skip: approach>=block (G3, level exhausted) | {'symbol': 'BANKUSDT', 'level': 0.37121, 'approach_count': 7, 'block_threshold': 4}
2026-07-26 11:30:17 | INFO | trading.strategy2_signal_filter:check:533 | S2 skip: approach>=block (G3, level exhausted) | {'symbol': 'BANKUSDT', 'level': 0.37121, 'approach_count': 7, 'block_threshold': 4}
2026-07-26 11:30:33 | INFO | trading.strategy2_signal_filter:check:533 | S2 skip: approach>=block (G3, level exhausted) | {'symbol': 'BANKUSDT', 'level': 0.37121, 'approach_count': 7, 'block_threshold': 4}
2026-07-26 11:30:49 | INFO | trading.strategy2_signal_filter:check:533 | S2 skip: approach>=block (G3, level exhausted) | {'symbol': 'BANKUSDT', 'level': 0.37121, 'approach_count': 7, 'block_threshold': 4}
2026-07-26 11:31:04 | INFO | trading.strategy2_signal_filter:check:533 | S2 skip: approach>=block (G3, level exhausted) | {'symbol': 'BANKUSDT', 'level': 0.37121, 'approach_count': 7, 'block_threshold': 4}
2026-07-26 11:31:12 | INFO | trading.strategy2_signal_filter:check:681 | S2 market phase | {'symbol': 'DEXEUSDT', 'phase': 'drop_tradeable', 'note': 'drop_tradeable:bq=0.82'}
2026-07-26 11:31:12 | DEBUG | trading.strategy2_signal_filter:check:928 | S2 skip: RR below minimum | {'symbol': 'DEXEUSDT', 'rr': 0.61, 'min_rr': 0.7, 'sl_dist_pct': 1.481, 'tp1_dist_pct': 0.9}
2026-07-26 11:31:14 | INFO | trading.strategy2_signal_filter:check:681 | S2 market phase | {'symbol': 'DEXEUSDT', 'phase': 'drop_tradeable', 'note': 'drop_tradeable:bq=0.82'}
2026-07-26 11:31:14 | DEBUG | trading.strategy2_signal_filter:check:928 | S2 skip: RR below minimum | {'symbol': 'DEXEUSDT', 'rr': 0.61, 'min_rr': 0.7, 'sl_dist_pct': 1.471, 'tp1_dist_pct': 0.9}
2026-07-26 11:31:17 | INFO | trading.strategy2_signal_filter:check:681 | S2 market phase | {'symbol': 'DEXEUSDT', 'phase': 'drop_tradeable', 'note': 'drop_tradeable:bq=0.82'}
2026-07-26 11:31:17 | DEBUG | trading.strategy2_signal_filter:check:928 | S2 skip: RR below minimum | {'symbol': 'DEXEUSDT', 'rr': 0.61, 'min_rr': 0.7, 'sl_dist_pct': 1.481, 'tp1_dist_pct': 0.9}
2026-07-26 11:31:20 | INFO | trading.strategy2_signal_filter:check:533 | S2 skip: approach>=block (G3, level exhausted) | {'symbol': 'BANKUSDT', 'level': 0.37121, 'approach_count': 7, 'block_threshold': 4}
2026-07-26 11:31:22 | INFO | trading.strategy2_signal_filter:check:681 | S2 market phase | {'symbol': 'DEXEUSDT', 'phase': 'drop_tradeable', 'note': 'drop_tradeable:bq=0.82'}
2026-07-26 11:31:22 | DEBUG | trading.strategy2_signal_filter:check:928 | S2 skip: RR below minimum | {'symbol': 'DEXEUSDT', 'rr': 0.61, 'min_rr': 0.7, 'sl_dist_pct': 1.481, 'tp1_dist_pct': 0.9}
2026-07-26 11:31:35 | INFO | trading.strategy2_signal_filter:check:533 | S2 skip: approach>=block (G3, level exhausted) | {'symbol': 'BANKUSDT', 'level': 0.37121, 'approach_count': 7, 'block_threshold': 4}
2026-07-26 11:31:51 | INFO | trading.strategy2_signal_filter:check:533 | S2 skip: approach>=block (G3, level exhausted) | {'symbol': 'BANKUSDT', 'level': 0.37121, 'approach_count': 7, 'block_threshold': 4}
2026-07-26 11:32:06 | INFO | trading.strategy2_signal_filter:check:533 | S2 skip: approach>=block (G3, level exhausted) | {'symbol': 'BANKUSDT', 'level': 0.37121, 'approach_count': 7, 'block_threshold': 4}
2026-07-26 11:32:22 | INFO | trading.strategy2_signal_filter:check:533 | S2 skip: approach>=block (G3, level exhausted) | {'symbol': 'BANKUSDT', 'level': 0.37121, 'approach_count': 7, 'block_threshold': 4}
2026-07-26 11:32:37 | INFO | trading.strategy2_signal_filter:check:533 | S2 skip: approach>=block (G3, level exhausted) | {'symbol': 'BANKUSDT', 'level': 0.37121, 'approach_count': 7, 'block_threshold': 4}
2026-07-26 11:32:53 | INFO | trading.strategy2_signal_filter:check:533 | S2 skip: approach>=block (G3, level exhausted) | {'symbol': 'BANKUSDT', 'level': 0.37121, 'approach_count': 7, 'block_threshold': 4}
2026-07-26 11:33:09 | INFO | trading.strategy2_signal_filter:check:533 | S2 skip: approach>=block (G3, level exhausted) | {'symbol': 'BANKUSDT', 'level': 0.37121, 'approach_count': 7, 'block_threshold': 4}
2026-07-26 11:33:24 | INFO | trading.strategy2_signal_filter:check:533 | S2 skip: approach>=block (G3, level exhausted) | {'symbol': 'BANKUSDT', 'level': 0.37121, 'approach_count': 7, 'block_threshold': 4}
2026-07-26 11:33:40 | INFO | trading.strategy2_signal_filter:check:533 | S2 skip: approach>=block (G3, level exhausted) | {'symbol': 'BANKUSDT', 'level': 0.37121, 'approach_count': 7, 'block_threshold': 4}
2026-07-26 11:33:55 | INFO | trading.strategy2_signal_filter:check:533 | S2 skip: approach>=block (G3, level exhausted) | {'symbol': 'BANKUSDT', 'level': 0.37121, 'approach_count': 7, 'block_threshold': 4}
2026-07-26 11:34:11 | INFO | trading.strategy2_signal_filter:check:533 | S2 skip: approach>=block (G3, level exhausted) | {'symbol': 'BANKUSDT', 'level': 0.37121, 'approach_count': 7, 'block_threshold': 4}
2026-07-26 11:34:26 | INFO | trading.strategy2_signal_filter:check:533 | S2 skip: approach>=block (G3, level exhausted) | {'symbol': 'BANKUSDT', 'level': 0.37121, 'approach_count': 7, 'block_threshold': 4}
2026-07-26 11:34:42 | INFO | trading.strategy2_signal_filter:check:533 | S2 skip: approach>=block (G3, level exhausted) | {'symbol': 'BANKUSDT', 'level': 0.37121, 'approach_count': 7, 'block_threshold': 4}
2026-07-26 11:38:30 | INFO | trading.strategy2_signal_filter:check:533 | S2 skip: approach>=block (G3, level exhausted) | {'symbol': 'DIAUSDT', 'level': 0.13921, 'approach_count': 14, 'block_threshold': 4}
2026-07-26 11:38:30 | INFO | trading.strategy2_signal_filter:check:545 | S2: level marked dead, monitor will stop sending proximity | {'symbol': 'DIAUSDT', 'level': 0.13921, 'approach_count': 14}
2026-07-26 11:38:45 | INFO | trading.strategy2_signal_filter:check:533 | S2 skip: approach>=block (G3, level exhausted) | {'symbol': 'DIAUSDT', 'level': 0.13921, 'approach_count': 14, 'block_threshold': 4}
2026-07-26 11:39:01 | INFO | trading.strategy2_signal_filter:check:533 | S2 skip: approach>=block (G3, level exhausted) | {'symbol': 'DIAUSDT', 'level': 0.13921, 'approach_count': 14, 'block_threshold': 4}
2026-07-26 11:39:17 | INFO | trading.strategy2_signal_filter:check:533 | S2 skip: approach>=block (G3, level exhausted) | {'symbol': 'DIAUSDT', 'level': 0.13921, 'approach_count': 14, 'block_threshold': 4}
2026-07-26 11:39:32 | INFO | trading.strategy2_signal_filter:check:533 | S2 skip: approach>=block (G3, level exhausted) | {'symbol': 'DIAUSDT', 'level': 0.13921, 'approach_count': 14, 'block_threshold': 4}
2026-07-26 11:39:48 | INFO | trading.strategy2_signal_filter:check:533 | S2 skip: approach>=block (G3, level exhausted) | {'symbol': 'DIAUSDT', 'level': 0.13921, 'approach_count': 14, 'block_threshold': 4}
2026-07-26 11:40:08 | INFO | trading.strategy2_signal_filter:check:533 | S2 skip: approach>=block (G3, level exhausted) | {'symbol': 'DIAUSDT', 'level': 0.13921, 'approach_count': 13, 'block_threshold': 4}
2026-07-26 11:40:55 | INFO | trading.strategy2_signal_filter:check:533 | S2 skip: approach>=block (G3, level exhausted) | {'symbol': 'DIAUSDT', 'level': 0.13921, 'approach_count': 13, 'block_threshold': 4}
2026-07-26 11:40:55 | INFO | trading.strategy2_signal_filter:check:545 | S2: level marked dead, monitor will stop sending proximity | {'symbol': 'DIAUSDT', 'level': 0.13921, 'approach_count': 13}
2026-07-26 11:50:51 | INFO | trading.strategy2_signal_filter:check:533 | S2 skip: approach>=block (G3, level exhausted) | {'symbol': 'BANKUSDT', 'level': 0.37121, 'approach_count': 7, 'block_threshold': 4}
2026-07-26 11:51:06 | INFO | trading.strategy2_signal_filter:check:533 | S2 skip: approach>=block (G3, level exhausted) | {'symbol': 'BANKUSDT', 'level': 0.37121, 'approach_count': 7, 'block_threshold': 4}
2026-07-26 11:53:21 | INFO | trading.strategy2_signal_filter:check:533 | S2 skip: approach>=block (G3, level exhausted) | {'symbol': 'BANKUSDT', 'level': 0.37121, 'approach_count': 7, 'block_threshold': 4}
2026-07-26 11:53:37 | INFO | trading.strategy2_signal_filter:check:533 | S2 skip: approach>=block (G3, level exhausted) | {'symbol': 'BANKUSDT', 'level': 0.37121, 'approach_count': 7, 'block_threshold': 4}
2026-07-26 11:53:52 | INFO | trading.strategy2_signal_filter:check:533 | S2 skip: approach>=block (G3, level exhausted) | {'symbol': 'BANKUSDT', 'level': 0.37121, 'approach_count': 7, 'block_threshold': 4}
2026-07-26 11:54:08 | INFO | trading.strategy2_signal_filter:check:533 | S2 skip: approach>=block (G3, level exhausted) | {'symbol': 'BANKUSDT', 'level': 0.37121, 'approach_count': 7, 'block_threshold': 4}
2026-07-26 11:54:23 | INFO | trading.strategy2_signal_filter:check:533 | S2 skip: approach>=block (G3, level exhausted) | {'symbol': 'BANKUSDT', 'level': 0.37121, 'approach_count': 7, 'block_threshold': 4}
2026-07-26 11:54:39 | INFO | trading.strategy2_signal_filter:check:533 | S2 skip: approach>=block (G3, level exhausted) | {'symbol': 'BANKUSDT', 'level': 0.37121, 'approach_count': 7, 'block_threshold': 4}
2026-07-26 11:54:54 | INFO | trading.strategy2_signal_filter:check:533 | S2 skip: approach>=block (G3, level exhausted) | {'symbol': 'BANKUSDT', 'level': 0.37121, 'approach_count': 7, 'block_threshold': 4}
2026-07-26 11:55:10 | INFO | trading.strategy2_signal_filter:check:533 | S2 skip: approach>=block (G3, level exhausted) | {'symbol': 'BANKUSDT', 'level': 0.37121, 'approach_count': 6, 'block_threshold': 4}
2026-07-26 11:55:25 | INFO | trading.strategy2_signal_filter:check:533 | S2 skip: approach>=block (G3, level exhausted) | {'symbol': 'BANKUSDT', 'level': 0.37121, 'approach_count': 7, 'block_threshold': 4}
2026-07-26 11:55:41 | INFO | trading.strategy2_signal_filter:check:533 | S2 skip: approach>=block (G3, level exhausted) | {'symbol': 'BANKUSDT', 'level': 0.37121, 'approach_count': 7, 'block_threshold': 4}
2026-07-26 11:55:42 | INFO | trading.strategy2_signal_filter:check:681 | S2 market phase | {'symbol': 'RIFUSDT', 'phase': 'unknown', 'note': 'unknown:range=8.6%,dir_eff=0.01'}
2026-07-26 11:55:42 | INFO | trading.strategy2_signal_filter:check:770 | S2 skip: body_level in active fall (H6) | {'symbol': 'RIFUSDT', 'level': 0.095063, 'current_price': 0.09631, 'drop_pct': -3.7, 'vol_spike': 2.5, 'drop_thresh': -1.2, 'spike_thresh': 1.5}
2026-07-26 11:55:46 | INFO | trading.strategy2_signal_filter:check:681 | S2 market phase | {'symbol': 'RIFUSDT', 'phase': 'unknown', 'note': 'unknown:range=8.6%,dir_eff=0.01'}
2026-07-26 11:55:46 | INFO | trading.strategy2_signal_filter:check:770 | S2 skip: body_level in active fall (H6) | {'symbol': 'RIFUSDT', 'level': 0.095063, 'current_price': 0.09631, 'drop_pct': -3.7, 'vol_spike': 2.5, 'drop_thresh': -1.2, 'spike_thresh': 1.5}
2026-07-26 11:55:47 | INFO | trading.strategy2_signal_filter:check:681 | S2 market phase | {'symbol': 'RIFUSDT', 'phase': 'unknown', 'note': 'unknown:range=8.6%,dir_eff=0.01'}
2026-07-26 11:55:47 | INFO | trading.strategy2_signal_filter:check:770 | S2 skip: body_level in active fall (H6) | {'symbol': 'RIFUSDT', 'level': 0.095063, 'current_price': 0.09631, 'drop_pct': -3.7, 'vol_spike': 2.5, 'drop_thresh': -1.2, 'spike_thresh': 1.5}
2026-07-26 11:55:52 | INFO | trading.strategy2_signal_filter:check:681 | S2 market phase | {'symbol': 'RIFUSDT', 'phase': 'unknown', 'note': 'unknown:range=8.6%,dir_eff=0.01'}
2026-07-26 11:55:52 | INFO | trading.strategy2_signal_filter:check:770 | S2 skip: body_level in active fall (H6) | {'symbol': 'RIFUSDT', 'level': 0.095063, 'current_price': 0.09631, 'drop_pct': -3.7, 'vol_spike': 2.5, 'drop_thresh': -1.2, 'spike_thresh': 1.5}
2026-07-26 11:55:56 | INFO | trading.strategy2_signal_filter:check:533 | S2 skip: approach>=block (G3, level exhausted) | {'symbol': 'BANKUSDT', 'level': 0.37121, 'approach_count': 7, 'block_threshold': 4}
2026-07-26 11:55:57 | INFO | trading.strategy2_signal_filter:check:681 | S2 market phase | {'symbol': 'RIFUSDT', 'phase': 'unknown', 'note': 'unknown:range=8.6%,dir_eff=0.00'}
2026-07-26 11:55:57 | INFO | trading.strategy2_signal_filter:check:770 | S2 skip: body_level in active fall (H6) | {'symbol': 'RIFUSDT', 'level': 0.095063, 'current_price': 0.09622, 'drop_pct': -3.79, 'vol_spike': 2.91, 'drop_thresh': -1.2, 'spike_thresh': 1.5}
2026-07-26 11:56:02 | INFO | trading.strategy2_signal_filter:check:681 | S2 market phase | {'symbol': 'RIFUSDT', 'phase': 'unknown', 'note': 'unknown:range=8.6%,dir_eff=0.00'}
2026-07-26 11:56:02 | INFO | trading.strategy2_signal_filter:check:770 | S2 skip: body_level in active fall (H6) | {'symbol': 'RIFUSDT', 'level': 0.095063, 'current_price': 0.09622, 'drop_pct': -3.79, 'vol_spike': 2.91, 'drop_thresh': -1.2, 'spike_thresh': 1.5}
2026-07-26 11:56:02 | INFO | trading.strategy2_signal_filter:check:681 | S2 market phase | {'symbol': 'RIFUSDT', 'phase': 'unknown', 'note': 'unknown:range=8.6%,dir_eff=0.00'}
2026-07-26 11:56:02 | INFO | trading.strategy2_signal_filter:check:770 | S2 skip: body_level in active fall (H6) | {'symbol': 'RIFUSDT', 'level': 0.095063, 'current_price': 0.09622, 'drop_pct': -3.79, 'vol_spike': 2.91, 'drop_thresh': -1.2, 'spike_thresh': 1.5}
2026-07-26 11:56:07 | INFO | trading.strategy2_signal_filter:check:681 | S2 market phase | {'symbol': 'RIFUSDT', 'phase': 'unknown', 'note': 'unknown:range=8.6%,dir_eff=0.01'}
2026-07-26 11:56:07 | INFO | trading.strategy2_signal_filter:check:770 | S2 skip: body_level in active fall (H6) | {'symbol': 'RIFUSDT', 'level': 0.095063, 'current_price': 0.09606, 'drop_pct': -4.84, 'vol_spike': 2.17, 'drop_thresh': -1.2, 'spike_thresh': 1.5}
2026-07-26 11:56:12 | INFO | trading.strategy2_signal_filter:check:533 | S2 skip: approach>=block (G3, level exhausted) | {'symbol': 'BANKUSDT', 'level': 0.37121, 'approach_count': 7, 'block_threshold': 4}
2026-07-26 11:56:13 | INFO | trading.strategy2_signal_filter:check:681 | S2 market phase | {'symbol': 'RIFUSDT', 'phase': 'unknown', 'note': 'unknown:range=8.6%,dir_eff=0.01'}
2026-07-26 11:56:13 | INFO | trading.strategy2_signal_filter:check:770 | S2 skip: body_level in active fall (H6) | {'symbol': 'RIFUSDT', 'level': 0.095063, 'current_price': 0.09606, 'drop_pct': -4.84, 'vol_spike': 2.17, 'drop_thresh': -1.2, 'spike_thresh': 1.5}
2026-07-26 11:56:17 | INFO | trading.strategy2_signal_filter:check:681 | S2 market phase | {'symbol': 'RIFUSDT', 'phase': 'unknown', 'note': 'unknown:range=8.6%,dir_eff=0.01'}
2026-07-26 11:56:17 | INFO | trading.strategy2_signal_filter:check:770 | S2 skip: body_level in active fall (H6) | {'symbol': 'RIFUSDT', 'level': 0.095063, 'current_price': 0.09606, 'drop_pct': -4.84, 'vol_spike': 2.17, 'drop_thresh': -1.2, 'spike_thresh': 1.5}
2026-07-26 11:56:17 | INFO | trading.strategy2_signal_filter:check:681 | S2 market phase | {'symbol': 'RIFUSDT', 'phase': 'unknown', 'note': 'unknown:range=8.6%,dir_eff=0.01'}
2026-07-26 11:56:17 | INFO | trading.strategy2_signal_filter:check:770 | S2 skip: body_level in active fall (H6) | {'symbol': 'RIFUSDT', 'level': 0.095063, 'current_price': 0.09606, 'drop_pct': -4.84, 'vol_spike': 2.17, 'drop_thresh': -1.2, 'spike_thresh': 1.5}
2026-07-26 11:56:23 | INFO | trading.strategy2_signal_filter:check:681 | S2 market phase | {'symbol': 'RIFUSDT', 'phase': 'drop_tradeable', 'note': 'drop_tradeable:bq=1.00'}
2026-07-26 11:56:23 | DEBUG | trading.strategy2_signal_filter:check:737 | S2 skip: drop_tradeable body_level not at lower boundary | {'symbol': 'RIFUSDT', 'level': 0.095063, 'level_position_pct': 78.2, 'max_allowed_pct': 30.0, 'range_low': 0.07064, 'range_high': 0.10186}
2026-07-26 11:56:28 | INFO | trading.strategy2_signal_filter:check:681 | S2 market phase | {'symbol': 'RIFUSDT', 'phase': 'drop_tradeable', 'note': 'drop_tradeable:bq=1.00'}
2026-07-26 11:56:28 | DEBUG | trading.strategy2_signal_filter:check:737 | S2 skip: drop_tradeable body_level not at lower boundary | {'symbol': 'RIFUSDT', 'level': 0.095063, 'level_position_pct': 78.2, 'max_allowed_pct': 30.0, 'range_low': 0.07064, 'range_high': 0.10186}
2026-07-26 11:56:53 | INFO | trading.strategy2_signal_filter:check:533 | S2 skip: approach>=block (G3, level exhausted) | {'symbol': 'BANKUSDT', 'level': 0.37121, 'approach_count': 7, 'block_threshold': 4}
2026-07-26 11:56:53 | INFO | trading.strategy2_signal_filter:check:681 | S2 market phase | {'symbol': 'RIFUSDT', 'phase': 'drop_tradeable', 'note': 'drop_tradeable:bq=1.00'}
2026-07-26 11:56:53 | DEBUG | trading.strategy2_signal_filter:check:737 | S2 skip: drop_tradeable body_level not at lower boundary | {'symbol': 'RIFUSDT', 'level': 0.095063, 'level_position_pct': 78.2, 'max_allowed_pct': 30.0, 'range_low': 0.07064, 'range_high': 0.10186}
2026-07-26 11:56:59 | INFO | trading.strategy2_signal_filter:check:681 | S2 market phase | {'symbol': 'RIFUSDT', 'phase': 'drop_tradeable', 'note': 'drop_tradeable:bq=1.00'}
2026-07-26 11:56:59 | DEBUG | trading.strategy2_signal_filter:check:737 | S2 skip: drop_tradeable body_level not at lower boundary | {'symbol': 'RIFUSDT', 'level': 0.095063, 'level_position_pct': 78.2, 'max_allowed_pct': 30.0, 'range_low': 0.07064, 'range_high': 0.10186}
2026-07-26 11:57:04 | INFO | trading.strategy2_signal_filter:check:681 | S2 market phase | {'symbol': 'RIFUSDT', 'phase': 'drop_tradeable', 'note': 'drop_tradeable:bq=1.00'}
2026-07-26 11:57:04 | DEBUG | trading.strategy2_signal_filter:check:737 | S2 skip: drop_tradeable body_level not at lower boundary | {'symbol': 'RIFUSDT', 'level': 0.095063, 'level_position_pct': 78.2, 'max_allowed_pct': 30.0, 'range_low': 0.07064, 'range_high': 0.10186}
2026-07-26 11:57:09 | INFO | trading.strategy2_signal_filter:check:533 | S2 skip: approach>=block (G3, level exhausted) | {'symbol': 'BANKUSDT', 'level': 0.37121, 'approach_count': 7, 'block_threshold': 4}
2026-07-26 11:57:09 | INFO | trading.strategy2_signal_filter:check:681 | S2 market phase | {'symbol': 'RIFUSDT', 'phase': 'drop_tradeable', 'note': 'drop_tradeable:bq=1.00'}
2026-07-26 11:57:09 | DEBUG | trading.strategy2_signal_filter:check:737 | S2 skip: drop_tradeable body_level not at lower boundary | {'symbol': 'RIFUSDT', 'level': 0.095063, 'level_position_pct': 78.2, 'max_allowed_pct': 30.0, 'range_low': 0.07064, 'range_high': 0.10186}
2026-07-26 11:57:14 | INFO | trading.strategy2_signal_filter:check:681 | S2 market phase | {'symbol': 'RIFUSDT', 'phase': 'drop_tradeable', 'note': 'drop_tradeable:bq=1.00'}
2026-07-26 11:57:14 | DEBUG | trading.strategy2_signal_filter:check:737 | S2 skip: drop_tradeable body_level not at lower boundary | {'symbol': 'RIFUSDT', 'level': 0.095063, 'level_position_pct': 78.2, 'max_allowed_pct': 30.0, 'range_low': 0.07064, 'range_high': 0.10186}
2026-07-26 11:57:19 | INFO | trading.strategy2_signal_filter:check:681 | S2 market phase | {'symbol': 'RIFUSDT', 'phase': 'drop_tradeable', 'note': 'drop_tradeable:bq=1.00'}
2026-07-26 11:57:19 | DEBUG | trading.strategy2_signal_filter:check:737 | S2 skip: drop_tradeable body_level not at lower boundary | {'symbol': 'RIFUSDT', 'level': 0.095063, 'level_position_pct': 78.2, 'max_allowed_pct': 30.0, 'range_low': 0.07064, 'range_high': 0.10186}
2026-07-26 11:57:24 | INFO | trading.strategy2_signal_filter:check:681 | S2 market phase | {'symbol': 'RIFUSDT', 'phase': 'drop_tradeable', 'note': 'drop_tradeable:bq=1.00'}
2026-07-26 11:57:24 | DEBUG | trading.strategy2_signal_filter:check:737 | S2 skip: drop_tradeable body_level not at lower boundary | {'symbol': 'RIFUSDT', 'level': 0.095063, 'level_position_pct': 78.2, 'max_allowed_pct': 30.0, 'range_low': 0.07064, 'range_high': 0.10186}
2026-07-26 11:57:30 | INFO | trading.strategy2_signal_filter:check:681 | S2 market phase | {'symbol': 'RIFUSDT', 'phase': 'drop_tradeable', 'note': 'drop_tradeable:bq=1.00'}
2026-07-26 11:57:30 | DEBUG | trading.strategy2_signal_filter:check:737 | S2 skip: drop_tradeable body_level not at lower boundary | {'symbol': 'RIFUSDT', 'level': 0.095063, 'level_position_pct': 78.2, 'max_allowed_pct': 30.0, 'range_low': 0.07064, 'range_high': 0.10186}
2026-07-26 11:57:35 | INFO | trading.strategy2_signal_filter:check:681 | S2 market phase | {'symbol': 'RIFUSDT', 'phase': 'drop_tradeable', 'note': 'drop_tradeable:bq=1.00'}
2026-07-26 11:57:35 | DEBUG | trading.strategy2_signal_filter:check:737 | S2 skip: drop_tradeable body_level not at lower boundary | {'symbol': 'RIFUSDT', 'level': 0.095063, 'level_position_pct': 78.2, 'max_allowed_pct': 30.0, 'range_low': 0.07064, 'range_high': 0.10186}
2026-07-26 11:57:40 | INFO | trading.strategy2_signal_filter:check:681 | S2 market phase | {'symbol': 'RIFUSDT', 'phase': 'drop_tradeable', 'note': 'drop_tradeable:bq=1.00'}
2026-07-26 11:57:40 | DEBUG | trading.strategy2_signal_filter:check:737 | S2 skip: drop_tradeable body_level not at lower boundary | {'symbol': 'RIFUSDT', 'level': 0.095063, 'level_position_pct': 78.2, 'max_allowed_pct': 30.0, 'range_low': 0.07064, 'range_high': 0.10186}
2026-07-26 11:58:06 | INFO | trading.strategy2_signal_filter:check:533 | S2 skip: approach>=block (G3, level exhausted) | {'symbol': 'BANKUSDT', 'level': 0.37121, 'approach_count': 7, 'block_threshold': 4}
2026-07-26 11:59:13 | INFO | trading.strategy2_signal_filter:check:533 | S2 skip: approach>=block (G3, level exhausted) | {'symbol': 'BANKUSDT', 'level': 0.37121, 'approach_count': 7, 'block_threshold': 4}
2026-07-26 11:59:29 | INFO | trading.strategy2_signal_filter:check:533 | S2 skip: approach>=block (G3, level exhausted) | {'symbol': 'BANKUSDT', 'level': 0.37121, 'approach_count': 7, 'block_threshold': 4}
2026-07-26 11:59:44 | INFO | trading.strategy2_signal_filter:check:533 | S2 skip: approach>=block (G3, level exhausted) | {'symbol': 'BANKUSDT', 'level': 0.37121, 'approach_count': 7, 'block_threshold': 4}
2026-07-26 12:00:00 | INFO | trading.strategy2_signal_filter:check:533 | S2 skip: approach>=block (G3, level exhausted) | {'symbol': 'BANKUSDT', 'level': 0.37121, 'approach_count': 7, 'block_threshold': 4}
2026-07-26 12:00:26 | INFO | trading.strategy2_signal_filter:check:533 | S2 skip: approach>=block (G3, level exhausted) | {'symbol': 'BANKUSDT', 'level': 0.37121, 'approach_count': 7, 'block_threshold': 4}
2026-07-26 12:00:41 | INFO | trading.strategy2_signal_filter:check:533 | S2 skip: approach>=block (G3, level exhausted) | {'symbol': 'BANKUSDT', 'level': 0.37121, 'approach_count': 7, 'block_threshold': 4}
2026-07-26 12:00:57 | INFO | trading.strategy2_signal_filter:check:533 | S2 skip: approach>=block (G3, level exhausted) | {'symbol': 'BANKUSDT', 'level': 0.37121, 'approach_count': 7, 'block_threshold': 4}
2026-07-26 12:01:12 | INFO | trading.strategy2_signal_filter:check:533 | S2 skip: approach>=block (G3, level exhausted) | {'symbol': 'BANKUSDT', 'level': 0.37121, 'approach_count': 7, 'block_threshold': 4}
2026-07-26 12:01:28 | INFO | trading.strategy2_signal_filter:check:533 | S2 skip: approach>=block (G3, level exhausted) | {'symbol': 'BANKUSDT', 'level': 0.37121, 'approach_count': 7, 'block_threshold': 4}
2026-07-26 12:01:43 | INFO | trading.strategy2_signal_filter:check:533 | S2 skip: approach>=block (G3, level exhausted) | {'symbol': 'BANKUSDT', 'level': 0.37121, 'approach_count': 7, 'block_threshold': 4}
2026-07-26 12:01:59 | INFO | trading.strategy2_signal_filter:check:533 | S2 skip: approach>=block (G3, level exhausted) | {'symbol': 'BANKUSDT', 'level': 0.37121, 'approach_count': 7, 'block_threshold': 4}
2026-07-26 12:02:14 | INFO | trading.strategy2_signal_filter:check:533 | S2 skip: approach>=block (G3, level exhausted) | {'symbol': 'BANKUSDT', 'level': 0.37121, 'approach_count': 7, 'block_threshold': 4}
2026-07-26 12:02:30 | INFO | trading.strategy2_signal_filter:check:533 | S2 skip: approach>=block (G3, level exhausted) | {'symbol': 'BANKUSDT', 'level': 0.37121, 'approach_count': 7, 'block_threshold': 4}
2026-07-26 12:02:46 | INFO | trading.strategy2_signal_filter:check:533 | S2 skip: approach>=block (G3, level exhausted) | {'symbol': 'BANKUSDT', 'level': 0.37121, 'approach_count': 7, 'block_threshold': 4}
2026-07-26 12:03:01 | INFO | trading.strategy2_signal_filter:check:533 | S2 skip: approach>=block (G3, level exhausted) | {'symbol': 'BANKUSDT', 'level': 0.37121, 'approach_count': 7, 'block_threshold': 4}
2026-07-26 12:03:11 | INFO | trading.strategy2_signal_filter:check:681 | S2 market phase | {'symbol': 'AKEUSDT', 'phase': 'flat', 'note': 'flat:range=4.0%,dir_eff=0.21'}
2026-07-26 12:03:11 | INFO | trading.strategy2_signal_filter:check:896 | S2: SL adjusted to minimum distance | {'symbol': 'AKEUSDT', 'min_dist_pct': 0.483, 'stop_loss': 0.00303686}
2026-07-26 12:03:11 | INFO | trading.strategy2_signal_filter:check:912 | S2: SL moved below grid_bottom (was inside grid) | {'symbol': 'AKEUSDT', 'grid_bottom': 0.00302414, 'stop_loss': 0.00301492}
2026-07-26 12:03:11 | INFO | trading.strategy2_signal_filter:check:988 | S2 signal passed all filters | {'symbol': 'AKEUSDT', 'level': 0.0030516, 'level_type': 'pump_base', 'strength': 5, 'p_bounce': 0.927, 'sl': 0.00301492, 'tp1': 0.00307906, 'tp2': 0.00314374, 'rr': 0.75, 'phase': 'flat', 'pos_struct_pct': 23.3, 'pos_local_pct': -24.9, 'struct_range': [0.0029196, 0.0034869], 'approach_speed_pct': -2.32, 'red_candles_streak': 7, 'phase_streak_checks': 1, 'phase_streak_seconds': 0.0, 'bleed_in_last_12': 9, 'seconds_since_bleed': 23060.4, 'phase_seq': 'bbbbbbbbbddf', 'hours_since_pump_peak': 21.3, 'vol_decay': 0.41, 'natr_now_pct': 1.86, 'natr_1m': 0.536, 'natr_5m': 0.957, 'natr_15m': 1.868, 'candle_staleness_sec': 11.9, 'bot_version': '2026-07-18.1'}
2026-07-26 12:03:12 | INFO | trading.strategy2_live:_open_grid:784 | S2Live: SL order placed | {'trade_id': '5e6bbdc7-0f33-4391-8b58-5f65d730e21a', 'symbol': 'AKEUSDT', 'sl_order_id': 'b2ad1d5f-abde-4f34-beb8-ffee8c9d83b9', 'trigger': 0.0030149, 'qty': 65500.0}
2026-07-26 12:03:13 | INFO | trading.strategy2_live:_open_grid:817 | S2Live grid opened | {'trade_id': '5e6bbdc7-0f33-4391-8b58-5f65d730e21a', 'symbol': 'AKEUSDT', 'orders': 2}
2026-07-26 12:03:14 | DEBUG | trading.strategy2_signal_filter:check:600 | S2 skip: already have open trade for symbol | {'symbol': 'AKEUSDT'}
2026-07-26 12:03:17 | DEBUG | trading.strategy2_signal_filter:check:600 | S2 skip: already have open trade for symbol | {'symbol': 'AKEUSDT'}
2026-07-26 12:03:17 | INFO | trading.strategy2_signal_filter:check:533 | S2 skip: approach>=block (G3, level exhausted) | {'symbol': 'BANKUSDT', 'level': 0.37121, 'approach_count': 7, 'block_threshold': 4}
2026-07-26 12:03:32 | DEBUG | trading.strategy2_signal_filter:check:600 | S2 skip: already have open trade for symbol | {'symbol': 'AKEUSDT'}
2026-07-26 12:03:32 | DEBUG | trading.strategy2_signal_filter:check:600 | S2 skip: already have open trade for symbol | {'symbol': 'AKEUSDT'}
2026-07-26 12:03:32 | INFO | trading.strategy2_signal_filter:check:533 | S2 skip: approach>=block (G3, level exhausted) | {'symbol': 'BANKUSDT', 'level': 0.37121, 'approach_count': 7, 'block_threshold': 4}
2026-07-26 12:03:37 | DEBUG | trading.strategy2_signal_filter:check:600 | S2 skip: already have open trade for symbol | {'symbol': 'AKEUSDT'}
2026-07-26 12:03:42 | DEBUG | trading.strategy2_signal_filter:check:600 | S2 skip: already have open trade for symbol | {'symbol': 'AKEUSDT'}
2026-07-26 12:03:48 | INFO | trading.strategy2_signal_filter:check:533 | S2 skip: approach>=block (G3, level exhausted) | {'symbol': 'BANKUSDT', 'level': 0.37121, 'approach_count': 7, 'block_threshold': 4}
2026-07-26 12:04:03 | INFO | trading.strategy2_signal_filter:check:533 | S2 skip: approach>=block (G3, level exhausted) | {'symbol': 'BANKUSDT', 'level': 0.37121, 'approach_count': 7, 'block_threshold': 4}
2026-07-26 12:04:19 | INFO | trading.strategy2_signal_filter:check:533 | S2 skip: approach>=block (G3, level exhausted) | {'symbol': 'BANKUSDT', 'level': 0.37121, 'approach_count': 7, 'block_threshold': 4}
2026-07-26 12:04:34 | INFO | trading.strategy2_signal_filter:check:533 | S2 skip: approach>=block (G3, level exhausted) | {'symbol': 'BANKUSDT', 'level': 0.37121, 'approach_count': 7, 'block_threshold': 4}
2026-07-26 12:04:48 | INFO | trading.strategy2_signal_filter:check:533 | S2 skip: approach>=block (G3, level exhausted) | {'symbol': 'EULUSDT', 'level': 2.4846, 'approach_count': 8, 'block_threshold': 4}
2026-07-26 12:04:48 | INFO | trading.strategy2_signal_filter:check:545 | S2: level marked dead, monitor will stop sending proximity | {'symbol': 'EULUSDT', 'level': 2.4846, 'approach_count': 8}
2026-07-26 12:04:50 | INFO | trading.strategy2_signal_filter:check:533 | S2 skip: approach>=block (G3, level exhausted) | {'symbol': 'BANKUSDT', 'level': 0.37121, 'approach_count': 7, 'block_threshold': 4}
2026-07-26 12:04:50 | INFO | trading.strategy2_signal_filter:check:533 | S2 skip: approach>=block (G3, level exhausted) | {'symbol': 'EULUSDT', 'level': 2.4846, 'approach_count': 8, 'block_threshold': 4}
2026-07-26 12:05:05 | INFO | trading.strategy2_signal_filter:check:533 | S2 skip: approach>=block (G3, level exhausted) | {'symbol': 'BANKUSDT', 'level': 0.37121, 'approach_count': 7, 'block_threshold': 4}
2026-07-26 12:05:11 | DEBUG | trading.strategy2_signal_filter:check:600 | S2 skip: already have open trade for symbol | {'symbol': 'AKEUSDT'}
2026-07-26 12:05:11 | DEBUG | trading.strategy2_signal_filter:check:600 | S2 skip: already have open trade for symbol | {'symbol': 'AKEUSDT'}
2026-07-26 12:05:16 | DEBUG | trading.strategy2_signal_filter:check:600 | S2 skip: already have open trade for symbol | {'symbol': 'AKEUSDT'}
2026-07-26 12:05:21 | DEBUG | trading.strategy2_signal_filter:check:600 | S2 skip: already have open trade for symbol | {'symbol': 'AKEUSDT'}
2026-07-26 12:05:21 | INFO | trading.strategy2_signal_filter:check:533 | S2 skip: approach>=block (G3, level exhausted) | {'symbol': 'BANKUSDT', 'level': 0.37121, 'approach_count': 7, 'block_threshold': 4}
2026-07-26 12:05:26 | DEBUG | trading.strategy2_signal_filter:check:600 | S2 skip: already have open trade for symbol | {'symbol': 'AKEUSDT'}
2026-07-26 12:05:26 | DEBUG | trading.strategy2_signal_filter:check:600 | S2 skip: already have open trade for symbol | {'symbol': 'AKEUSDT'}
2026-07-26 12:05:31 | DEBUG | trading.strategy2_signal_filter:check:600 | S2 skip: already have open trade for symbol | {'symbol': 'AKEUSDT'}
2026-07-26 12:05:36 | DEBUG | trading.strategy2_signal_filter:check:600 | S2 skip: already have open trade for symbol | {'symbol': 'AKEUSDT'}
2026-07-26 12:05:36 | INFO | trading.strategy2_signal_filter:check:533 | S2 skip: approach>=block (G3, level exhausted) | {'symbol': 'BANKUSDT', 'level': 0.37121, 'approach_count': 7, 'block_threshold': 4}
2026-07-26 12:05:42 | DEBUG | trading.strategy2_signal_filter:check:600 | S2 skip: already have open trade for symbol | {'symbol': 'AKEUSDT'}
2026-07-26 12:05:42 | DEBUG | trading.strategy2_signal_filter:check:600 | S2 skip: already have open trade for symbol | {'symbol': 'AKEUSDT'}
2026-07-26 12:05:47 | DEBUG | trading.strategy2_signal_filter:check:600 | S2 skip: already have open trade for symbol | {'symbol': 'AKEUSDT'}
2026-07-26 12:05:52 | DEBUG | trading.strategy2_signal_filter:check:600 | S2 skip: already have open trade for symbol | {'symbol': 'AKEUSDT'}
2026-07-26 12:05:52 | INFO | trading.strategy2_signal_filter:check:533 | S2 skip: approach>=block (G3, level exhausted) | {'symbol': 'BANKUSDT', 'level': 0.37121, 'approach_count': 7, 'block_threshold': 4}
2026-07-26 12:05:57 | DEBUG | trading.strategy2_signal_filter:check:600 | S2 skip: already have open trade for symbol | {'symbol': 'AKEUSDT'}
2026-07-26 12:05:57 | DEBUG | trading.strategy2_signal_filter:check:600 | S2 skip: already have open trade for symbol | {'symbol': 'AKEUSDT'}
2026-07-26 12:06:02 | DEBUG | trading.strategy2_signal_filter:check:600 | S2 skip: already have open trade for symbol | {'symbol': 'AKEUSDT'}
2026-07-26 12:06:07 | DEBUG | trading.strategy2_signal_filter:check:600 | S2 skip: already have open trade for symbol | {'symbol': 'AKEUSDT'}
2026-07-26 12:06:07 | INFO | trading.strategy2_signal_filter:check:533 | S2 skip: approach>=block (G3, level exhausted) | {'symbol': 'BANKUSDT', 'level': 0.37121, 'approach_count': 7, 'block_threshold': 4}
2026-07-26 12:06:08 | INFO | trading.strategy2_signal_filter:check:533 | S2 skip: approach>=block (G3, level exhausted) | {'symbol': 'EULUSDT', 'level': 2.4846, 'approach_count': 8, 'block_threshold': 4}
2026-07-26 12:06:13 | DEBUG | trading.strategy2_signal_filter:check:600 | S2 skip: already have open trade for symbol | {'symbol': 'AKEUSDT'}
2026-07-26 12:06:13 | DEBUG | trading.strategy2_signal_filter:check:600 | S2 skip: already have open trade for symbol | {'symbol': 'AKEUSDT'}
2026-07-26 12:06:18 | DEBUG | trading.strategy2_signal_filter:check:600 | S2 skip: already have open trade for symbol | {'symbol': 'AKEUSDT'}
2026-07-26 12:06:23 | DEBUG | trading.strategy2_signal_filter:check:600 | S2 skip: already have open trade for symbol | {'symbol': 'AKEUSDT'}
2026-07-26 12:06:23 | INFO | trading.strategy2_signal_filter:check:533 | S2 skip: approach>=block (G3, level exhausted) | {'symbol': 'BANKUSDT', 'level': 0.37121, 'approach_count': 7, 'block_threshold': 4}
2026-07-26 12:06:23 | INFO | trading.strategy2_signal_filter:check:533 | S2 skip: approach>=block (G3, level exhausted) | {'symbol': 'EULUSDT', 'level': 2.4846, 'approach_count': 8, 'block_threshold': 4}
2026-07-26 12:06:28 | DEBUG | trading.strategy2_signal_filter:check:600 | S2 skip: already have open trade for symbol | {'symbol': 'AKEUSDT'}
2026-07-26 12:06:28 | DEBUG | trading.strategy2_signal_filter:check:600 | S2 skip: already have open trade for symbol | {'symbol': 'AKEUSDT'}
2026-07-26 12:06:33 | DEBUG | trading.strategy2_signal_filter:check:600 | S2 skip: already have open trade for symbol | {'symbol': 'AKEUSDT'}
2026-07-26 12:06:39 | DEBUG | trading.strategy2_signal_filter:check:600 | S2 skip: already have open trade for symbol | {'symbol': 'AKEUSDT'}
2026-07-26 12:06:39 | INFO | trading.strategy2_signal_filter:check:533 | S2 skip: approach>=block (G3, level exhausted) | {'symbol': 'BANKUSDT', 'level': 0.37121, 'approach_count': 7, 'block_threshold': 4}
2026-07-26 12:06:39 | INFO | trading.strategy2_signal_filter:check:533 | S2 skip: approach>=block (G3, level exhausted) | {'symbol': 'EULUSDT', 'level': 2.4846, 'approach_count': 8, 'block_threshold': 4}
2026-07-26 12:06:44 | DEBUG | trading.strategy2_signal_filter:check:600 | S2 skip: already have open trade for symbol | {'symbol': 'AKEUSDT'}
2026-07-26 12:06:44 | DEBUG | trading.strategy2_signal_filter:check:600 | S2 skip: already have open trade for symbol | {'symbol': 'AKEUSDT'}
2026-07-26 12:06:49 | DEBUG | trading.strategy2_signal_filter:check:600 | S2 skip: already have open trade for symbol | {'symbol': 'AKEUSDT'}
2026-07-26 12:06:54 | DEBUG | trading.strategy2_signal_filter:check:600 | S2 skip: already have open trade for symbol | {'symbol': 'AKEUSDT'}
2026-07-26 12:06:54 | INFO | trading.strategy2_signal_filter:check:533 | S2 skip: approach>=block (G3, level exhausted) | {'symbol': 'BANKUSDT', 'level': 0.37121, 'approach_count': 7, 'block_threshold': 4}
2026-07-26 12:06:54 | INFO | trading.strategy2_signal_filter:check:533 | S2 skip: approach>=block (G3, level exhausted) | {'symbol': 'EULUSDT', 'level': 2.4846, 'approach_count': 8, 'block_threshold': 4}
2026-07-26 12:06:59 | DEBUG | trading.strategy2_signal_filter:check:600 | S2 skip: already have open trade for symbol | {'symbol': 'AKEUSDT'}
2026-07-26 12:07:10 | INFO | trading.strategy2_signal_filter:check:533 | S2 skip: approach>=block (G3, level exhausted) | {'symbol': 'BANKUSDT', 'level': 0.37121, 'approach_count': 7, 'block_threshold': 4}
2026-07-26 12:07:10 | INFO | trading.strategy2_signal_filter:check:533 | S2 skip: approach>=block (G3, level exhausted) | {'symbol': 'EULUSDT', 'level': 2.4846, 'approach_count': 8, 'block_threshold': 4}
2026-07-26 12:07:15 | DEBUG | trading.strategy2_signal_filter:check:600 | S2 skip: already have open trade for symbol | {'symbol': 'AKEUSDT'}
2026-07-26 12:07:15 | DEBUG | trading.strategy2_signal_filter:check:600 | S2 skip: already have open trade for symbol | {'symbol': 'AKEUSDT'}
2026-07-26 12:07:20 | DEBUG | trading.strategy2_signal_filter:check:600 | S2 skip: already have open trade for symbol | {'symbol': 'AKEUSDT'}
2026-07-26 12:07:25 | DEBUG | trading.strategy2_signal_filter:check:600 | S2 skip: already have open trade for symbol | {'symbol': 'AKEUSDT'}
2026-07-26 12:07:25 | INFO | trading.strategy2_signal_filter:check:533 | S2 skip: approach>=block (G3, level exhausted) | {'symbol': 'BANKUSDT', 'level': 0.37121, 'approach_count': 7, 'block_threshold': 4}
2026-07-26 12:07:25 | INFO | trading.strategy2_signal_filter:check:533 | S2 skip: approach>=block (G3, level exhausted) | {'symbol': 'EULUSDT', 'level': 2.4846, 'approach_count': 9, 'block_threshold': 4}
2026-07-26 12:07:30 | DEBUG | trading.strategy2_signal_filter:check:600 | S2 skip: already have open trade for symbol | {'symbol': 'AKEUSDT'}
2026-07-26 12:07:30 | DEBUG | trading.strategy2_signal_filter:check:600 | S2 skip: already have open trade for symbol | {'symbol': 'AKEUSDT'}
2026-07-26 12:07:35 | DEBUG | trading.strategy2_signal_filter:check:600 | S2 skip: already have open trade for symbol | {'symbol': 'AKEUSDT'}
2026-07-26 12:07:41 | DEBUG | trading.strategy2_signal_filter:check:600 | S2 skip: already have open trade for symbol | {'symbol': 'AKEUSDT'}
2026-07-26 12:07:41 | INFO | trading.strategy2_signal_filter:check:533 | S2 skip: approach>=block (G3, level exhausted) | {'symbol': 'BANKUSDT', 'level': 0.37121, 'approach_count': 7, 'block_threshold': 4}
2026-07-26 12:07:41 | INFO | trading.strategy2_signal_filter:check:533 | S2 skip: approach>=block (G3, level exhausted) | {'symbol': 'EULUSDT', 'level': 2.4846, 'approach_count': 9, 'block_threshold': 4}
2026-07-26 12:07:46 | DEBUG | trading.strategy2_signal_filter:check:600 | S2 skip: already have open trade for symbol | {'symbol': 'AKEUSDT'}
2026-07-26 12:07:46 | DEBUG | trading.strategy1_bounce:_try_open:48 | S1 skip: pump_base level | {'symbol': 'EULUSDT', 'level_type': 'pump_base'}
2026-07-26 12:07:46 | DEBUG | trading.strategy2_signal_filter:check:600 | S2 skip: already have open trade for symbol | {'symbol': 'AKEUSDT'}
2026-07-26 12:07:51 | DEBUG | trading.strategy2_signal_filter:check:600 | S2 skip: already have open trade for symbol | {'symbol': 'AKEUSDT'}
2026-07-26 12:07:56 | DEBUG | trading.strategy2_signal_filter:check:600 | S2 skip: already have open trade for symbol | {'symbol': 'AKEUSDT'}
2026-07-26 12:07:56 | INFO | trading.strategy2_signal_filter:check:533 | S2 skip: approach>=block (G3, level exhausted) | {'symbol': 'BANKUSDT', 'level': 0.37121, 'approach_count': 7, 'block_threshold': 4}
2026-07-26 12:08:01 | DEBUG | trading.strategy2_signal_filter:check:600 | S2 skip: already have open trade for symbol | {'symbol': 'AKEUSDT'}
2026-07-26 12:08:01 | DEBUG | trading.strategy2_signal_filter:check:600 | S2 skip: already have open trade for symbol | {'symbol': 'AKEUSDT'}
2026-07-26 12:08:07 | DEBUG | trading.strategy2_signal_filter:check:600 | S2 skip: already have open trade for symbol | {'symbol': 'AKEUSDT'}
2026-07-26 12:08:12 | DEBUG | trading.strategy2_signal_filter:check:600 | S2 skip: already have open trade for symbol | {'symbol': 'AKEUSDT'}
2026-07-26 12:08:12 | INFO | trading.strategy2_signal_filter:check:533 | S2 skip: approach>=block (G3, level exhausted) | {'symbol': 'BANKUSDT', 'level': 0.37121, 'approach_count': 7, 'block_threshold': 4}
2026-07-26 12:08:17 | DEBUG | trading.strategy2_signal_filter:check:600 | S2 skip: already have open trade for symbol | {'symbol': 'AKEUSDT'}
2026-07-26 12:08:17 | DEBUG | trading.strategy2_signal_filter:check:600 | S2 skip: already have open trade for symbol | {'symbol': 'AKEUSDT'}
2026-07-26 12:08:22 | DEBUG | trading.strategy2_signal_filter:check:600 | S2 skip: already have open trade for symbol | {'symbol': 'AKEUSDT'}
2026-07-26 12:08:27 | DEBUG | trading.strategy2_signal_filter:check:600 | S2 skip: already have open trade for symbol | {'symbol': 'AKEUSDT'}
2026-07-26 12:08:27 | INFO | trading.strategy2_signal_filter:check:533 | S2 skip: approach>=block (G3, level exhausted) | {'symbol': 'BANKUSDT', 'level': 0.37121, 'approach_count': 7, 'block_threshold': 4}
2026-07-26 12:08:32 | DEBUG | trading.strategy2_signal_filter:check:600 | S2 skip: already have open trade for symbol | {'symbol': 'AKEUSDT'}
2026-07-26 12:08:32 | DEBUG | trading.strategy2_signal_filter:check:600 | S2 skip: already have open trade for symbol | {'symbol': 'AKEUSDT'}
2026-07-26 12:08:38 | DEBUG | trading.strategy2_signal_filter:check:600 | S2 skip: already have open trade for symbol | {'symbol': 'AKEUSDT'}
2026-07-26 12:08:43 | DEBUG | trading.strategy2_signal_filter:check:600 | S2 skip: already have open trade for symbol | {'symbol': 'AKEUSDT'}
2026-07-26 12:08:43 | INFO | trading.strategy2_signal_filter:check:533 | S2 skip: approach>=block (G3, level exhausted) | {'symbol': 'BANKUSDT', 'level': 0.37121, 'approach_count': 7, 'block_threshold': 4}
2026-07-26 12:08:48 | DEBUG | trading.strategy2_signal_filter:check:600 | S2 skip: already have open trade for symbol | {'symbol': 'AKEUSDT'}
2026-07-26 12:08:48 | DEBUG | trading.strategy2_signal_filter:check:600 | S2 skip: already have open trade for symbol | {'symbol': 'AKEUSDT'}
2026-07-26 12:08:53 | DEBUG | trading.strategy2_signal_filter:check:600 | S2 skip: already have open trade for symbol | {'symbol': 'AKEUSDT'}
2026-07-26 12:08:58 | DEBUG | trading.strategy2_signal_filter:check:600 | S2 skip: already have open trade for symbol | {'symbol': 'AKEUSDT'}
2026-07-26 12:08:58 | INFO | trading.strategy2_signal_filter:check:533 | S2 skip: approach>=block (G3, level exhausted) | {'symbol': 'BANKUSDT', 'level': 0.37121, 'approach_count': 7, 'block_threshold': 4}
2026-07-26 12:09:14 | INFO | trading.strategy2_signal_filter:check:533 | S2 skip: approach>=block (G3, level exhausted) | {'symbol': 'BANKUSDT', 'level': 0.37121, 'approach_count': 7, 'block_threshold': 4}
2026-07-26 12:09:29 | INFO | trading.strategy2_signal_filter:check:533 | S2 skip: approach>=block (G3, level exhausted) | {'symbol': 'BANKUSDT', 'level': 0.37121, 'approach_count': 7, 'block_threshold': 4}
2026-07-26 12:09:45 | INFO | trading.strategy2_signal_filter:check:533 | S2 skip: approach>=block (G3, level exhausted) | {'symbol': 'BANKUSDT', 'level': 0.37121, 'approach_count': 7, 'block_threshold': 4}
2026-07-26 12:10:00 | INFO | trading.strategy2_signal_filter:check:533 | S2 skip: approach>=block (G3, level exhausted) | {'symbol': 'BANKUSDT', 'level': 0.37121, 'approach_count': 7, 'block_threshold': 4}
2026-07-26 12:10:16 | INFO | trading.strategy2_signal_filter:check:533 | S2 skip: approach>=block (G3, level exhausted) | {'symbol': 'BANKUSDT', 'level': 0.37121, 'approach_count': 7, 'block_threshold': 4}
2026-07-26 12:10:31 | INFO | trading.strategy2_signal_filter:check:533 | S2 skip: approach>=block (G3, level exhausted) | {'symbol': 'BANKUSDT', 'level': 0.37121, 'approach_count': 7, 'block_threshold': 4}
2026-07-26 12:10:47 | INFO | trading.strategy2_signal_filter:check:533 | S2 skip: approach>=block (G3, level exhausted) | {'symbol': 'BANKUSDT', 'level': 0.37121, 'approach_count': 7, 'block_threshold': 4}
2026-07-26 12:11:02 | INFO | trading.strategy2_signal_filter:check:533 | S2 skip: approach>=block (G3, level exhausted) | {'symbol': 'BANKUSDT', 'level': 0.37121, 'approach_count': 7, 'block_threshold': 4}
2026-07-26 12:11:18 | INFO | trading.strategy2_signal_filter:check:533 | S2 skip: approach>=block (G3, level exhausted) | {'symbol': 'BANKUSDT', 'level': 0.37121, 'approach_count': 7, 'block_threshold': 4}
2026-07-26 12:11:33 | INFO | trading.strategy2_signal_filter:check:533 | S2 skip: approach>=block (G3, level exhausted) | {'symbol': 'BANKUSDT', 'level': 0.37121, 'approach_count': 7, 'block_threshold': 4}
2026-07-26 12:11:49 | INFO | trading.strategy2_signal_filter:check:533 | S2 skip: approach>=block (G3, level exhausted) | {'symbol': 'BANKUSDT', 'level': 0.37121, 'approach_count': 7, 'block_threshold': 4}
2026-07-26 12:12:04 | INFO | trading.strategy2_signal_filter:check:533 | S2 skip: approach>=block (G3, level exhausted) | {'symbol': 'BANKUSDT', 'level': 0.37121, 'approach_count': 7, 'block_threshold': 4}
2026-07-26 12:12:20 | INFO | trading.strategy2_signal_filter:check:533 | S2 skip: approach>=block (G3, level exhausted) | {'symbol': 'BANKUSDT', 'level': 0.37121, 'approach_count': 7, 'block_threshold': 4}
2026-07-26 12:12:36 | INFO | trading.strategy2_signal_filter:check:533 | S2 skip: approach>=block (G3, level exhausted) | {'symbol': 'BANKUSDT', 'level': 0.37121, 'approach_count': 7, 'block_threshold': 4}
2026-07-26 12:12:51 | INFO | trading.strategy2_signal_filter:check:533 | S2 skip: approach>=block (G3, level exhausted) | {'symbol': 'BANKUSDT', 'level': 0.37121, 'approach_count': 7, 'block_threshold': 4}
2026-07-26 12:13:07 | INFO | trading.strategy2_signal_filter:check:533 | S2 skip: approach>=block (G3, level exhausted) | {'symbol': 'BANKUSDT', 'level': 0.37121, 'approach_count': 6, 'block_threshold': 4}
2026-07-26 12:13:22 | INFO | trading.strategy2_signal_filter:check:533 | S2 skip: approach>=block (G3, level exhausted) | {'symbol': 'BANKUSDT', 'level': 0.37121, 'approach_count': 7, 'block_threshold': 4}
2026-07-26 12:13:32 | DEBUG | trading.strategy2_signal_filter:check:600 | S2 skip: already have open trade for symbol | {'symbol': 'AKEUSDT'}
2026-07-26 12:13:32 | DEBUG | trading.strategy2_signal_filter:check:600 | S2 skip: already have open trade for symbol | {'symbol': 'AKEUSDT'}
2026-07-26 12:13:38 | DEBUG | trading.strategy2_signal_filter:check:600 | S2 skip: already have open trade for symbol | {'symbol': 'AKEUSDT'}
2026-07-26 12:13:38 | INFO | trading.strategy2_signal_filter:check:533 | S2 skip: approach>=block (G3, level exhausted) | {'symbol': 'BANKUSDT', 'level': 0.37121, 'approach_count': 7, 'block_threshold': 4}
2026-07-26 12:13:53 | DEBUG | trading.strategy2_signal_filter:check:600 | S2 skip: already have open trade for symbol | {'symbol': 'AKEUSDT'}
2026-07-26 12:13:53 | DEBUG | trading.strategy2_signal_filter:check:600 | S2 skip: already have open trade for symbol | {'symbol': 'AKEUSDT'}
2026-07-26 12:13:53 | INFO | trading.strategy2_signal_filter:check:533 | S2 skip: approach>=block (G3, level exhausted) | {'symbol': 'BANKUSDT', 'level': 0.37121, 'approach_count': 7, 'block_threshold': 4}
2026-07-26 12:13:57 | INFO | trading.strategy2_live:_sync_grid_fills:1629 | S2Live: grid order filled | {'trade_id': '5e6bbdc7-0f33-4391-8b58-5f65d730e21a', 'symbol': 'AKEUSDT', 'index': 1, 'fill_price': 0.0030699}
2026-07-26 12:13:57 | INFO | trading.strategy2_live:_recalculate_params:2191 | S2Live: params recalculated | {'trade_id': '5e6bbdc7-0f33-4391-8b58-5f65d730e21a', 'sl': 0.00301493, 'tp1': 0.00307906, 'tp2': 0.00314374, 'full_grid_tp': None, 'fill_count': 1}
2026-07-26 12:13:58 | DEBUG | trading.strategy2_signal_filter:check:600 | S2 skip: already have open trade for symbol | {'symbol': 'AKEUSDT'}
2026-07-26 12:13:59 | INFO | trading.strategy2_live:_partial_close_tp1:2347 | S2Live: partial TP1 — 50% closed, trailing remainder | {'trade_id': '5e6bbdc7-0f33-4391-8b58-5f65d730e21a', 'symbol': 'AKEUSDT', 'closed_qty': 16200.0, 'remainder': 16300.0, 'order_id': '1d6e5228-885c-4ea8-998c-45db2cbd96ba'}
2026-07-26 12:13:59 | INFO | trading.strategy2_live:_check_tp_trailing:2436 | S2Live: TP1 hit — trailing activated | {'trade_id': '5e6bbdc7-0f33-4391-8b58-5f65d730e21a', 'symbol': 'AKEUSDT', 'peak': 0.003111, 'trailing_stop': 0.00309257}
2026-07-26 12:14:03 | DEBUG | trading.strategy2_signal_filter:check:600 | S2 skip: already have open trade for symbol | {'symbol': 'AKEUSDT'}
2026-07-26 12:14:09 | DEBUG | trading.strategy2_signal_filter:check:600 | S2 skip: already have open trade for symbol | {'symbol': 'AKEUSDT'}
2026-07-26 12:14:09 | DEBUG | trading.strategy2_signal_filter:check:600 | S2 skip: already have open trade for symbol | {'symbol': 'AKEUSDT'}
2026-07-26 12:14:09 | INFO | trading.strategy2_signal_filter:check:533 | S2 skip: approach>=block (G3, level exhausted) | {'symbol': 'BANKUSDT', 'level': 0.37121, 'approach_count': 7, 'block_threshold': 4}
2026-07-26 12:14:14 | DEBUG | trading.strategy2_signal_filter:check:600 | S2 skip: already have open trade for symbol | {'symbol': 'AKEUSDT'}
2026-07-26 12:14:19 | DEBUG | trading.strategy2_live:_check_tp_trailing:2454 | S2Live: trailing peak updated | {'trade_id': '5e6bbdc7-0f33-4391-8b58-5f65d730e21a', 'new_peak': 0.0031166, 't_stop': 0.00309817}
2026-07-26 12:14:24 | INFO | trading.strategy2_signal_filter:check:533 | S2 skip: approach>=block (G3, level exhausted) | {'symbol': 'BANKUSDT', 'level': 0.37121, 'approach_count': 7, 'block_threshold': 4}
2026-07-26 12:14:29 | DEBUG | trading.strategy2_live:_check_tp_trailing:2454 | S2Live: trailing peak updated | {'trade_id': '5e6bbdc7-0f33-4391-8b58-5f65d730e21a', 'new_peak': 0.0031277, 't_stop': 0.00310927}
2026-07-26 12:14:40 | INFO | trading.strategy2_signal_filter:check:533 | S2 skip: approach>=block (G3, level exhausted) | {'symbol': 'BANKUSDT', 'level': 0.37121, 'approach_count': 7, 'block_threshold': 4}
2026-07-26 12:14:40 | DEBUG | trading.strategy2_live:_check_tp_trailing:2454 | S2Live: trailing peak updated | {'trade_id': '5e6bbdc7-0f33-4391-8b58-5f65d730e21a', 'new_peak': 0.0031358, 't_stop': 0.00311737}
2026-07-26 12:14:50 | DEBUG | trading.strategy2_live:_check_tp_trailing:2454 | S2Live: trailing peak updated | {'trade_id': '5e6bbdc7-0f33-4391-8b58-5f65d730e21a', 'new_peak': 0.0031464, 't_stop': 0.00312797}
2026-07-26 12:14:55 | INFO | trading.strategy2_signal_filter:check:533 | S2 skip: approach>=block (G3, level exhausted) | {'symbol': 'BANKUSDT', 'level': 0.37121, 'approach_count': 7, 'block_threshold': 4}
2026-07-26 12:15:06 | DEBUG | trading.strategy2_live:_check_tp_trailing:2454 | S2Live: trailing peak updated | {'trade_id': '5e6bbdc7-0f33-4391-8b58-5f65d730e21a', 'new_peak': 0.0031472, 't_stop': 0.00312877}
2026-07-26 12:15:11 | INFO | trading.strategy2_signal_filter:check:533 | S2 skip: approach>=block (G3, level exhausted) | {'symbol': 'BANKUSDT', 'level': 0.37121, 'approach_count': 7, 'block_threshold': 4}
2026-07-26 12:15:17 | INFO | trading.strategy2_signal_filter:check:533 | S2 skip: approach>=block (G3, level exhausted) | {'symbol': 'BANKUSDT', 'level': 0.37413, 'approach_count': 10, 'block_threshold': 4}
2026-07-26 12:15:17 | INFO | trading.strategy2_signal_filter:check:545 | S2: level marked dead, monitor will stop sending proximity | {'symbol': 'BANKUSDT', 'level': 0.37413, 'approach_count': 10}
2026-07-26 12:15:21 | INFO | trading.strategy2_signal_filter:check:533 | S2 skip: approach>=block (G3, level exhausted) | {'symbol': 'BANKUSDT', 'level': 0.37413, 'approach_count': 10, 'block_threshold': 4}
2026-07-26 12:15:37 | INFO | trading.strategy2_signal_filter:check:533 | S2 skip: approach>=block (G3, level exhausted) | {'symbol': 'BANKUSDT', 'level': 0.37413, 'approach_count': 11, 'block_threshold': 4}
2026-07-26 12:15:52 | INFO | trading.strategy2_signal_filter:check:533 | S2 skip: approach>=block (G3, level exhausted) | {'symbol': 'BANKUSDT', 'level': 0.37413, 'approach_count': 11, 'block_threshold': 4}
2026-07-26 12:16:08 | INFO | trading.strategy2_signal_filter:check:533 | S2 skip: approach>=block (G3, level exhausted) | {'symbol': 'BANKUSDT', 'level': 0.37413, 'approach_count': 11, 'block_threshold': 4}
2026-07-26 12:16:23 | INFO | trading.strategy2_signal_filter:check:533 | S2 skip: approach>=block (G3, level exhausted) | {'symbol': 'BANKUSDT', 'level': 0.37413, 'approach_count': 11, 'block_threshold': 4}
2026-07-26 12:16:39 | INFO | trading.strategy2_signal_filter:check:533 | S2 skip: approach>=block (G3, level exhausted) | {'symbol': 'BANKUSDT', 'level': 0.37413, 'approach_count': 12, 'block_threshold': 4}
2026-07-26 12:16:54 | INFO | trading.strategy2_signal_filter:check:533 | S2 skip: approach>=block (G3, level exhausted) | {'symbol': 'BANKUSDT', 'level': 0.37413, 'approach_count': 12, 'block_threshold': 4}
2026-07-26 12:17:00 | INFO | trading.strategy2_live:_check_tp_trailing:2461 | S2Live: trailing stop hit | {'trade_id': '5e6bbdc7-0f33-4391-8b58-5f65d730e21a', 'symbol': 'AKEUSDT', 'trailing_stop': 0.00312877, 'current_price': 0.0031239}
2026-07-26 12:17:01 | DEBUG | trading.strategy2_live:_reconcile_one:1215 | S2Live reconcile: skipped — market_close in progress | {'trade_id': '5e6bbdc7-0f33-4391-8b58-5f65d730e21a', 'symbol': 'AKEUSDT'}
2026-07-26 12:17:01 | INFO | trading.strategy2_live:_limit_then_market_sell:909 | S2Live[H1]: limit close placed | {'trade_id': '5e6bbdc7-0f33-4391-8b58-5f65d730e21a', 'symbol': 'AKEUSDT', 'attempt': 1, 'price': 0.0031283, 'qty': 16300.0, 'reason': 'trailing_stop'}
2026-07-26 12:17:03 | WARNING | trading.bybit_client:cancel_order:247 | bybit cancel_order unexpected response | {'symbol': 'AKEUSDT', 'order_id': 'a4945ad2-0f7c-45c0-a027-5d827e690d15', 'resp': {'retCode': 110001, 'retMsg': 'order not exists or too late to cancel', 'result': {}, 'retExtInfo': {}, 'time': 1785068223374}}
2026-07-26 12:17:05 | DEBUG | trading.strategy1_bounce:_try_open:48 | S1 skip: pump_base level | {'symbol': 'BANKUSDT', 'level_type': 'pump_base'}
2026-07-26 12:17:10 | DEBUG | trading.live_price_tracker:track_post_exit_price:74 | live_post_exit_tracker started | {'trade_id': '5e6bbdc7-0f33-4391-8b58-5f65d730e21a', 'symbol': 'AKEUSDT', 'exit_time': 1785068230.0103111, 'deadline': 1785070030.0103111}
2026-07-26 12:18:12 | DEBUG | trading.strategy2_signal_filter:check:618 | S2 skip: recent close cooldown | {'symbol': 'AKEUSDT', 'level': 0.0030516, 'seconds_since_close': 62.7}
2026-07-26 12:18:12 | DEBUG | trading.strategy2_signal_filter:check:618 | S2 skip: recent close cooldown | {'symbol': 'AKEUSDT', 'level': 0.0030516, 'seconds_since_close': 62.7}
2026-07-26 12:18:17 | DEBUG | trading.strategy2_signal_filter:check:618 | S2 skip: recent close cooldown | {'symbol': 'AKEUSDT', 'level': 0.0030516, 'seconds_since_close': 67.8}
2026-07-26 12:18:38 | DEBUG | trading.strategy2_signal_filter:check:618 | S2 skip: recent close cooldown | {'symbol': 'AKEUSDT', 'level': 0.0030516, 'seconds_since_close': 88.5}
2026-07-26 12:18:38 | DEBUG | trading.strategy2_signal_filter:check:618 | S2 skip: recent close cooldown | {'symbol': 'AKEUSDT', 'level': 0.0030516, 'seconds_since_close': 88.5}
2026-07-26 12:18:43 | DEBUG | trading.strategy2_signal_filter:check:618 | S2 skip: recent close cooldown | {'symbol': 'AKEUSDT', 'level': 0.0030516, 'seconds_since_close': 93.6}
2026-07-26 12:18:48 | DEBUG | trading.strategy2_signal_filter:check:618 | S2 skip: recent close cooldown | {'symbol': 'AKEUSDT', 'level': 0.0030516, 'seconds_since_close': 98.8}
2026-07-26 12:18:53 | DEBUG | trading.strategy2_signal_filter:check:618 | S2 skip: recent close cooldown | {'symbol': 'AKEUSDT', 'level': 0.0030516, 'seconds_since_close': 104.0}
2026-07-26 12:18:54 | DEBUG | trading.strategy2_signal_filter:check:618 | S2 skip: recent close cooldown | {'symbol': 'AKEUSDT', 'level': 0.0030516, 'seconds_since_close': 104.0}
2026-07-26 12:18:59 | DEBUG | trading.strategy2_signal_filter:check:618 | S2 skip: recent close cooldown | {'symbol': 'AKEUSDT', 'level': 0.0030516, 'seconds_since_close': 109.2}
2026-07-26 12:19:04 | DEBUG | trading.strategy2_signal_filter:check:618 | S2 skip: recent close cooldown | {'symbol': 'AKEUSDT', 'level': 0.0030516, 'seconds_since_close': 114.3}
2026-07-26 12:19:09 | DEBUG | trading.strategy2_signal_filter:check:618 | S2 skip: recent close cooldown | {'symbol': 'AKEUSDT', 'level': 0.0030516, 'seconds_since_close': 119.5}
2026-07-26 12:19:09 | DEBUG | trading.strategy2_signal_filter:check:618 | S2 skip: recent close cooldown | {'symbol': 'AKEUSDT', 'level': 0.0030516, 'seconds_since_close': 119.5}
2026-07-26 12:19:14 | DEBUG | trading.strategy2_signal_filter:check:618 | S2 skip: recent close cooldown | {'symbol': 'AKEUSDT', 'level': 0.0030516, 'seconds_since_close': 124.7}
2026-07-26 12:19:19 | DEBUG | trading.strategy2_signal_filter:check:618 | S2 skip: recent close cooldown | {'symbol': 'AKEUSDT', 'level': 0.0030516, 'seconds_since_close': 129.8}
2026-07-26 12:19:25 | DEBUG | trading.strategy2_signal_filter:check:618 | S2 skip: recent close cooldown | {'symbol': 'AKEUSDT', 'level': 0.0030516, 'seconds_since_close': 135.0}
2026-07-26 12:19:25 | DEBUG | trading.strategy2_signal_filter:check:618 | S2 skip: recent close cooldown | {'symbol': 'AKEUSDT', 'level': 0.0030516, 'seconds_since_close': 135.0}
2026-07-26 12:19:30 | DEBUG | trading.strategy2_signal_filter:check:618 | S2 skip: recent close cooldown | {'symbol': 'AKEUSDT', 'level': 0.0030516, 'seconds_since_close': 140.2}
2026-07-26 12:19:35 | DEBUG | trading.strategy2_signal_filter:check:618 | S2 skip: recent close cooldown | {'symbol': 'AKEUSDT', 'level': 0.0030516, 'seconds_since_close': 145.3}
2026-07-26 12:19:40 | DEBUG | trading.strategy2_signal_filter:check:618 | S2 skip: recent close cooldown | {'symbol': 'AKEUSDT', 'level': 0.0030516, 'seconds_since_close': 150.5}
2026-07-26 12:19:40 | DEBUG | trading.strategy2_signal_filter:check:618 | S2 skip: recent close cooldown | {'symbol': 'AKEUSDT', 'level': 0.0030516, 'seconds_since_close': 150.5}
2026-07-26 12:19:45 | DEBUG | trading.strategy2_signal_filter:check:618 | S2 skip: recent close cooldown | {'symbol': 'AKEUSDT', 'level': 0.0030516, 'seconds_since_close': 155.7}
2026-07-26 12:19:50 | DEBUG | trading.strategy2_signal_filter:check:618 | S2 skip: recent close cooldown | {'symbol': 'AKEUSDT', 'level': 0.0030516, 'seconds_since_close': 160.8}
2026-07-26 12:19:56 | DEBUG | trading.strategy2_signal_filter:check:618 | S2 skip: recent close cooldown | {'symbol': 'AKEUSDT', 'level': 0.0030516, 'seconds_since_close': 166.0}
2026-07-26 12:19:56 | DEBUG | trading.strategy2_signal_filter:check:618 | S2 skip: recent close cooldown | {'symbol': 'AKEUSDT', 'level': 0.0030516, 'seconds_since_close': 166.0}
2026-07-26 12:20:11 | DEBUG | trading.strategy2_signal_filter:check:618 | S2 skip: recent close cooldown | {'symbol': 'AKEUSDT', 'level': 0.0030516, 'seconds_since_close': 181.5}
2026-07-26 12:20:27 | DEBUG | trading.strategy2_signal_filter:check:618 | S2 skip: recent close cooldown | {'symbol': 'AKEUSDT', 'level': 0.0030516, 'seconds_since_close': 197.1}
2026-07-26 12:20:42 | DEBUG | trading.strategy2_signal_filter:check:618 | S2 skip: recent close cooldown | {'symbol': 'AKEUSDT', 'level': 0.0030516, 'seconds_since_close': 212.6}
2026-07-26 12:20:58 | DEBUG | trading.strategy2_signal_filter:check:618 | S2 skip: recent close cooldown | {'symbol': 'AKEUSDT', 'level': 0.0030516, 'seconds_since_close': 228.1}
2026-07-26 12:21:08 | DEBUG | trading.strategy2_signal_filter:check:618 | S2 skip: recent close cooldown | {'symbol': 'AKEUSDT', 'level': 0.0030516, 'seconds_since_close': 238.5}
2026-07-26 12:21:13 | DEBUG | trading.strategy2_signal_filter:check:618 | S2 skip: recent close cooldown | {'symbol': 'AKEUSDT', 'level': 0.0030516, 'seconds_since_close': 243.7}
2026-07-26 12:21:13 | DEBUG | trading.strategy2_signal_filter:check:618 | S2 skip: recent close cooldown | {'symbol': 'AKEUSDT', 'level': 0.0030516, 'seconds_since_close': 243.7}
2026-07-26 12:21:18 | DEBUG | trading.strategy2_signal_filter:check:618 | S2 skip: recent close cooldown | {'symbol': 'AKEUSDT', 'level': 0.0030516, 'seconds_since_close': 248.9}
2026-07-26 12:21:24 | DEBUG | trading.strategy2_signal_filter:check:618 | S2 skip: recent close cooldown | {'symbol': 'AKEUSDT', 'level': 0.0030516, 'seconds_since_close': 254.1}
2026-07-26 12:21:29 | DEBUG | trading.strategy2_signal_filter:check:618 | S2 skip: recent close cooldown | {'symbol': 'AKEUSDT', 'level': 0.0030516, 'seconds_since_close': 259.2}
2026-07-26 12:21:29 | DEBUG | trading.strategy2_signal_filter:check:618 | S2 skip: recent close cooldown | {'symbol': 'AKEUSDT', 'level': 0.0030516, 'seconds_since_close': 259.2}
2026-07-26 12:21:34 | DEBUG | trading.strategy2_signal_filter:check:618 | S2 skip: recent close cooldown | {'symbol': 'AKEUSDT', 'level': 0.0030516, 'seconds_since_close': 264.4}
2026-07-26 12:21:39 | DEBUG | trading.strategy2_signal_filter:check:618 | S2 skip: recent close cooldown | {'symbol': 'AKEUSDT', 'level': 0.0030516, 'seconds_since_close': 269.6}
2026-07-26 12:21:44 | DEBUG | trading.strategy2_signal_filter:check:618 | S2 skip: recent close cooldown | {'symbol': 'AKEUSDT', 'level': 0.0030516, 'seconds_since_close': 274.8}
2026-07-26 12:21:44 | DEBUG | trading.strategy2_signal_filter:check:618 | S2 skip: recent close cooldown | {'symbol': 'AKEUSDT', 'level': 0.0030516, 'seconds_since_close': 274.8}
2026-07-26 12:21:49 | DEBUG | trading.strategy2_signal_filter:check:618 | S2 skip: recent close cooldown | {'symbol': 'AKEUSDT', 'level': 0.0030516, 'seconds_since_close': 279.9}
2026-07-26 12:21:55 | DEBUG | trading.strategy2_signal_filter:check:618 | S2 skip: recent close cooldown | {'symbol': 'AKEUSDT', 'level': 0.0030516, 'seconds_since_close': 285.1}
2026-07-26 12:22:00 | DEBUG | trading.strategy2_signal_filter:check:618 | S2 skip: recent close cooldown | {'symbol': 'AKEUSDT', 'level': 0.0030516, 'seconds_since_close': 290.3}
2026-07-26 12:22:00 | DEBUG | trading.strategy2_signal_filter:check:618 | S2 skip: recent close cooldown | {'symbol': 'AKEUSDT', 'level': 0.0030516, 'seconds_since_close': 290.3}
2026-07-26 12:22:05 | DEBUG | trading.strategy2_signal_filter:check:618 | S2 skip: recent close cooldown | {'symbol': 'AKEUSDT', 'level': 0.0030516, 'seconds_since_close': 295.5}
2026-07-26 12:22:10 | INFO | trading.strategy2_signal_filter:check:681 | S2 market phase | {'symbol': 'AKEUSDT', 'phase': 'drop_tradeable', 'note': 'drop_tradeable:bq=0.89'}
2026-07-26 12:22:10 | DEBUG | trading.strategy2_signal_filter:check:928 | S2 skip: RR below minimum | {'symbol': 'AKEUSDT', 'rr': 0.66, 'min_rr': 0.7, 'sl_dist_pct': 1.373, 'tp1_dist_pct': 0.9}
2026-07-26 12:22:15 | INFO | trading.strategy2_signal_filter:check:681 | S2 market phase | {'symbol': 'AKEUSDT', 'phase': 'drop_tradeable', 'note': 'drop_tradeable:bq=0.89'}
2026-07-26 12:22:15 | DEBUG | trading.strategy2_signal_filter:check:928 | S2 skip: RR below minimum | {'symbol': 'AKEUSDT', 'rr': 0.66, 'min_rr': 0.7, 'sl_dist_pct': 1.373, 'tp1_dist_pct': 0.9}
2026-07-26 12:22:15 | INFO | trading.strategy2_signal_filter:check:681 | S2 market phase | {'symbol': 'AKEUSDT', 'phase': 'drop_tradeable', 'note': 'drop_tradeable:bq=0.89'}
2026-07-26 12:22:15 | DEBUG | trading.strategy2_signal_filter:check:928 | S2 skip: RR below minimum | {'symbol': 'AKEUSDT', 'rr': 0.67, 'min_rr': 0.7, 'sl_dist_pct': 1.349, 'tp1_dist_pct': 0.9}
2026-07-26 12:22:21 | INFO | trading.strategy2_signal_filter:check:681 | S2 market phase | {'symbol': 'AKEUSDT', 'phase': 'drop_tradeable', 'note': 'drop_tradeable:bq=0.89'}
2026-07-26 12:22:21 | DEBUG | trading.strategy2_signal_filter:check:928 | S2 skip: RR below minimum | {'symbol': 'AKEUSDT', 'rr': 0.66, 'min_rr': 0.7, 'sl_dist_pct': 1.373, 'tp1_dist_pct': 0.9}
2026-07-26 12:22:26 | INFO | trading.strategy2_signal_filter:check:681 | S2 market phase | {'symbol': 'AKEUSDT', 'phase': 'drop_tradeable', 'note': 'drop_tradeable:bq=0.89'}
2026-07-26 12:22:26 | DEBUG | trading.strategy2_signal_filter:check:928 | S2 skip: RR below minimum | {'symbol': 'AKEUSDT', 'rr': 0.66, 'min_rr': 0.7, 'sl_dist_pct': 1.373, 'tp1_dist_pct': 0.9}
2026-07-26 12:22:31 | INFO | trading.strategy2_signal_filter:check:681 | S2 market phase | {'symbol': 'AKEUSDT', 'phase': 'drop_tradeable', 'note': 'drop_tradeable:bq=0.89'}
2026-07-26 12:22:31 | DEBUG | trading.strategy2_signal_filter:check:928 | S2 skip: RR below minimum | {'symbol': 'AKEUSDT', 'rr': 0.7, 'min_rr': 0.7, 'sl_dist_pct': 1.289, 'tp1_dist_pct': 0.9}
2026-07-26 12:22:31 | INFO | trading.strategy2_signal_filter:check:681 | S2 market phase | {'symbol': 'AKEUSDT', 'phase': 'drop_tradeable', 'note': 'drop_tradeable:bq=0.89'}
2026-07-26 12:22:31 | DEBUG | trading.strategy2_signal_filter:check:928 | S2 skip: RR below minimum | {'symbol': 'AKEUSDT', 'rr': 0.7, 'min_rr': 0.7, 'sl_dist_pct': 1.289, 'tp1_dist_pct': 0.9}
2026-07-26 12:22:36 | INFO | trading.strategy2_signal_filter:check:681 | S2 market phase | {'symbol': 'AKEUSDT', 'phase': 'drop_tradeable', 'note': 'drop_tradeable:bq=0.89'}
2026-07-26 12:22:36 | DEBUG | trading.strategy2_signal_filter:check:928 | S2 skip: RR below minimum | {'symbol': 'AKEUSDT', 'rr': 0.7, 'min_rr': 0.7, 'sl_dist_pct': 1.289, 'tp1_dist_pct': 0.9}
2026-07-26 12:22:41 | INFO | trading.strategy2_signal_filter:check:681 | S2 market phase | {'symbol': 'AKEUSDT', 'phase': 'drop_tradeable', 'note': 'drop_tradeable:bq=0.89'}
2026-07-26 12:22:41 | DEBUG | trading.strategy2_signal_filter:check:928 | S2 skip: RR below minimum | {'symbol': 'AKEUSDT', 'rr': 0.7, 'min_rr': 0.7, 'sl_dist_pct': 1.289, 'tp1_dist_pct': 0.9}
2026-07-26 12:22:46 | INFO | trading.strategy2_signal_filter:check:681 | S2 market phase | {'symbol': 'AKEUSDT', 'phase': 'drop_tradeable', 'note': 'drop_tradeable:bq=0.89'}
2026-07-26 12:22:46 | DEBUG | trading.strategy2_signal_filter:check:928 | S2 skip: RR below minimum | {'symbol': 'AKEUSDT', 'rr': 0.7, 'min_rr': 0.7, 'sl_dist_pct': 1.289, 'tp1_dist_pct': 0.9}
2026-07-26 12:22:46 | INFO | trading.strategy2_signal_filter:check:681 | S2 market phase | {'symbol': 'AKEUSDT', 'phase': 'drop_tradeable', 'note': 'drop_tradeable:bq=0.89'}
2026-07-26 12:22:46 | DEBUG | trading.strategy2_signal_filter:check:928 | S2 skip: RR below minimum | {'symbol': 'AKEUSDT', 'rr': 0.7, 'min_rr': 0.7, 'sl_dist_pct': 1.289, 'tp1_dist_pct': 0.9}
2026-07-26 12:22:52 | INFO | trading.strategy2_signal_filter:check:681 | S2 market phase | {'symbol': 'AKEUSDT', 'phase': 'drop_tradeable', 'note': 'drop_tradeable:bq=0.89'}
2026-07-26 12:22:52 | DEBUG | trading.strategy2_signal_filter:check:928 | S2 skip: RR below minimum | {'symbol': 'AKEUSDT', 'rr': 0.7, 'min_rr': 0.7, 'sl_dist_pct': 1.289, 'tp1_dist_pct': 0.9}
2026-07-26 12:22:57 | INFO | trading.strategy2_signal_filter:check:681 | S2 market phase | {'symbol': 'AKEUSDT', 'phase': 'drop_tradeable', 'note': 'drop_tradeable:bq=0.89'}
2026-07-26 12:22:57 | DEBUG | trading.strategy2_signal_filter:check:928 | S2 skip: RR below minimum | {'symbol': 'AKEUSDT', 'rr': 0.7, 'min_rr': 0.7, 'sl_dist_pct': 1.289, 'tp1_dist_pct': 0.9}
2026-07-26 12:23:02 | INFO | trading.strategy2_signal_filter:check:681 | S2 market phase | {'symbol': 'AKEUSDT', 'phase': 'drop_tradeable', 'note': 'drop_tradeable:bq=0.89'}
2026-07-26 12:23:02 | DEBUG | trading.strategy2_signal_filter:check:928 | S2 skip: RR below minimum | {'symbol': 'AKEUSDT', 'rr': 0.7, 'min_rr': 0.7, 'sl_dist_pct': 1.289, 'tp1_dist_pct': 0.9}
2026-07-26 12:23:02 | INFO | trading.strategy2_signal_filter:check:681 | S2 market phase | {'symbol': 'AKEUSDT', 'phase': 'drop_tradeable', 'note': 'drop_tradeable:bq=0.89'}
2026-07-26 12:23:02 | DEBUG | trading.strategy2_signal_filter:check:928 | S2 skip: RR below minimum | {'symbol': 'AKEUSDT', 'rr': 0.7, 'min_rr': 0.7, 'sl_dist_pct': 1.289, 'tp1_dist_pct': 0.9}
2026-07-26 12:23:07 | INFO | trading.strategy2_signal_filter:check:681 | S2 market phase | {'symbol': 'AKEUSDT', 'phase': 'drop_tradeable', 'note': 'drop_tradeable:bq=0.89'}
2026-07-26 12:23:07 | DEBUG | trading.strategy2_signal_filter:check:928 | S2 skip: RR below minimum | {'symbol': 'AKEUSDT', 'rr': 0.7, 'min_rr': 0.7, 'sl_dist_pct': 1.289, 'tp1_dist_pct': 0.9}
2026-07-26 12:23:12 | INFO | trading.strategy2_signal_filter:check:681 | S2 market phase | {'symbol': 'AKEUSDT', 'phase': 'drop_tradeable', 'note': 'drop_tradeable:bq=0.89'}
2026-07-26 12:23:12 | DEBUG | trading.strategy2_signal_filter:check:928 | S2 skip: RR below minimum | {'symbol': 'AKEUSDT', 'rr': 0.7, 'min_rr': 0.7, 'sl_dist_pct': 1.289, 'tp1_dist_pct': 0.9}
2026-07-26 12:23:17 | INFO | trading.strategy2_signal_filter:check:681 | S2 market phase | {'symbol': 'AKEUSDT', 'phase': 'drop_tradeable', 'note': 'drop_tradeable:bq=0.89'}
2026-07-26 12:23:17 | DEBUG | trading.strategy2_signal_filter:check:928 | S2 skip: RR below minimum | {'symbol': 'AKEUSDT', 'rr': 0.7, 'min_rr': 0.7, 'sl_dist_pct': 1.289, 'tp1_dist_pct': 0.9}
2026-07-26 12:23:17 | INFO | trading.strategy2_signal_filter:check:681 | S2 market phase | {'symbol': 'AKEUSDT', 'phase': 'drop_tradeable', 'note': 'drop_tradeable:bq=0.89'}
2026-07-26 12:23:17 | INFO | trading.strategy2_signal_filter:check:988 | S2 signal passed all filters | {'symbol': 'AKEUSDT', 'level': 0.0030516, 'level_type': 'pump_base', 'strength': 5, 'p_bounce': 0.927, 'sl': 0.00301314, 'tp1': 0.00307906, 'tp2': 0.0031616, 'rr': 0.71, 'phase': 'drop_tradeable', 'pos_struct_pct': 23.3, 'pos_local_pct': -4.3, 'struct_range': [0.0029196, 0.0034869], 'approach_speed_pct': -0.0807, 'red_candles_streak': 1, 'phase_streak_checks': 19, 'phase_streak_seconds': 67.3, 'bleed_in_last_12': 0, 'seconds_since_bleed': 24266.5, 'phase_seq': 'dddddddddddd', 'hours_since_pump_peak': 21.6, 'vol_decay': 0.56, 'natr_now_pct': 2.55, 'natr_1m': 0.71, 'natr_5m': 1.48, 'natr_15m': 1.987, 'candle_staleness_sec': 18.0, 'bot_version': '2026-07-18.1'}
2026-07-26 12:23:19 | INFO | trading.strategy2_live:_open_grid:784 | S2Live: SL order placed | {'trade_id': '138e47a5-085a-4dd6-910f-ecb5c606654f', 'symbol': 'AKEUSDT', 'sl_order_id': '17281600-f53b-4855-87cb-b3622ea014ac', 'trigger': 0.0030131, 'qty': 65500.0}
2026-07-26 12:23:19 | INFO | trading.strategy2_live:_open_grid:817 | S2Live grid opened | {'trade_id': '138e47a5-085a-4dd6-910f-ecb5c606654f', 'symbol': 'AKEUSDT', 'orders': 2}
2026-07-26 12:23:23 | DEBUG | trading.strategy2_signal_filter:check:600 | S2 skip: already have open trade for symbol | {'symbol': 'AKEUSDT'}
2026-07-26 12:23:28 | DEBUG | trading.strategy2_signal_filter:check:600 | S2 skip: already have open trade for symbol | {'symbol': 'AKEUSDT'}
2026-07-26 12:23:33 | DEBUG | trading.strategy2_signal_filter:check:600 | S2 skip: already have open trade for symbol | {'symbol': 'AKEUSDT'}
2026-07-26 12:23:33 | DEBUG | trading.strategy2_signal_filter:check:600 | S2 skip: already have open trade for symbol | {'symbol': 'AKEUSDT'}
2026-07-26 12:23:38 | DEBUG | trading.strategy2_signal_filter:check:600 | S2 skip: already have open trade for symbol | {'symbol': 'AKEUSDT'}
2026-07-26 12:23:43 | DEBUG | trading.strategy2_signal_filter:check:600 | S2 skip: already have open trade for symbol | {'symbol': 'AKEUSDT'}
2026-07-26 12:23:49 | DEBUG | trading.strategy2_signal_filter:check:600 | S2 skip: already have open trade for symbol | {'symbol': 'AKEUSDT'}
2026-07-26 12:23:49 | DEBUG | trading.strategy2_signal_filter:check:600 | S2 skip: already have open trade for symbol | {'symbol': 'AKEUSDT'}
2026-07-26 12:23:54 | DEBUG | trading.strategy2_signal_filter:check:600 | S2 skip: already have open trade for symbol | {'symbol': 'AKEUSDT'}
2026-07-26 12:23:59 | DEBUG | trading.strategy2_signal_filter:check:600 | S2 skip: already have open trade for symbol | {'symbol': 'AKEUSDT'}
2026-07-26 12:24:04 | DEBUG | trading.strategy2_signal_filter:check:600 | S2 skip: already have open trade for symbol | {'symbol': 'AKEUSDT'}
2026-07-26 12:24:04 | DEBUG | trading.strategy2_signal_filter:check:600 | S2 skip: already have open trade for symbol | {'symbol': 'AKEUSDT'}
2026-07-26 12:24:09 | DEBUG | trading.strategy2_signal_filter:check:600 | S2 skip: already have open trade for symbol | {'symbol': 'AKEUSDT'}
2026-07-26 12:24:14 | DEBUG | trading.strategy2_signal_filter:check:600 | S2 skip: already have open trade for symbol | {'symbol': 'AKEUSDT'}
2026-07-26 12:24:20 | DEBUG | trading.strategy2_signal_filter:check:600 | S2 skip: already have open trade for symbol | {'symbol': 'AKEUSDT'}
2026-07-26 12:24:20 | DEBUG | trading.strategy2_signal_filter:check:600 | S2 skip: already have open trade for symbol | {'symbol': 'AKEUSDT'}
2026-07-26 12:24:25 | DEBUG | trading.strategy2_signal_filter:check:600 | S2 skip: already have open trade for symbol | {'symbol': 'AKEUSDT'}
2026-07-26 12:24:30 | DEBUG | trading.strategy2_signal_filter:check:600 | S2 skip: already have open trade for symbol | {'symbol': 'AKEUSDT'}
2026-07-26 12:24:35 | DEBUG | trading.strategy2_signal_filter:check:600 | S2 skip: already have open trade for symbol | {'symbol': 'AKEUSDT'}
2026-07-26 12:24:35 | DEBUG | trading.strategy2_signal_filter:check:600 | S2 skip: already have open trade for symbol | {'symbol': 'AKEUSDT'}
2026-07-26 12:24:40 | DEBUG | trading.strategy2_signal_filter:check:600 | S2 skip: already have open trade for symbol | {'symbol': 'AKEUSDT'}
2026-07-26 12:24:46 | DEBUG | trading.strategy2_signal_filter:check:600 | S2 skip: already have open trade for symbol | {'symbol': 'AKEUSDT'}
2026-07-26 12:24:51 | DEBUG | trading.strategy2_signal_filter:check:600 | S2 skip: already have open trade for symbol | {'symbol': 'AKEUSDT'}
2026-07-26 12:24:51 | DEBUG | trading.strategy2_signal_filter:check:600 | S2 skip: already have open trade for symbol | {'symbol': 'AKEUSDT'}
2026-07-26 12:24:56 | DEBUG | trading.strategy2_signal_filter:check:600 | S2 skip: already have open trade for symbol | {'symbol': 'AKEUSDT'}
2026-07-26 12:25:01 | DEBUG | trading.strategy2_signal_filter:check:600 | S2 skip: already have open trade for symbol | {'symbol': 'AKEUSDT'}
2026-07-26 12:25:07 | DEBUG | trading.strategy2_signal_filter:check:600 | S2 skip: already have open trade for symbol | {'symbol': 'AKEUSDT'}
2026-07-26 12:25:07 | DEBUG | trading.strategy2_signal_filter:check:600 | S2 skip: already have open trade for symbol | {'symbol': 'AKEUSDT'}
2026-07-26 12:25:11 | DEBUG | trading.strategy2_signal_filter:check:600 | S2 skip: already have open trade for symbol | {'symbol': 'AKEUSDT'}
2026-07-26 12:25:17 | DEBUG | trading.strategy2_signal_filter:check:600 | S2 skip: already have open trade for symbol | {'symbol': 'AKEUSDT'}
2026-07-26 12:25:22 | DEBUG | trading.strategy2_signal_filter:check:600 | S2 skip: already have open trade for symbol | {'symbol': 'AKEUSDT'}
2026-07-26 12:25:22 | DEBUG | trading.strategy2_signal_filter:check:600 | S2 skip: already have open trade for symbol | {'symbol': 'AKEUSDT'}
2026-07-26 12:25:27 | DEBUG | trading.strategy2_signal_filter:check:600 | S2 skip: already have open trade for symbol | {'symbol': 'AKEUSDT'}
2026-07-26 12:25:32 | DEBUG | trading.strategy2_signal_filter:check:600 | S2 skip: already have open trade for symbol | {'symbol': 'AKEUSDT'}
2026-07-26 12:25:37 | DEBUG | trading.strategy2_signal_filter:check:600 | S2 skip: already have open trade for symbol | {'symbol': 'AKEUSDT'}
2026-07-26 12:25:37 | DEBUG | trading.strategy2_signal_filter:check:600 | S2 skip: already have open trade for symbol | {'symbol': 'AKEUSDT'}
2026-07-26 12:25:43 | DEBUG | trading.strategy2_signal_filter:check:600 | S2 skip: already have open trade for symbol | {'symbol': 'AKEUSDT'}
2026-07-26 12:25:48 | DEBUG | trading.strategy2_signal_filter:check:600 | S2 skip: already have open trade for symbol | {'symbol': 'AKEUSDT'}
2026-07-26 12:25:53 | DEBUG | trading.strategy2_signal_filter:check:600 | S2 skip: already have open trade for symbol | {'symbol': 'AKEUSDT'}
2026-07-26 12:25:53 | DEBUG | trading.strategy2_signal_filter:check:600 | S2 skip: already have open trade for symbol | {'symbol': 'AKEUSDT'}
2026-07-26 12:25:58 | DEBUG | trading.strategy2_signal_filter:check:600 | S2 skip: already have open trade for symbol | {'symbol': 'AKEUSDT'}
2026-07-26 12:26:03 | DEBUG | trading.strategy2_signal_filter:check:600 | S2 skip: already have open trade for symbol | {'symbol': 'AKEUSDT'}
2026-07-26 12:26:09 | DEBUG | trading.strategy2_signal_filter:check:600 | S2 skip: already have open trade for symbol | {'symbol': 'AKEUSDT'}
2026-07-26 12:26:09 | DEBUG | trading.strategy2_signal_filter:check:600 | S2 skip: already have open trade for symbol | {'symbol': 'AKEUSDT'}
2026-07-26 12:26:14 | DEBUG | trading.strategy2_signal_filter:check:600 | S2 skip: already have open trade for symbol | {'symbol': 'AKEUSDT'}
2026-07-26 12:26:19 | DEBUG | trading.strategy2_signal_filter:check:600 | S2 skip: already have open trade for symbol | {'symbol': 'AKEUSDT'}
2026-07-26 12:26:24 | DEBUG | trading.strategy2_signal_filter:check:600 | S2 skip: already have open trade for symbol | {'symbol': 'AKEUSDT'}
2026-07-26 12:26:24 | DEBUG | trading.strategy2_signal_filter:check:600 | S2 skip: already have open trade for symbol | {'symbol': 'AKEUSDT'}
2026-07-26 12:26:29 | DEBUG | trading.strategy2_signal_filter:check:600 | S2 skip: already have open trade for symbol | {'symbol': 'AKEUSDT'}
2026-07-26 12:26:34 | DEBUG | trading.strategy2_signal_filter:check:600 | S2 skip: already have open trade for symbol | {'symbol': 'AKEUSDT'}
2026-07-26 12:27:37 | DEBUG | trading.strategy2_signal_filter:check:600 | S2 skip: already have open trade for symbol | {'symbol': 'AKEUSDT'}
2026-07-26 12:27:47 | DEBUG | trading.strategy2_signal_filter:check:600 | S2 skip: already have open trade for symbol | {'symbol': 'AKEUSDT'}
2026-07-26 12:27:52 | DEBUG | trading.strategy2_signal_filter:check:600 | S2 skip: already have open trade for symbol | {'symbol': 'AKEUSDT'}
2026-07-26 12:27:52 | DEBUG | trading.strategy2_signal_filter:check:600 | S2 skip: already have open trade for symbol | {'symbol': 'AKEUSDT'}
2026-07-26 12:27:57 | DEBUG | trading.strategy2_signal_filter:check:600 | S2 skip: already have open trade for symbol | {'symbol': 'AKEUSDT'}
2026-07-26 12:28:02 | DEBUG | trading.strategy2_signal_filter:check:600 | S2 skip: already have open trade for symbol | {'symbol': 'AKEUSDT'}
2026-07-26 12:28:08 | DEBUG | trading.strategy2_signal_filter:check:600 | S2 skip: already have open trade for symbol | {'symbol': 'AKEUSDT'}
2026-07-26 12:28:08 | DEBUG | trading.strategy2_signal_filter:check:600 | S2 skip: already have open trade for symbol | {'symbol': 'AKEUSDT'}
2026-07-26 12:29:46 | DEBUG | trading.strategy2_signal_filter:check:600 | S2 skip: already have open trade for symbol | {'symbol': 'AKEUSDT'}
2026-07-26 12:29:46 | DEBUG | trading.strategy2_signal_filter:check:600 | S2 skip: already have open trade for symbol | {'symbol': 'AKEUSDT'}
2026-07-26 12:29:51 | DEBUG | trading.strategy2_signal_filter:check:600 | S2 skip: already have open trade for symbol | {'symbol': 'AKEUSDT'}
2026-07-26 12:29:57 | DEBUG | trading.strategy2_signal_filter:check:600 | S2 skip: already have open trade for symbol | {'symbol': 'AKEUSDT'}
2026-07-26 12:30:02 | DEBUG | trading.strategy2_signal_filter:check:600 | S2 skip: already have open trade for symbol | {'symbol': 'AKEUSDT'}
2026-07-26 12:30:02 | DEBUG | trading.strategy2_signal_filter:check:600 | S2 skip: already have open trade for symbol | {'symbol': 'AKEUSDT'}
2026-07-26 12:30:07 | DEBUG | trading.strategy2_signal_filter:check:600 | S2 skip: already have open trade for symbol | {'symbol': 'AKEUSDT'}
2026-07-26 12:30:12 | DEBUG | trading.strategy2_signal_filter:check:600 | S2 skip: already have open trade for symbol | {'symbol': 'AKEUSDT'}
2026-07-26 12:30:17 | DEBUG | trading.strategy2_signal_filter:check:600 | S2 skip: already have open trade for symbol | {'symbol': 'AKEUSDT'}
2026-07-26 12:30:17 | DEBUG | trading.strategy2_signal_filter:check:600 | S2 skip: already have open trade for symbol | {'symbol': 'AKEUSDT'}
2026-07-26 12:30:22 | DEBUG | trading.strategy2_signal_filter:check:600 | S2 skip: already have open trade for symbol | {'symbol': 'AKEUSDT'}
2026-07-26 12:30:28 | DEBUG | trading.strategy2_signal_filter:check:600 | S2 skip: already have open trade for symbol | {'symbol': 'AKEUSDT'}
2026-07-26 12:30:54 | DEBUG | trading.strategy2_signal_filter:check:600 | S2 skip: already have open trade for symbol | {'symbol': 'AKEUSDT'}
2026-07-26 12:30:54 | DEBUG | trading.strategy2_signal_filter:check:600 | S2 skip: already have open trade for symbol | {'symbol': 'AKEUSDT'}
2026-07-26 12:30:59 | DEBUG | trading.strategy2_signal_filter:check:600 | S2 skip: already have open trade for symbol | {'symbol': 'AKEUSDT'}
2026-07-26 12:31:04 | DEBUG | trading.strategy2_signal_filter:check:600 | S2 skip: already have open trade for symbol | {'symbol': 'AKEUSDT'}
2026-07-26 12:31:09 | DEBUG | trading.strategy2_signal_filter:check:600 | S2 skip: already have open trade for symbol | {'symbol': 'AKEUSDT'}
2026-07-26 12:31:09 | INFO | trading.strategy2_signal_filter:check:681 | S2 market phase | {'symbol': 'RIFUSDT', 'phase': 'drop_tradeable', 'note': 'drop_tradeable:bq=0.70'}
2026-07-26 12:31:09 | DEBUG | trading.strategy2_signal_filter:check:737 | S2 skip: drop_tradeable body_level not at lower boundary | {'symbol': 'RIFUSDT', 'level': 0.089463, 'level_position_pct': 60.3, 'max_allowed_pct': 30.0, 'range_low': 0.07064, 'range_high': 0.10186}
2026-07-26 12:31:09 | DEBUG | trading.strategy2_signal_filter:check:600 | S2 skip: already have open trade for symbol | {'symbol': 'AKEUSDT'}
2026-07-26 12:31:09 | INFO | trading.strategy2_signal_filter:check:681 | S2 market phase | {'symbol': 'RIFUSDT', 'phase': 'drop_tradeable', 'note': 'drop_tradeable:bq=0.70'}
2026-07-26 12:31:09 | DEBUG | trading.strategy2_signal_filter:check:737 | S2 skip: drop_tradeable body_level not at lower boundary | {'symbol': 'RIFUSDT', 'level': 0.089463, 'level_position_pct': 60.3, 'max_allowed_pct': 30.0, 'range_low': 0.07064, 'range_high': 0.10186}
2026-07-26 12:31:14 | DEBUG | trading.strategy2_signal_filter:check:600 | S2 skip: already have open trade for symbol | {'symbol': 'AKEUSDT'}
2026-07-26 12:31:19 | DEBUG | trading.strategy2_signal_filter:check:600 | S2 skip: already have open trade for symbol | {'symbol': 'AKEUSDT'}
2026-07-26 12:31:25 | DEBUG | trading.strategy2_signal_filter:check:600 | S2 skip: already have open trade for symbol | {'symbol': 'AKEUSDT'}
2026-07-26 12:31:25 | DEBUG | trading.strategy2_signal_filter:check:600 | S2 skip: already have open trade for symbol | {'symbol': 'AKEUSDT'}
2026-07-26 12:31:30 | DEBUG | trading.strategy2_signal_filter:check:600 | S2 skip: already have open trade for symbol | {'symbol': 'AKEUSDT'}
2026-07-26 12:31:35 | DEBUG | trading.strategy2_signal_filter:check:600 | S2 skip: already have open trade for symbol | {'symbol': 'AKEUSDT'}
2026-07-26 12:31:35 | INFO | trading.strategy2_signal_filter:check:681 | S2 market phase | {'symbol': 'RIFUSDT', 'phase': 'drop_tradeable', 'note': 'drop_tradeable:bq=0.70'}
2026-07-26 12:31:35 | DEBUG | trading.strategy2_signal_filter:check:737 | S2 skip: drop_tradeable body_level not at lower boundary | {'symbol': 'RIFUSDT', 'level': 0.089463, 'level_position_pct': 60.3, 'max_allowed_pct': 30.0, 'range_low': 0.07064, 'range_high': 0.10186}
2026-07-26 12:31:35 | INFO | trading.strategy2_signal_filter:check:681 | S2 market phase | {'symbol': 'RIFUSDT', 'phase': 'drop_tradeable', 'note': 'drop_tradeable:bq=0.70'}
2026-07-26 12:31:35 | DEBUG | trading.strategy2_signal_filter:check:737 | S2 skip: drop_tradeable body_level not at lower boundary | {'symbol': 'RIFUSDT', 'level': 0.089463, 'level_position_pct': 60.3, 'max_allowed_pct': 30.0, 'range_low': 0.07064, 'range_high': 0.10186}
2026-07-26 12:31:40 | DEBUG | trading.strategy2_signal_filter:check:600 | S2 skip: already have open trade for symbol | {'symbol': 'AKEUSDT'}
2026-07-26 12:31:40 | DEBUG | trading.strategy2_signal_filter:check:600 | S2 skip: already have open trade for symbol | {'symbol': 'AKEUSDT'}
2026-07-26 12:31:45 | DEBUG | trading.strategy2_signal_filter:check:600 | S2 skip: already have open trade for symbol | {'symbol': 'AKEUSDT'}
2026-07-26 12:31:50 | DEBUG | trading.strategy2_signal_filter:check:600 | S2 skip: already have open trade for symbol | {'symbol': 'AKEUSDT'}
2026-07-26 12:31:50 | INFO | trading.strategy2_signal_filter:check:681 | S2 market phase | {'symbol': 'RIFUSDT', 'phase': 'drop_tradeable', 'note': 'drop_tradeable:bq=0.70'}
2026-07-26 12:31:50 | DEBUG | trading.strategy2_signal_filter:check:737 | S2 skip: drop_tradeable body_level not at lower boundary | {'symbol': 'RIFUSDT', 'level': 0.089463, 'level_position_pct': 60.3, 'max_allowed_pct': 30.0, 'range_low': 0.07064, 'range_high': 0.10186}
2026-07-26 12:31:56 | DEBUG | trading.strategy2_signal_filter:check:600 | S2 skip: already have open trade for symbol | {'symbol': 'AKEUSDT'}
2026-07-26 12:31:56 | DEBUG | trading.strategy2_signal_filter:check:600 | S2 skip: already have open trade for symbol | {'symbol': 'AKEUSDT'}
2026-07-26 12:32:01 | DEBUG | trading.strategy2_signal_filter:check:600 | S2 skip: already have open trade for symbol | {'symbol': 'AKEUSDT'}
2026-07-26 12:32:06 | DEBUG | trading.strategy2_signal_filter:check:600 | S2 skip: already have open trade for symbol | {'symbol': 'AKEUSDT'}
2026-07-26 12:32:06 | INFO | trading.strategy2_signal_filter:check:681 | S2 market phase | {'symbol': 'RIFUSDT', 'phase': 'drop_tradeable', 'note': 'drop_tradeable:bq=0.70'}
2026-07-26 12:32:06 | DEBUG | trading.strategy2_signal_filter:check:737 | S2 skip: drop_tradeable body_level not at lower boundary | {'symbol': 'RIFUSDT', 'level': 0.089463, 'level_position_pct': 60.3, 'max_allowed_pct': 30.0, 'range_low': 0.07064, 'range_high': 0.10186}
2026-07-26 12:32:11 | DEBUG | trading.strategy2_signal_filter:check:600 | S2 skip: already have open trade for symbol | {'symbol': 'AKEUSDT'}
2026-07-26 12:32:11 | DEBUG | trading.strategy2_signal_filter:check:600 | S2 skip: already have open trade for symbol | {'symbol': 'AKEUSDT'}
2026-07-26 12:32:16 | DEBUG | trading.strategy2_signal_filter:check:600 | S2 skip: already have open trade for symbol | {'symbol': 'AKEUSDT'}
2026-07-26 12:32:22 | DEBUG | trading.strategy2_signal_filter:check:600 | S2 skip: already have open trade for symbol | {'symbol': 'AKEUSDT'}
2026-07-26 12:32:27 | DEBUG | trading.strategy2_signal_filter:check:600 | S2 skip: already have open trade for symbol | {'symbol': 'AKEUSDT'}
2026-07-26 12:32:27 | DEBUG | trading.strategy2_signal_filter:check:600 | S2 skip: already have open trade for symbol | {'symbol': 'AKEUSDT'}
2026-07-26 12:32:32 | DEBUG | trading.strategy2_signal_filter:check:600 | S2 skip: already have open trade for symbol | {'symbol': 'AKEUSDT'}
2026-07-26 12:32:37 | DEBUG | trading.strategy2_signal_filter:check:600 | S2 skip: already have open trade for symbol | {'symbol': 'AKEUSDT'}
2026-07-26 12:32:42 | DEBUG | trading.strategy2_signal_filter:check:600 | S2 skip: already have open trade for symbol | {'symbol': 'AKEUSDT'}
2026-07-26 12:32:42 | DEBUG | trading.strategy2_signal_filter:check:600 | S2 skip: already have open trade for symbol | {'symbol': 'AKEUSDT'}
2026-07-26 12:32:47 | DEBUG | trading.strategy2_signal_filter:check:600 | S2 skip: already have open trade for symbol | {'symbol': 'AKEUSDT'}
2026-07-26 12:32:53 | DEBUG | trading.strategy2_signal_filter:check:600 | S2 skip: already have open trade for symbol | {'symbol': 'AKEUSDT'}
2026-07-26 12:32:58 | DEBUG | trading.strategy2_signal_filter:check:600 | S2 skip: already have open trade for symbol | {'symbol': 'AKEUSDT'}
2026-07-26 12:32:58 | DEBUG | trading.strategy2_signal_filter:check:600 | S2 skip: already have open trade for symbol | {'symbol': 'AKEUSDT'}
2026-07-26 12:33:03 | DEBUG | trading.strategy2_signal_filter:check:600 | S2 skip: already have open trade for symbol | {'symbol': 'AKEUSDT'}
2026-07-26 12:33:08 | DEBUG | trading.strategy2_signal_filter:check:600 | S2 skip: already have open trade for symbol | {'symbol': 'AKEUSDT'}
2026-07-26 12:33:08 | INFO | trading.strategy2_signal_filter:check:681 | S2 market phase | {'symbol': 'RIFUSDT', 'phase': 'drop_tradeable', 'note': 'drop_tradeable:bq=0.70'}
2026-07-26 12:33:08 | DEBUG | trading.strategy2_signal_filter:check:737 | S2 skip: drop_tradeable body_level not at lower boundary | {'symbol': 'RIFUSDT', 'level': 0.089463, 'level_position_pct': 60.3, 'max_allowed_pct': 30.0, 'range_low': 0.07064, 'range_high': 0.10186}
2026-07-26 12:33:13 | DEBUG | trading.strategy2_signal_filter:check:600 | S2 skip: already have open trade for symbol | {'symbol': 'AKEUSDT'}
2026-07-26 12:33:13 | DEBUG | trading.strategy2_signal_filter:check:600 | S2 skip: already have open trade for symbol | {'symbol': 'AKEUSDT'}
2026-07-26 12:33:13 | INFO | trading.strategy2_signal_filter:check:681 | S2 market phase | {'symbol': 'RIFUSDT', 'phase': 'drop_tradeable', 'note': 'drop_tradeable:bq=0.70'}
2026-07-26 12:33:13 | DEBUG | trading.strategy2_signal_filter:check:737 | S2 skip: drop_tradeable body_level not at lower boundary | {'symbol': 'RIFUSDT', 'level': 0.089463, 'level_position_pct': 60.3, 'max_allowed_pct': 30.0, 'range_low': 0.07064, 'range_high': 0.10186}
2026-07-26 12:33:19 | DEBUG | trading.strategy2_signal_filter:check:600 | S2 skip: already have open trade for symbol | {'symbol': 'AKEUSDT'}
2026-07-26 12:33:24 | DEBUG | trading.strategy2_signal_filter:check:600 | S2 skip: already have open trade for symbol | {'symbol': 'AKEUSDT'}
2026-07-26 12:33:29 | DEBUG | trading.strategy2_signal_filter:check:600 | S2 skip: already have open trade for symbol | {'symbol': 'AKEUSDT'}
2026-07-26 12:33:29 | DEBUG | trading.strategy2_signal_filter:check:600 | S2 skip: already have open trade for symbol | {'symbol': 'AKEUSDT'}
2026-07-26 12:33:34 | DEBUG | trading.strategy2_signal_filter:check:600 | S2 skip: already have open trade for symbol | {'symbol': 'AKEUSDT'}
2026-07-26 12:33:39 | DEBUG | trading.strategy2_signal_filter:check:600 | S2 skip: already have open trade for symbol | {'symbol': 'AKEUSDT'}
2026-07-26 12:33:44 | DEBUG | trading.strategy2_signal_filter:check:600 | S2 skip: already have open trade for symbol | {'symbol': 'AKEUSDT'}
2026-07-26 12:33:44 | DEBUG | trading.strategy2_signal_filter:check:600 | S2 skip: already have open trade for symbol | {'symbol': 'AKEUSDT'}
2026-07-26 12:33:50 | DEBUG | trading.strategy2_signal_filter:check:600 | S2 skip: already have open trade for symbol | {'symbol': 'AKEUSDT'}
2026-07-26 12:33:55 | DEBUG | trading.strategy2_signal_filter:check:600 | S2 skip: already have open trade for symbol | {'symbol': 'AKEUSDT'}
2026-07-26 12:34:00 | DEBUG | trading.strategy2_signal_filter:check:600 | S2 skip: already have open trade for symbol | {'symbol': 'AKEUSDT'}
2026-07-26 12:34:00 | DEBUG | trading.strategy2_signal_filter:check:600 | S2 skip: already have open trade for symbol | {'symbol': 'AKEUSDT'}
2026-07-26 12:34:03 | DEBUG | trading.live_price_tracker:track_post_exit_price:74 | live_post_exit_tracker started | {'trade_id': '138e47a5-085a-4dd6-910f-ecb5c606654f', 'symbol': 'AKEUSDT', 'exit_time': 1785069242.7906303, 'deadline': 1785071042.7906303}
2026-07-26 12:34:03 | INFO | trading.strategy2_live:_reconcile_one:1289 | S2Live reconcile: no position, no fills — closed | {'trade_id': '138e47a5-085a-4dd6-910f-ecb5c606654f', 'symbol': 'AKEUSDT'}
2026-07-26 12:34:05 | DEBUG | trading.strategy2_signal_filter:check:618 | S2 skip: recent close cooldown | {'symbol': 'AKEUSDT', 'level': 0.0030516, 'seconds_since_close': 2.8}
2026-07-26 12:34:10 | DEBUG | trading.strategy2_signal_filter:check:618 | S2 skip: recent close cooldown | {'symbol': 'AKEUSDT', 'level': 0.0030516, 'seconds_since_close': 8.0}
2026-07-26 12:34:15 | DEBUG | trading.strategy2_signal_filter:check:618 | S2 skip: recent close cooldown | {'symbol': 'AKEUSDT', 'level': 0.0030516, 'seconds_since_close': 13.2}
2026-07-26 12:34:16 | DEBUG | trading.strategy2_signal_filter:check:618 | S2 skip: recent close cooldown | {'symbol': 'AKEUSDT', 'level': 0.0030516, 'seconds_since_close': 13.2}
2026-07-26 12:34:21 | DEBUG | trading.strategy2_signal_filter:check:618 | S2 skip: recent close cooldown | {'symbol': 'AKEUSDT', 'level': 0.0030516, 'seconds_since_close': 18.4}
2026-07-26 12:34:26 | DEBUG | trading.strategy2_signal_filter:check:618 | S2 skip: recent close cooldown | {'symbol': 'AKEUSDT', 'level': 0.0030516, 'seconds_since_close': 23.5}
2026-07-26 12:34:31 | DEBUG | trading.strategy2_signal_filter:check:618 | S2 skip: recent close cooldown | {'symbol': 'AKEUSDT', 'level': 0.0030516, 'seconds_since_close': 28.7}
2026-07-26 12:34:31 | DEBUG | trading.strategy2_signal_filter:check:618 | S2 skip: recent close cooldown | {'symbol': 'AKEUSDT', 'level': 0.0030516, 'seconds_since_close': 28.7}
2026-07-26 12:34:36 | DEBUG | trading.strategy2_signal_filter:check:618 | S2 skip: recent close cooldown | {'symbol': 'AKEUSDT', 'level': 0.0030516, 'seconds_since_close': 33.9}
2026-07-26 12:34:41 | DEBUG | trading.strategy2_signal_filter:check:618 | S2 skip: recent close cooldown | {'symbol': 'AKEUSDT', 'level': 0.0030516, 'seconds_since_close': 39.1}
2026-07-26 12:34:47 | DEBUG | trading.strategy2_signal_filter:check:618 | S2 skip: recent close cooldown | {'symbol': 'AKEUSDT', 'level': 0.0030516, 'seconds_since_close': 44.3}
2026-07-26 12:34:47 | DEBUG | trading.strategy2_signal_filter:check:618 | S2 skip: recent close cooldown | {'symbol': 'AKEUSDT', 'level': 0.0030516, 'seconds_since_close': 44.3}
2026-07-26 12:34:52 | DEBUG | trading.strategy2_signal_filter:check:618 | S2 skip: recent close cooldown | {'symbol': 'AKEUSDT', 'level': 0.0030516, 'seconds_since_close': 49.4}
2026-07-26 12:34:57 | DEBUG | trading.strategy2_signal_filter:check:618 | S2 skip: recent close cooldown | {'symbol': 'AKEUSDT', 'level': 0.0030516, 'seconds_since_close': 54.6}
2026-07-26 12:35:02 | DEBUG | trading.strategy2_signal_filter:check:618 | S2 skip: recent close cooldown | {'symbol': 'AKEUSDT', 'level': 0.0030516, 'seconds_since_close': 59.7}
2026-07-26 12:35:02 | DEBUG | trading.strategy2_signal_filter:check:618 | S2 skip: recent close cooldown | {'symbol': 'AKEUSDT', 'level': 0.0030516, 'seconds_since_close': 59.8}
2026-07-26 12:35:07 | DEBUG | trading.strategy2_signal_filter:check:618 | S2 skip: recent close cooldown | {'symbol': 'AKEUSDT', 'level': 0.0030516, 'seconds_since_close': 64.9}
2026-07-26 12:35:12 | DEBUG | trading.strategy2_signal_filter:check:618 | S2 skip: recent close cooldown | {'symbol': 'AKEUSDT', 'level': 0.0030516, 'seconds_since_close': 70.1}
2026-07-26 12:35:18 | DEBUG | trading.strategy2_signal_filter:check:618 | S2 skip: recent close cooldown | {'symbol': 'AKEUSDT', 'level': 0.0030516, 'seconds_since_close': 75.3}
2026-07-26 12:35:18 | DEBUG | trading.strategy2_signal_filter:check:618 | S2 skip: recent close cooldown | {'symbol': 'AKEUSDT', 'level': 0.0030516, 'seconds_since_close': 75.3}
2026-07-26 12:35:23 | DEBUG | trading.strategy2_signal_filter:check:618 | S2 skip: recent close cooldown | {'symbol': 'AKEUSDT', 'level': 0.0030516, 'seconds_since_close': 80.5}
2026-07-26 12:35:28 | DEBUG | trading.strategy2_signal_filter:check:618 | S2 skip: recent close cooldown | {'symbol': 'AKEUSDT', 'level': 0.0030516, 'seconds_since_close': 85.6}
2026-07-26 12:35:28 | INFO | trading.strategy2_signal_filter:check:533 | S2 skip: approach>=block (G3, level exhausted) | {'symbol': 'EULUSDT', 'level': 2.4312, 'approach_count': 12, 'block_threshold': 4}
2026-07-26 12:35:28 | INFO | trading.strategy2_signal_filter:check:545 | S2: level marked dead, monitor will stop sending proximity | {'symbol': 'EULUSDT', 'level': 2.4312, 'approach_count': 12}
2026-07-26 12:35:33 | DEBUG | trading.strategy2_signal_filter:check:618 | S2 skip: recent close cooldown | {'symbol': 'AKEUSDT', 'level': 0.0030516, 'seconds_since_close': 90.9}
2026-07-26 12:35:33 | DEBUG | trading.strategy2_signal_filter:check:618 | S2 skip: recent close cooldown | {'symbol': 'AKEUSDT', 'level': 0.0030516, 'seconds_since_close': 91.0}
2026-07-26 12:35:38 | DEBUG | trading.strategy2_signal_filter:check:618 | S2 skip: recent close cooldown | {'symbol': 'AKEUSDT', 'level': 0.0030516, 'seconds_since_close': 96.1}
2026-07-26 12:35:44 | DEBUG | trading.strategy2_signal_filter:check:618 | S2 skip: recent close cooldown | {'symbol': 'AKEUSDT', 'level': 0.0030516, 'seconds_since_close': 101.3}
2026-07-26 12:35:44 | INFO | trading.strategy2_signal_filter:check:533 | S2 skip: approach>=block (G3, level exhausted) | {'symbol': 'EULUSDT', 'level': 2.4312, 'approach_count': 12, 'block_threshold': 4}
2026-07-26 12:35:49 | DEBUG | trading.strategy2_signal_filter:check:618 | S2 skip: recent close cooldown | {'symbol': 'AKEUSDT', 'level': 0.0030516, 'seconds_since_close': 106.5}
2026-07-26 12:35:49 | DEBUG | trading.strategy2_signal_filter:check:618 | S2 skip: recent close cooldown | {'symbol': 'AKEUSDT', 'level': 0.0030516, 'seconds_since_close': 106.5}
2026-07-26 12:35:54 | DEBUG | trading.strategy2_signal_filter:check:618 | S2 skip: recent close cooldown | {'symbol': 'AKEUSDT', 'level': 0.0030516, 'seconds_since_close': 111.6}
2026-07-26 12:36:04 | INFO | trading.strategy2_signal_filter:check:533 | S2 skip: approach>=block (G3, level exhausted) | {'symbol': 'EULUSDT', 'level': 2.4312, 'approach_count': 12, 'block_threshold': 4}
2026-07-26 12:36:15 | DEBUG | trading.strategy2_signal_filter:check:618 | S2 skip: recent close cooldown | {'symbol': 'AKEUSDT', 'level': 0.0030516, 'seconds_since_close': 132.3}
2026-07-26 12:36:20 | INFO | trading.strategy2_signal_filter:check:533 | S2 skip: approach>=block (G3, level exhausted) | {'symbol': 'EULUSDT', 'level': 2.4312, 'approach_count': 12, 'block_threshold': 4}
2026-07-26 12:36:25 | DEBUG | trading.strategy2_signal_filter:check:618 | S2 skip: recent close cooldown | {'symbol': 'AKEUSDT', 'level': 0.0030516, 'seconds_since_close': 142.7}
2026-07-26 12:36:30 | DEBUG | trading.strategy2_signal_filter:check:618 | S2 skip: recent close cooldown | {'symbol': 'AKEUSDT', 'level': 0.0030516, 'seconds_since_close': 147.9}
2026-07-26 12:36:30 | DEBUG | trading.strategy2_signal_filter:check:618 | S2 skip: recent close cooldown | {'symbol': 'AKEUSDT', 'level': 0.0030516, 'seconds_since_close': 147.9}
2026-07-26 12:36:35 | DEBUG | trading.strategy2_signal_filter:check:618 | S2 skip: recent close cooldown | {'symbol': 'AKEUSDT', 'level': 0.0030516, 'seconds_since_close': 153.1}
2026-07-26 12:36:35 | INFO | trading.strategy2_signal_filter:check:533 | S2 skip: approach>=block (G3, level exhausted) | {'symbol': 'EULUSDT', 'level': 2.4312, 'approach_count': 12, 'block_threshold': 4}
2026-07-26 12:36:41 | DEBUG | trading.strategy2_signal_filter:check:618 | S2 skip: recent close cooldown | {'symbol': 'AKEUSDT', 'level': 0.0030516, 'seconds_since_close': 158.2}
2026-07-26 12:36:46 | DEBUG | trading.strategy2_signal_filter:check:618 | S2 skip: recent close cooldown | {'symbol': 'AKEUSDT', 'level': 0.0030516, 'seconds_since_close': 163.4}
2026-07-26 12:36:46 | DEBUG | trading.strategy2_signal_filter:check:618 | S2 skip: recent close cooldown | {'symbol': 'AKEUSDT', 'level': 0.0030516, 'seconds_since_close': 163.4}
2026-07-26 12:36:51 | DEBUG | trading.strategy2_signal_filter:check:618 | S2 skip: recent close cooldown | {'symbol': 'AKEUSDT', 'level': 0.0030516, 'seconds_since_close': 168.5}
2026-07-26 12:36:56 | DEBUG | trading.strategy2_signal_filter:check:618 | S2 skip: recent close cooldown | {'symbol': 'AKEUSDT', 'level': 0.0030516, 'seconds_since_close': 173.7}
2026-07-26 12:37:01 | DEBUG | trading.strategy2_signal_filter:check:618 | S2 skip: recent close cooldown | {'symbol': 'AKEUSDT', 'level': 0.0030516, 'seconds_since_close': 178.9}
2026-07-26 12:37:01 | DEBUG | trading.strategy2_signal_filter:check:618 | S2 skip: recent close cooldown | {'symbol': 'AKEUSDT', 'level': 0.0030516, 'seconds_since_close': 178.9}
2026-07-26 12:37:06 | DEBUG | trading.strategy2_signal_filter:check:618 | S2 skip: recent close cooldown | {'symbol': 'AKEUSDT', 'level': 0.0030516, 'seconds_since_close': 184.1}
2026-07-26 12:37:12 | DEBUG | trading.strategy2_signal_filter:check:618 | S2 skip: recent close cooldown | {'symbol': 'AKEUSDT', 'level': 0.0030516, 'seconds_since_close': 189.2}
2026-07-26 12:37:17 | DEBUG | trading.strategy2_signal_filter:check:618 | S2 skip: recent close cooldown | {'symbol': 'AKEUSDT', 'level': 0.0030516, 'seconds_since_close': 194.4}
2026-07-26 12:37:17 | DEBUG | trading.strategy2_signal_filter:check:618 | S2 skip: recent close cooldown | {'symbol': 'AKEUSDT', 'level': 0.0030516, 'seconds_since_close': 194.4}
2026-07-26 12:37:22 | DEBUG | trading.strategy2_signal_filter:check:618 | S2 skip: recent close cooldown | {'symbol': 'AKEUSDT', 'level': 0.0030516, 'seconds_since_close': 199.6}
2026-07-26 12:37:27 | DEBUG | trading.strategy2_signal_filter:check:618 | S2 skip: recent close cooldown | {'symbol': 'AKEUSDT', 'level': 0.0030516, 'seconds_since_close': 204.7}
2026-07-26 12:37:32 | DEBUG | trading.strategy2_signal_filter:check:618 | S2 skip: recent close cooldown | {'symbol': 'AKEUSDT', 'level': 0.0030516, 'seconds_since_close': 209.9}
2026-07-26 12:37:32 | DEBUG | trading.strategy2_signal_filter:check:618 | S2 skip: recent close cooldown | {'symbol': 'AKEUSDT', 'level': 0.0030516, 'seconds_since_close': 209.9}
2026-07-26 12:37:58 | DEBUG | trading.strategy2_signal_filter:check:618 | S2 skip: recent close cooldown | {'symbol': 'AKEUSDT', 'level': 0.0030516, 'seconds_since_close': 235.7}
2026-07-26 12:37:58 | DEBUG | trading.strategy2_signal_filter:check:618 | S2 skip: recent close cooldown | {'symbol': 'AKEUSDT', 'level': 0.0030516, 'seconds_since_close': 235.7}
2026-07-26 12:38:03 | DEBUG | trading.strategy2_signal_filter:check:618 | S2 skip: recent close cooldown | {'symbol': 'AKEUSDT', 'level': 0.0030516, 'seconds_since_close': 240.9}
2026-07-26 12:38:08 | DEBUG | trading.strategy2_signal_filter:check:618 | S2 skip: recent close cooldown | {'symbol': 'AKEUSDT', 'level': 0.0030516, 'seconds_since_close': 246.1}
2026-07-26 12:38:14 | DEBUG | trading.strategy2_signal_filter:check:618 | S2 skip: recent close cooldown | {'symbol': 'AKEUSDT', 'level': 0.0030516, 'seconds_since_close': 251.3}
2026-07-26 12:38:14 | DEBUG | trading.strategy2_signal_filter:check:618 | S2 skip: recent close cooldown | {'symbol': 'AKEUSDT', 'level': 0.0030516, 'seconds_since_close': 251.3}
2026-07-26 12:38:19 | DEBUG | trading.strategy2_signal_filter:check:618 | S2 skip: recent close cooldown | {'symbol': 'AKEUSDT', 'level': 0.0030516, 'seconds_since_close': 256.4}
2026-07-26 12:38:24 | DEBUG | trading.strategy2_signal_filter:check:618 | S2 skip: recent close cooldown | {'symbol': 'AKEUSDT', 'level': 0.0030516, 'seconds_since_close': 261.6}
2026-07-26 12:38:29 | DEBUG | trading.strategy2_signal_filter:check:618 | S2 skip: recent close cooldown | {'symbol': 'AKEUSDT', 'level': 0.0030516, 'seconds_since_close': 266.8}
2026-07-26 12:38:29 | DEBUG | trading.strategy2_signal_filter:check:618 | S2 skip: recent close cooldown | {'symbol': 'AKEUSDT', 'level': 0.0030516, 'seconds_since_close': 266.8}
2026-07-26 12:38:34 | DEBUG | trading.strategy2_signal_filter:check:618 | S2 skip: recent close cooldown | {'symbol': 'AKEUSDT', 'level': 0.0030516, 'seconds_since_close': 272.0}
2026-07-26 12:38:40 | DEBUG | trading.strategy2_signal_filter:check:618 | S2 skip: recent close cooldown | {'symbol': 'AKEUSDT', 'level': 0.0030516, 'seconds_since_close': 277.2}
2026-07-26 12:38:45 | DEBUG | trading.strategy2_signal_filter:check:618 | S2 skip: recent close cooldown | {'symbol': 'AKEUSDT', 'level': 0.0030516, 'seconds_since_close': 282.4}
2026-07-26 12:38:45 | DEBUG | trading.strategy2_signal_filter:check:618 | S2 skip: recent close cooldown | {'symbol': 'AKEUSDT', 'level': 0.0030516, 'seconds_since_close': 282.4}
2026-07-26 12:38:50 | DEBUG | trading.strategy2_signal_filter:check:618 | S2 skip: recent close cooldown | {'symbol': 'AKEUSDT', 'level': 0.0030516, 'seconds_since_close': 287.5}
2026-07-26 12:38:55 | DEBUG | trading.strategy2_signal_filter:check:618 | S2 skip: recent close cooldown | {'symbol': 'AKEUSDT', 'level': 0.0030516, 'seconds_since_close': 292.7}
2026-07-26 12:39:00 | DEBUG | trading.strategy2_signal_filter:check:618 | S2 skip: recent close cooldown | {'symbol': 'AKEUSDT', 'level': 0.0030516, 'seconds_since_close': 297.8}
2026-07-26 12:39:00 | DEBUG | trading.strategy2_signal_filter:check:618 | S2 skip: recent close cooldown | {'symbol': 'AKEUSDT', 'level': 0.0030516, 'seconds_since_close': 297.8}
2026-07-26 12:39:05 | INFO | trading.strategy2_signal_filter:check:681 | S2 market phase | {'symbol': 'AKEUSDT', 'phase': 'drop_tradeable', 'note': 'drop_tradeable:bq=0.74'}
2026-07-26 12:39:05 | INFO | trading.strategy2_signal_filter:check:988 | S2 signal passed all filters | {'symbol': 'AKEUSDT', 'level': 0.0030516, 'level_type': 'pump_base', 'strength': 5, 'p_bounce': 0.927, 'sl': 0.00301912, 'tp1': 0.00307561, 'tp2': 0.00313624, 'rr': 0.74, 'phase': 'drop_tradeable', 'pos_struct_pct': 23.3, 'pos_local_pct': -4.3, 'struct_range': [0.0029196, 0.0034869], 'approach_speed_pct': 0.1034, 'red_candles_streak': 3, 'phase_streak_checks': 20, 'phase_streak_seconds': 1015.1, 'bleed_in_last_12': 0, 'seconds_since_bleed': 25214.3, 'phase_seq': 'dddddddddddd', 'hours_since_pump_peak': 21.9, 'vol_decay': 0.52, 'natr_now_pct': 2.35, 'natr_1m': 0.495, 'natr_5m': 1.557, 'natr_15m': 1.94, 'candle_staleness_sec': 65.8, 'bot_version': '2026-07-18.1'}
2026-07-26 12:39:06 | INFO | trading.strategy2_live:_open_grid:784 | S2Live: SL order placed | {'trade_id': 'f2863c6f-0e35-4680-b47b-64a952f469e6', 'symbol': 'AKEUSDT', 'sl_order_id': '38c6a916-44c7-4809-a42a-fed30ac57a72', 'trigger': 0.0030191, 'qty': 65500.0}
2026-07-26 12:39:07 | INFO | trading.strategy2_live:_open_grid:817 | S2Live grid opened | {'trade_id': 'f2863c6f-0e35-4680-b47b-64a952f469e6', 'symbol': 'AKEUSDT', 'orders': 2}
2026-07-26 12:39:10 | DEBUG | trading.strategy2_signal_filter:check:600 | S2 skip: already have open trade for symbol | {'symbol': 'AKEUSDT'}
2026-07-26 12:39:16 | DEBUG | trading.strategy2_signal_filter:check:600 | S2 skip: already have open trade for symbol | {'symbol': 'AKEUSDT'}
2026-07-26 12:39:16 | DEBUG | trading.strategy2_signal_filter:check:600 | S2 skip: already have open trade for symbol | {'symbol': 'AKEUSDT'}
2026-07-26 12:39:21 | DEBUG | trading.strategy2_signal_filter:check:600 | S2 skip: already have open trade for symbol | {'symbol': 'AKEUSDT'}
2026-07-26 12:39:26 | DEBUG | trading.strategy2_signal_filter:check:600 | S2 skip: already have open trade for symbol | {'symbol': 'AKEUSDT'}
2026-07-26 12:39:31 | DEBUG | trading.strategy2_signal_filter:check:600 | S2 skip: already have open trade for symbol | {'symbol': 'AKEUSDT'}
2026-07-26 12:39:31 | DEBUG | trading.strategy2_signal_filter:check:600 | S2 skip: already have open trade for symbol | {'symbol': 'AKEUSDT'}
2026-07-26 12:39:36 | DEBUG | trading.strategy2_signal_filter:check:600 | S2 skip: already have open trade for symbol | {'symbol': 'AKEUSDT'}
2026-07-26 12:39:36 | INFO | trading.strategy2_signal_filter:check:681 | S2 market phase | {'symbol': 'RIFUSDT', 'phase': 'drop_tradeable', 'note': 'drop_tradeable:bq=0.70'}
2026-07-26 12:39:36 | DEBUG | trading.strategy2_signal_filter:check:737 | S2 skip: drop_tradeable body_level not at lower boundary | {'symbol': 'RIFUSDT', 'level': 0.089463, 'level_position_pct': 60.3, 'max_allowed_pct': 30.0, 'range_low': 0.07064, 'range_high': 0.10186}
2026-07-26 12:39:42 | DEBUG | trading.strategy2_signal_filter:check:600 | S2 skip: already have open trade for symbol | {'symbol': 'AKEUSDT'}
2026-07-26 12:39:42 | INFO | trading.strategy2_signal_filter:check:681 | S2 market phase | {'symbol': 'RIFUSDT', 'phase': 'drop_tradeable', 'note': 'drop_tradeable:bq=0.70'}
2026-07-26 12:39:42 | DEBUG | trading.strategy2_signal_filter:check:737 | S2 skip: drop_tradeable body_level not at lower boundary | {'symbol': 'RIFUSDT', 'level': 0.089463, 'level_position_pct': 60.3, 'max_allowed_pct': 30.0, 'range_low': 0.07064, 'range_high': 0.10186}
2026-07-26 12:39:47 | DEBUG | trading.strategy2_signal_filter:check:600 | S2 skip: already have open trade for symbol | {'symbol': 'AKEUSDT'}
2026-07-26 12:39:47 | DEBUG | trading.strategy2_signal_filter:check:600 | S2 skip: already have open trade for symbol | {'symbol': 'AKEUSDT'}
2026-07-26 12:39:52 | DEBUG | trading.strategy2_signal_filter:check:600 | S2 skip: already have open trade for symbol | {'symbol': 'AKEUSDT'}
2026-07-26 12:39:57 | DEBUG | trading.strategy2_signal_filter:check:600 | S2 skip: already have open trade for symbol | {'symbol': 'AKEUSDT'}
2026-07-26 12:39:57 | INFO | trading.strategy2_signal_filter:check:681 | S2 market phase | {'symbol': 'RIFUSDT', 'phase': 'drop_tradeable', 'note': 'drop_tradeable:bq=0.70'}
2026-07-26 12:39:57 | DEBUG | trading.strategy2_signal_filter:check:737 | S2 skip: drop_tradeable body_level not at lower boundary | {'symbol': 'RIFUSDT', 'level': 0.089463, 'level_position_pct': 60.3, 'max_allowed_pct': 30.0, 'range_low': 0.07064, 'range_high': 0.10186}
2026-07-26 12:40:02 | DEBUG | trading.strategy2_signal_filter:check:600 | S2 skip: already have open trade for symbol | {'symbol': 'AKEUSDT'}
2026-07-26 12:40:02 | INFO | trading.strategy2_signal_filter:check:681 | S2 market phase | {'symbol': 'RIFUSDT', 'phase': 'drop_tradeable', 'note': 'drop_tradeable:bq=0.70'}
2026-07-26 12:40:02 | DEBUG | trading.strategy2_signal_filter:check:737 | S2 skip: drop_tradeable body_level not at lower boundary | {'symbol': 'RIFUSDT', 'level': 0.089463, 'level_position_pct': 60.3, 'max_allowed_pct': 30.0, 'range_low': 0.07064, 'range_high': 0.10186}
2026-07-26 12:40:02 | DEBUG | trading.strategy2_signal_filter:check:600 | S2 skip: already have open trade for symbol | {'symbol': 'AKEUSDT'}
2026-07-26 12:40:07 | DEBUG | trading.strategy2_signal_filter:check:600 | S2 skip: already have open trade for symbol | {'symbol': 'AKEUSDT'}
2026-07-26 12:40:07 | INFO | trading.strategy2_signal_filter:check:681 | S2 market phase | {'symbol': 'RIFUSDT', 'phase': 'drop_tradeable', 'note': 'drop_tradeable:bq=0.70'}
2026-07-26 12:40:07 | DEBUG | trading.strategy2_signal_filter:check:737 | S2 skip: drop_tradeable body_level not at lower boundary | {'symbol': 'RIFUSDT', 'level': 0.089463, 'level_position_pct': 60.3, 'max_allowed_pct': 30.0, 'range_low': 0.07064, 'range_high': 0.10186}
2026-07-26 12:40:13 | DEBUG | trading.strategy2_signal_filter:check:600 | S2 skip: already have open trade for symbol | {'symbol': 'AKEUSDT'}
2026-07-26 12:40:18 | DEBUG | trading.strategy2_signal_filter:check:600 | S2 skip: already have open trade for symbol | {'symbol': 'AKEUSDT'}
2026-07-26 12:40:18 | DEBUG | trading.strategy2_signal_filter:check:600 | S2 skip: already have open trade for symbol | {'symbol': 'AKEUSDT'}
2026-07-26 12:40:23 | DEBUG | trading.strategy2_signal_filter:check:600 | S2 skip: already have open trade for symbol | {'symbol': 'AKEUSDT'}
2026-07-26 12:40:28 | DEBUG | trading.strategy2_signal_filter:check:600 | S2 skip: already have open trade for symbol | {'symbol': 'AKEUSDT'}
2026-07-26 12:40:33 | DEBUG | trading.strategy2_signal_filter:check:600 | S2 skip: already have open trade for symbol | {'symbol': 'AKEUSDT'}
2026-07-26 12:40:33 | DEBUG | trading.strategy2_signal_filter:check:600 | S2 skip: already have open trade for symbol | {'symbol': 'AKEUSDT'}
2026-07-26 12:40:38 | DEBUG | trading.strategy2_signal_filter:check:600 | S2 skip: already have open trade for symbol | {'symbol': 'AKEUSDT'}
2026-07-26 12:40:44 | DEBUG | trading.strategy2_signal_filter:check:600 | S2 skip: already have open trade for symbol | {'symbol': 'AKEUSDT'}
2026-07-26 12:40:49 | DEBUG | trading.strategy2_signal_filter:check:600 | S2 skip: already have open trade for symbol | {'symbol': 'AKEUSDT'}
2026-07-26 12:40:49 | DEBUG | trading.strategy2_signal_filter:check:600 | S2 skip: already have open trade for symbol | {'symbol': 'AKEUSDT'}
2026-07-26 12:40:54 | DEBUG | trading.strategy2_signal_filter:check:600 | S2 skip: already have open trade for symbol | {'symbol': 'AKEUSDT'}
2026-07-26 12:40:59 | DEBUG | trading.strategy2_signal_filter:check:600 | S2 skip: already have open trade for symbol | {'symbol': 'AKEUSDT'}
2026-07-26 12:41:04 | DEBUG | trading.strategy2_signal_filter:check:600 | S2 skip: already have open trade for symbol | {'symbol': 'AKEUSDT'}
2026-07-26 12:41:04 | DEBUG | trading.strategy2_signal_filter:check:600 | S2 skip: already have open trade for symbol | {'symbol': 'AKEUSDT'}
2026-07-26 12:41:09 | DEBUG | trading.strategy2_signal_filter:check:600 | S2 skip: already have open trade for symbol | {'symbol': 'AKEUSDT'}
2026-07-26 12:41:15 | DEBUG | trading.strategy2_signal_filter:check:600 | S2 skip: already have open trade for symbol | {'symbol': 'AKEUSDT'}
2026-07-26 12:41:20 | DEBUG | trading.strategy2_signal_filter:check:600 | S2 skip: already have open trade for symbol | {'symbol': 'AKEUSDT'}
2026-07-26 12:41:20 | DEBUG | trading.strategy2_signal_filter:check:600 | S2 skip: already have open trade for symbol | {'symbol': 'AKEUSDT'}
2026-07-26 12:41:25 | DEBUG | trading.strategy2_signal_filter:check:600 | S2 skip: already have open trade for symbol | {'symbol': 'AKEUSDT'}
2026-07-26 12:41:30 | DEBUG | trading.strategy2_signal_filter:check:600 | S2 skip: already have open trade for symbol | {'symbol': 'AKEUSDT'}
2026-07-26 12:41:35 | DEBUG | trading.strategy2_signal_filter:check:600 | S2 skip: already have open trade for symbol | {'symbol': 'AKEUSDT'}
2026-07-26 12:41:35 | DEBUG | trading.strategy2_signal_filter:check:600 | S2 skip: already have open trade for symbol | {'symbol': 'AKEUSDT'}
2026-07-26 12:41:41 | DEBUG | trading.strategy2_signal_filter:check:600 | S2 skip: already have open trade for symbol | {'symbol': 'AKEUSDT'}
2026-07-26 12:41:46 | DEBUG | trading.strategy2_signal_filter:check:600 | S2 skip: already have open trade for symbol | {'symbol': 'AKEUSDT'}
2026-07-26 12:41:51 | DEBUG | trading.strategy2_signal_filter:check:600 | S2 skip: already have open trade for symbol | {'symbol': 'AKEUSDT'}
2026-07-26 12:41:51 | DEBUG | trading.strategy2_signal_filter:check:600 | S2 skip: already have open trade for symbol | {'symbol': 'AKEUSDT'}
2026-07-26 12:41:56 | DEBUG | trading.strategy2_signal_filter:check:600 | S2 skip: already have open trade for symbol | {'symbol': 'AKEUSDT'}
2026-07-26 12:41:56 | INFO | trading.strategy2_signal_filter:check:681 | S2 market phase | {'symbol': 'RIFUSDT', 'phase': 'drop_tradeable', 'note': 'drop_tradeable:bq=0.70'}
2026-07-26 12:41:56 | DEBUG | trading.strategy2_signal_filter:check:737 | S2 skip: drop_tradeable body_level not at lower boundary | {'symbol': 'RIFUSDT', 'level': 0.089463, 'level_position_pct': 60.3, 'max_allowed_pct': 30.0, 'range_low': 0.07064, 'range_high': 0.10186}
2026-07-26 12:42:01 | DEBUG | trading.strategy2_signal_filter:check:600 | S2 skip: already have open trade for symbol | {'symbol': 'AKEUSDT'}
2026-07-26 12:42:01 | INFO | trading.strategy2_signal_filter:check:681 | S2 market phase | {'symbol': 'RIFUSDT', 'phase': 'drop_tradeable', 'note': 'drop_tradeable:bq=0.70'}
2026-07-26 12:42:01 | DEBUG | trading.strategy2_signal_filter:check:737 | S2 skip: drop_tradeable body_level not at lower boundary | {'symbol': 'RIFUSDT', 'level': 0.089463, 'level_position_pct': 60.3, 'max_allowed_pct': 30.0, 'range_low': 0.07064, 'range_high': 0.10186}
2026-07-26 12:42:07 | DEBUG | trading.strategy2_signal_filter:check:600 | S2 skip: already have open trade for symbol | {'symbol': 'AKEUSDT'}
2026-07-26 12:42:07 | INFO | trading.strategy2_signal_filter:check:681 | S2 market phase | {'symbol': 'RIFUSDT', 'phase': 'drop_tradeable', 'note': 'drop_tradeable:bq=0.70'}
2026-07-26 12:42:07 | DEBUG | trading.strategy2_signal_filter:check:737 | S2 skip: drop_tradeable body_level not at lower boundary | {'symbol': 'RIFUSDT', 'level': 0.089463, 'level_position_pct': 60.3, 'max_allowed_pct': 30.0, 'range_low': 0.07064, 'range_high': 0.10186}
2026-07-26 12:42:07 | DEBUG | trading.strategy2_signal_filter:check:600 | S2 skip: already have open trade for symbol | {'symbol': 'AKEUSDT'}
2026-07-26 12:42:12 | DEBUG | trading.strategy2_signal_filter:check:600 | S2 skip: already have open trade for symbol | {'symbol': 'AKEUSDT'}
2026-07-26 12:42:12 | INFO | trading.strategy2_signal_filter:check:681 | S2 market phase | {'symbol': 'RIFUSDT', 'phase': 'drop_tradeable', 'note': 'drop_tradeable:bq=0.70'}
2026-07-26 12:42:12 | DEBUG | trading.strategy2_signal_filter:check:737 | S2 skip: drop_tradeable body_level not at lower boundary | {'symbol': 'RIFUSDT', 'level': 0.089463, 'level_position_pct': 60.3, 'max_allowed_pct': 30.0, 'range_low': 0.07064, 'range_high': 0.10186}
2026-07-26 12:42:17 | DEBUG | trading.strategy2_signal_filter:check:600 | S2 skip: already have open trade for symbol | {'symbol': 'AKEUSDT'}
2026-07-26 12:42:17 | INFO | trading.strategy2_signal_filter:check:681 | S2 market phase | {'symbol': 'RIFUSDT', 'phase': 'drop_tradeable', 'note': 'drop_tradeable:bq=0.70'}
2026-07-26 12:42:17 | DEBUG | trading.strategy2_signal_filter:check:737 | S2 skip: drop_tradeable body_level not at lower boundary | {'symbol': 'RIFUSDT', 'level': 0.089463, 'level_position_pct': 60.3, 'max_allowed_pct': 30.0, 'range_low': 0.07064, 'range_high': 0.10186}
2026-07-26 12:42:22 | DEBUG | trading.strategy2_signal_filter:check:600 | S2 skip: already have open trade for symbol | {'symbol': 'AKEUSDT'}
2026-07-26 12:42:22 | DEBUG | trading.strategy2_signal_filter:check:600 | S2 skip: already have open trade for symbol | {'symbol': 'AKEUSDT'}
2026-07-26 12:42:27 | DEBUG | trading.strategy2_signal_filter:check:600 | S2 skip: already have open trade for symbol | {'symbol': 'AKEUSDT'}
2026-07-26 12:42:32 | DEBUG | trading.strategy2_signal_filter:check:600 | S2 skip: already have open trade for symbol | {'symbol': 'AKEUSDT'}
2026-07-26 12:42:32 | INFO | trading.strategy2_signal_filter:check:681 | S2 market phase | {'symbol': 'RIFUSDT', 'phase': 'drop_tradeable', 'note': 'drop_tradeable:bq=0.70'}
2026-07-26 12:42:32 | DEBUG | trading.strategy2_signal_filter:check:737 | S2 skip: drop_tradeable body_level not at lower boundary | {'symbol': 'RIFUSDT', 'level': 0.089463, 'level_position_pct': 60.3, 'max_allowed_pct': 30.0, 'range_low': 0.07064, 'range_high': 0.10186}
2026-07-26 12:42:38 | DEBUG | trading.strategy2_signal_filter:check:600 | S2 skip: already have open trade for symbol | {'symbol': 'AKEUSDT'}
2026-07-26 12:42:38 | INFO | trading.strategy2_signal_filter:check:681 | S2 market phase | {'symbol': 'RIFUSDT', 'phase': 'drop_tradeable', 'note': 'drop_tradeable:bq=0.70'}
2026-07-26 12:42:38 | DEBUG | trading.strategy2_signal_filter:check:737 | S2 skip: drop_tradeable body_level not at lower boundary | {'symbol': 'RIFUSDT', 'level': 0.089463, 'level_position_pct': 60.3, 'max_allowed_pct': 30.0, 'range_low': 0.07064, 'range_high': 0.10186}
2026-07-26 12:42:38 | DEBUG | trading.strategy2_signal_filter:check:600 | S2 skip: already have open trade for symbol | {'symbol': 'AKEUSDT'}
2026-07-26 12:42:43 | DEBUG | trading.strategy2_signal_filter:check:600 | S2 skip: already have open trade for symbol | {'symbol': 'AKEUSDT'}
2026-07-26 12:42:43 | INFO | trading.strategy2_signal_filter:check:681 | S2 market phase | {'symbol': 'RIFUSDT', 'phase': 'drop_tradeable', 'note': 'drop_tradeable:bq=0.70'}
2026-07-26 12:42:43 | DEBUG | trading.strategy2_signal_filter:check:737 | S2 skip: drop_tradeable body_level not at lower boundary | {'symbol': 'RIFUSDT', 'level': 0.089463, 'level_position_pct': 60.3, 'max_allowed_pct': 30.0, 'range_low': 0.07064, 'range_high': 0.10186}
2026-07-26 12:42:48 | DEBUG | trading.strategy2_signal_filter:check:600 | S2 skip: already have open trade for symbol | {'symbol': 'AKEUSDT'}
2026-07-26 12:42:53 | DEBUG | trading.strategy2_signal_filter:check:600 | S2 skip: already have open trade for symbol | {'symbol': 'AKEUSDT'}
2026-07-26 12:42:53 | DEBUG | trading.strategy2_signal_filter:check:600 | S2 skip: already have open trade for symbol | {'symbol': 'AKEUSDT'}
2026-07-26 12:42:58 | DEBUG | trading.strategy2_signal_filter:check:600 | S2 skip: already have open trade for symbol | {'symbol': 'AKEUSDT'}
2026-07-26 12:43:03 | DEBUG | trading.strategy2_signal_filter:check:600 | S2 skip: already have open trade for symbol | {'symbol': 'AKEUSDT'}
2026-07-26 12:43:09 | DEBUG | trading.strategy2_signal_filter:check:600 | S2 skip: already have open trade for symbol | {'symbol': 'AKEUSDT'}
2026-07-26 12:43:09 | DEBUG | trading.strategy2_signal_filter:check:600 | S2 skip: already have open trade for symbol | {'symbol': 'AKEUSDT'}
2026-07-26 12:43:09 | INFO | trading.strategy2_signal_filter:check:533 | S2 skip: approach>=block (G3, level exhausted) | {'symbol': 'EULUSDT', 'level': 2.4312, 'approach_count': 12, 'block_threshold': 4}
2026-07-26 12:43:14 | DEBUG | trading.strategy2_signal_filter:check:600 | S2 skip: already have open trade for symbol | {'symbol': 'AKEUSDT'}
2026-07-26 12:43:19 | DEBUG | trading.strategy2_signal_filter:check:600 | S2 skip: already have open trade for symbol | {'symbol': 'AKEUSDT'}
2026-07-26 12:43:24 | DEBUG | trading.strategy2_signal_filter:check:600 | S2 skip: already have open trade for symbol | {'symbol': 'AKEUSDT'}
2026-07-26 12:43:24 | DEBUG | trading.strategy2_signal_filter:check:600 | S2 skip: already have open trade for symbol | {'symbol': 'AKEUSDT'}
2026-07-26 12:43:24 | INFO | trading.strategy2_signal_filter:check:533 | S2 skip: approach>=block (G3, level exhausted) | {'symbol': 'EULUSDT', 'level': 2.4312, 'approach_count': 13, 'block_threshold': 4}
2026-07-26 12:43:29 | DEBUG | trading.strategy2_signal_filter:check:600 | S2 skip: already have open trade for symbol | {'symbol': 'AKEUSDT'}
2026-07-26 12:43:35 | DEBUG | trading.strategy2_signal_filter:check:600 | S2 skip: already have open trade for symbol | {'symbol': 'AKEUSDT'}
2026-07-26 12:43:40 | DEBUG | trading.strategy2_signal_filter:check:600 | S2 skip: already have open trade for symbol | {'symbol': 'AKEUSDT'}
2026-07-26 12:43:40 | DEBUG | trading.strategy2_signal_filter:check:600 | S2 skip: already have open trade for symbol | {'symbol': 'AKEUSDT'}
2026-07-26 12:43:40 | INFO | trading.strategy2_signal_filter:check:533 | S2 skip: approach>=block (G3, level exhausted) | {'symbol': 'EULUSDT', 'level': 2.4312, 'approach_count': 13, 'block_threshold': 4}
2026-07-26 12:43:45 | DEBUG | trading.strategy2_signal_filter:check:600 | S2 skip: already have open trade for symbol | {'symbol': 'AKEUSDT'}
2026-07-26 12:43:50 | DEBUG | trading.strategy2_signal_filter:check:600 | S2 skip: already have open trade for symbol | {'symbol': 'AKEUSDT'}
2026-07-26 12:43:55 | DEBUG | trading.strategy2_signal_filter:check:600 | S2 skip: already have open trade for symbol | {'symbol': 'AKEUSDT'}
2026-07-26 12:43:55 | DEBUG | trading.strategy2_signal_filter:check:600 | S2 skip: already have open trade for symbol | {'symbol': 'AKEUSDT'}
2026-07-26 12:43:55 | INFO | trading.strategy2_signal_filter:check:533 | S2 skip: approach>=block (G3, level exhausted) | {'symbol': 'EULUSDT', 'level': 2.4312, 'approach_count': 13, 'block_threshold': 4}
2026-07-26 12:44:00 | DEBUG | trading.strategy2_signal_filter:check:600 | S2 skip: already have open trade for symbol | {'symbol': 'AKEUSDT'}
2026-07-26 12:44:00 | INFO | trading.strategy2_signal_filter:check:681 | S2 market phase | {'symbol': 'RIFUSDT', 'phase': 'drop_tradeable', 'note': 'drop_tradeable:bq=0.70'}
2026-07-26 12:44:00 | DEBUG | trading.strategy2_signal_filter:check:737 | S2 skip: drop_tradeable body_level not at lower boundary | {'symbol': 'RIFUSDT', 'level': 0.089463, 'level_position_pct': 60.3, 'max_allowed_pct': 30.0, 'range_low': 0.07064, 'range_high': 0.10186}
2026-07-26 12:44:06 | DEBUG | trading.strategy2_signal_filter:check:600 | S2 skip: already have open trade for symbol | {'symbol': 'AKEUSDT'}
2026-07-26 12:44:06 | INFO | trading.strategy2_signal_filter:check:681 | S2 market phase | {'symbol': 'RIFUSDT', 'phase': 'drop_tradeable', 'note': 'drop_tradeable:bq=0.70'}
2026-07-26 12:44:06 | DEBUG | trading.strategy2_signal_filter:check:737 | S2 skip: drop_tradeable body_level not at lower boundary | {'symbol': 'RIFUSDT', 'level': 0.089463, 'level_position_pct': 60.3, 'max_allowed_pct': 30.0, 'range_low': 0.07064, 'range_high': 0.10186}
2026-07-26 12:44:11 | DEBUG | trading.strategy2_signal_filter:check:600 | S2 skip: already have open trade for symbol | {'symbol': 'AKEUSDT'}
2026-07-26 12:44:11 | DEBUG | trading.strategy2_signal_filter:check:600 | S2 skip: already have open trade for symbol | {'symbol': 'AKEUSDT'}
2026-07-26 12:44:16 | DEBUG | trading.strategy2_signal_filter:check:600 | S2 skip: already have open trade for symbol | {'symbol': 'AKEUSDT'}
2026-07-26 12:44:21 | DEBUG | trading.strategy2_signal_filter:check:600 | S2 skip: already have open trade for symbol | {'symbol': 'AKEUSDT'}
2026-07-26 12:44:26 | DEBUG | trading.strategy2_signal_filter:check:600 | S2 skip: already have open trade for symbol | {'symbol': 'AKEUSDT'}
2026-07-26 12:44:26 | DEBUG | trading.strategy2_signal_filter:check:600 | S2 skip: already have open trade for symbol | {'symbol': 'AKEUSDT'}
2026-07-26 12:44:31 | DEBUG | trading.strategy2_signal_filter:check:600 | S2 skip: already have open trade for symbol | {'symbol': 'AKEUSDT'}
2026-07-26 12:44:37 | DEBUG | trading.strategy2_signal_filter:check:600 | S2 skip: already have open trade for symbol | {'symbol': 'AKEUSDT'}
2026-07-26 12:44:37 | INFO | trading.strategy2_signal_filter:check:533 | S2 skip: approach>=block (G3, level exhausted) | {'symbol': 'EULUSDT', 'level': 2.4312, 'approach_count': 13, 'block_threshold': 4}
2026-07-26 12:44:42 | DEBUG | trading.strategy2_signal_filter:check:600 | S2 skip: already have open trade for symbol | {'symbol': 'AKEUSDT'}
2026-07-26 12:44:42 | DEBUG | trading.strategy2_signal_filter:check:600 | S2 skip: already have open trade for symbol | {'symbol': 'AKEUSDT'}
2026-07-26 12:44:47 | DEBUG | trading.strategy2_signal_filter:check:600 | S2 skip: already have open trade for symbol | {'symbol': 'AKEUSDT'}
2026-07-26 12:44:52 | DEBUG | trading.strategy2_signal_filter:check:600 | S2 skip: already have open trade for symbol | {'symbol': 'AKEUSDT'}
2026-07-26 12:44:52 | INFO | trading.strategy2_signal_filter:check:533 | S2 skip: approach>=block (G3, level exhausted) | {'symbol': 'EULUSDT', 'level': 2.4312, 'approach_count': 12, 'block_threshold': 4}
2026-07-26 12:44:57 | DEBUG | trading.strategy2_signal_filter:check:600 | S2 skip: already have open trade for symbol | {'symbol': 'AKEUSDT'}
2026-07-26 12:44:57 | DEBUG | trading.strategy2_signal_filter:check:600 | S2 skip: already have open trade for symbol | {'symbol': 'AKEUSDT'}
2026-07-26 12:45:03 | DEBUG | trading.strategy2_signal_filter:check:600 | S2 skip: already have open trade for symbol | {'symbol': 'AKEUSDT'}
2026-07-26 12:45:08 | DEBUG | trading.strategy2_signal_filter:check:600 | S2 skip: already have open trade for symbol | {'symbol': 'AKEUSDT'}
2026-07-26 12:45:08 | INFO | trading.strategy2_signal_filter:check:533 | S2 skip: approach>=block (G3, level exhausted) | {'symbol': 'EULUSDT', 'level': 2.4312, 'approach_count': 12, 'block_threshold': 4}
2026-07-26 12:45:13 | DEBUG | trading.strategy2_signal_filter:check:600 | S2 skip: already have open trade for symbol | {'symbol': 'AKEUSDT'}
2026-07-26 12:45:13 | DEBUG | trading.strategy2_signal_filter:check:600 | S2 skip: already have open trade for symbol | {'symbol': 'AKEUSDT'}
2026-07-26 12:45:18 | DEBUG | trading.strategy2_signal_filter:check:600 | S2 skip: already have open trade for symbol | {'symbol': 'AKEUSDT'}
2026-07-26 12:45:23 | DEBUG | trading.strategy2_signal_filter:check:600 | S2 skip: already have open trade for symbol | {'symbol': 'AKEUSDT'}
2026-07-26 12:45:23 | INFO | trading.strategy2_signal_filter:check:533 | S2 skip: approach>=block (G3, level exhausted) | {'symbol': 'EULUSDT', 'level': 2.4312, 'approach_count': 12, 'block_threshold': 4}
2026-07-26 12:45:28 | DEBUG | trading.strategy2_signal_filter:check:600 | S2 skip: already have open trade for symbol | {'symbol': 'AKEUSDT'}
2026-07-26 12:45:28 | DEBUG | trading.strategy2_signal_filter:check:600 | S2 skip: already have open trade for symbol | {'symbol': 'AKEUSDT'}
2026-07-26 12:45:34 | DEBUG | trading.strategy2_signal_filter:check:600 | S2 skip: already have open trade for symbol | {'symbol': 'AKEUSDT'}
2026-07-26 12:45:39 | DEBUG | trading.strategy2_signal_filter:check:600 | S2 skip: already have open trade for symbol | {'symbol': 'AKEUSDT'}
2026-07-26 12:45:39 | INFO | trading.strategy2_signal_filter:check:533 | S2 skip: approach>=block (G3, level exhausted) | {'symbol': 'EULUSDT', 'level': 2.4312, 'approach_count': 12, 'block_threshold': 4}
2026-07-26 12:45:44 | DEBUG | trading.strategy2_signal_filter:check:600 | S2 skip: already have open trade for symbol | {'symbol': 'AKEUSDT'}
2026-07-26 12:45:44 | DEBUG | trading.strategy2_signal_filter:check:600 | S2 skip: already have open trade for symbol | {'symbol': 'AKEUSDT'}
2026-07-26 12:45:49 | DEBUG | trading.strategy2_signal_filter:check:600 | S2 skip: already have open trade for symbol | {'symbol': 'AKEUSDT'}
2026-07-26 12:45:54 | DEBUG | trading.strategy2_signal_filter:check:600 | S2 skip: already have open trade for symbol | {'symbol': 'AKEUSDT'}
2026-07-26 12:46:00 | DEBUG | trading.strategy2_signal_filter:check:600 | S2 skip: already have open trade for symbol | {'symbol': 'AKEUSDT'}
2026-07-26 12:46:00 | DEBUG | trading.strategy2_signal_filter:check:600 | S2 skip: already have open trade for symbol | {'symbol': 'AKEUSDT'}
2026-07-26 12:46:00 | INFO | trading.strategy2_signal_filter:check:533 | S2 skip: approach>=block (G3, level exhausted) | {'symbol': 'EULUSDT', 'level': 2.4312, 'approach_count': 12, 'block_threshold': 4}
2026-07-26 12:46:05 | DEBUG | trading.strategy2_signal_filter:check:600 | S2 skip: already have open trade for symbol | {'symbol': 'AKEUSDT'}
2026-07-26 12:46:10 | DEBUG | trading.strategy2_signal_filter:check:600 | S2 skip: already have open trade for symbol | {'symbol': 'AKEUSDT'}
2026-07-26 12:46:15 | DEBUG | trading.strategy2_signal_filter:check:600 | S2 skip: already have open trade for symbol | {'symbol': 'AKEUSDT'}
2026-07-26 12:46:15 | DEBUG | trading.strategy2_signal_filter:check:600 | S2 skip: already have open trade for symbol | {'symbol': 'AKEUSDT'}
2026-07-26 12:46:20 | DEBUG | trading.strategy2_signal_filter:check:600 | S2 skip: already have open trade for symbol | {'symbol': 'AKEUSDT'}
2026-07-26 12:46:20 | INFO | trading.strategy2_signal_filter:check:533 | S2 skip: approach>=block (G3, level exhausted) | {'symbol': 'EULUSDT', 'level': 2.4312, 'approach_count': 12, 'block_threshold': 4}
2026-07-26 12:46:25 | DEBUG | trading.strategy2_signal_filter:check:600 | S2 skip: already have open trade for symbol | {'symbol': 'AKEUSDT'}
2026-07-26 12:46:31 | DEBUG | trading.strategy2_signal_filter:check:600 | S2 skip: already have open trade for symbol | {'symbol': 'AKEUSDT'}
2026-07-26 12:46:31 | DEBUG | trading.strategy2_signal_filter:check:600 | S2 skip: already have open trade for symbol | {'symbol': 'AKEUSDT'}
2026-07-26 12:46:36 | DEBUG | trading.strategy2_signal_filter:check:600 | S2 skip: already have open trade for symbol | {'symbol': 'AKEUSDT'}
2026-07-26 12:46:41 | DEBUG | trading.strategy2_signal_filter:check:600 | S2 skip: already have open trade for symbol | {'symbol': 'AKEUSDT'}
2026-07-26 12:46:46 | DEBUG | trading.strategy2_signal_filter:check:600 | S2 skip: already have open trade for symbol | {'symbol': 'AKEUSDT'}
2026-07-26 12:46:46 | DEBUG | trading.strategy2_signal_filter:check:600 | S2 skip: already have open trade for symbol | {'symbol': 'AKEUSDT'}
2026-07-26 12:46:51 | DEBUG | trading.strategy2_signal_filter:check:600 | S2 skip: already have open trade for symbol | {'symbol': 'AKEUSDT'}
2026-07-26 12:46:57 | DEBUG | trading.strategy2_signal_filter:check:600 | S2 skip: already have open trade for symbol | {'symbol': 'AKEUSDT'}
2026-07-26 12:47:02 | DEBUG | trading.strategy2_signal_filter:check:600 | S2 skip: already have open trade for symbol | {'symbol': 'AKEUSDT'}
2026-07-26 12:47:02 | DEBUG | trading.strategy2_signal_filter:check:600 | S2 skip: already have open trade for symbol | {'symbol': 'AKEUSDT'}
2026-07-26 12:47:07 | DEBUG | trading.strategy2_signal_filter:check:600 | S2 skip: already have open trade for symbol | {'symbol': 'AKEUSDT'}
2026-07-26 12:47:10 | INFO | trading.live_price_tracker:_save_post_exit_range:226 | live_post_exit_tracker saved | {'trade_id': '5e6bbdc7-0f33-4391-8b58-5f65d730e21a', 'high': 0.0031271, 'low': 0.0030644}
2026-07-26 12:47:12 | DEBUG | trading.strategy2_signal_filter:check:600 | S2 skip: already have open trade for symbol | {'symbol': 'AKEUSDT'}
2026-07-26 12:47:17 | DEBUG | trading.strategy2_signal_filter:check:600 | S2 skip: already have open trade for symbol | {'symbol': 'AKEUSDT'}
2026-07-26 12:47:17 | DEBUG | trading.strategy2_signal_filter:check:600 | S2 skip: already have open trade for symbol | {'symbol': 'AKEUSDT'}
2026-07-26 12:47:22 | DEBUG | trading.strategy2_signal_filter:check:600 | S2 skip: already have open trade for symbol | {'symbol': 'AKEUSDT'}
2026-07-26 12:47:28 | DEBUG | trading.strategy2_signal_filter:check:600 | S2 skip: already have open trade for symbol | {'symbol': 'AKEUSDT'}
2026-07-26 12:47:33 | DEBUG | trading.strategy2_signal_filter:check:600 | S2 skip: already have open trade for symbol | {'symbol': 'AKEUSDT'}
2026-07-26 12:47:33 | DEBUG | trading.strategy2_signal_filter:check:600 | S2 skip: already have open trade for symbol | {'symbol': 'AKEUSDT'}
2026-07-26 12:47:38 | DEBUG | trading.strategy2_signal_filter:check:600 | S2 skip: already have open trade for symbol | {'symbol': 'AKEUSDT'}
2026-07-26 12:47:43 | DEBUG | trading.strategy2_signal_filter:check:600 | S2 skip: already have open trade for symbol | {'symbol': 'AKEUSDT'}
2026-07-26 12:47:43 | INFO | trading.strategy2_signal_filter:check:681 | S2 market phase | {'symbol': 'PIEVERSEUSDT', 'phase': 'drop_tradeable', 'note': 'drop_tradeable:bq=0.77'}
2026-07-26 12:47:43 | DEBUG | trading.strategy2_signal_filter:check:928 | S2 skip: RR below minimum | {'symbol': 'PIEVERSEUSDT', 'rr': 0.66, 'min_rr': 0.7, 'sl_dist_pct': 1.366, 'tp1_dist_pct': 0.9}
2026-07-26 12:47:43 | INFO | trading.strategy2_signal_filter:check:681 | S2 market phase | {'symbol': 'PIEVERSEUSDT', 'phase': 'drop_tradeable', 'note': 'drop_tradeable:bq=0.77'}
2026-07-26 12:47:43 | DEBUG | trading.strategy2_signal_filter:check:928 | S2 skip: RR below minimum | {'symbol': 'PIEVERSEUSDT', 'rr': 0.66, 'min_rr': 0.7, 'sl_dist_pct': 1.365, 'tp1_dist_pct': 0.9}
2026-07-26 12:47:48 | DEBUG | trading.strategy2_signal_filter:check:600 | S2 skip: already have open trade for symbol | {'symbol': 'AKEUSDT'}
2026-07-26 12:47:48 | INFO | trading.strategy2_signal_filter:check:681 | S2 market phase | {'symbol': 'PIEVERSEUSDT', 'phase': 'drop_tradeable', 'note': 'drop_tradeable:bq=0.77'}
2026-07-26 12:47:48 | DEBUG | trading.strategy2_signal_filter:check:928 | S2 skip: RR below minimum | {'symbol': 'PIEVERSEUSDT', 'rr': 0.66, 'min_rr': 0.7, 'sl_dist_pct': 1.366, 'tp1_dist_pct': 0.9}
2026-07-26 12:47:48 | DEBUG | trading.strategy2_signal_filter:check:600 | S2 skip: already have open trade for symbol | {'symbol': 'AKEUSDT'}
2026-07-26 12:47:53 | DEBUG | trading.strategy2_signal_filter:check:600 | S2 skip: already have open trade for symbol | {'symbol': 'AKEUSDT'}
2026-07-26 12:47:53 | INFO | trading.strategy2_signal_filter:check:681 | S2 market phase | {'symbol': 'PIEVERSEUSDT', 'phase': 'drop_tradeable', 'note': 'drop_tradeable:bq=0.77'}
2026-07-26 12:47:53 | DEBUG | trading.strategy2_signal_filter:check:928 | S2 skip: RR below minimum | {'symbol': 'PIEVERSEUSDT', 'rr': 0.66, 'min_rr': 0.7, 'sl_dist_pct': 1.366, 'tp1_dist_pct': 0.9}
2026-07-26 12:47:59 | DEBUG | trading.strategy2_signal_filter:check:600 | S2 skip: already have open trade for symbol | {'symbol': 'AKEUSDT'}
2026-07-26 12:47:59 | INFO | trading.strategy2_signal_filter:check:681 | S2 market phase | {'symbol': 'PIEVERSEUSDT', 'phase': 'drop_tradeable', 'note': 'drop_tradeable:bq=0.77'}
2026-07-26 12:47:59 | DEBUG | trading.strategy2_signal_filter:check:928 | S2 skip: RR below minimum | {'symbol': 'PIEVERSEUSDT', 'rr': 0.66, 'min_rr': 0.7, 'sl_dist_pct': 1.366, 'tp1_dist_pct': 0.9}
2026-07-26 12:47:59 | INFO | trading.strategy2_signal_filter:check:681 | S2 market phase | {'symbol': 'PIEVERSEUSDT', 'phase': 'drop_tradeable', 'note': 'drop_tradeable:bq=0.77'}
2026-07-26 12:47:59 | DEBUG | trading.strategy2_signal_filter:check:928 | S2 skip: RR below minimum | {'symbol': 'PIEVERSEUSDT', 'rr': 0.66, 'min_rr': 0.7, 'sl_dist_pct': 1.365, 'tp1_dist_pct': 0.9}
2026-07-26 12:48:04 | DEBUG | trading.strategy2_signal_filter:check:600 | S2 skip: already have open trade for symbol | {'symbol': 'AKEUSDT'}
2026-07-26 12:48:04 | INFO | trading.strategy2_signal_filter:check:681 | S2 market phase | {'symbol': 'PIEVERSEUSDT', 'phase': 'drop_tradeable', 'note': 'drop_tradeable:bq=0.77'}
2026-07-26 12:48:04 | DEBUG | trading.strategy2_signal_filter:check:928 | S2 skip: RR below minimum | {'symbol': 'PIEVERSEUSDT', 'rr': 0.66, 'min_rr': 0.7, 'sl_dist_pct': 1.366, 'tp1_dist_pct': 0.9}
2026-07-26 12:48:04 | DEBUG | trading.strategy2_signal_filter:check:600 | S2 skip: already have open trade for symbol | {'symbol': 'AKEUSDT'}
2026-07-26 12:48:09 | DEBUG | trading.strategy2_signal_filter:check:600 | S2 skip: already have open trade for symbol | {'symbol': 'AKEUSDT'}
2026-07-26 12:48:09 | INFO | trading.strategy2_signal_filter:check:681 | S2 market phase | {'symbol': 'PIEVERSEUSDT', 'phase': 'drop_tradeable', 'note': 'drop_tradeable:bq=0.77'}
2026-07-26 12:48:09 | DEBUG | trading.strategy2_signal_filter:check:928 | S2 skip: RR below minimum | {'symbol': 'PIEVERSEUSDT', 'rr': 0.66, 'min_rr': 0.7, 'sl_dist_pct': 1.366, 'tp1_dist_pct': 0.9}
2026-07-26 12:48:14 | DEBUG | trading.strategy2_signal_filter:check:600 | S2 skip: already have open trade for symbol | {'symbol': 'AKEUSDT'}
2026-07-26 12:48:14 | INFO | trading.strategy2_signal_filter:check:681 | S2 market phase | {'symbol': 'PIEVERSEUSDT', 'phase': 'drop_tradeable', 'note': 'drop_tradeable:bq=0.77'}
2026-07-26 12:48:14 | DEBUG | trading.strategy2_signal_filter:check:928 | S2 skip: RR below minimum | {'symbol': 'PIEVERSEUSDT', 'rr': 0.66, 'min_rr': 0.7, 'sl_dist_pct': 1.366, 'tp1_dist_pct': 0.9}
2026-07-26 12:48:14 | INFO | trading.strategy2_signal_filter:check:681 | S2 market phase | {'symbol': 'PIEVERSEUSDT', 'phase': 'drop_tradeable', 'note': 'drop_tradeable:bq=0.77'}
2026-07-26 12:48:14 | DEBUG | trading.strategy2_signal_filter:check:928 | S2 skip: RR below minimum | {'symbol': 'PIEVERSEUSDT', 'rr': 0.67, 'min_rr': 0.7, 'sl_dist_pct': 1.349, 'tp1_dist_pct': 0.9}
2026-07-26 12:48:19 | DEBUG | trading.strategy2_signal_filter:check:600 | S2 skip: already have open trade for symbol | {'symbol': 'AKEUSDT'}
2026-07-26 12:48:19 | DEBUG | trading.strategy2_signal_filter:check:600 | S2 skip: already have open trade for symbol | {'symbol': 'AKEUSDT'}
2026-07-26 12:48:25 | DEBUG | trading.strategy2_signal_filter:check:600 | S2 skip: already have open trade for symbol | {'symbol': 'AKEUSDT'}
2026-07-26 12:48:30 | DEBUG | trading.strategy2_signal_filter:check:600 | S2 skip: already have open trade for symbol | {'symbol': 'AKEUSDT'}
2026-07-26 12:48:35 | DEBUG | trading.strategy2_signal_filter:check:600 | S2 skip: already have open trade for symbol | {'symbol': 'AKEUSDT'}
2026-07-26 12:48:35 | DEBUG | trading.strategy2_signal_filter:check:600 | S2 skip: already have open trade for symbol | {'symbol': 'AKEUSDT'}
2026-07-26 12:48:40 | DEBUG | trading.strategy2_signal_filter:check:600 | S2 skip: already have open trade for symbol | {'symbol': 'AKEUSDT'}
2026-07-26 12:48:45 | DEBUG | trading.strategy2_signal_filter:check:600 | S2 skip: already have open trade for symbol | {'symbol': 'AKEUSDT'}
2026-07-26 12:48:51 | DEBUG | trading.strategy2_signal_filter:check:600 | S2 skip: already have open trade for symbol | {'symbol': 'AKEUSDT'}
2026-07-26 12:48:51 | DEBUG | trading.strategy2_signal_filter:check:600 | S2 skip: already have open trade for symbol | {'symbol': 'AKEUSDT'}
2026-07-26 12:48:56 | DEBUG | trading.strategy2_signal_filter:check:600 | S2 skip: already have open trade for symbol | {'symbol': 'AKEUSDT'}
2026-07-26 12:49:01 | DEBUG | trading.strategy2_signal_filter:check:600 | S2 skip: already have open trade for symbol | {'symbol': 'AKEUSDT'}
2026-07-26 12:49:06 | DEBUG | trading.strategy2_signal_filter:check:600 | S2 skip: already have open trade for symbol | {'symbol': 'AKEUSDT'}
2026-07-26 12:49:06 | DEBUG | trading.strategy2_signal_filter:check:600 | S2 skip: already have open trade for symbol | {'symbol': 'AKEUSDT'}
2026-07-26 12:49:11 | DEBUG | trading.strategy2_signal_filter:check:600 | S2 skip: already have open trade for symbol | {'symbol': 'AKEUSDT'}
2026-07-26 12:49:16 | DEBUG | trading.strategy2_signal_filter:check:600 | S2 skip: already have open trade for symbol | {'symbol': 'AKEUSDT'}
2026-07-26 12:49:16 | INFO | trading.strategy2_signal_filter:check:533 | S2 skip: approach>=block (G3, level exhausted) | {'symbol': 'EULUSDT', 'level': 2.4312, 'approach_count': 12, 'block_threshold': 4}
2026-07-26 12:49:22 | DEBUG | trading.strategy2_signal_filter:check:600 | S2 skip: already have open trade for symbol | {'symbol': 'AKEUSDT'}
2026-07-26 12:49:22 | DEBUG | trading.strategy2_signal_filter:check:600 | S2 skip: already have open trade for symbol | {'symbol': 'AKEUSDT'}
2026-07-26 12:49:27 | DEBUG | trading.strategy2_signal_filter:check:600 | S2 skip: already have open trade for symbol | {'symbol': 'AKEUSDT'}
2026-07-26 12:49:32 | DEBUG | trading.strategy2_signal_filter:check:600 | S2 skip: already have open trade for symbol | {'symbol': 'AKEUSDT'}
2026-07-26 12:49:32 | INFO | trading.strategy2_signal_filter:check:533 | S2 skip: approach>=block (G3, level exhausted) | {'symbol': 'EULUSDT', 'level': 2.4312, 'approach_count': 12, 'block_threshold': 4}
2026-07-26 12:49:37 | DEBUG | trading.strategy2_signal_filter:check:600 | S2 skip: already have open trade for symbol | {'symbol': 'AKEUSDT'}
2026-07-26 12:49:37 | DEBUG | trading.strategy2_signal_filter:check:600 | S2 skip: already have open trade for symbol | {'symbol': 'AKEUSDT'}
2026-07-26 12:49:42 | DEBUG | trading.strategy2_signal_filter:check:600 | S2 skip: already have open trade for symbol | {'symbol': 'AKEUSDT'}
2026-07-26 12:49:48 | DEBUG | trading.strategy2_signal_filter:check:600 | S2 skip: already have open trade for symbol | {'symbol': 'AKEUSDT'}
2026-07-26 12:49:48 | INFO | trading.strategy2_signal_filter:check:533 | S2 skip: approach>=block (G3, level exhausted) | {'symbol': 'EULUSDT', 'level': 2.4312, 'approach_count': 12, 'block_threshold': 4}
2026-07-26 12:49:53 | DEBUG | trading.strategy2_signal_filter:check:600 | S2 skip: already have open trade for symbol | {'symbol': 'AKEUSDT'}
2026-07-26 12:49:53 | DEBUG | trading.strategy2_signal_filter:check:600 | S2 skip: already have open trade for symbol | {'symbol': 'AKEUSDT'}
2026-07-26 12:49:58 | DEBUG | trading.strategy2_signal_filter:check:600 | S2 skip: already have open trade for symbol | {'symbol': 'AKEUSDT'}
2026-07-26 12:50:03 | DEBUG | trading.strategy2_signal_filter:check:600 | S2 skip: already have open trade for symbol | {'symbol': 'AKEUSDT'}
2026-07-26 12:50:03 | INFO | trading.strategy2_signal_filter:check:533 | S2 skip: approach>=block (G3, level exhausted) | {'symbol': 'EULUSDT', 'level': 2.4312, 'approach_count': 12, 'block_threshold': 4}
2026-07-26 12:50:05 | INFO | trading.strategy2_live:_sync_grid_fills:1629 | S2Live: grid order filled | {'trade_id': 'f2863c6f-0e35-4680-b47b-64a952f469e6', 'symbol': 'AKEUSDT', 'index': 1, 'fill_price': 0.0030699}
2026-07-26 12:50:05 | INFO | trading.strategy2_live:_recalculate_params:2191 | S2Live: params recalculated | {'trade_id': 'f2863c6f-0e35-4680-b47b-64a952f469e6', 'sl': 0.00301913, 'tp1': 0.00307561, 'tp2': 0.00313624, 'full_grid_tp': None, 'fill_count': 1}
2026-07-26 12:50:08 | DEBUG | trading.strategy2_signal_filter:check:600 | S2 skip: already have open trade for symbol | {'symbol': 'AKEUSDT'}
2026-07-26 12:50:08 | DEBUG | trading.strategy2_signal_filter:check:600 | S2 skip: already have open trade for symbol | {'symbol': 'AKEUSDT'}
2026-07-26 12:50:09 | INFO | trading.strategy2_live:_partial_close_tp1:2347 | S2Live: partial TP1 — 50% closed, trailing remainder | {'trade_id': 'f2863c6f-0e35-4680-b47b-64a952f469e6', 'symbol': 'AKEUSDT', 'closed_qty': 16200.0, 'remainder': 16300.0, 'order_id': 'c89e1047-83aa-44c1-bc1f-5f19b6eb04ea'}
2026-07-26 12:50:09 | INFO | trading.strategy2_live:_check_tp_trailing:2436 | S2Live: TP1 hit — trailing activated | {'trade_id': 'f2863c6f-0e35-4680-b47b-64a952f469e6', 'symbol': 'AKEUSDT', 'peak': 0.0030844, 'trailing_stop': 0.00306747}
2026-07-26 12:50:13 | DEBUG | trading.strategy2_signal_filter:check:600 | S2 skip: already have open trade for symbol | {'symbol': 'AKEUSDT'}
2026-07-26 12:50:19 | DEBUG | trading.strategy2_signal_filter:check:600 | S2 skip: already have open trade for symbol | {'symbol': 'AKEUSDT'}
2026-07-26 12:50:19 | INFO | trading.strategy2_signal_filter:check:533 | S2 skip: approach>=block (G3, level exhausted) | {'symbol': 'EULUSDT', 'level': 2.4312, 'approach_count': 12, 'block_threshold': 4}
2026-07-26 12:50:24 | DEBUG | trading.strategy2_signal_filter:check:600 | S2 skip: already have open trade for symbol | {'symbol': 'AKEUSDT'}
2026-07-26 12:50:24 | DEBUG | trading.strategy2_signal_filter:check:600 | S2 skip: already have open trade for symbol | {'symbol': 'AKEUSDT'}
2026-07-26 12:50:29 | DEBUG | trading.strategy2_signal_filter:check:600 | S2 skip: already have open trade for symbol | {'symbol': 'AKEUSDT'}
2026-07-26 12:50:34 | DEBUG | trading.strategy2_signal_filter:check:600 | S2 skip: already have open trade for symbol | {'symbol': 'AKEUSDT'}
2026-07-26 12:50:34 | INFO | trading.strategy2_signal_filter:check:533 | S2 skip: approach>=block (G3, level exhausted) | {'symbol': 'EULUSDT', 'level': 2.4312, 'approach_count': 12, 'block_threshold': 4}
2026-07-26 12:50:39 | DEBUG | trading.strategy2_signal_filter:check:600 | S2 skip: already have open trade for symbol | {'symbol': 'AKEUSDT'}
2026-07-26 12:50:39 | DEBUG | trading.strategy2_signal_filter:check:600 | S2 skip: already have open trade for symbol | {'symbol': 'AKEUSDT'}
2026-07-26 12:50:44 | DEBUG | trading.strategy2_signal_filter:check:600 | S2 skip: already have open trade for symbol | {'symbol': 'AKEUSDT'}
2026-07-26 12:50:50 | DEBUG | trading.strategy2_signal_filter:check:600 | S2 skip: already have open trade for symbol | {'symbol': 'AKEUSDT'}
2026-07-26 12:50:50 | INFO | trading.strategy2_signal_filter:check:533 | S2 skip: approach>=block (G3, level exhausted) | {'symbol': 'EULUSDT', 'level': 2.4312, 'approach_count': 12, 'block_threshold': 4}
2026-07-26 12:50:55 | DEBUG | trading.strategy2_signal_filter:check:600 | S2 skip: already have open trade for symbol | {'symbol': 'AKEUSDT'}
2026-07-26 12:50:55 | DEBUG | trading.strategy2_signal_filter:check:600 | S2 skip: already have open trade for symbol | {'symbol': 'AKEUSDT'}
2026-07-26 12:51:00 | DEBUG | trading.strategy2_signal_filter:check:600 | S2 skip: already have open trade for symbol | {'symbol': 'AKEUSDT'}
2026-07-26 12:51:05 | DEBUG | trading.strategy2_signal_filter:check:600 | S2 skip: already have open trade for symbol | {'symbol': 'AKEUSDT'}
2026-07-26 12:51:05 | INFO | trading.strategy2_signal_filter:check:533 | S2 skip: approach>=block (G3, level exhausted) | {'symbol': 'EULUSDT', 'level': 2.4312, 'approach_count': 12, 'block_threshold': 4}
2026-07-26 12:51:10 | DEBUG | trading.strategy2_signal_filter:check:600 | S2 skip: already have open trade for symbol | {'symbol': 'AKEUSDT'}
2026-07-26 12:51:10 | DEBUG | trading.strategy2_live:_check_tp_trailing:2454 | S2Live: trailing peak updated | {'trade_id': 'f2863c6f-0e35-4680-b47b-64a952f469e6', 'new_peak': 0.003085, 't_stop': 0.00306807}
2026-07-26 12:51:10 | DEBUG | trading.strategy2_signal_filter:check:600 | S2 skip: already have open trade for symbol | {'symbol': 'AKEUSDT'}
2026-07-26 12:51:16 | DEBUG | trading.strategy2_signal_filter:check:600 | S2 skip: already have open trade for symbol | {'symbol': 'AKEUSDT'}
2026-07-26 12:51:21 | DEBUG | trading.strategy2_live:_check_tp_trailing:2454 | S2Live: trailing peak updated | {'trade_id': 'f2863c6f-0e35-4680-b47b-64a952f469e6', 'new_peak': 0.0030912, 't_stop': 0.00307427}
2026-07-26 12:51:21 | DEBUG | trading.strategy2_signal_filter:check:600 | S2 skip: already have open trade for symbol | {'symbol': 'AKEUSDT'}
2026-07-26 12:51:26 | DEBUG | trading.strategy2_signal_filter:check:600 | S2 skip: already have open trade for symbol | {'symbol': 'AKEUSDT'}
2026-07-26 12:51:26 | DEBUG | trading.strategy2_signal_filter:check:600 | S2 skip: already have open trade for symbol | {'symbol': 'AKEUSDT'}
2026-07-26 12:51:31 | DEBUG | trading.strategy2_signal_filter:check:600 | S2 skip: already have open trade for symbol | {'symbol': 'AKEUSDT'}
2026-07-26 12:51:36 | DEBUG | trading.strategy2_signal_filter:check:600 | S2 skip: already have open trade for symbol | {'symbol': 'AKEUSDT'}
2026-07-26 12:51:41 | DEBUG | trading.strategy2_signal_filter:check:600 | S2 skip: already have open trade for symbol | {'symbol': 'AKEUSDT'}
2026-07-26 12:51:41 | DEBUG | trading.strategy2_signal_filter:check:600 | S2 skip: already have open trade for symbol | {'symbol': 'AKEUSDT'}
2026-07-26 12:51:47 | DEBUG | trading.strategy2_signal_filter:check:600 | S2 skip: already have open trade for symbol | {'symbol': 'AKEUSDT'}
2026-07-26 12:51:52 | DEBUG | trading.strategy2_signal_filter:check:600 | S2 skip: already have open trade for symbol | {'symbol': 'AKEUSDT'}
2026-07-26 12:51:57 | DEBUG | trading.strategy2_signal_filter:check:600 | S2 skip: already have open trade for symbol | {'symbol': 'AKEUSDT'}
2026-07-26 12:51:57 | DEBUG | trading.strategy2_signal_filter:check:600 | S2 skip: already have open trade for symbol | {'symbol': 'AKEUSDT'}
2026-07-26 12:52:02 | DEBUG | trading.strategy2_signal_filter:check:600 | S2 skip: already have open trade for symbol | {'symbol': 'AKEUSDT'}
2026-07-26 12:52:07 | DEBUG | trading.strategy2_signal_filter:check:600 | S2 skip: already have open trade for symbol | {'symbol': 'AKEUSDT'}
2026-07-26 12:52:12 | DEBUG | trading.strategy2_signal_filter:check:600 | S2 skip: already have open trade for symbol | {'symbol': 'AKEUSDT'}
2026-07-26 12:52:12 | DEBUG | trading.strategy2_signal_filter:check:600 | S2 skip: already have open trade for symbol | {'symbol': 'AKEUSDT'}
2026-07-26 12:52:18 | DEBUG | trading.strategy2_signal_filter:check:600 | S2 skip: already have open trade for symbol | {'symbol': 'AKEUSDT'}
2026-07-26 12:52:23 | DEBUG | trading.strategy2_signal_filter:check:600 | S2 skip: already have open trade for symbol | {'symbol': 'AKEUSDT'}
2026-07-26 12:52:28 | DEBUG | trading.strategy2_signal_filter:check:600 | S2 skip: already have open trade for symbol | {'symbol': 'AKEUSDT'}
2026-07-26 12:52:28 | DEBUG | trading.strategy2_signal_filter:check:600 | S2 skip: already have open trade for symbol | {'symbol': 'AKEUSDT'}
2026-07-26 12:52:33 | DEBUG | trading.strategy2_signal_filter:check:600 | S2 skip: already have open trade for symbol | {'symbol': 'AKEUSDT'}
2026-07-26 12:52:38 | DEBUG | trading.strategy2_signal_filter:check:600 | S2 skip: already have open trade for symbol | {'symbol': 'AKEUSDT'}
2026-07-26 12:52:43 | DEBUG | trading.strategy2_signal_filter:check:600 | S2 skip: already have open trade for symbol | {'symbol': 'AKEUSDT'}
2026-07-26 12:52:43 | DEBUG | trading.strategy2_signal_filter:check:600 | S2 skip: already have open trade for symbol | {'symbol': 'AKEUSDT'}
2026-07-26 12:52:49 | DEBUG | trading.strategy2_signal_filter:check:600 | S2 skip: already have open trade for symbol | {'symbol': 'AKEUSDT'}
2026-07-26 12:52:54 | DEBUG | trading.strategy2_signal_filter:check:600 | S2 skip: already have open trade for symbol | {'symbol': 'AKEUSDT'}
2026-07-26 12:52:59 | DEBUG | trading.strategy2_signal_filter:check:600 | S2 skip: already have open trade for symbol | {'symbol': 'AKEUSDT'}
2026-07-26 12:52:59 | DEBUG | trading.strategy2_signal_filter:check:600 | S2 skip: already have open trade for symbol | {'symbol': 'AKEUSDT'}
2026-07-26 12:53:04 | DEBUG | trading.strategy2_signal_filter:check:600 | S2 skip: already have open trade for symbol | {'symbol': 'AKEUSDT'}
2026-07-26 12:53:09 | DEBUG | trading.strategy2_signal_filter:check:600 | S2 skip: already have open trade for symbol | {'symbol': 'AKEUSDT'}
2026-07-26 12:53:15 | DEBUG | trading.strategy2_signal_filter:check:600 | S2 skip: already have open trade for symbol | {'symbol': 'AKEUSDT'}
2026-07-26 12:53:15 | DEBUG | trading.strategy2_signal_filter:check:600 | S2 skip: already have open trade for symbol | {'symbol': 'AKEUSDT'}
2026-07-26 12:53:20 | INFO | trading.strategy2_live:_check_tp_trailing:2461 | S2Live: trailing stop hit | {'trade_id': 'f2863c6f-0e35-4680-b47b-64a952f469e6', 'symbol': 'AKEUSDT', 'trailing_stop': 0.00307427, 'current_price': 0.0030693}
2026-07-26 12:53:20 | DEBUG | trading.strategy2_signal_filter:check:600 | S2 skip: already have open trade for symbol | {'symbol': 'AKEUSDT'}
2026-07-26 12:53:20 | INFO | trading.strategy2_signal_filter:check:533 | S2 skip: approach>=block (G3, level exhausted) | {'symbol': 'EULUSDT', 'level': 2.4312, 'approach_count': 12, 'block_threshold': 4}
2026-07-26 12:53:21 | INFO | trading.strategy2_live:_limit_then_market_sell:909 | S2Live[H1]: limit close placed | {'trade_id': 'f2863c6f-0e35-4680-b47b-64a952f469e6', 'symbol': 'AKEUSDT', 'attempt': 1, 'price': 0.0030693, 'qty': 16300.0, 'reason': 'trailing_stop'}
2026-07-26 12:53:23 | WARNING | trading.bybit_client:cancel_order:247 | bybit cancel_order unexpected response | {'symbol': 'AKEUSDT', 'order_id': '4b9895dc-a8dd-418d-8465-36f80fc38cdf', 'resp': {'retCode': 110001, 'retMsg': 'order not exists or too late to cancel', 'result': {}, 'retExtInfo': {}, 'time': 1785070403586}}
2026-07-26 12:53:25 | DEBUG | trading.strategy2_signal_filter:check:600 | S2 skip: already have open trade for symbol | {'symbol': 'AKEUSDT'}
2026-07-26 12:53:28 | DEBUG | trading.live_price_tracker:track_post_exit_price:74 | live_post_exit_tracker started | {'trade_id': 'f2863c6f-0e35-4680-b47b-64a952f469e6', 'symbol': 'AKEUSDT', 'exit_time': 1785070407.7574797, 'deadline': 1785072207.7574797}
2026-07-26 12:53:30 | DEBUG | trading.strategy2_signal_filter:check:618 | S2 skip: recent close cooldown | {'symbol': 'AKEUSDT', 'level': 0.0030516, 'seconds_since_close': 2.8}
2026-07-26 12:53:40 | DEBUG | trading.strategy1_bounce:_try_open:48 | S1 skip: pump_base level | {'symbol': 'AKEUSDT', 'level_type': 'pump_base'}
2026-07-26 12:53:40 | DEBUG | trading.strategy2_signal_filter:check:618 | S2 skip: recent close cooldown | {'symbol': 'AKEUSDT', 'level': 0.0030516, 'seconds_since_close': 13.2}
2026-07-26 12:54:01 | INFO | trading.strategy2_signal_filter:check:681 | S2 market phase | {'symbol': 'PIEVERSEUSDT', 'phase': 'drop_tradeable', 'note': 'drop_tradeable:bq=0.77'}
2026-07-26 12:54:01 | DEBUG | trading.strategy2_signal_filter:check:928 | S2 skip: RR below minimum | {'symbol': 'PIEVERSEUSDT', 'rr': 0.65, 'min_rr': 0.7, 'sl_dist_pct': 1.381, 'tp1_dist_pct': 0.9}
2026-07-26 12:54:01 | INFO | trading.strategy2_signal_filter:check:681 | S2 market phase | {'symbol': 'PIEVERSEUSDT', 'phase': 'drop_tradeable', 'note': 'drop_tradeable:bq=0.77'}
2026-07-26 12:54:01 | DEBUG | trading.strategy2_signal_filter:check:928 | S2 skip: RR below minimum | {'symbol': 'PIEVERSEUSDT', 'rr': 0.65, 'min_rr': 0.7, 'sl_dist_pct': 1.383, 'tp1_dist_pct': 0.9}
2026-07-26 12:54:06 | INFO | trading.strategy2_signal_filter:check:681 | S2 market phase | {'symbol': 'PIEVERSEUSDT', 'phase': 'drop_tradeable', 'note': 'drop_tradeable:bq=0.77'}
2026-07-26 12:54:06 | DEBUG | trading.strategy2_signal_filter:check:928 | S2 skip: RR below minimum | {'symbol': 'PIEVERSEUSDT', 'rr': 0.65, 'min_rr': 0.7, 'sl_dist_pct': 1.381, 'tp1_dist_pct': 0.9}
2026-07-26 12:54:32 | INFO | trading.strategy2_signal_filter:check:533 | S2 skip: approach>=block (G3, level exhausted) | {'symbol': 'EULUSDT', 'level': 2.4312, 'approach_count': 12, 'block_threshold': 4}
2026-07-26 12:54:48 | INFO | trading.strategy2_signal_filter:check:681 | S2 market phase | {'symbol': 'PIEVERSEUSDT', 'phase': 'drop_tradeable', 'note': 'drop_tradeable:bq=0.77'}
2026-07-26 12:54:48 | DEBUG | trading.strategy2_signal_filter:check:928 | S2 skip: RR below minimum | {'symbol': 'PIEVERSEUSDT', 'rr': 0.65, 'min_rr': 0.7, 'sl_dist_pct': 1.381, 'tp1_dist_pct': 0.9}
2026-07-26 12:54:48 | INFO | trading.strategy2_signal_filter:check:533 | S2 skip: approach>=block (G3, level exhausted) | {'symbol': 'EULUSDT', 'level': 2.4312, 'approach_count': 12, 'block_threshold': 4}
2026-07-26 12:54:48 | INFO | trading.strategy2_signal_filter:check:681 | S2 market phase | {'symbol': 'PIEVERSEUSDT', 'phase': 'drop_tradeable', 'note': 'drop_tradeable:bq=0.77'}
2026-07-26 12:54:48 | DEBUG | trading.strategy2_signal_filter:check:928 | S2 skip: RR below minimum | {'symbol': 'PIEVERSEUSDT', 'rr': 0.66, 'min_rr': 0.7, 'sl_dist_pct': 1.37, 'tp1_dist_pct': 0.9}
2026-07-26 12:54:53 | INFO | trading.strategy2_signal_filter:check:681 | S2 market phase | {'symbol': 'PIEVERSEUSDT', 'phase': 'drop_tradeable', 'note': 'drop_tradeable:bq=0.77'}
2026-07-26 12:54:53 | DEBUG | trading.strategy2_signal_filter:check:928 | S2 skip: RR below minimum | {'symbol': 'PIEVERSEUSDT', 'rr': 0.65, 'min_rr': 0.7, 'sl_dist_pct': 1.381, 'tp1_dist_pct': 0.9}
2026-07-26 12:54:58 | INFO | trading.strategy2_signal_filter:check:681 | S2 market phase | {'symbol': 'PIEVERSEUSDT', 'phase': 'drop_tradeable', 'note': 'drop_tradeable:bq=0.77'}
2026-07-26 12:54:58 | DEBUG | trading.strategy2_signal_filter:check:928 | S2 skip: RR below minimum | {'symbol': 'PIEVERSEUSDT', 'rr': 0.65, 'min_rr': 0.7, 'sl_dist_pct': 1.381, 'tp1_dist_pct': 0.9}
2026-07-26 12:55:03 | INFO | trading.strategy2_signal_filter:check:681 | S2 market phase | {'symbol': 'PIEVERSEUSDT', 'phase': 'drop_tradeable', 'note': 'drop_tradeable:bq=0.77'}
2026-07-26 12:55:03 | DEBUG | trading.strategy2_signal_filter:check:928 | S2 skip: RR below minimum | {'symbol': 'PIEVERSEUSDT', 'rr': 0.65, 'min_rr': 0.7, 'sl_dist_pct': 1.381, 'tp1_dist_pct': 0.9}
2026-07-26 12:55:03 | INFO | trading.strategy2_signal_filter:check:533 | S2 skip: approach>=block (G3, level exhausted) | {'symbol': 'EULUSDT', 'level': 2.4312, 'approach_count': 13, 'block_threshold': 4}
2026-07-26 12:55:03 | INFO | trading.strategy2_signal_filter:check:681 | S2 market phase | {'symbol': 'PIEVERSEUSDT', 'phase': 'drop_tradeable', 'note': 'drop_tradeable:bq=0.77'}
2026-07-26 12:55:03 | DEBUG | trading.strategy2_signal_filter:check:928 | S2 skip: RR below minimum | {'symbol': 'PIEVERSEUSDT', 'rr': 0.66, 'min_rr': 0.7, 'sl_dist_pct': 1.37, 'tp1_dist_pct': 0.9}
2026-07-26 12:55:08 | INFO | trading.strategy2_signal_filter:check:681 | S2 market phase | {'symbol': 'PIEVERSEUSDT', 'phase': 'bleed', 'note': 'bleed:bq=-0.47,dir_eff=0.17'}
2026-07-26 12:55:08 | DEBUG | trading.strategy2_signal_filter:check:691 | S2 skip: market phase=bleed | {'symbol': 'PIEVERSEUSDT', 'note': 'bleed:bq=-0.47,dir_eff=0.17'}
2026-07-26 12:55:14 | INFO | trading.strategy2_signal_filter:check:681 | S2 market phase | {'symbol': 'PIEVERSEUSDT', 'phase': 'bleed', 'note': 'bleed:bq=-0.47,dir_eff=0.17'}
2026-07-26 12:55:14 | DEBUG | trading.strategy2_signal_filter:check:691 | S2 skip: market phase=bleed | {'symbol': 'PIEVERSEUSDT', 'note': 'bleed:bq=-0.47,dir_eff=0.17'}
2026-07-26 12:55:19 | INFO | trading.strategy2_signal_filter:check:681 | S2 market phase | {'symbol': 'PIEVERSEUSDT', 'phase': 'bleed', 'note': 'bleed:bq=-0.47,dir_eff=0.17'}
2026-07-26 12:55:19 | DEBUG | trading.strategy2_signal_filter:check:691 | S2 skip: market phase=bleed | {'symbol': 'PIEVERSEUSDT', 'note': 'bleed:bq=-0.47,dir_eff=0.17'}
2026-07-26 12:55:19 | INFO | trading.strategy2_signal_filter:check:533 | S2 skip: approach>=block (G3, level exhausted) | {'symbol': 'EULUSDT', 'level': 2.4312, 'approach_count': 12, 'block_threshold': 4}
2026-07-26 12:55:19 | INFO | trading.strategy2_signal_filter:check:681 | S2 market phase | {'symbol': 'PIEVERSEUSDT', 'phase': 'bleed', 'note': 'bleed:bq=-0.47,dir_eff=0.17'}
2026-07-26 12:55:19 | DEBUG | trading.strategy2_signal_filter:check:691 | S2 skip: market phase=bleed | {'symbol': 'PIEVERSEUSDT', 'note': 'bleed:bq=-0.47,dir_eff=0.17'}
2026-07-26 12:55:24 | INFO | trading.strategy2_signal_filter:check:681 | S2 market phase | {'symbol': 'PIEVERSEUSDT', 'phase': 'bleed', 'note': 'bleed:bq=-0.47,dir_eff=0.18'}
2026-07-26 12:55:24 | DEBUG | trading.strategy2_signal_filter:check:691 | S2 skip: market phase=bleed | {'symbol': 'PIEVERSEUSDT', 'note': 'bleed:bq=-0.47,dir_eff=0.18'}
2026-07-26 12:55:29 | INFO | trading.strategy2_signal_filter:check:681 | S2 market phase | {'symbol': 'PIEVERSEUSDT', 'phase': 'bleed', 'note': 'bleed:bq=-0.47,dir_eff=0.18'}
2026-07-26 12:55:29 | DEBUG | trading.strategy2_signal_filter:check:691 | S2 skip: market phase=bleed | {'symbol': 'PIEVERSEUSDT', 'note': 'bleed:bq=-0.47,dir_eff=0.18'}
2026-07-26 12:55:34 | INFO | trading.strategy2_signal_filter:check:681 | S2 market phase | {'symbol': 'PIEVERSEUSDT', 'phase': 'bleed', 'note': 'bleed:bq=-0.47,dir_eff=0.18'}
2026-07-26 12:55:34 | DEBUG | trading.strategy2_signal_filter:check:691 | S2 skip: market phase=bleed | {'symbol': 'PIEVERSEUSDT', 'note': 'bleed:bq=-0.47,dir_eff=0.18'}
2026-07-26 12:55:34 | INFO | trading.strategy2_signal_filter:check:533 | S2 skip: approach>=block (G3, level exhausted) | {'symbol': 'EULUSDT', 'level': 2.4312, 'approach_count': 12, 'block_threshold': 4}
2026-07-26 12:55:34 | INFO | trading.strategy2_signal_filter:check:681 | S2 market phase | {'symbol': 'PIEVERSEUSDT', 'phase': 'bleed', 'note': 'bleed:bq=-0.47,dir_eff=0.18'}
2026-07-26 12:55:34 | DEBUG | trading.strategy2_signal_filter:check:691 | S2 skip: market phase=bleed | {'symbol': 'PIEVERSEUSDT', 'note': 'bleed:bq=-0.47,dir_eff=0.18'}
2026-07-26 12:55:39 | INFO | trading.strategy2_signal_filter:check:681 | S2 market phase | {'symbol': 'PIEVERSEUSDT', 'phase': 'bleed', 'note': 'bleed:bq=-0.47,dir_eff=0.18'}
2026-07-26 12:55:39 | DEBUG | trading.strategy2_signal_filter:check:691 | S2 skip: market phase=bleed | {'symbol': 'PIEVERSEUSDT', 'note': 'bleed:bq=-0.47,dir_eff=0.18'}
2026-07-26 12:55:45 | INFO | trading.strategy2_signal_filter:check:681 | S2 market phase | {'symbol': 'PIEVERSEUSDT', 'phase': 'bleed', 'note': 'bleed:bq=-0.47,dir_eff=0.17'}
2026-07-26 12:55:45 | DEBUG | trading.strategy2_signal_filter:check:691 | S2 skip: market phase=bleed | {'symbol': 'PIEVERSEUSDT', 'note': 'bleed:bq=-0.47,dir_eff=0.17'}
2026-07-26 12:55:50 | INFO | trading.strategy2_signal_filter:check:681 | S2 market phase | {'symbol': 'PIEVERSEUSDT', 'phase': 'bleed', 'note': 'bleed:bq=-0.47,dir_eff=0.17'}
2026-07-26 12:55:50 | DEBUG | trading.strategy2_signal_filter:check:691 | S2 skip: market phase=bleed | {'symbol': 'PIEVERSEUSDT', 'note': 'bleed:bq=-0.47,dir_eff=0.17'}
2026-07-26 12:55:50 | INFO | trading.strategy2_signal_filter:check:533 | S2 skip: approach>=block (G3, level exhausted) | {'symbol': 'EULUSDT', 'level': 2.4312, 'approach_count': 12, 'block_threshold': 4}
2026-07-26 12:55:50 | INFO | trading.strategy2_signal_filter:check:681 | S2 market phase | {'symbol': 'PIEVERSEUSDT', 'phase': 'bleed', 'note': 'bleed:bq=-0.47,dir_eff=0.17'}
2026-07-26 12:55:50 | DEBUG | trading.strategy2_signal_filter:check:691 | S2 skip: market phase=bleed | {'symbol': 'PIEVERSEUSDT', 'note': 'bleed:bq=-0.47,dir_eff=0.17'}
2026-07-26 12:55:55 | INFO | trading.strategy2_signal_filter:check:681 | S2 market phase | {'symbol': 'PIEVERSEUSDT', 'phase': 'bleed', 'note': 'bleed:bq=-0.47,dir_eff=0.18'}
2026-07-26 12:55:55 | DEBUG | trading.strategy2_signal_filter:check:691 | S2 skip: market phase=bleed | {'symbol': 'PIEVERSEUSDT', 'note': 'bleed:bq=-0.47,dir_eff=0.18'}
2026-07-26 12:56:00 | INFO | trading.strategy2_signal_filter:check:681 | S2 market phase | {'symbol': 'PIEVERSEUSDT', 'phase': 'bleed', 'note': 'bleed:bq=-0.47,dir_eff=0.18'}
2026-07-26 12:56:00 | DEBUG | trading.strategy2_signal_filter:check:691 | S2 skip: market phase=bleed | {'symbol': 'PIEVERSEUSDT', 'note': 'bleed:bq=-0.47,dir_eff=0.18'}
2026-07-26 12:56:05 | INFO | trading.strategy2_signal_filter:check:681 | S2 market phase | {'symbol': 'PIEVERSEUSDT', 'phase': 'bleed', 'note': 'bleed:bq=-0.47,dir_eff=0.18'}
2026-07-26 12:56:05 | DEBUG | trading.strategy2_signal_filter:check:691 | S2 skip: market phase=bleed | {'symbol': 'PIEVERSEUSDT', 'note': 'bleed:bq=-0.47,dir_eff=0.18'}
2026-07-26 12:56:05 | INFO | trading.strategy2_signal_filter:check:533 | S2 skip: approach>=block (G3, level exhausted) | {'symbol': 'EULUSDT', 'level': 2.4312, 'approach_count': 13, 'block_threshold': 4}
2026-07-26 12:56:05 | INFO | trading.strategy2_signal_filter:check:681 | S2 market phase | {'symbol': 'PIEVERSEUSDT', 'phase': 'bleed', 'note': 'bleed:bq=-0.47,dir_eff=0.18'}
2026-07-26 12:56:05 | DEBUG | trading.strategy2_signal_filter:check:691 | S2 skip: market phase=bleed | {'symbol': 'PIEVERSEUSDT', 'note': 'bleed:bq=-0.47,dir_eff=0.18'}
2026-07-26 12:56:11 | INFO | trading.strategy2_signal_filter:check:681 | S2 market phase | {'symbol': 'PIEVERSEUSDT', 'phase': 'bleed', 'note': 'bleed:bq=-0.47,dir_eff=0.17'}
2026-07-26 12:56:11 | DEBUG | trading.strategy2_signal_filter:check:691 | S2 skip: market phase=bleed | {'symbol': 'PIEVERSEUSDT', 'note': 'bleed:bq=-0.47,dir_eff=0.17'}
2026-07-26 12:56:16 | INFO | trading.strategy2_signal_filter:check:681 | S2 market phase | {'symbol': 'PIEVERSEUSDT', 'phase': 'bleed', 'note': 'bleed:bq=-0.47,dir_eff=0.17'}
2026-07-26 12:56:16 | DEBUG | trading.strategy2_signal_filter:check:691 | S2 skip: market phase=bleed | {'symbol': 'PIEVERSEUSDT', 'note': 'bleed:bq=-0.47,dir_eff=0.17'}
2026-07-26 12:56:21 | INFO | trading.strategy2_signal_filter:check:681 | S2 market phase | {'symbol': 'PIEVERSEUSDT', 'phase': 'bleed', 'note': 'bleed:bq=-0.47,dir_eff=0.19'}
2026-07-26 12:56:21 | DEBUG | trading.strategy2_signal_filter:check:691 | S2 skip: market phase=bleed | {'symbol': 'PIEVERSEUSDT', 'note': 'bleed:bq=-0.47,dir_eff=0.19'}
2026-07-26 12:56:21 | INFO | trading.strategy2_signal_filter:check:681 | S2 market phase | {'symbol': 'PIEVERSEUSDT', 'phase': 'bleed', 'note': 'bleed:bq=-0.47,dir_eff=0.19'}
2026-07-26 12:56:21 | DEBUG | trading.strategy2_signal_filter:check:691 | S2 skip: market phase=bleed | {'symbol': 'PIEVERSEUSDT', 'note': 'bleed:bq=-0.47,dir_eff=0.19'}
2026-07-26 12:56:26 | INFO | trading.strategy2_signal_filter:check:681 | S2 market phase | {'symbol': 'PIEVERSEUSDT', 'phase': 'bleed', 'note': 'bleed:bq=-0.47,dir_eff=0.19'}
2026-07-26 12:56:26 | DEBUG | trading.strategy2_signal_filter:check:691 | S2 skip: market phase=bleed | {'symbol': 'PIEVERSEUSDT', 'note': 'bleed:bq=-0.47,dir_eff=0.19'}
2026-07-26 12:56:31 | INFO | trading.strategy2_signal_filter:check:681 | S2 market phase | {'symbol': 'PIEVERSEUSDT', 'phase': 'bleed', 'note': 'bleed:bq=-0.47,dir_eff=0.19'}
2026-07-26 12:56:31 | DEBUG | trading.strategy2_signal_filter:check:691 | S2 skip: market phase=bleed | {'symbol': 'PIEVERSEUSDT', 'note': 'bleed:bq=-0.47,dir_eff=0.19'}
2026-07-26 12:56:36 | INFO | trading.strategy2_signal_filter:check:681 | S2 market phase | {'symbol': 'PIEVERSEUSDT', 'phase': 'bleed', 'note': 'bleed:bq=-0.47,dir_eff=0.19'}
2026-07-26 12:56:36 | DEBUG | trading.strategy2_signal_filter:check:691 | S2 skip: market phase=bleed | {'symbol': 'PIEVERSEUSDT', 'note': 'bleed:bq=-0.47,dir_eff=0.19'}
2026-07-26 12:56:36 | INFO | trading.strategy2_signal_filter:check:681 | S2 market phase | {'symbol': 'PIEVERSEUSDT', 'phase': 'bleed', 'note': 'bleed:bq=-0.47,dir_eff=0.19'}
2026-07-26 12:56:36 | DEBUG | trading.strategy2_signal_filter:check:691 | S2 skip: market phase=bleed | {'symbol': 'PIEVERSEUSDT', 'note': 'bleed:bq=-0.47,dir_eff=0.19'}
2026-07-26 12:56:42 | INFO | trading.strategy2_signal_filter:check:681 | S2 market phase | {'symbol': 'PIEVERSEUSDT', 'phase': 'bleed', 'note': 'bleed:bq=-0.47,dir_eff=0.19'}
2026-07-26 12:56:42 | DEBUG | trading.strategy2_signal_filter:check:691 | S2 skip: market phase=bleed | {'symbol': 'PIEVERSEUSDT', 'note': 'bleed:bq=-0.47,dir_eff=0.19'}
2026-07-26 12:56:47 | INFO | trading.strategy2_signal_filter:check:681 | S2 market phase | {'symbol': 'PIEVERSEUSDT', 'phase': 'bleed', 'note': 'bleed:bq=-0.47,dir_eff=0.19'}
2026-07-26 12:56:47 | DEBUG | trading.strategy2_signal_filter:check:691 | S2 skip: market phase=bleed | {'symbol': 'PIEVERSEUSDT', 'note': 'bleed:bq=-0.47,dir_eff=0.19'}
2026-07-26 12:56:52 | INFO | trading.strategy2_signal_filter:check:681 | S2 market phase | {'symbol': 'PIEVERSEUSDT', 'phase': 'bleed', 'note': 'bleed:bq=-0.47,dir_eff=0.19'}
2026-07-26 12:56:52 | DEBUG | trading.strategy2_signal_filter:check:691 | S2 skip: market phase=bleed | {'symbol': 'PIEVERSEUSDT', 'note': 'bleed:bq=-0.47,dir_eff=0.19'}
2026-07-26 12:56:52 | INFO | trading.strategy2_signal_filter:check:681 | S2 market phase | {'symbol': 'PIEVERSEUSDT', 'phase': 'bleed', 'note': 'bleed:bq=-0.47,dir_eff=0.19'}
2026-07-26 12:56:52 | DEBUG | trading.strategy2_signal_filter:check:691 | S2 skip: market phase=bleed | {'symbol': 'PIEVERSEUSDT', 'note': 'bleed:bq=-0.47,dir_eff=0.19'}
2026-07-26 12:56:57 | INFO | trading.strategy2_signal_filter:check:681 | S2 market phase | {'symbol': 'PIEVERSEUSDT', 'phase': 'bleed', 'note': 'bleed:bq=-0.47,dir_eff=0.19'}
2026-07-26 12:56:57 | DEBUG | trading.strategy2_signal_filter:check:691 | S2 skip: market phase=bleed | {'symbol': 'PIEVERSEUSDT', 'note': 'bleed:bq=-0.47,dir_eff=0.19'}
2026-07-26 12:57:02 | INFO | trading.strategy2_signal_filter:check:681 | S2 market phase | {'symbol': 'PIEVERSEUSDT', 'phase': 'bleed', 'note': 'bleed:bq=-0.47,dir_eff=0.19'}
2026-07-26 12:57:02 | DEBUG | trading.strategy2_signal_filter:check:691 | S2 skip: market phase=bleed | {'symbol': 'PIEVERSEUSDT', 'note': 'bleed:bq=-0.47,dir_eff=0.19'}
2026-07-26 12:57:08 | INFO | trading.strategy2_signal_filter:check:681 | S2 market phase | {'symbol': 'PIEVERSEUSDT', 'phase': 'bleed', 'note': 'bleed:bq=-0.47,dir_eff=0.20'}
2026-07-26 12:57:08 | DEBUG | trading.strategy2_signal_filter:check:691 | S2 skip: market phase=bleed | {'symbol': 'PIEVERSEUSDT', 'note': 'bleed:bq=-0.47,dir_eff=0.20'}
2026-07-26 12:57:08 | INFO | trading.strategy2_signal_filter:check:533 | S2 skip: approach>=block (G3, level exhausted) | {'symbol': 'EULUSDT', 'level': 2.4312, 'approach_count': 13, 'block_threshold': 4}
2026-07-26 12:57:08 | INFO | trading.strategy2_signal_filter:check:681 | S2 market phase | {'symbol': 'PIEVERSEUSDT', 'phase': 'bleed', 'note': 'bleed:bq=-0.47,dir_eff=0.20'}
2026-07-26 12:57:08 | DEBUG | trading.strategy2_signal_filter:check:691 | S2 skip: market phase=bleed | {'symbol': 'PIEVERSEUSDT', 'note': 'bleed:bq=-0.47,dir_eff=0.20'}
2026-07-26 12:57:13 | INFO | trading.strategy2_signal_filter:check:681 | S2 market phase | {'symbol': 'PIEVERSEUSDT', 'phase': 'bleed', 'note': 'bleed:bq=-0.47,dir_eff=0.20'}
2026-07-26 12:57:13 | DEBUG | trading.strategy2_signal_filter:check:691 | S2 skip: market phase=bleed | {'symbol': 'PIEVERSEUSDT', 'note': 'bleed:bq=-0.47,dir_eff=0.20'}
2026-07-26 12:57:18 | INFO | trading.strategy2_signal_filter:check:681 | S2 market phase | {'symbol': 'PIEVERSEUSDT', 'phase': 'bleed', 'note': 'bleed:bq=-0.47,dir_eff=0.19'}
2026-07-26 12:57:18 | DEBUG | trading.strategy2_signal_filter:check:691 | S2 skip: market phase=bleed | {'symbol': 'PIEVERSEUSDT', 'note': 'bleed:bq=-0.47,dir_eff=0.19'}
2026-07-26 12:57:23 | INFO | trading.strategy2_signal_filter:check:681 | S2 market phase | {'symbol': 'PIEVERSEUSDT', 'phase': 'bleed', 'note': 'bleed:bq=-0.47,dir_eff=0.19'}
2026-07-26 12:57:23 | DEBUG | trading.strategy2_signal_filter:check:691 | S2 skip: market phase=bleed | {'symbol': 'PIEVERSEUSDT', 'note': 'bleed:bq=-0.47,dir_eff=0.19'}
2026-07-26 12:57:23 | INFO | trading.strategy2_signal_filter:check:533 | S2 skip: approach>=block (G3, level exhausted) | {'symbol': 'EULUSDT', 'level': 2.4312, 'approach_count': 13, 'block_threshold': 4}
2026-07-26 12:57:23 | INFO | trading.strategy2_signal_filter:check:681 | S2 market phase | {'symbol': 'PIEVERSEUSDT', 'phase': 'bleed', 'note': 'bleed:bq=-0.47,dir_eff=0.19'}
2026-07-26 12:57:23 | DEBUG | trading.strategy2_signal_filter:check:691 | S2 skip: market phase=bleed | {'symbol': 'PIEVERSEUSDT', 'note': 'bleed:bq=-0.47,dir_eff=0.19'}
2026-07-26 12:57:28 | INFO | trading.strategy2_signal_filter:check:681 | S2 market phase | {'symbol': 'PIEVERSEUSDT', 'phase': 'bleed', 'note': 'bleed:bq=-0.47,dir_eff=0.20'}
2026-07-26 12:57:28 | DEBUG | trading.strategy2_signal_filter:check:691 | S2 skip: market phase=bleed | {'symbol': 'PIEVERSEUSDT', 'note': 'bleed:bq=-0.47,dir_eff=0.20'}
2026-07-26 12:57:33 | INFO | trading.strategy2_signal_filter:check:681 | S2 market phase | {'symbol': 'PIEVERSEUSDT', 'phase': 'bleed', 'note': 'bleed:bq=-0.47,dir_eff=0.20'}
2026-07-26 12:57:33 | DEBUG | trading.strategy2_signal_filter:check:691 | S2 skip: market phase=bleed | {'symbol': 'PIEVERSEUSDT', 'note': 'bleed:bq=-0.47,dir_eff=0.20'}
2026-07-26 12:57:39 | INFO | trading.strategy2_signal_filter:check:681 | S2 market phase | {'symbol': 'PIEVERSEUSDT', 'phase': 'bleed', 'note': 'bleed:bq=-0.47,dir_eff=0.20'}
2026-07-26 12:57:39 | DEBUG | trading.strategy2_signal_filter:check:691 | S2 skip: market phase=bleed | {'symbol': 'PIEVERSEUSDT', 'note': 'bleed:bq=-0.47,dir_eff=0.20'}
2026-07-26 12:57:39 | INFO | trading.strategy2_signal_filter:check:533 | S2 skip: approach>=block (G3, level exhausted) | {'symbol': 'EULUSDT', 'level': 2.4312, 'approach_count': 13, 'block_threshold': 4}
2026-07-26 12:57:39 | INFO | trading.strategy2_signal_filter:check:681 | S2 market phase | {'symbol': 'PIEVERSEUSDT', 'phase': 'bleed', 'note': 'bleed:bq=-0.47,dir_eff=0.20'}
2026-07-26 12:57:39 | DEBUG | trading.strategy2_signal_filter:check:691 | S2 skip: market phase=bleed | {'symbol': 'PIEVERSEUSDT', 'note': 'bleed:bq=-0.47,dir_eff=0.20'}
2026-07-26 12:57:54 | INFO | trading.strategy2_signal_filter:check:533 | S2 skip: approach>=block (G3, level exhausted) | {'symbol': 'EULUSDT', 'level': 2.4312, 'approach_count': 13, 'block_threshold': 4}
2026-07-26 12:57:54 | INFO | trading.strategy2_signal_filter:check:681 | S2 market phase | {'symbol': 'PIEVERSEUSDT', 'phase': 'bleed', 'note': 'bleed:bq=-0.47,dir_eff=0.21'}
2026-07-26 12:57:54 | DEBUG | trading.strategy2_signal_filter:check:691 | S2 skip: market phase=bleed | {'symbol': 'PIEVERSEUSDT', 'note': 'bleed:bq=-0.47,dir_eff=0.21'}
2026-07-26 12:57:59 | DEBUG | trading.strategy2_signal_filter:check:563 | S2 skip: p_bounce below group floor | {'symbol': 'AKEUSDT', 'group': 'g1', 'p_bounce': 0.441, 'floor': 0.6, 'approach_count': 0, 'touches': 'unknown(no-count)'}
2026-07-26 12:58:10 | INFO | trading.strategy2_signal_filter:check:681 | S2 market phase | {'symbol': 'PIEVERSEUSDT', 'phase': 'bleed', 'note': 'bleed:bq=-0.47,dir_eff=0.39'}
2026-07-26 12:58:10 | DEBUG | trading.strategy2_signal_filter:check:691 | S2 skip: market phase=bleed | {'symbol': 'PIEVERSEUSDT', 'note': 'bleed:bq=-0.47,dir_eff=0.39'}
2026-07-26 12:58:25 | INFO | trading.strategy2_signal_filter:check:681 | S2 market phase | {'symbol': 'PIEVERSEUSDT', 'phase': 'bleed', 'note': 'bleed:bq=-0.47,dir_eff=0.39'}
2026-07-26 12:58:25 | DEBUG | trading.strategy2_signal_filter:check:691 | S2 skip: market phase=bleed | {'symbol': 'PIEVERSEUSDT', 'note': 'bleed:bq=-0.47,dir_eff=0.39'}
2026-07-26 12:58:41 | INFO | trading.strategy2_signal_filter:check:681 | S2 market phase | {'symbol': 'PIEVERSEUSDT', 'phase': 'bleed', 'note': 'bleed:bq=-0.47,dir_eff=0.39'}
2026-07-26 12:58:41 | DEBUG | trading.strategy2_signal_filter:check:691 | S2 skip: market phase=bleed | {'symbol': 'PIEVERSEUSDT', 'note': 'bleed:bq=-0.47,dir_eff=0.39'}
2026-07-26 12:58:56 | INFO | trading.strategy2_signal_filter:check:681 | S2 market phase | {'symbol': 'PIEVERSEUSDT', 'phase': 'bleed', 'note': 'bleed:bq=-0.47,dir_eff=0.40'}
2026-07-26 12:58:56 | DEBUG | trading.strategy2_signal_filter:check:691 | S2 skip: market phase=bleed | {'symbol': 'PIEVERSEUSDT', 'note': 'bleed:bq=-0.47,dir_eff=0.40'}
2026-07-26 12:59:12 | INFO | trading.strategy2_signal_filter:check:681 | S2 market phase | {'symbol': 'PIEVERSEUSDT', 'phase': 'bleed', 'note': 'bleed:bq=-0.47,dir_eff=0.37'}
2026-07-26 12:59:12 | DEBUG | trading.strategy2_signal_filter:check:691 | S2 skip: market phase=bleed | {'symbol': 'PIEVERSEUSDT', 'note': 'bleed:bq=-0.47,dir_eff=0.37'}
2026-07-26 12:59:27 | INFO | trading.strategy2_signal_filter:check:681 | S2 market phase | {'symbol': 'PIEVERSEUSDT', 'phase': 'bleed', 'note': 'bleed:bq=-0.47,dir_eff=0.37'}
2026-07-26 12:59:27 | DEBUG | trading.strategy2_signal_filter:check:691 | S2 skip: market phase=bleed | {'symbol': 'PIEVERSEUSDT', 'note': 'bleed:bq=-0.47,dir_eff=0.37'}
2026-07-26 12:59:43 | INFO | trading.strategy2_signal_filter:check:681 | S2 market phase | {'symbol': 'PIEVERSEUSDT', 'phase': 'bleed', 'note': 'bleed:bq=-0.47,dir_eff=0.35'}
2026-07-26 12:59:43 | DEBUG | trading.strategy2_signal_filter:check:691 | S2 skip: market phase=bleed | {'symbol': 'PIEVERSEUSDT', 'note': 'bleed:bq=-0.47,dir_eff=0.35'}
2026-07-26 12:59:43 | INFO | trading.strategy2_signal_filter:check:681 | S2 market phase | {'symbol': 'PIEVERSEUSDT', 'phase': 'bleed', 'note': 'bleed:bq=-0.47,dir_eff=0.35'}
2026-07-26 12:59:43 | DEBUG | trading.strategy2_signal_filter:check:691 | S2 skip: market phase=bleed | {'symbol': 'PIEVERSEUSDT', 'note': 'bleed:bq=-0.47,dir_eff=0.35'}
2026-07-26 12:59:48 | INFO | trading.strategy2_signal_filter:check:681 | S2 market phase | {'symbol': 'PIEVERSEUSDT', 'phase': 'bleed', 'note': 'bleed:bq=-0.47,dir_eff=0.35'}
2026-07-26 12:59:48 | DEBUG | trading.strategy2_signal_filter:check:691 | S2 skip: market phase=bleed | {'symbol': 'PIEVERSEUSDT', 'note': 'bleed:bq=-0.47,dir_eff=0.35'}
2026-07-26 12:59:53 | INFO | trading.strategy2_signal_filter:check:681 | S2 market phase | {'symbol': 'PIEVERSEUSDT', 'phase': 'bleed', 'note': 'bleed:bq=-0.47,dir_eff=0.33'}
2026-07-26 12:59:53 | DEBUG | trading.strategy2_signal_filter:check:691 | S2 skip: market phase=bleed | {'symbol': 'PIEVERSEUSDT', 'note': 'bleed:bq=-0.47,dir_eff=0.33'}
2026-07-26 12:59:58 | INFO | trading.strategy2_signal_filter:check:681 | S2 market phase | {'symbol': 'PIEVERSEUSDT', 'phase': 'bleed', 'note': 'bleed:bq=-0.47,dir_eff=0.33'}
2026-07-26 12:59:58 | DEBUG | trading.strategy2_signal_filter:check:691 | S2 skip: market phase=bleed | {'symbol': 'PIEVERSEUSDT', 'note': 'bleed:bq=-0.47,dir_eff=0.33'}
2026-07-26 12:59:58 | INFO | trading.strategy2_signal_filter:check:681 | S2 market phase | {'symbol': 'PIEVERSEUSDT', 'phase': 'bleed', 'note': 'bleed:bq=-0.47,dir_eff=0.33'}
2026-07-26 12:59:58 | DEBUG | trading.strategy2_signal_filter:check:691 | S2 skip: market phase=bleed | {'symbol': 'PIEVERSEUSDT', 'note': 'bleed:bq=-0.47,dir_eff=0.33'}
2026-07-26 13:00:04 | INFO | trading.strategy2_signal_filter:check:681 | S2 market phase | {'symbol': 'PIEVERSEUSDT', 'phase': 'bleed', 'note': 'bleed:bq=-0.47,dir_eff=0.33'}
2026-07-26 13:00:04 | DEBUG | trading.strategy2_signal_filter:check:691 | S2 skip: market phase=bleed | {'symbol': 'PIEVERSEUSDT', 'note': 'bleed:bq=-0.47,dir_eff=0.33'}
2026-07-26 13:00:09 | INFO | trading.strategy2_signal_filter:check:681 | S2 market phase | {'symbol': 'PIEVERSEUSDT', 'phase': 'bleed', 'note': 'bleed:bq=-0.47,dir_eff=0.30'}
2026-07-26 13:00:09 | DEBUG | trading.strategy2_signal_filter:check:691 | S2 skip: market phase=bleed | {'symbol': 'PIEVERSEUSDT', 'note': 'bleed:bq=-0.47,dir_eff=0.30'}
2026-07-26 13:00:14 | INFO | trading.strategy2_signal_filter:check:681 | S2 market phase | {'symbol': 'PIEVERSEUSDT', 'phase': 'bleed', 'note': 'bleed:bq=-0.47,dir_eff=0.30'}
2026-07-26 13:00:14 | DEBUG | trading.strategy2_signal_filter:check:691 | S2 skip: market phase=bleed | {'symbol': 'PIEVERSEUSDT', 'note': 'bleed:bq=-0.47,dir_eff=0.30'}
2026-07-26 13:00:14 | INFO | trading.strategy2_signal_filter:check:681 | S2 market phase | {'symbol': 'PIEVERSEUSDT', 'phase': 'bleed', 'note': 'bleed:bq=-0.47,dir_eff=0.30'}
2026-07-26 13:00:14 | DEBUG | trading.strategy2_signal_filter:check:691 | S2 skip: market phase=bleed | {'symbol': 'PIEVERSEUSDT', 'note': 'bleed:bq=-0.47,dir_eff=0.30'}
2026-07-26 13:01:32 | INFO | trading.strategy2_signal_filter:check:681 | S2 market phase | {'symbol': 'PIEVERSEUSDT', 'phase': 'bleed', 'note': 'bleed:bq=-0.47,dir_eff=0.29'}
2026-07-26 13:01:32 | DEBUG | trading.strategy2_signal_filter:check:691 | S2 skip: market phase=bleed | {'symbol': 'PIEVERSEUSDT', 'note': 'bleed:bq=-0.47,dir_eff=0.29'}
2026-07-26 13:01:32 | INFO | trading.strategy2_signal_filter:check:681 | S2 market phase | {'symbol': 'PIEVERSEUSDT', 'phase': 'bleed', 'note': 'bleed:bq=-0.47,dir_eff=0.29'}
2026-07-26 13:01:32 | DEBUG | trading.strategy2_signal_filter:check:691 | S2 skip: market phase=bleed | {'symbol': 'PIEVERSEUSDT', 'note': 'bleed:bq=-0.47,dir_eff=0.29'}
2026-07-26 13:01:37 | INFO | trading.strategy2_signal_filter:check:681 | S2 market phase | {'symbol': 'PIEVERSEUSDT', 'phase': 'bleed', 'note': 'bleed:bq=-0.47,dir_eff=0.29'}
2026-07-26 13:01:37 | DEBUG | trading.strategy2_signal_filter:check:691 | S2 skip: market phase=bleed | {'symbol': 'PIEVERSEUSDT', 'note': 'bleed:bq=-0.47,dir_eff=0.29'}
2026-07-26 13:01:42 | INFO | trading.strategy2_signal_filter:check:681 | S2 market phase | {'symbol': 'PIEVERSEUSDT', 'phase': 'bleed', 'note': 'bleed:bq=-0.47,dir_eff=0.30'}
2026-07-26 13:01:42 | DEBUG | trading.strategy2_signal_filter:check:691 | S2 skip: market phase=bleed | {'symbol': 'PIEVERSEUSDT', 'note': 'bleed:bq=-0.47,dir_eff=0.30'}
2026-07-26 13:01:42 | INFO | trading.strategy2_signal_filter:check:533 | S2 skip: approach>=block (G3, level exhausted) | {'symbol': 'EULUSDT', 'level': 2.4312, 'approach_count': 12, 'block_threshold': 4}
2026-07-26 13:01:47 | INFO | trading.strategy2_signal_filter:check:681 | S2 market phase | {'symbol': 'PIEVERSEUSDT', 'phase': 'bleed', 'note': 'bleed:bq=-0.47,dir_eff=0.30'}
2026-07-26 13:01:47 | DEBUG | trading.strategy2_signal_filter:check:691 | S2 skip: market phase=bleed | {'symbol': 'PIEVERSEUSDT', 'note': 'bleed:bq=-0.47,dir_eff=0.30'}
2026-07-26 13:01:47 | INFO | trading.strategy2_signal_filter:check:681 | S2 market phase | {'symbol': 'PIEVERSEUSDT', 'phase': 'bleed', 'note': 'bleed:bq=-0.47,dir_eff=0.30'}
2026-07-26 13:01:47 | DEBUG | trading.strategy2_signal_filter:check:691 | S2 skip: market phase=bleed | {'symbol': 'PIEVERSEUSDT', 'note': 'bleed:bq=-0.47,dir_eff=0.30'}
2026-07-26 13:01:52 | INFO | trading.strategy2_signal_filter:check:681 | S2 market phase | {'symbol': 'PIEVERSEUSDT', 'phase': 'bleed', 'note': 'bleed:bq=-0.47,dir_eff=0.30'}
2026-07-26 13:01:52 | DEBUG | trading.strategy2_signal_filter:check:691 | S2 skip: market phase=bleed | {'symbol': 'PIEVERSEUSDT', 'note': 'bleed:bq=-0.47,dir_eff=0.30'}
2026-07-26 13:01:58 | INFO | trading.strategy2_signal_filter:check:681 | S2 market phase | {'symbol': 'PIEVERSEUSDT', 'phase': 'bleed', 'note': 'bleed:bq=-0.47,dir_eff=0.30'}
2026-07-26 13:01:58 | DEBUG | trading.strategy2_signal_filter:check:691 | S2 skip: market phase=bleed | {'symbol': 'PIEVERSEUSDT', 'note': 'bleed:bq=-0.47,dir_eff=0.30'}
2026-07-26 13:01:58 | INFO | trading.strategy2_signal_filter:check:533 | S2 skip: approach>=block (G3, level exhausted) | {'symbol': 'EULUSDT', 'level': 2.4312, 'approach_count': 12, 'block_threshold': 4}
2026-07-26 13:02:03 | INFO | trading.strategy2_signal_filter:check:681 | S2 market phase | {'symbol': 'PIEVERSEUSDT', 'phase': 'bleed', 'note': 'bleed:bq=-0.47,dir_eff=0.30'}
2026-07-26 13:02:03 | DEBUG | trading.strategy2_signal_filter:check:691 | S2 skip: market phase=bleed | {'symbol': 'PIEVERSEUSDT', 'note': 'bleed:bq=-0.47,dir_eff=0.30'}
2026-07-26 13:02:03 | INFO | trading.strategy2_signal_filter:check:681 | S2 market phase | {'symbol': 'PIEVERSEUSDT', 'phase': 'bleed', 'note': 'bleed:bq=-0.47,dir_eff=0.30'}
2026-07-26 13:02:03 | DEBUG | trading.strategy2_signal_filter:check:691 | S2 skip: market phase=bleed | {'symbol': 'PIEVERSEUSDT', 'note': 'bleed:bq=-0.47,dir_eff=0.30'}
2026-07-26 13:02:08 | INFO | trading.strategy2_signal_filter:check:681 | S2 market phase | {'symbol': 'PIEVERSEUSDT', 'phase': 'bleed', 'note': 'bleed:bq=-0.47,dir_eff=0.33'}
2026-07-26 13:02:08 | DEBUG | trading.strategy2_signal_filter:check:691 | S2 skip: market phase=bleed | {'symbol': 'PIEVERSEUSDT', 'note': 'bleed:bq=-0.47,dir_eff=0.33'}
2026-07-26 13:02:13 | INFO | trading.strategy2_signal_filter:check:681 | S2 market phase | {'symbol': 'PIEVERSEUSDT', 'phase': 'bleed', 'note': 'bleed:bq=-0.47,dir_eff=0.33'}
2026-07-26 13:02:13 | DEBUG | trading.strategy2_signal_filter:check:691 | S2 skip: market phase=bleed | {'symbol': 'PIEVERSEUSDT', 'note': 'bleed:bq=-0.47,dir_eff=0.33'}
2026-07-26 13:02:13 | DEBUG | trading.strategy2_signal_filter:check:563 | S2 skip: p_bounce below group floor | {'symbol': 'AKEUSDT', 'group': 'g1', 'p_bounce': 0.441, 'floor': 0.6, 'approach_count': 0, 'touches': 0}
2026-07-26 13:02:13 | DEBUG | trading.strategy2_signal_filter:check:563 | S2 skip: p_bounce below group floor | {'symbol': 'AKEUSDT', 'group': 'g1', 'p_bounce': 0.441, 'floor': 0.6, 'approach_count': 0, 'touches': 'unknown(no-count)'}
2026-07-26 13:02:13 | INFO | trading.strategy2_signal_filter:check:533 | S2 skip: approach>=block (G3, level exhausted) | {'symbol': 'EULUSDT', 'level': 2.4312, 'approach_count': 12, 'block_threshold': 4}
2026-07-26 13:02:18 | INFO | trading.strategy2_signal_filter:check:681 | S2 market phase | {'symbol': 'PIEVERSEUSDT', 'phase': 'bleed', 'note': 'bleed:bq=-0.47,dir_eff=0.34'}
2026-07-26 13:02:18 | DEBUG | trading.strategy2_signal_filter:check:691 | S2 skip: market phase=bleed | {'symbol': 'PIEVERSEUSDT', 'note': 'bleed:bq=-0.47,dir_eff=0.34'}
2026-07-26 13:02:18 | DEBUG | trading.strategy2_signal_filter:check:563 | S2 skip: p_bounce below group floor | {'symbol': 'AKEUSDT', 'group': 'g1', 'p_bounce': 0.441, 'floor': 0.6, 'approach_count': 0, 'touches': 0}
2026-07-26 13:02:18 | INFO | trading.strategy2_signal_filter:check:681 | S2 market phase | {'symbol': 'PIEVERSEUSDT', 'phase': 'bleed', 'note': 'bleed:bq=-0.47,dir_eff=0.34'}
2026-07-26 13:02:18 | DEBUG | trading.strategy2_signal_filter:check:691 | S2 skip: market phase=bleed | {'symbol': 'PIEVERSEUSDT', 'note': 'bleed:bq=-0.47,dir_eff=0.34'}
2026-07-26 13:02:23 | INFO | trading.strategy2_signal_filter:check:681 | S2 market phase | {'symbol': 'PIEVERSEUSDT', 'phase': 'bleed', 'note': 'bleed:bq=-0.47,dir_eff=0.34'}
2026-07-26 13:02:23 | DEBUG | trading.strategy2_signal_filter:check:691 | S2 skip: market phase=bleed | {'symbol': 'PIEVERSEUSDT', 'note': 'bleed:bq=-0.47,dir_eff=0.34'}
2026-07-26 13:02:23 | DEBUG | trading.strategy2_signal_filter:check:563 | S2 skip: p_bounce below group floor | {'symbol': 'AKEUSDT', 'group': 'g1', 'p_bounce': 0.441, 'floor': 0.6, 'approach_count': 0, 'touches': 0}
2026-07-26 13:02:29 | INFO | trading.strategy2_signal_filter:check:681 | S2 market phase | {'symbol': 'PIEVERSEUSDT', 'phase': 'bleed', 'note': 'bleed:bq=-0.47,dir_eff=0.34'}
2026-07-26 13:02:29 | DEBUG | trading.strategy2_signal_filter:check:691 | S2 skip: market phase=bleed | {'symbol': 'PIEVERSEUSDT', 'note': 'bleed:bq=-0.47,dir_eff=0.34'}
2026-07-26 13:02:29 | DEBUG | trading.strategy2_signal_filter:check:563 | S2 skip: p_bounce below group floor | {'symbol': 'AKEUSDT', 'group': 'g1', 'p_bounce': 0.441, 'floor': 0.6, 'approach_count': 0, 'touches': 0}
2026-07-26 13:02:29 | DEBUG | trading.strategy2_signal_filter:check:563 | S2 skip: p_bounce below group floor | {'symbol': 'AKEUSDT', 'group': 'g1', 'p_bounce': 0.441, 'floor': 0.6, 'approach_count': 0, 'touches': 'unknown(no-count)'}
2026-07-26 13:02:29 | INFO | trading.strategy2_signal_filter:check:533 | S2 skip: approach>=block (G3, level exhausted) | {'symbol': 'EULUSDT', 'level': 2.4312, 'approach_count': 12, 'block_threshold': 4}
2026-07-26 13:02:34 | INFO | trading.strategy2_signal_filter:check:681 | S2 market phase | {'symbol': 'PIEVERSEUSDT', 'phase': 'bleed', 'note': 'bleed:bq=-0.47,dir_eff=0.34'}
2026-07-26 13:02:34 | DEBUG | trading.strategy2_signal_filter:check:691 | S2 skip: market phase=bleed | {'symbol': 'PIEVERSEUSDT', 'note': 'bleed:bq=-0.47,dir_eff=0.34'}
2026-07-26 13:02:34 | INFO | trading.strategy2_signal_filter:check:681 | S2 market phase | {'symbol': 'PIEVERSEUSDT', 'phase': 'bleed', 'note': 'bleed:bq=-0.47,dir_eff=0.34'}
2026-07-26 13:02:34 | DEBUG | trading.strategy2_signal_filter:check:691 | S2 skip: market phase=bleed | {'symbol': 'PIEVERSEUSDT', 'note': 'bleed:bq=-0.47,dir_eff=0.34'}
2026-07-26 13:02:39 | INFO | trading.strategy2_signal_filter:check:681 | S2 market phase | {'symbol': 'PIEVERSEUSDT', 'phase': 'bleed', 'note': 'bleed:bq=-0.47,dir_eff=0.34'}
2026-07-26 13:02:39 | DEBUG | trading.strategy2_signal_filter:check:691 | S2 skip: market phase=bleed | {'symbol': 'PIEVERSEUSDT', 'note': 'bleed:bq=-0.47,dir_eff=0.34'}
2026-07-26 13:02:44 | INFO | trading.strategy2_signal_filter:check:681 | S2 market phase | {'symbol': 'PIEVERSEUSDT', 'phase': 'bleed', 'note': 'bleed:bq=-0.47,dir_eff=0.34'}
2026-07-26 13:02:44 | DEBUG | trading.strategy2_signal_filter:check:691 | S2 skip: market phase=bleed | {'symbol': 'PIEVERSEUSDT', 'note': 'bleed:bq=-0.47,dir_eff=0.34'}
2026-07-26 13:02:44 | DEBUG | trading.strategy2_signal_filter:check:563 | S2 skip: p_bounce below group floor | {'symbol': 'AKEUSDT', 'group': 'g1', 'p_bounce': 0.441, 'floor': 0.6, 'approach_count': 0, 'touches': 'unknown(no-count)'}
2026-07-26 13:02:44 | INFO | trading.strategy2_signal_filter:check:533 | S2 skip: approach>=block (G3, level exhausted) | {'symbol': 'EULUSDT', 'level': 2.4312, 'approach_count': 12, 'block_threshold': 4}
2026-07-26 13:02:50 | INFO | trading.strategy2_signal_filter:check:681 | S2 market phase | {'symbol': 'PIEVERSEUSDT', 'phase': 'bleed', 'note': 'bleed:bq=-0.47,dir_eff=0.34'}
2026-07-26 13:02:50 | DEBUG | trading.strategy2_signal_filter:check:691 | S2 skip: market phase=bleed | {'symbol': 'PIEVERSEUSDT', 'note': 'bleed:bq=-0.47,dir_eff=0.34'}
2026-07-26 13:02:50 | INFO | trading.strategy2_signal_filter:check:681 | S2 market phase | {'symbol': 'PIEVERSEUSDT', 'phase': 'bleed', 'note': 'bleed:bq=-0.47,dir_eff=0.34'}
2026-07-26 13:02:50 | DEBUG | trading.strategy2_signal_filter:check:691 | S2 skip: market phase=bleed | {'symbol': 'PIEVERSEUSDT', 'note': 'bleed:bq=-0.47,dir_eff=0.34'}
2026-07-26 13:02:55 | INFO | trading.strategy2_signal_filter:check:681 | S2 market phase | {'symbol': 'PIEVERSEUSDT', 'phase': 'bleed', 'note': 'bleed:bq=-0.47,dir_eff=0.33'}
2026-07-26 13:02:55 | DEBUG | trading.strategy2_signal_filter:check:691 | S2 skip: market phase=bleed | {'symbol': 'PIEVERSEUSDT', 'note': 'bleed:bq=-0.47,dir_eff=0.33'}
2026-07-26 13:03:00 | INFO | trading.strategy2_signal_filter:check:681 | S2 market phase | {'symbol': 'PIEVERSEUSDT', 'phase': 'bleed', 'note': 'bleed:bq=-0.47,dir_eff=0.33'}
2026-07-26 13:03:00 | DEBUG | trading.strategy2_signal_filter:check:691 | S2 skip: market phase=bleed | {'symbol': 'PIEVERSEUSDT', 'note': 'bleed:bq=-0.47,dir_eff=0.33'}
2026-07-26 13:03:05 | INFO | trading.strategy2_signal_filter:check:681 | S2 market phase | {'symbol': 'PIEVERSEUSDT', 'phase': 'bleed', 'note': 'bleed:bq=-0.47,dir_eff=0.35'}
2026-07-26 13:03:05 | DEBUG | trading.strategy2_signal_filter:check:691 | S2 skip: market phase=bleed | {'symbol': 'PIEVERSEUSDT', 'note': 'bleed:bq=-0.47,dir_eff=0.35'}
2026-07-26 13:03:05 | INFO | trading.strategy2_signal_filter:check:681 | S2 market phase | {'symbol': 'PIEVERSEUSDT', 'phase': 'bleed', 'note': 'bleed:bq=-0.47,dir_eff=0.35'}
2026-07-26 13:03:05 | DEBUG | trading.strategy2_signal_filter:check:691 | S2 skip: market phase=bleed | {'symbol': 'PIEVERSEUSDT', 'note': 'bleed:bq=-0.47,dir_eff=0.35'}
2026-07-26 13:03:10 | INFO | trading.strategy2_signal_filter:check:681 | S2 market phase | {'symbol': 'PIEVERSEUSDT', 'phase': 'bleed', 'note': 'bleed:bq=-0.47,dir_eff=0.35'}
2026-07-26 13:03:10 | DEBUG | trading.strategy2_signal_filter:check:691 | S2 skip: market phase=bleed | {'symbol': 'PIEVERSEUSDT', 'note': 'bleed:bq=-0.47,dir_eff=0.35'}
2026-07-26 13:03:15 | INFO | trading.strategy2_signal_filter:check:681 | S2 market phase | {'symbol': 'PIEVERSEUSDT', 'phase': 'bleed', 'note': 'bleed:bq=-0.47,dir_eff=0.36'}
2026-07-26 13:03:15 | DEBUG | trading.strategy2_signal_filter:check:691 | S2 skip: market phase=bleed | {'symbol': 'PIEVERSEUSDT', 'note': 'bleed:bq=-0.47,dir_eff=0.36'}
2026-07-26 13:03:15 | INFO | trading.strategy2_signal_filter:check:533 | S2 skip: approach>=block (G3, level exhausted) | {'symbol': 'EULUSDT', 'level': 2.4312, 'approach_count': 12, 'block_threshold': 4}
2026-07-26 13:03:21 | INFO | trading.strategy2_signal_filter:check:681 | S2 market phase | {'symbol': 'PIEVERSEUSDT', 'phase': 'bleed', 'note': 'bleed:bq=-0.47,dir_eff=0.36'}
2026-07-26 13:03:21 | DEBUG | trading.strategy2_signal_filter:check:691 | S2 skip: market phase=bleed | {'symbol': 'PIEVERSEUSDT', 'note': 'bleed:bq=-0.47,dir_eff=0.36'}
2026-07-26 13:03:21 | INFO | trading.strategy2_signal_filter:check:681 | S2 market phase | {'symbol': 'PIEVERSEUSDT', 'phase': 'bleed', 'note': 'bleed:bq=-0.47,dir_eff=0.36'}
2026-07-26 13:03:21 | DEBUG | trading.strategy2_signal_filter:check:691 | S2 skip: market phase=bleed | {'symbol': 'PIEVERSEUSDT', 'note': 'bleed:bq=-0.47,dir_eff=0.36'}
2026-07-26 13:03:26 | INFO | trading.strategy2_signal_filter:check:681 | S2 market phase | {'symbol': 'PIEVERSEUSDT', 'phase': 'bleed', 'note': 'bleed:bq=-0.47,dir_eff=0.36'}
2026-07-26 13:03:26 | DEBUG | trading.strategy2_signal_filter:check:691 | S2 skip: market phase=bleed | {'symbol': 'PIEVERSEUSDT', 'note': 'bleed:bq=-0.47,dir_eff=0.36'}
2026-07-26 13:03:36 | DEBUG | trading.strategy2_signal_filter:check:563 | S2 skip: p_bounce below group floor | {'symbol': 'AKEUSDT', 'group': 'g1', 'p_bounce': 0.441, 'floor': 0.6, 'approach_count': 0, 'touches': 0}
2026-07-26 13:03:36 | DEBUG | trading.strategy2_signal_filter:check:563 | S2 skip: p_bounce below group floor | {'symbol': 'AKEUSDT', 'group': 'g1', 'p_bounce': 0.441, 'floor': 0.6, 'approach_count': 0, 'touches': 'unknown(no-count)'}
2026-07-26 13:03:36 | INFO | trading.strategy2_signal_filter:check:681 | S2 market phase | {'symbol': 'PIEVERSEUSDT', 'phase': 'bleed', 'note': 'bleed:bq=-0.47,dir_eff=0.39'}
2026-07-26 13:03:36 | DEBUG | trading.strategy2_signal_filter:check:691 | S2 skip: market phase=bleed | {'symbol': 'PIEVERSEUSDT', 'note': 'bleed:bq=-0.47,dir_eff=0.39'}
2026-07-26 13:03:41 | DEBUG | trading.strategy2_signal_filter:check:563 | S2 skip: p_bounce below group floor | {'symbol': 'AKEUSDT', 'group': 'g1', 'p_bounce': 0.441, 'floor': 0.6, 'approach_count': 0, 'touches': 0}
2026-07-26 13:04:02 | INFO | trading.live_price_tracker:_save_post_exit_range:226 | live_post_exit_tracker saved | {'trade_id': '138e47a5-085a-4dd6-910f-ecb5c606654f', 'high': 0.0031193, 'low': 0.0030554}
2026-07-26 13:05:04 | INFO | trading.strategy2_signal_filter:check:533 | S2 skip: approach>=block (G3, level exhausted) | {'symbol': 'EULUSDT', 'level': 2.4312, 'approach_count': 12, 'block_threshold': 4}
2026-07-26 13:05:20 | INFO | trading.strategy2_signal_filter:check:533 | S2 skip: approach>=block (G3, level exhausted) | {'symbol': 'EULUSDT', 'level': 2.4312, 'approach_count': 13, 'block_threshold': 4}
2026-07-26 13:05:25 | INFO | trading.strategy2_signal_filter:check:681 | S2 market phase | {'symbol': 'PIEVERSEUSDT', 'phase': 'bleed', 'note': 'bleed:bq=-0.47,dir_eff=0.52'}
2026-07-26 13:05:25 | DEBUG | trading.strategy2_signal_filter:check:691 | S2 skip: market phase=bleed | {'symbol': 'PIEVERSEUSDT', 'note': 'bleed:bq=-0.47,dir_eff=0.52'}
2026-07-26 13:05:30 | INFO | trading.strategy2_signal_filter:check:681 | S2 market phase | {'symbol': 'PIEVERSEUSDT', 'phase': 'bleed', 'note': 'bleed:bq=-0.47,dir_eff=0.52'}
2026-07-26 13:05:30 | DEBUG | trading.strategy2_signal_filter:check:691 | S2 skip: market phase=bleed | {'symbol': 'PIEVERSEUSDT', 'note': 'bleed:bq=-0.47,dir_eff=0.52'}
2026-07-26 13:05:35 | INFO | trading.strategy2_signal_filter:check:533 | S2 skip: approach>=block (G3, level exhausted) | {'symbol': 'EULUSDT', 'level': 2.4312, 'approach_count': 13, 'block_threshold': 4}
2026-07-26 13:05:35 | INFO | trading.strategy2_signal_filter:check:681 | S2 market phase | {'symbol': 'PIEVERSEUSDT', 'phase': 'bleed', 'note': 'bleed:bq=-0.47,dir_eff=0.52'}
2026-07-26 13:05:35 | DEBUG | trading.strategy2_signal_filter:check:691 | S2 skip: market phase=bleed | {'symbol': 'PIEVERSEUSDT', 'note': 'bleed:bq=-0.47,dir_eff=0.52'}
2026-07-26 13:05:41 | INFO | trading.strategy2_signal_filter:check:681 | S2 market phase | {'symbol': 'PIEVERSEUSDT', 'phase': 'bleed', 'note': 'bleed:bq=-0.47,dir_eff=0.53'}
2026-07-26 13:05:41 | DEBUG | trading.strategy2_signal_filter:check:691 | S2 skip: market phase=bleed | {'symbol': 'PIEVERSEUSDT', 'note': 'bleed:bq=-0.47,dir_eff=0.53'}
2026-07-26 13:05:46 | INFO | trading.strategy2_signal_filter:check:681 | S2 market phase | {'symbol': 'PIEVERSEUSDT', 'phase': 'bleed', 'note': 'bleed:bq=-0.47,dir_eff=0.53'}
2026-07-26 13:05:46 | DEBUG | trading.strategy2_signal_filter:check:691 | S2 skip: market phase=bleed | {'symbol': 'PIEVERSEUSDT', 'note': 'bleed:bq=-0.47,dir_eff=0.53'}
2026-07-26 13:05:51 | INFO | trading.strategy2_signal_filter:check:533 | S2 skip: approach>=block (G3, level exhausted) | {'symbol': 'EULUSDT', 'level': 2.4312, 'approach_count': 13, 'block_threshold': 4}
2026-07-26 13:05:51 | INFO | trading.strategy2_signal_filter:check:681 | S2 market phase | {'symbol': 'PIEVERSEUSDT', 'phase': 'bleed', 'note': 'bleed:bq=-0.47,dir_eff=0.53'}
2026-07-26 13:05:51 | DEBUG | trading.strategy2_signal_filter:check:691 | S2 skip: market phase=bleed | {'symbol': 'PIEVERSEUSDT', 'note': 'bleed:bq=-0.47,dir_eff=0.53'}
2026-07-26 13:05:56 | INFO | trading.strategy2_signal_filter:check:681 | S2 market phase | {'symbol': 'PIEVERSEUSDT', 'phase': 'bleed', 'note': 'bleed:bq=-0.47,dir_eff=0.53'}
2026-07-26 13:05:56 | DEBUG | trading.strategy2_signal_filter:check:691 | S2 skip: market phase=bleed | {'symbol': 'PIEVERSEUSDT', 'note': 'bleed:bq=-0.47,dir_eff=0.53'}
2026-07-26 13:06:01 | INFO | trading.strategy2_signal_filter:check:681 | S2 market phase | {'symbol': 'PIEVERSEUSDT', 'phase': 'bleed', 'note': 'bleed:bq=-0.47,dir_eff=0.53'}
2026-07-26 13:06:01 | DEBUG | trading.strategy2_signal_filter:check:691 | S2 skip: market phase=bleed | {'symbol': 'PIEVERSEUSDT', 'note': 'bleed:bq=-0.47,dir_eff=0.53'}
2026-07-26 13:06:06 | INFO | trading.strategy2_signal_filter:check:533 | S2 skip: approach>=block (G3, level exhausted) | {'symbol': 'EULUSDT', 'level': 2.4312, 'approach_count': 13, 'block_threshold': 4}
2026-07-26 13:06:06 | INFO | trading.strategy2_signal_filter:check:681 | S2 market phase | {'symbol': 'PIEVERSEUSDT', 'phase': 'bleed', 'note': 'bleed:bq=-0.47,dir_eff=0.53'}
2026-07-26 13:06:06 | DEBUG | trading.strategy2_signal_filter:check:691 | S2 skip: market phase=bleed | {'symbol': 'PIEVERSEUSDT', 'note': 'bleed:bq=-0.47,dir_eff=0.53'}
2026-07-26 13:06:12 | INFO | trading.strategy2_signal_filter:check:681 | S2 market phase | {'symbol': 'PIEVERSEUSDT', 'phase': 'bleed', 'note': 'bleed:bq=-0.47,dir_eff=0.48'}
2026-07-26 13:06:12 | DEBUG | trading.strategy2_signal_filter:check:691 | S2 skip: market phase=bleed | {'symbol': 'PIEVERSEUSDT', 'note': 'bleed:bq=-0.47,dir_eff=0.48'}
2026-07-26 13:06:17 | INFO | trading.strategy2_signal_filter:check:681 | S2 market phase | {'symbol': 'PIEVERSEUSDT', 'phase': 'bleed', 'note': 'bleed:bq=-0.47,dir_eff=0.48'}
2026-07-26 13:06:17 | DEBUG | trading.strategy2_signal_filter:check:691 | S2 skip: market phase=bleed | {'symbol': 'PIEVERSEUSDT', 'note': 'bleed:bq=-0.47,dir_eff=0.48'}
2026-07-26 13:06:22 | INFO | trading.strategy2_signal_filter:check:681 | S2 market phase | {'symbol': 'PIEVERSEUSDT', 'phase': 'bleed', 'note': 'bleed:bq=-0.47,dir_eff=0.48'}
2026-07-26 13:06:22 | DEBUG | trading.strategy2_signal_filter:check:691 | S2 skip: market phase=bleed | {'symbol': 'PIEVERSEUSDT', 'note': 'bleed:bq=-0.47,dir_eff=0.48'}
2026-07-26 13:06:27 | INFO | trading.strategy2_signal_filter:check:681 | S2 market phase | {'symbol': 'PIEVERSEUSDT', 'phase': 'bleed', 'note': 'bleed:bq=-0.47,dir_eff=0.49'}
2026-07-26 13:06:27 | DEBUG | trading.strategy2_signal_filter:check:691 | S2 skip: market phase=bleed | {'symbol': 'PIEVERSEUSDT', 'note': 'bleed:bq=-0.47,dir_eff=0.49'}
2026-07-26 13:06:32 | INFO | trading.strategy2_signal_filter:check:681 | S2 market phase | {'symbol': 'PIEVERSEUSDT', 'phase': 'bleed', 'note': 'bleed:bq=-0.47,dir_eff=0.49'}
2026-07-26 13:06:32 | DEBUG | trading.strategy2_signal_filter:check:691 | S2 skip: market phase=bleed | {'symbol': 'PIEVERSEUSDT', 'note': 'bleed:bq=-0.47,dir_eff=0.49'}
2026-07-26 13:06:32 | INFO | trading.strategy2_signal_filter:check:533 | S2 skip: approach>=block (G3, level exhausted) | {'symbol': 'DEXEUSDT', 'level': 3.636, 'approach_count': 9, 'block_threshold': 4}
2026-07-26 13:06:32 | INFO | trading.strategy2_signal_filter:check:545 | S2: level marked dead, monitor will stop sending proximity | {'symbol': 'DEXEUSDT', 'level': 3.636, 'approach_count': 9}
2026-07-26 13:06:37 | INFO | trading.strategy2_signal_filter:check:681 | S2 market phase | {'symbol': 'PIEVERSEUSDT', 'phase': 'bleed', 'note': 'bleed:bq=-0.47,dir_eff=0.49'}
2026-07-26 13:06:37 | DEBUG | trading.strategy2_signal_filter:check:691 | S2 skip: market phase=bleed | {'symbol': 'PIEVERSEUSDT', 'note': 'bleed:bq=-0.47,dir_eff=0.49'}
2026-07-26 13:06:43 | INFO | trading.strategy2_signal_filter:check:681 | S2 market phase | {'symbol': 'PIEVERSEUSDT', 'phase': 'bleed', 'note': 'bleed:bq=-0.47,dir_eff=0.49'}
2026-07-26 13:06:43 | DEBUG | trading.strategy2_signal_filter:check:691 | S2 skip: market phase=bleed | {'symbol': 'PIEVERSEUSDT', 'note': 'bleed:bq=-0.47,dir_eff=0.49'}
2026-07-26 13:06:48 | INFO | trading.strategy2_signal_filter:check:681 | S2 market phase | {'symbol': 'PIEVERSEUSDT', 'phase': 'bleed', 'note': 'bleed:bq=-0.47,dir_eff=0.50'}
2026-07-26 13:06:48 | DEBUG | trading.strategy2_signal_filter:check:691 | S2 skip: market phase=bleed | {'symbol': 'PIEVERSEUSDT', 'note': 'bleed:bq=-0.47,dir_eff=0.50'}
2026-07-26 13:06:53 | INFO | trading.strategy2_signal_filter:check:681 | S2 market phase | {'symbol': 'PIEVERSEUSDT', 'phase': 'bleed', 'note': 'bleed:bq=-0.47,dir_eff=0.50'}
2026-07-26 13:06:53 | DEBUG | trading.strategy2_signal_filter:check:691 | S2 skip: market phase=bleed | {'symbol': 'PIEVERSEUSDT', 'note': 'bleed:bq=-0.47,dir_eff=0.50'}
2026-07-26 13:06:58 | INFO | trading.strategy2_signal_filter:check:681 | S2 market phase | {'symbol': 'PIEVERSEUSDT', 'phase': 'bleed', 'note': 'bleed:bq=-0.47,dir_eff=0.50'}
2026-07-26 13:06:58 | DEBUG | trading.strategy2_signal_filter:check:691 | S2 skip: market phase=bleed | {'symbol': 'PIEVERSEUSDT', 'note': 'bleed:bq=-0.47,dir_eff=0.50'}
2026-07-26 13:06:58 | INFO | trading.strategy2_signal_filter:check:533 | S2 skip: approach>=block (G3, level exhausted) | {'symbol': 'EULUSDT', 'level': 2.4312, 'approach_count': 13, 'block_threshold': 4}
2026-07-26 13:06:58 | INFO | trading.strategy2_signal_filter:check:681 | S2 market phase | {'symbol': 'DIAUSDT', 'phase': 'drop_tradeable', 'note': 'drop_tradeable:bq=0.61'}
2026-07-26 13:06:58 | DEBUG | trading.strategy2_signal_filter:check:824 | S2 skip: price too far above level | {'symbol': 'DIAUSDT', 'current': 0.1366, 'level': 0.1339, 'diff_pct': 2.016, 'max_pct': 2.0}
2026-07-26 13:07:03 | INFO | trading.strategy2_signal_filter:check:681 | S2 market phase | {'symbol': 'PIEVERSEUSDT', 'phase': 'bleed', 'note': 'bleed:bq=-0.47,dir_eff=0.50'}
2026-07-26 13:07:03 | DEBUG | trading.strategy2_signal_filter:check:691 | S2 skip: market phase=bleed | {'symbol': 'PIEVERSEUSDT', 'note': 'bleed:bq=-0.47,dir_eff=0.50'}
2026-07-26 13:07:08 | INFO | trading.strategy2_signal_filter:check:681 | S2 market phase | {'symbol': 'PIEVERSEUSDT', 'phase': 'bleed', 'note': 'bleed:bq=-0.47,dir_eff=0.50'}
2026-07-26 13:07:08 | DEBUG | trading.strategy2_signal_filter:check:691 | S2 skip: market phase=bleed | {'symbol': 'PIEVERSEUSDT', 'note': 'bleed:bq=-0.47,dir_eff=0.50'}
2026-07-26 13:07:14 | INFO | trading.strategy2_signal_filter:check:681 | S2 market phase | {'symbol': 'PIEVERSEUSDT', 'phase': 'bleed', 'note': 'bleed:bq=-0.47,dir_eff=0.45'}
2026-07-26 13:07:14 | DEBUG | trading.strategy2_signal_filter:check:691 | S2 skip: market phase=bleed | {'symbol': 'PIEVERSEUSDT', 'note': 'bleed:bq=-0.47,dir_eff=0.45'}
2026-07-26 13:07:14 | INFO | trading.strategy2_signal_filter:check:533 | S2 skip: approach>=block (G3, level exhausted) | {'symbol': 'EULUSDT', 'level': 2.4312, 'approach_count': 13, 'block_threshold': 4}
2026-07-26 13:07:19 | INFO | trading.strategy2_signal_filter:check:681 | S2 market phase | {'symbol': 'PIEVERSEUSDT', 'phase': 'bleed', 'note': 'bleed:bq=-0.47,dir_eff=0.45'}
2026-07-26 13:07:19 | DEBUG | trading.strategy2_signal_filter:check:691 | S2 skip: market phase=bleed | {'symbol': 'PIEVERSEUSDT', 'note': 'bleed:bq=-0.47,dir_eff=0.45'}
2026-07-26 13:07:24 | INFO | trading.strategy2_signal_filter:check:681 | S2 market phase | {'symbol': 'PIEVERSEUSDT', 'phase': 'bleed', 'note': 'bleed:bq=-0.47,dir_eff=0.45'}
2026-07-26 13:07:24 | DEBUG | trading.strategy2_signal_filter:check:691 | S2 skip: market phase=bleed | {'symbol': 'PIEVERSEUSDT', 'note': 'bleed:bq=-0.47,dir_eff=0.45'}
2026-07-26 13:07:29 | INFO | trading.strategy2_signal_filter:check:681 | S2 market phase | {'symbol': 'PIEVERSEUSDT', 'phase': 'bleed', 'note': 'bleed:bq=-0.47,dir_eff=0.45'}
2026-07-26 13:07:29 | DEBUG | trading.strategy2_signal_filter:check:691 | S2 skip: market phase=bleed | {'symbol': 'PIEVERSEUSDT', 'note': 'bleed:bq=-0.47,dir_eff=0.45'}
2026-07-26 13:07:34 | INFO | trading.strategy2_signal_filter:check:681 | S2 market phase | {'symbol': 'DIAUSDT', 'phase': 'drop_tradeable', 'note': 'drop_tradeable:bq=0.61'}
2026-07-26 13:07:34 | DEBUG | trading.strategy2_signal_filter:check:928 | S2 skip: RR below minimum | {'symbol': 'DIAUSDT', 'rr': 0.61, 'min_rr': 0.7, 'sl_dist_pct': 1.471, 'tp1_dist_pct': 0.9}
2026-07-26 13:07:34 | INFO | trading.strategy2_signal_filter:check:681 | S2 market phase | {'symbol': 'PIEVERSEUSDT', 'phase': 'bleed', 'note': 'bleed:bq=-0.47,dir_eff=0.45'}
2026-07-26 13:07:34 | DEBUG | trading.strategy2_signal_filter:check:691 | S2 skip: market phase=bleed | {'symbol': 'PIEVERSEUSDT', 'note': 'bleed:bq=-0.47,dir_eff=0.45'}
2026-07-26 13:07:34 | INFO | trading.strategy2_signal_filter:check:681 | S2 market phase | {'symbol': 'DIAUSDT', 'phase': 'drop_tradeable', 'note': 'drop_tradeable:bq=0.61'}
2026-07-26 13:07:34 | DEBUG | trading.strategy2_signal_filter:check:928 | S2 skip: RR below minimum | {'symbol': 'DIAUSDT', 'rr': 0.58, 'min_rr': 0.7, 'sl_dist_pct': 1.54, 'tp1_dist_pct': 0.9}
2026-07-26 13:07:40 | INFO | trading.strategy2_signal_filter:check:681 | S2 market phase | {'symbol': 'DIAUSDT', 'phase': 'drop_tradeable', 'note': 'drop_tradeable:bq=0.61'}
2026-07-26 13:07:40 | DEBUG | trading.strategy2_signal_filter:check:928 | S2 skip: RR below minimum | {'symbol': 'DIAUSDT', 'rr': 0.61, 'min_rr': 0.7, 'sl_dist_pct': 1.471, 'tp1_dist_pct': 0.9}
2026-07-26 13:07:40 | INFO | trading.strategy2_signal_filter:check:681 | S2 market phase | {'symbol': 'PIEVERSEUSDT', 'phase': 'bleed', 'note': 'bleed:bq=-0.47,dir_eff=0.45'}
2026-07-26 13:07:40 | DEBUG | trading.strategy2_signal_filter:check:691 | S2 skip: market phase=bleed | {'symbol': 'PIEVERSEUSDT', 'note': 'bleed:bq=-0.47,dir_eff=0.45'}
2026-07-26 13:07:45 | INFO | trading.strategy2_signal_filter:check:681 | S2 market phase | {'symbol': 'DIAUSDT', 'phase': 'drop_tradeable', 'note': 'drop_tradeable:bq=0.61'}
2026-07-26 13:07:45 | DEBUG | trading.strategy2_signal_filter:check:928 | S2 skip: RR below minimum | {'symbol': 'DIAUSDT', 'rr': 0.61, 'min_rr': 0.7, 'sl_dist_pct': 1.471, 'tp1_dist_pct': 0.9}
2026-07-26 13:07:45 | INFO | trading.strategy2_signal_filter:check:681 | S2 market phase | {'symbol': 'PIEVERSEUSDT', 'phase': 'bleed', 'note': 'bleed:bq=-0.47,dir_eff=0.45'}
2026-07-26 13:07:45 | DEBUG | trading.strategy2_signal_filter:check:691 | S2 skip: market phase=bleed | {'symbol': 'PIEVERSEUSDT', 'note': 'bleed:bq=-0.47,dir_eff=0.45'}
2026-07-26 13:07:50 | INFO | trading.strategy2_signal_filter:check:681 | S2 market phase | {'symbol': 'DIAUSDT', 'phase': 'drop_tradeable', 'note': 'drop_tradeable:bq=0.61'}
2026-07-26 13:07:50 | DEBUG | trading.strategy2_signal_filter:check:928 | S2 skip: RR below minimum | {'symbol': 'DIAUSDT', 'rr': 0.61, 'min_rr': 0.7, 'sl_dist_pct': 1.471, 'tp1_dist_pct': 0.9}
2026-07-26 13:07:50 | INFO | trading.strategy2_signal_filter:check:681 | S2 market phase | {'symbol': 'PIEVERSEUSDT', 'phase': 'bleed', 'note': 'bleed:bq=-0.47,dir_eff=0.45'}
2026-07-26 13:07:50 | DEBUG | trading.strategy2_signal_filter:check:691 | S2 skip: market phase=bleed | {'symbol': 'PIEVERSEUSDT', 'note': 'bleed:bq=-0.47,dir_eff=0.45'}
2026-07-26 13:07:50 | INFO | trading.strategy2_signal_filter:check:681 | S2 market phase | {'symbol': 'DIAUSDT', 'phase': 'drop_tradeable', 'note': 'drop_tradeable:bq=0.61'}
2026-07-26 13:07:50 | DEBUG | trading.strategy2_signal_filter:check:928 | S2 skip: RR below minimum | {'symbol': 'DIAUSDT', 'rr': 0.58, 'min_rr': 0.7, 'sl_dist_pct': 1.543, 'tp1_dist_pct': 0.9}
2026-07-26 13:07:55 | INFO | trading.strategy2_signal_filter:check:681 | S2 market phase | {'symbol': 'DIAUSDT', 'phase': 'drop_tradeable', 'note': 'drop_tradeable:bq=0.61'}
2026-07-26 13:07:55 | DEBUG | trading.strategy2_signal_filter:check:928 | S2 skip: RR below minimum | {'symbol': 'DIAUSDT', 'rr': 0.61, 'min_rr': 0.7, 'sl_dist_pct': 1.471, 'tp1_dist_pct': 0.9}
2026-07-26 13:07:55 | INFO | trading.strategy2_signal_filter:check:681 | S2 market phase | {'symbol': 'PIEVERSEUSDT', 'phase': 'bleed', 'note': 'bleed:bq=-0.47,dir_eff=0.45'}
2026-07-26 13:07:55 | DEBUG | trading.strategy2_signal_filter:check:691 | S2 skip: market phase=bleed | {'symbol': 'PIEVERSEUSDT', 'note': 'bleed:bq=-0.47,dir_eff=0.45'}
2026-07-26 13:08:00 | INFO | trading.strategy2_signal_filter:check:681 | S2 market phase | {'symbol': 'DIAUSDT', 'phase': 'drop_tradeable', 'note': 'drop_tradeable:bq=0.61'}
2026-07-26 13:08:00 | DEBUG | trading.strategy2_signal_filter:check:928 | S2 skip: RR below minimum | {'symbol': 'DIAUSDT', 'rr': 0.61, 'min_rr': 0.7, 'sl_dist_pct': 1.471, 'tp1_dist_pct': 0.9}
2026-07-26 13:08:00 | INFO | trading.strategy2_signal_filter:check:681 | S2 market phase | {'symbol': 'PIEVERSEUSDT', 'phase': 'bleed', 'note': 'bleed:bq=-0.47,dir_eff=0.46'}
2026-07-26 13:08:00 | DEBUG | trading.strategy2_signal_filter:check:691 | S2 skip: market phase=bleed | {'symbol': 'PIEVERSEUSDT', 'note': 'bleed:bq=-0.47,dir_eff=0.46'}
2026-07-26 13:08:06 | INFO | trading.strategy2_signal_filter:check:681 | S2 market phase | {'symbol': 'DIAUSDT', 'phase': 'drop_tradeable', 'note': 'drop_tradeable:bq=0.61'}
2026-07-26 13:08:06 | DEBUG | trading.strategy2_signal_filter:check:928 | S2 skip: RR below minimum | {'symbol': 'DIAUSDT', 'rr': 0.61, 'min_rr': 0.7, 'sl_dist_pct': 1.471, 'tp1_dist_pct': 0.9}
2026-07-26 13:08:06 | INFO | trading.strategy2_signal_filter:check:681 | S2 market phase | {'symbol': 'PIEVERSEUSDT', 'phase': 'bleed', 'note': 'bleed:bq=-0.47,dir_eff=0.46'}
2026-07-26 13:08:06 | DEBUG | trading.strategy2_signal_filter:check:691 | S2 skip: market phase=bleed | {'symbol': 'PIEVERSEUSDT', 'note': 'bleed:bq=-0.47,dir_eff=0.46'}
2026-07-26 13:08:06 | INFO | trading.strategy2_signal_filter:check:681 | S2 market phase | {'symbol': 'DIAUSDT', 'phase': 'drop_tradeable', 'note': 'drop_tradeable:bq=0.61'}
2026-07-26 13:08:06 | DEBUG | trading.strategy2_signal_filter:check:928 | S2 skip: RR below minimum | {'symbol': 'DIAUSDT', 'rr': 0.58, 'min_rr': 0.7, 'sl_dist_pct': 1.548, 'tp1_dist_pct': 0.9}
2026-07-26 13:08:11 | INFO | trading.strategy2_signal_filter:check:681 | S2 market phase | {'symbol': 'DIAUSDT', 'phase': 'drop_tradeable', 'note': 'drop_tradeable:bq=0.61'}
2026-07-26 13:08:11 | DEBUG | trading.strategy2_signal_filter:check:928 | S2 skip: RR below minimum | {'symbol': 'DIAUSDT', 'rr': 0.61, 'min_rr': 0.7, 'sl_dist_pct': 1.471, 'tp1_dist_pct': 0.9}
2026-07-26 13:08:11 | INFO | trading.strategy2_signal_filter:check:681 | S2 market phase | {'symbol': 'PIEVERSEUSDT', 'phase': 'bleed', 'note': 'bleed:bq=-0.47,dir_eff=0.46'}
2026-07-26 13:08:11 | DEBUG | trading.strategy2_signal_filter:check:691 | S2 skip: market phase=bleed | {'symbol': 'PIEVERSEUSDT', 'note': 'bleed:bq=-0.47,dir_eff=0.46'}
2026-07-26 13:08:11 | INFO | trading.strategy2_signal_filter:check:533 | S2 skip: approach>=block (G3, level exhausted) | {'symbol': 'DEXEUSDT', 'level': 3.636, 'approach_count': 9, 'block_threshold': 4}
2026-07-26 13:08:16 | INFO | trading.strategy2_signal_filter:check:681 | S2 market phase | {'symbol': 'DIAUSDT', 'phase': 'drop_tradeable', 'note': 'drop_tradeable:bq=0.61'}
2026-07-26 13:08:16 | DEBUG | trading.strategy2_signal_filter:check:928 | S2 skip: RR below minimum | {'symbol': 'DIAUSDT', 'rr': 0.61, 'min_rr': 0.7, 'sl_dist_pct': 1.471, 'tp1_dist_pct': 0.9}
2026-07-26 13:08:16 | INFO | trading.strategy2_signal_filter:check:681 | S2 market phase | {'symbol': 'PIEVERSEUSDT', 'phase': 'bleed', 'note': 'bleed:bq=-0.47,dir_eff=0.46'}
2026-07-26 13:08:16 | DEBUG | trading.strategy2_signal_filter:check:691 | S2 skip: market phase=bleed | {'symbol': 'PIEVERSEUSDT', 'note': 'bleed:bq=-0.47,dir_eff=0.46'}
2026-07-26 13:08:21 | INFO | trading.strategy2_signal_filter:check:681 | S2 market phase | {'symbol': 'PIEVERSEUSDT', 'phase': 'bleed', 'note': 'bleed:bq=-0.47,dir_eff=0.46'}
2026-07-26 13:08:21 | DEBUG | trading.strategy2_signal_filter:check:691 | S2 skip: market phase=bleed | {'symbol': 'PIEVERSEUSDT', 'note': 'bleed:bq=-0.47,dir_eff=0.46'}
2026-07-26 13:08:26 | INFO | trading.strategy2_signal_filter:check:681 | S2 market phase | {'symbol': 'PIEVERSEUSDT', 'phase': 'bleed', 'note': 'bleed:bq=-0.47,dir_eff=0.46'}
2026-07-26 13:08:26 | DEBUG | trading.strategy2_signal_filter:check:691 | S2 skip: market phase=bleed | {'symbol': 'PIEVERSEUSDT', 'note': 'bleed:bq=-0.47,dir_eff=0.46'}
2026-07-26 13:08:26 | INFO | trading.strategy2_signal_filter:check:533 | S2 skip: approach>=block (G3, level exhausted) | {'symbol': 'DEXEUSDT', 'level': 3.636, 'approach_count': 9, 'block_threshold': 4}
2026-07-26 13:08:31 | INFO | trading.strategy2_signal_filter:check:681 | S2 market phase | {'symbol': 'PIEVERSEUSDT', 'phase': 'bleed', 'note': 'bleed:bq=-0.47,dir_eff=0.46'}
2026-07-26 13:08:31 | DEBUG | trading.strategy2_signal_filter:check:691 | S2 skip: market phase=bleed | {'symbol': 'PIEVERSEUSDT', 'note': 'bleed:bq=-0.47,dir_eff=0.46'}
2026-07-26 13:08:37 | INFO | trading.strategy2_signal_filter:check:681 | S2 market phase | {'symbol': 'DIAUSDT', 'phase': 'drop_tradeable', 'note': 'drop_tradeable:bq=0.61'}
2026-07-26 13:08:37 | DEBUG | trading.strategy2_signal_filter:check:928 | S2 skip: RR below minimum | {'symbol': 'DIAUSDT', 'rr': 0.61, 'min_rr': 0.7, 'sl_dist_pct': 1.471, 'tp1_dist_pct': 0.9}
2026-07-26 13:08:37 | INFO | trading.strategy2_signal_filter:check:681 | S2 market phase | {'symbol': 'PIEVERSEUSDT', 'phase': 'bleed', 'note': 'bleed:bq=-0.47,dir_eff=0.46'}
2026-07-26 13:08:37 | DEBUG | trading.strategy2_signal_filter:check:691 | S2 skip: market phase=bleed | {'symbol': 'PIEVERSEUSDT', 'note': 'bleed:bq=-0.47,dir_eff=0.46'}
2026-07-26 13:08:37 | INFO | trading.strategy2_signal_filter:check:681 | S2 market phase | {'symbol': 'DIAUSDT', 'phase': 'drop_tradeable', 'note': 'drop_tradeable:bq=0.61'}
2026-07-26 13:08:37 | DEBUG | trading.strategy2_signal_filter:check:928 | S2 skip: RR below minimum | {'symbol': 'DIAUSDT', 'rr': 0.59, 'min_rr': 0.7, 'sl_dist_pct': 1.532, 'tp1_dist_pct': 0.9}
2026-07-26 13:08:42 | INFO | trading.strategy2_signal_filter:check:681 | S2 market phase | {'symbol': 'DIAUSDT', 'phase': 'drop_tradeable', 'note': 'drop_tradeable:bq=0.61'}
2026-07-26 13:08:42 | DEBUG | trading.strategy2_signal_filter:check:928 | S2 skip: RR below minimum | {'symbol': 'DIAUSDT', 'rr': 0.61, 'min_rr': 0.7, 'sl_dist_pct': 1.471, 'tp1_dist_pct': 0.9}
2026-07-26 13:08:42 | INFO | trading.strategy2_signal_filter:check:681 | S2 market phase | {'symbol': 'PIEVERSEUSDT', 'phase': 'bleed', 'note': 'bleed:bq=-0.47,dir_eff=0.46'}
2026-07-26 13:08:42 | DEBUG | trading.strategy2_signal_filter:check:691 | S2 skip: market phase=bleed | {'symbol': 'PIEVERSEUSDT', 'note': 'bleed:bq=-0.47,dir_eff=0.46'}
2026-07-26 13:08:47 | INFO | trading.strategy2_signal_filter:check:681 | S2 market phase | {'symbol': 'DIAUSDT', 'phase': 'drop_tradeable', 'note': 'drop_tradeable:bq=0.61'}
2026-07-26 13:08:47 | DEBUG | trading.strategy2_signal_filter:check:928 | S2 skip: RR below minimum | {'symbol': 'DIAUSDT', 'rr': 0.61, 'min_rr': 0.7, 'sl_dist_pct': 1.471, 'tp1_dist_pct': 0.9}
2026-07-26 13:08:47 | INFO | trading.strategy2_signal_filter:check:681 | S2 market phase | {'symbol': 'PIEVERSEUSDT', 'phase': 'bleed', 'note': 'bleed:bq=-0.47,dir_eff=0.46'}
2026-07-26 13:08:47 | DEBUG | trading.strategy2_signal_filter:check:691 | S2 skip: market phase=bleed | {'symbol': 'PIEVERSEUSDT', 'note': 'bleed:bq=-0.47,dir_eff=0.46'}
2026-07-26 13:08:52 | INFO | trading.strategy2_signal_filter:check:681 | S2 market phase | {'symbol': 'DIAUSDT', 'phase': 'drop_tradeable', 'note': 'drop_tradeable:bq=0.61'}
2026-07-26 13:08:52 | DEBUG | trading.strategy2_signal_filter:check:928 | S2 skip: RR below minimum | {'symbol': 'DIAUSDT', 'rr': 0.61, 'min_rr': 0.7, 'sl_dist_pct': 1.471, 'tp1_dist_pct': 0.9}
2026-07-26 13:08:52 | INFO | trading.strategy2_signal_filter:check:681 | S2 market phase | {'symbol': 'PIEVERSEUSDT', 'phase': 'bleed', 'note': 'bleed:bq=-0.47,dir_eff=0.46'}
2026-07-26 13:08:52 | DEBUG | trading.strategy2_signal_filter:check:691 | S2 skip: market phase=bleed | {'symbol': 'PIEVERSEUSDT', 'note': 'bleed:bq=-0.47,dir_eff=0.46'}
2026-07-26 13:08:52 | INFO | trading.strategy2_signal_filter:check:681 | S2 market phase | {'symbol': 'DIAUSDT', 'phase': 'drop_tradeable', 'note': 'drop_tradeable:bq=0.61'}
2026-07-26 13:08:52 | DEBUG | trading.strategy2_signal_filter:check:928 | S2 skip: RR below minimum | {'symbol': 'DIAUSDT', 'rr': 0.59, 'min_rr': 0.7, 'sl_dist_pct': 1.532, 'tp1_dist_pct': 0.9}
2026-07-26 13:08:57 | INFO | trading.strategy2_signal_filter:check:681 | S2 market phase | {'symbol': 'PIEVERSEUSDT', 'phase': 'bleed', 'note': 'bleed:bq=-0.47,dir_eff=0.46'}
2026-07-26 13:08:57 | DEBUG | trading.strategy2_signal_filter:check:691 | S2 skip: market phase=bleed | {'symbol': 'PIEVERSEUSDT', 'note': 'bleed:bq=-0.47,dir_eff=0.46'}
2026-07-26 13:09:02 | INFO | trading.strategy2_signal_filter:check:681 | S2 market phase | {'symbol': 'PIEVERSEUSDT', 'phase': 'bleed', 'note': 'bleed:bq=-0.47,dir_eff=0.46'}
2026-07-26 13:09:02 | DEBUG | trading.strategy2_signal_filter:check:691 | S2 skip: market phase=bleed | {'symbol': 'PIEVERSEUSDT', 'note': 'bleed:bq=-0.47,dir_eff=0.46'}
2026-07-26 13:09:08 | INFO | trading.strategy2_signal_filter:check:681 | S2 market phase | {'symbol': 'PIEVERSEUSDT', 'phase': 'bleed', 'note': 'bleed:bq=-0.47,dir_eff=0.46'}
2026-07-26 13:09:08 | DEBUG | trading.strategy2_signal_filter:check:691 | S2 skip: market phase=bleed | {'symbol': 'PIEVERSEUSDT', 'note': 'bleed:bq=-0.47,dir_eff=0.46'}
2026-07-26 13:09:08 | INFO | trading.strategy2_signal_filter:check:533 | S2 skip: approach>=block (G3, level exhausted) | {'symbol': 'DEXEUSDT', 'level': 3.636, 'approach_count': 9, 'block_threshold': 4}
2026-07-26 13:09:08 | INFO | trading.strategy2_signal_filter:check:681 | S2 market phase | {'symbol': 'DIAUSDT', 'phase': 'drop_tradeable', 'note': 'drop_tradeable:bq=0.61'}
2026-07-26 13:09:08 | DEBUG | trading.strategy2_signal_filter:check:824 | S2 skip: price too far above level | {'symbol': 'DIAUSDT', 'current': 0.1366, 'level': 0.1339, 'diff_pct': 2.016, 'max_pct': 2.0}
2026-07-26 13:09:13 | INFO | trading.strategy2_signal_filter:check:681 | S2 market phase | {'symbol': 'PIEVERSEUSDT', 'phase': 'bleed', 'note': 'bleed:bq=-0.47,dir_eff=0.47'}
2026-07-26 13:09:13 | DEBUG | trading.strategy2_signal_filter:check:691 | S2 skip: market phase=bleed | {'symbol': 'PIEVERSEUSDT', 'note': 'bleed:bq=-0.47,dir_eff=0.47'}
2026-07-26 13:09:18 | INFO | trading.strategy2_signal_filter:check:681 | S2 market phase | {'symbol': 'PIEVERSEUSDT', 'phase': 'bleed', 'note': 'bleed:bq=-0.47,dir_eff=0.47'}
2026-07-26 13:09:18 | DEBUG | trading.strategy2_signal_filter:check:691 | S2 skip: market phase=bleed | {'symbol': 'PIEVERSEUSDT', 'note': 'bleed:bq=-0.47,dir_eff=0.47'}
2026-07-26 13:09:23 | INFO | trading.strategy2_signal_filter:check:681 | S2 market phase | {'symbol': 'PIEVERSEUSDT', 'phase': 'bleed', 'note': 'bleed:bq=-0.47,dir_eff=0.47'}
2026-07-26 13:09:23 | DEBUG | trading.strategy2_signal_filter:check:691 | S2 skip: market phase=bleed | {'symbol': 'PIEVERSEUSDT', 'note': 'bleed:bq=-0.47,dir_eff=0.47'}
2026-07-26 13:09:23 | INFO | trading.strategy2_signal_filter:check:533 | S2 skip: approach>=block (G3, level exhausted) | {'symbol': 'DEXEUSDT', 'level': 3.636, 'approach_count': 9, 'block_threshold': 4}
2026-07-26 13:09:28 | INFO | trading.strategy2_signal_filter:check:681 | S2 market phase | {'symbol': 'PIEVERSEUSDT', 'phase': 'bleed', 'note': 'bleed:bq=-0.47,dir_eff=0.47'}
2026-07-26 13:09:28 | DEBUG | trading.strategy2_signal_filter:check:691 | S2 skip: market phase=bleed | {'symbol': 'PIEVERSEUSDT', 'note': 'bleed:bq=-0.47,dir_eff=0.47'}
2026-07-26 13:09:33 | INFO | trading.strategy2_signal_filter:check:681 | S2 market phase | {'symbol': 'PIEVERSEUSDT', 'phase': 'bleed', 'note': 'bleed:bq=-0.47,dir_eff=0.47'}
2026-07-26 13:09:33 | DEBUG | trading.strategy2_signal_filter:check:691 | S2 skip: market phase=bleed | {'symbol': 'PIEVERSEUSDT', 'note': 'bleed:bq=-0.47,dir_eff=0.47'}
2026-07-26 13:09:39 | INFO | trading.strategy2_signal_filter:check:681 | S2 market phase | {'symbol': 'PIEVERSEUSDT', 'phase': 'bleed', 'note': 'bleed:bq=-0.47,dir_eff=0.47'}
2026-07-26 13:09:39 | DEBUG | trading.strategy2_signal_filter:check:691 | S2 skip: market phase=bleed | {'symbol': 'PIEVERSEUSDT', 'note': 'bleed:bq=-0.47,dir_eff=0.47'}
2026-07-26 13:09:39 | INFO | trading.strategy2_signal_filter:check:533 | S2 skip: approach>=block (G3, level exhausted) | {'symbol': 'DEXEUSDT', 'level': 3.636, 'approach_count': 9, 'block_threshold': 4}
2026-07-26 13:09:44 | INFO | trading.strategy2_signal_filter:check:681 | S2 market phase | {'symbol': 'PIEVERSEUSDT', 'phase': 'bleed', 'note': 'bleed:bq=-0.47,dir_eff=0.47'}
2026-07-26 13:09:44 | DEBUG | trading.strategy2_signal_filter:check:691 | S2 skip: market phase=bleed | {'symbol': 'PIEVERSEUSDT', 'note': 'bleed:bq=-0.47,dir_eff=0.47'}
2026-07-26 13:09:49 | INFO | trading.strategy2_signal_filter:check:681 | S2 market phase | {'symbol': 'PIEVERSEUSDT', 'phase': 'bleed', 'note': 'bleed:bq=-0.47,dir_eff=0.47'}
2026-07-26 13:09:49 | DEBUG | trading.strategy2_signal_filter:check:691 | S2 skip: market phase=bleed | {'symbol': 'PIEVERSEUSDT', 'note': 'bleed:bq=-0.47,dir_eff=0.47'}
2026-07-26 13:09:54 | INFO | trading.strategy2_signal_filter:check:681 | S2 market phase | {'symbol': 'PIEVERSEUSDT', 'phase': 'bleed', 'note': 'bleed:bq=-0.47,dir_eff=0.47'}
2026-07-26 13:09:54 | DEBUG | trading.strategy2_signal_filter:check:691 | S2 skip: market phase=bleed | {'symbol': 'PIEVERSEUSDT', 'note': 'bleed:bq=-0.47,dir_eff=0.47'}
2026-07-26 13:09:54 | INFO | trading.strategy2_signal_filter:check:533 | S2 skip: approach>=block (G3, level exhausted) | {'symbol': 'DEXEUSDT', 'level': 3.636, 'approach_count': 10, 'block_threshold': 4}
2026-07-26 13:09:59 | INFO | trading.strategy2_signal_filter:check:681 | S2 market phase | {'symbol': 'PIEVERSEUSDT', 'phase': 'bleed', 'note': 'bleed:bq=-0.47,dir_eff=0.47'}
2026-07-26 13:09:59 | DEBUG | trading.strategy2_signal_filter:check:691 | S2 skip: market phase=bleed | {'symbol': 'PIEVERSEUSDT', 'note': 'bleed:bq=-0.47,dir_eff=0.47'}
2026-07-26 13:10:05 | INFO | trading.strategy2_signal_filter:check:681 | S2 market phase | {'symbol': 'PIEVERSEUSDT', 'phase': 'bleed', 'note': 'bleed:bq=-0.47,dir_eff=0.47'}
2026-07-26 13:10:05 | DEBUG | trading.strategy2_signal_filter:check:691 | S2 skip: market phase=bleed | {'symbol': 'PIEVERSEUSDT', 'note': 'bleed:bq=-0.47,dir_eff=0.47'}
2026-07-26 13:10:10 | INFO | trading.strategy2_signal_filter:check:681 | S2 market phase | {'symbol': 'PIEVERSEUSDT', 'phase': 'bleed', 'note': 'bleed:bq=-0.47,dir_eff=0.44'}
2026-07-26 13:10:10 | DEBUG | trading.strategy2_signal_filter:check:691 | S2 skip: market phase=bleed | {'symbol': 'PIEVERSEUSDT', 'note': 'bleed:bq=-0.47,dir_eff=0.44'}
2026-07-26 13:10:10 | INFO | trading.strategy2_signal_filter:check:533 | S2 skip: approach>=block (G3, level exhausted) | {'symbol': 'DEXEUSDT', 'level': 3.636, 'approach_count': 9, 'block_threshold': 4}
2026-07-26 13:10:15 | INFO | trading.strategy2_signal_filter:check:681 | S2 market phase | {'symbol': 'PIEVERSEUSDT', 'phase': 'bleed', 'note': 'bleed:bq=-0.47,dir_eff=0.44'}
2026-07-26 13:10:15 | DEBUG | trading.strategy2_signal_filter:check:691 | S2 skip: market phase=bleed | {'symbol': 'PIEVERSEUSDT', 'note': 'bleed:bq=-0.47,dir_eff=0.44'}
2026-07-26 13:10:20 | INFO | trading.strategy2_signal_filter:check:681 | S2 market phase | {'symbol': 'PIEVERSEUSDT', 'phase': 'bleed', 'note': 'bleed:bq=-0.47,dir_eff=0.44'}
2026-07-26 13:10:20 | DEBUG | trading.strategy2_signal_filter:check:691 | S2 skip: market phase=bleed | {'symbol': 'PIEVERSEUSDT', 'note': 'bleed:bq=-0.47,dir_eff=0.44'}
2026-07-26 13:10:25 | INFO | trading.strategy2_signal_filter:check:681 | S2 market phase | {'symbol': 'PIEVERSEUSDT', 'phase': 'bleed', 'note': 'bleed:bq=-0.47,dir_eff=0.44'}
2026-07-26 13:10:25 | DEBUG | trading.strategy2_signal_filter:check:691 | S2 skip: market phase=bleed | {'symbol': 'PIEVERSEUSDT', 'note': 'bleed:bq=-0.47,dir_eff=0.44'}
2026-07-26 13:10:25 | INFO | trading.strategy2_signal_filter:check:533 | S2 skip: approach>=block (G3, level exhausted) | {'symbol': 'DEXEUSDT', 'level': 3.636, 'approach_count': 9, 'block_threshold': 4}
2026-07-26 13:10:30 | INFO | trading.strategy2_signal_filter:check:681 | S2 market phase | {'symbol': 'PIEVERSEUSDT', 'phase': 'bleed', 'note': 'bleed:bq=-0.47,dir_eff=0.44'}
2026-07-26 13:10:30 | DEBUG | trading.strategy2_signal_filter:check:691 | S2 skip: market phase=bleed | {'symbol': 'PIEVERSEUSDT', 'note': 'bleed:bq=-0.47,dir_eff=0.44'}
2026-07-26 13:10:36 | INFO | trading.strategy2_signal_filter:check:681 | S2 market phase | {'symbol': 'PIEVERSEUSDT', 'phase': 'bleed', 'note': 'bleed:bq=-0.47,dir_eff=0.43'}
2026-07-26 13:10:36 | DEBUG | trading.strategy2_signal_filter:check:691 | S2 skip: market phase=bleed | {'symbol': 'PIEVERSEUSDT', 'note': 'bleed:bq=-0.47,dir_eff=0.43'}
2026-07-26 13:10:41 | INFO | trading.strategy2_signal_filter:check:681 | S2 market phase | {'symbol': 'PIEVERSEUSDT', 'phase': 'bleed', 'note': 'bleed:bq=-0.47,dir_eff=0.43'}
2026-07-26 13:10:41 | DEBUG | trading.strategy2_signal_filter:check:691 | S2 skip: market phase=bleed | {'symbol': 'PIEVERSEUSDT', 'note': 'bleed:bq=-0.47,dir_eff=0.43'}
2026-07-26 13:10:41 | INFO | trading.strategy2_signal_filter:check:533 | S2 skip: approach>=block (G3, level exhausted) | {'symbol': 'DEXEUSDT', 'level': 3.636, 'approach_count': 10, 'block_threshold': 4}
2026-07-26 13:10:56 | INFO | trading.strategy2_signal_filter:check:533 | S2 skip: approach>=block (G3, level exhausted) | {'symbol': 'DEXEUSDT', 'level': 3.636, 'approach_count': 10, 'block_threshold': 4}
2026-07-26 13:11:12 | INFO | trading.strategy2_signal_filter:check:533 | S2 skip: approach>=block (G3, level exhausted) | {'symbol': 'DEXEUSDT', 'level': 3.636, 'approach_count': 10, 'block_threshold': 4}
2026-07-26 13:11:27 | INFO | trading.strategy2_signal_filter:check:533 | S2 skip: approach>=block (G3, level exhausted) | {'symbol': 'DEXEUSDT', 'level': 3.636, 'approach_count': 10, 'block_threshold': 4}
2026-07-26 13:11:43 | INFO | trading.strategy2_signal_filter:check:533 | S2 skip: approach>=block (G3, level exhausted) | {'symbol': 'DEXEUSDT', 'level': 3.636, 'approach_count': 10, 'block_threshold': 4}
2026-07-26 13:11:58 | INFO | trading.strategy2_signal_filter:check:533 | S2 skip: approach>=block (G3, level exhausted) | {'symbol': 'DEXEUSDT', 'level': 3.636, 'approach_count': 10, 'block_threshold': 4}
2026-07-26 13:12:14 | INFO | trading.strategy2_signal_filter:check:533 | S2 skip: approach>=block (G3, level exhausted) | {'symbol': 'DEXEUSDT', 'level': 3.636, 'approach_count': 10, 'block_threshold': 4}
2026-07-26 13:12:19 | INFO | trading.strategy2_signal_filter:check:681 | S2 market phase | {'symbol': 'PIEVERSEUSDT', 'phase': 'bleed', 'note': 'bleed:bq=-0.47,dir_eff=0.43'}
2026-07-26 13:12:19 | DEBUG | trading.strategy2_signal_filter:check:691 | S2 skip: market phase=bleed | {'symbol': 'PIEVERSEUSDT', 'note': 'bleed:bq=-0.47,dir_eff=0.43'}
2026-07-26 13:12:24 | INFO | trading.strategy2_signal_filter:check:681 | S2 market phase | {'symbol': 'PIEVERSEUSDT', 'phase': 'bleed', 'note': 'bleed:bq=-0.47,dir_eff=0.43'}
2026-07-26 13:12:24 | DEBUG | trading.strategy2_signal_filter:check:691 | S2 skip: market phase=bleed | {'symbol': 'PIEVERSEUSDT', 'note': 'bleed:bq=-0.47,dir_eff=0.43'}
2026-07-26 13:12:30 | INFO | trading.strategy2_signal_filter:check:681 | S2 market phase | {'symbol': 'PIEVERSEUSDT', 'phase': 'bleed', 'note': 'bleed:bq=-0.47,dir_eff=0.43'}
2026-07-26 13:12:30 | DEBUG | trading.strategy2_signal_filter:check:691 | S2 skip: market phase=bleed | {'symbol': 'PIEVERSEUSDT', 'note': 'bleed:bq=-0.47,dir_eff=0.43'}
2026-07-26 13:12:30 | INFO | trading.strategy2_signal_filter:check:533 | S2 skip: approach>=block (G3, level exhausted) | {'symbol': 'DEXEUSDT', 'level': 3.636, 'approach_count': 10, 'block_threshold': 4}
2026-07-26 13:12:45 | INFO | trading.strategy2_signal_filter:check:533 | S2 skip: approach>=block (G3, level exhausted) | {'symbol': 'DEXEUSDT', 'level': 3.636, 'approach_count': 10, 'block_threshold': 4}
2026-07-26 13:13:01 | INFO | trading.strategy2_signal_filter:check:533 | S2 skip: approach>=block (G3, level exhausted) | {'symbol': 'DEXEUSDT', 'level': 3.636, 'approach_count': 10, 'block_threshold': 4}
2026-07-26 13:13:06 | INFO | trading.strategy2_signal_filter:check:533 | S2 skip: approach>=block (G3, level exhausted) | {'symbol': 'EULUSDT', 'level': 2.4312, 'approach_count': 13, 'block_threshold': 4}
2026-07-26 13:13:11 | INFO | trading.strategy2_signal_filter:check:681 | S2 market phase | {'symbol': 'PIEVERSEUSDT', 'phase': 'bleed', 'note': 'bleed:bq=-0.47,dir_eff=0.43'}
2026-07-26 13:13:11 | DEBUG | trading.strategy2_signal_filter:check:691 | S2 skip: market phase=bleed | {'symbol': 'PIEVERSEUSDT', 'note': 'bleed:bq=-0.47,dir_eff=0.43'}
2026-07-26 13:13:16 | DEBUG | trading.strategy1_bounce:_try_open:48 | S1 skip: pump_base level | {'symbol': 'DEXEUSDT', 'level_type': 'pump_base'}
2026-07-26 13:13:16 | INFO | trading.strategy2_signal_filter:check:681 | S2 market phase | {'symbol': 'PIEVERSEUSDT', 'phase': 'bleed', 'note': 'bleed:bq=-0.47,dir_eff=0.43'}
2026-07-26 13:13:16 | DEBUG | trading.strategy2_signal_filter:check:691 | S2 skip: market phase=bleed | {'symbol': 'PIEVERSEUSDT', 'note': 'bleed:bq=-0.47,dir_eff=0.43'}
2026-07-26 13:13:16 | INFO | trading.strategy2_signal_filter:check:533 | S2 skip: approach>=block (G3, level exhausted) | {'symbol': 'DEXEUSDT', 'level': 3.636, 'approach_count': 10, 'block_threshold': 4}
2026-07-26 13:13:21 | INFO | trading.strategy2_signal_filter:check:533 | S2 skip: approach>=block (G3, level exhausted) | {'symbol': 'EULUSDT', 'level': 2.4312, 'approach_count': 13, 'block_threshold': 4}
2026-07-26 13:13:32 | INFO | trading.strategy2_signal_filter:check:533 | S2 skip: approach>=block (G3, level exhausted) | {'symbol': 'DEXEUSDT', 'level': 3.636, 'approach_count': 10, 'block_threshold': 4}
2026-07-26 13:13:37 | INFO | trading.strategy2_signal_filter:check:533 | S2 skip: approach>=block (G3, level exhausted) | {'symbol': 'EULUSDT', 'level': 2.4312, 'approach_count': 14, 'block_threshold': 4}
2026-07-26 13:13:47 | INFO | trading.strategy2_signal_filter:check:533 | S2 skip: approach>=block (G3, level exhausted) | {'symbol': 'DEXEUSDT', 'level': 3.636, 'approach_count': 11, 'block_threshold': 4}
2026-07-26 13:13:52 | INFO | trading.strategy2_signal_filter:check:533 | S2 skip: approach>=block (G3, level exhausted) | {'symbol': 'EULUSDT', 'level': 2.4312, 'approach_count': 14, 'block_threshold': 4}
2026-07-26 13:14:03 | INFO | trading.strategy2_signal_filter:check:533 | S2 skip: approach>=block (G3, level exhausted) | {'symbol': 'DEXEUSDT', 'level': 3.636, 'approach_count': 11, 'block_threshold': 4}
2026-07-26 13:14:08 | DEBUG | trading.strategy1_bounce:_try_open:48 | S1 skip: pump_base level | {'symbol': 'EULUSDT', 'level_type': 'pump_base'}
2026-07-26 13:14:08 | INFO | trading.strategy2_signal_filter:check:533 | S2 skip: approach>=block (G3, level exhausted) | {'symbol': 'EULUSDT', 'level': 2.4312, 'approach_count': 13, 'block_threshold': 4}
2026-07-26 13:14:08 | INFO | trading.strategy2_signal_filter:check:545 | S2: level marked dead, monitor will stop sending proximity | {'symbol': 'EULUSDT', 'level': 2.4312, 'approach_count': 13}
2026-07-26 13:14:18 | INFO | trading.strategy2_signal_filter:check:533 | S2 skip: approach>=block (G3, level exhausted) | {'symbol': 'DEXEUSDT', 'level': 3.636, 'approach_count': 10, 'block_threshold': 4}
2026-07-26 13:14:34 | INFO | trading.strategy2_signal_filter:check:533 | S2 skip: approach>=block (G3, level exhausted) | {'symbol': 'DEXEUSDT', 'level': 3.636, 'approach_count': 10, 'block_threshold': 4}
2026-07-26 13:14:50 | INFO | trading.strategy2_signal_filter:check:533 | S2 skip: approach>=block (G3, level exhausted) | {'symbol': 'DEXEUSDT', 'level': 3.636, 'approach_count': 10, 'block_threshold': 4}
2026-07-26 13:15:05 | INFO | trading.strategy2_signal_filter:check:533 | S2 skip: approach>=block (G3, level exhausted) | {'symbol': 'DEXEUSDT', 'level': 3.636, 'approach_count': 10, 'block_threshold': 4}
2026-07-26 13:15:16 | INFO | trading.strategy2_signal_filter:check:533 | S2 skip: approach>=block (G3, level exhausted) | {'symbol': 'EULUSDT', 'level': 2.3816, 'approach_count': 15, 'block_threshold': 4}
2026-07-26 13:15:16 | INFO | trading.strategy2_signal_filter:check:545 | S2: level marked dead, monitor will stop sending proximity | {'symbol': 'EULUSDT', 'level': 2.3816, 'approach_count': 15}
2026-07-26 13:15:16 | INFO | trading.strategy2_signal_filter:check:533 | S2 skip: approach>=block (G3, level exhausted) | {'symbol': 'EULUSDT', 'level': 2.3816, 'approach_count': 15, 'block_threshold': 4}
2026-07-26 13:15:21 | INFO | trading.strategy2_signal_filter:check:533 | S2 skip: approach>=block (G3, level exhausted) | {'symbol': 'DEXEUSDT', 'level': 3.636, 'approach_count': 10, 'block_threshold': 4}
2026-07-26 13:15:31 | INFO | trading.strategy2_signal_filter:check:533 | S2 skip: approach>=block (G3, level exhausted) | {'symbol': 'EULUSDT', 'level': 2.3816, 'approach_count': 16, 'block_threshold': 4}
2026-07-26 13:15:47 | INFO | trading.strategy2_signal_filter:check:533 | S2 skip: approach>=block (G3, level exhausted) | {'symbol': 'EULUSDT', 'level': 2.3816, 'approach_count': 16, 'block_threshold': 4}
2026-07-26 13:15:52 | INFO | trading.strategy2_signal_filter:check:533 | S2 skip: approach>=block (G3, level exhausted) | {'symbol': 'DEXEUSDT', 'level': 3.636, 'approach_count': 10, 'block_threshold': 4}
2026-07-26 13:16:07 | INFO | trading.strategy2_signal_filter:check:533 | S2 skip: approach>=block (G3, level exhausted) | {'symbol': 'DEXEUSDT', 'level': 3.636, 'approach_count': 10, 'block_threshold': 4}
2026-07-26 13:16:23 | INFO | trading.strategy2_signal_filter:check:533 | S2 skip: approach>=block (G3, level exhausted) | {'symbol': 'DEXEUSDT', 'level': 3.636, 'approach_count': 10, 'block_threshold': 4}
2026-07-26 13:16:38 | INFO | trading.strategy2_signal_filter:check:533 | S2 skip: approach>=block (G3, level exhausted) | {'symbol': 'DEXEUSDT', 'level': 3.636, 'approach_count': 10, 'block_threshold': 4}
2026-07-26 13:16:54 | DEBUG | trading.strategy1_bounce:_try_open:48 | S1 skip: pump_base level | {'symbol': 'PIEVERSEUSDT', 'level_type': 'pump_base'}
2026-07-26 13:16:54 | INFO | trading.strategy2_signal_filter:check:533 | S2 skip: approach>=block (G3, level exhausted) | {'symbol': 'DEXEUSDT', 'level': 3.636, 'approach_count': 10, 'block_threshold': 4}
2026-07-26 13:17:09 | INFO | trading.strategy2_signal_filter:check:533 | S2 skip: approach>=block (G3, level exhausted) | {'symbol': 'DEXEUSDT', 'level': 3.636, 'approach_count': 10, 'block_threshold': 4}
2026-07-26 13:17:25 | INFO | trading.strategy2_signal_filter:check:533 | S2 skip: approach>=block (G3, level exhausted) | {'symbol': 'DEXEUSDT', 'level': 3.636, 'approach_count': 10, 'block_threshold': 4}
2026-07-26 13:17:41 | INFO | trading.strategy2_signal_filter:check:533 | S2 skip: approach>=block (G3, level exhausted) | {'symbol': 'DEXEUSDT', 'level': 3.636, 'approach_count': 10, 'block_threshold': 4}
2026-07-26 13:17:56 | INFO | trading.strategy2_signal_filter:check:533 | S2 skip: approach>=block (G3, level exhausted) | {'symbol': 'DEXEUSDT', 'level': 3.636, 'approach_count': 10, 'block_threshold': 4}
2026-07-26 13:18:12 | INFO | trading.strategy2_signal_filter:check:533 | S2 skip: approach>=block (G3, level exhausted) | {'symbol': 'DEXEUSDT', 'level': 3.636, 'approach_count': 10, 'block_threshold': 4}
2026-07-26 13:18:27 | INFO | trading.strategy2_signal_filter:check:533 | S2 skip: approach>=block (G3, level exhausted) | {'symbol': 'DEXEUSDT', 'level': 3.636, 'approach_count': 10, 'block_threshold': 4}
2026-07-26 13:18:43 | INFO | trading.strategy2_signal_filter:check:533 | S2 skip: approach>=block (G3, level exhausted) | {'symbol': 'DEXEUSDT', 'level': 3.636, 'approach_count': 10, 'block_threshold': 4}
2026-07-26 13:18:58 | INFO | trading.strategy2_signal_filter:check:533 | S2 skip: approach>=block (G3, level exhausted) | {'symbol': 'DEXEUSDT', 'level': 3.636, 'approach_count': 10, 'block_threshold': 4}
2026-07-26 13:19:14 | INFO | trading.strategy2_signal_filter:check:533 | S2 skip: approach>=block (G3, level exhausted) | {'symbol': 'DEXEUSDT', 'level': 3.636, 'approach_count': 10, 'block_threshold': 4}
2026-07-26 13:19:29 | INFO | trading.strategy2_signal_filter:check:533 | S2 skip: approach>=block (G3, level exhausted) | {'symbol': 'DEXEUSDT', 'level': 3.636, 'approach_count': 10, 'block_threshold': 4}
2026-07-26 13:20:47 | DEBUG | trading.strategy1_bounce:_try_open:48 | S1 skip: pump_base level | {'symbol': 'DEXEUSDT', 'level_type': 'pump_base'}
2026-07-26 13:20:47 | DEBUG | trading.strategy1_bounce:_try_open:48 | S1 skip: pump_base level | {'symbol': 'DEXEUSDT', 'level_type': 'pump_base'}
2026-07-26 13:23:23 | INFO | trading.strategy2_signal_filter:check:533 | S2 skip: approach>=block (G3, level exhausted) | {'symbol': 'EULUSDT', 'level': 2.3816, 'approach_count': 16, 'block_threshold': 4}
2026-07-26 13:23:27 | INFO | trading.live_price_tracker:_save_post_exit_range:226 | live_post_exit_tracker saved | {'trade_id': 'f2863c6f-0e35-4680-b47b-64a952f469e6', 'high': 0.0031237, 'low': 0.0030554}
2026-07-26 13:26:55 | INFO | trading.strategy2_signal_filter:check:681 | S2 market phase | {'symbol': 'DIAUSDT', 'phase': 'drop_tradeable', 'note': 'drop_tradeable:bq=0.81'}
2026-07-26 13:26:55 | DEBUG | trading.strategy2_signal_filter:check:824 | S2 skip: price too far above level | {'symbol': 'DIAUSDT', 'current': 0.1366, 'level': 0.1339, 'diff_pct': 2.016, 'max_pct': 2.0}
2026-07-26 13:27:16 | INFO | trading.strategy2_signal_filter:check:681 | S2 market phase | {'symbol': 'DIAUSDT', 'phase': 'drop_tradeable', 'note': 'drop_tradeable:bq=0.81'}
2026-07-26 13:27:16 | INFO | trading.strategy2_signal_filter:check:988 | S2 signal passed all filters | {'symbol': 'DIAUSDT', 'level': 0.1339, 'level_type': 'pump_base', 'strength': 5, 'p_bounce': 0.902, 'sl': 0.13223061, 'tp1': 0.1351051, 'tp2': 0.13854286, 'rr': 0.72, 'phase': 'drop_tradeable', 'pos_struct_pct': 60.8, 'pos_local_pct': -1.5, 'struct_range': [0.0983, 0.1569], 'approach_speed_pct': -1.2328, 'red_candles_streak': 3, 'phase_streak_checks': 22, 'phase_streak_seconds': 1217.5, 'bleed_in_last_12': 0, 'seconds_since_bleed': None, 'phase_seq': 'dddddddddddd', 'hours_since_pump_peak': 3.7, 'vol_decay': 0.74, 'natr_now_pct': 4.64, 'natr_1m': 0.682, 'natr_5m': 2.502, 'natr_15m': 4.947, 'candle_staleness_sec': 16.2, 'bot_version': '2026-07-18.1'}
2026-07-26 13:27:16 | INFO | trading.strategy2_live:_open_grid:592 | S2Live: leverage clamped to symbol max | {'symbol': 'DIAUSDT', 'requested': 10, 'effective': 5}
2026-07-26 13:27:17 | INFO | trading.strategy2_live:_open_grid:784 | S2Live: SL order placed | {'trade_id': 'fa6bab6a-1e6d-435a-9228-49edb6f93c09', 'symbol': 'DIAUSDT', 'sl_order_id': 'aa086bce-2f67-46bc-9b9b-63ad22e4b49d', 'trigger': 0.13223, 'qty': 1495.0}
2026-07-26 13:27:18 | INFO | trading.strategy2_live:_open_grid:817 | S2Live grid opened | {'trade_id': 'fa6bab6a-1e6d-435a-9228-49edb6f93c09', 'symbol': 'DIAUSDT', 'orders': 2}
2026-07-26 13:27:18 | DEBUG | trading.strategy2_signal_filter:check:600 | S2 skip: already have open trade for symbol | {'symbol': 'DIAUSDT'}
2026-07-26 13:27:21 | DEBUG | trading.strategy2_signal_filter:check:600 | S2 skip: already have open trade for symbol | {'symbol': 'DIAUSDT'}
2026-07-26 13:27:26 | DEBUG | trading.strategy2_signal_filter:check:600 | S2 skip: already have open trade for symbol | {'symbol': 'DIAUSDT'}
2026-07-26 13:27:31 | DEBUG | trading.strategy2_signal_filter:check:600 | S2 skip: already have open trade for symbol | {'symbol': 'DIAUSDT'}
2026-07-26 13:27:31 | DEBUG | trading.strategy2_signal_filter:check:600 | S2 skip: already have open trade for symbol | {'symbol': 'DIAUSDT'}
2026-07-26 13:27:36 | DEBUG | trading.strategy2_signal_filter:check:600 | S2 skip: already have open trade for symbol | {'symbol': 'DIAUSDT'}
2026-07-26 13:27:42 | DEBUG | trading.strategy2_signal_filter:check:600 | S2 skip: already have open trade for symbol | {'symbol': 'DIAUSDT'}
2026-07-26 13:27:47 | DEBUG | trading.strategy2_signal_filter:check:600 | S2 skip: already have open trade for symbol | {'symbol': 'DIAUSDT'}
2026-07-26 13:27:47 | DEBUG | trading.strategy2_signal_filter:check:600 | S2 skip: already have open trade for symbol | {'symbol': 'DIAUSDT'}
2026-07-26 13:27:52 | DEBUG | trading.strategy2_signal_filter:check:600 | S2 skip: already have open trade for symbol | {'symbol': 'DIAUSDT'}
2026-07-26 13:27:57 | DEBUG | trading.strategy2_signal_filter:check:600 | S2 skip: already have open trade for symbol | {'symbol': 'DIAUSDT'}
2026-07-26 13:28:02 | DEBUG | trading.strategy2_signal_filter:check:600 | S2 skip: already have open trade for symbol | {'symbol': 'DIAUSDT'}
2026-07-26 13:28:02 | DEBUG | trading.strategy2_signal_filter:check:600 | S2 skip: already have open trade for symbol | {'symbol': 'DIAUSDT'}
2026-07-26 13:28:07 | DEBUG | trading.strategy2_signal_filter:check:600 | S2 skip: already have open trade for symbol | {'symbol': 'DIAUSDT'}
2026-07-26 13:28:13 | DEBUG | trading.strategy2_signal_filter:check:600 | S2 skip: already have open trade for symbol | {'symbol': 'DIAUSDT'}
2026-07-26 13:28:18 | DEBUG | trading.strategy2_signal_filter:check:600 | S2 skip: already have open trade for symbol | {'symbol': 'DIAUSDT'}
2026-07-26 13:28:18 | DEBUG | trading.strategy2_signal_filter:check:600 | S2 skip: already have open trade for symbol | {'symbol': 'DIAUSDT'}
2026-07-26 13:28:23 | DEBUG | trading.strategy2_signal_filter:check:600 | S2 skip: already have open trade for symbol | {'symbol': 'DIAUSDT'}
2026-07-26 13:28:28 | DEBUG | trading.strategy2_signal_filter:check:600 | S2 skip: already have open trade for symbol | {'symbol': 'DIAUSDT'}
2026-07-26 13:28:33 | DEBUG | trading.strategy2_signal_filter:check:600 | S2 skip: already have open trade for symbol | {'symbol': 'DIAUSDT'}
2026-07-26 13:28:33 | DEBUG | trading.strategy2_signal_filter:check:600 | S2 skip: already have open trade for symbol | {'symbol': 'DIAUSDT'}
2026-07-26 13:28:39 | DEBUG | trading.strategy2_signal_filter:check:600 | S2 skip: already have open trade for symbol | {'symbol': 'DIAUSDT'}
2026-07-26 13:28:44 | DEBUG | trading.strategy2_signal_filter:check:600 | S2 skip: already have open trade for symbol | {'symbol': 'DIAUSDT'}
2026-07-26 13:28:49 | DEBUG | trading.strategy2_signal_filter:check:600 | S2 skip: already have open trade for symbol | {'symbol': 'DIAUSDT'}
2026-07-26 13:28:49 | DEBUG | trading.strategy2_signal_filter:check:600 | S2 skip: already have open trade for symbol | {'symbol': 'DIAUSDT'}
2026-07-26 13:29:04 | DEBUG | trading.strategy2_signal_filter:check:600 | S2 skip: already have open trade for symbol | {'symbol': 'DIAUSDT'}
2026-07-26 13:29:20 | DEBUG | trading.strategy2_signal_filter:check:600 | S2 skip: already have open trade for symbol | {'symbol': 'DIAUSDT'}
2026-07-26 13:29:36 | DEBUG | trading.strategy2_signal_filter:check:600 | S2 skip: already have open trade for symbol | {'symbol': 'DIAUSDT'}
2026-07-26 13:29:51 | DEBUG | trading.strategy2_signal_filter:check:600 | S2 skip: already have open trade for symbol | {'symbol': 'DIAUSDT'}
2026-07-26 13:30:01 | DEBUG | trading.strategy1_bounce:_try_open:48 | S1 skip: pump_base level | {'symbol': 'DIAUSDT', 'level_type': 'pump_base'}
2026-07-26 13:30:01 | DEBUG | trading.strategy2_signal_filter:check:600 | S2 skip: already have open trade for symbol | {'symbol': 'DIAUSDT'}
2026-07-26 13:30:07 | DEBUG | trading.strategy1_bounce:_try_open:48 | S1 skip: pump_base level | {'symbol': 'DIAUSDT', 'level_type': 'pump_base'}
2026-07-26 13:30:07 | DEBUG | trading.strategy2_signal_filter:check:600 | S2 skip: already have open trade for symbol | {'symbol': 'DIAUSDT'}
2026-07-26 13:30:07 | DEBUG | trading.strategy2_signal_filter:check:600 | S2 skip: already have open trade for symbol | {'symbol': 'DIAUSDT'}
2026-07-26 13:30:12 | DEBUG | trading.strategy1_bounce:_try_open:48 | S1 skip: pump_base level | {'symbol': 'DIAUSDT', 'level_type': 'pump_base'}
2026-07-26 13:30:12 | DEBUG | trading.strategy2_signal_filter:check:600 | S2 skip: already have open trade for symbol | {'symbol': 'DIAUSDT'}
2026-07-26 13:30:22 | DEBUG | trading.strategy2_signal_filter:check:600 | S2 skip: already have open trade for symbol | {'symbol': 'DIAUSDT'}
2026-07-26 13:31:14 | DEBUG | trading.strategy2_signal_filter:check:600 | S2 skip: already have open trade for symbol | {'symbol': 'DIAUSDT'}
2026-07-26 13:31:14 | DEBUG | trading.strategy1_bounce:_try_open:48 | S1 skip: pump_base level | {'symbol': 'DIAUSDT', 'level_type': 'pump_base'}
2026-07-26 13:32:06 | DEBUG | trading.strategy2_signal_filter:check:563 | S2 skip: p_bounce below group floor | {'symbol': 'AKEUSDT', 'group': 'g1', 'p_bounce': 0.441, 'floor': 0.6, 'approach_count': 0, 'touches': 'unknown(no-count)'}
2026-07-26 13:32:42 | DEBUG | trading.strategy2_signal_filter:check:563 | S2 skip: p_bounce below group floor | {'symbol': 'AKEUSDT', 'group': 'g1', 'p_bounce': 0.441, 'floor': 0.6, 'approach_count': 0, 'touches': 0}
2026-07-26 13:32:42 | DEBUG | trading.strategy2_signal_filter:check:563 | S2 skip: p_bounce below group floor | {'symbol': 'AKEUSDT', 'group': 'g1', 'p_bounce': 0.441, 'floor': 0.6, 'approach_count': 0, 'touches': 'unknown(no-count)'}
2026-07-26 13:32:47 | DEBUG | trading.strategy2_signal_filter:check:563 | S2 skip: p_bounce below group floor | {'symbol': 'AKEUSDT', 'group': 'g1', 'p_bounce': 0.441, 'floor': 0.6, 'approach_count': 0, 'touches': 0}
2026-07-26 13:32:52 | DEBUG | trading.strategy2_signal_filter:check:563 | S2 skip: p_bounce below group floor | {'symbol': 'AKEUSDT', 'group': 'g1', 'p_bounce': 0.441, 'floor': 0.6, 'approach_count': 0, 'touches': 0}
2026-07-26 13:32:58 | DEBUG | trading.strategy2_signal_filter:check:563 | S2 skip: p_bounce below group floor | {'symbol': 'AKEUSDT', 'group': 'g1', 'p_bounce': 0.441, 'floor': 0.6, 'approach_count': 0, 'touches': 0}
2026-07-26 13:32:58 | DEBUG | trading.strategy2_signal_filter:check:563 | S2 skip: p_bounce below group floor | {'symbol': 'AKEUSDT', 'group': 'g1', 'p_bounce': 0.441, 'floor': 0.6, 'approach_count': 0, 'touches': 'unknown(no-count)'}
2026-07-26 13:33:03 | DEBUG | trading.strategy2_signal_filter:check:563 | S2 skip: p_bounce below group floor | {'symbol': 'AKEUSDT', 'group': 'g1', 'p_bounce': 0.441, 'floor': 0.6, 'approach_count': 0, 'touches': 0}
2026-07-26 13:33:08 | DEBUG | trading.strategy2_signal_filter:check:563 | S2 skip: p_bounce below group floor | {'symbol': 'AKEUSDT', 'group': 'g1', 'p_bounce': 0.441, 'floor': 0.6, 'approach_count': 0, 'touches': 0}
2026-07-26 13:33:13 | DEBUG | trading.strategy2_signal_filter:check:563 | S2 skip: p_bounce below group floor | {'symbol': 'AKEUSDT', 'group': 'g1', 'p_bounce': 0.441, 'floor': 0.6, 'approach_count': 0, 'touches': 0}
2026-07-26 13:33:13 | DEBUG | trading.strategy2_signal_filter:check:563 | S2 skip: p_bounce below group floor | {'symbol': 'AKEUSDT', 'group': 'g1', 'p_bounce': 0.441, 'floor': 0.6, 'approach_count': 0, 'touches': 'unknown(no-count)'}
2026-07-26 13:33:18 | DEBUG | trading.strategy2_signal_filter:check:563 | S2 skip: p_bounce below group floor | {'symbol': 'AKEUSDT', 'group': 'g1', 'p_bounce': 0.441, 'floor': 0.6, 'approach_count': 0, 'touches': 0}
2026-07-26 13:33:23 | DEBUG | trading.strategy2_signal_filter:check:563 | S2 skip: p_bounce below group floor | {'symbol': 'AKEUSDT', 'group': 'g1', 'p_bounce': 0.441, 'floor': 0.6, 'approach_count': 0, 'touches': 0}
2026-07-26 13:33:29 | DEBUG | trading.strategy2_signal_filter:check:563 | S2 skip: p_bounce below group floor | {'symbol': 'AKEUSDT', 'group': 'g1', 'p_bounce': 0.441, 'floor': 0.6, 'approach_count': 0, 'touches': 0}
2026-07-26 13:33:29 | DEBUG | trading.strategy2_signal_filter:check:563 | S2 skip: p_bounce below group floor | {'symbol': 'AKEUSDT', 'group': 'g1', 'p_bounce': 0.441, 'floor': 0.6, 'approach_count': 0, 'touches': 'unknown(no-count)'}
2026-07-26 13:33:34 | DEBUG | trading.strategy2_signal_filter:check:563 | S2 skip: p_bounce below group floor | {'symbol': 'AKEUSDT', 'group': 'g1', 'p_bounce': 0.441, 'floor': 0.6, 'approach_count': 0, 'touches': 0}
2026-07-26 13:33:39 | DEBUG | trading.strategy2_signal_filter:check:563 | S2 skip: p_bounce below group floor | {'symbol': 'AKEUSDT', 'group': 'g1', 'p_bounce': 0.441, 'floor': 0.6, 'approach_count': 0, 'touches': 0}
2026-07-26 13:33:44 | DEBUG | trading.strategy2_signal_filter:check:563 | S2 skip: p_bounce below group floor | {'symbol': 'AKEUSDT', 'group': 'g1', 'p_bounce': 0.441, 'floor': 0.6, 'approach_count': 0, 'touches': 0}
2026-07-26 13:33:44 | DEBUG | trading.strategy2_signal_filter:check:563 | S2 skip: p_bounce below group floor | {'symbol': 'AKEUSDT', 'group': 'g1', 'p_bounce': 0.441, 'floor': 0.6, 'approach_count': 0, 'touches': 'unknown(no-count)'}
2026-07-26 13:33:49 | DEBUG | trading.strategy2_signal_filter:check:563 | S2 skip: p_bounce below group floor | {'symbol': 'AKEUSDT', 'group': 'g1', 'p_bounce': 0.441, 'floor': 0.6, 'approach_count': 0, 'touches': 0}
2026-07-26 13:33:54 | DEBUG | trading.strategy2_signal_filter:check:563 | S2 skip: p_bounce below group floor | {'symbol': 'AKEUSDT', 'group': 'g1', 'p_bounce': 0.441, 'floor': 0.6, 'approach_count': 0, 'touches': 0}
2026-07-26 13:34:00 | DEBUG | trading.strategy2_signal_filter:check:563 | S2 skip: p_bounce below group floor | {'symbol': 'AKEUSDT', 'group': 'g1', 'p_bounce': 0.441, 'floor': 0.6, 'approach_count': 0, 'touches': 0}
2026-07-26 13:34:00 | DEBUG | trading.strategy2_signal_filter:check:563 | S2 skip: p_bounce below group floor | {'symbol': 'AKEUSDT', 'group': 'g1', 'p_bounce': 0.441, 'floor': 0.6, 'approach_count': 0, 'touches': 'unknown(no-count)'}
2026-07-26 13:38:11 | INFO | trading.strategy2_live:_sync_grid_fills:1629 | S2Live: grid order filled | {'trade_id': 'fa6bab6a-1e6d-435a-9228-49edb6f93c09', 'symbol': 'DIAUSDT', 'index': 1, 'fill_price': 0.1347}
2026-07-26 13:38:11 | INFO | trading.strategy2_live:_recalculate_params:2191 | S2Live: params recalculated | {'trade_id': 'fa6bab6a-1e6d-435a-9228-49edb6f93c09', 'sl': 0.13223061, 'tp1': 0.1351051, 'tp2': 0.13854286, 'full_grid_tp': None, 'fill_count': 1}
2026-07-26 13:38:14 | INFO | trading.strategy2_live:_partial_close_tp1:2347 | S2Live: partial TP1 — 50% closed, trailing remainder | {'trade_id': 'fa6bab6a-1e6d-435a-9228-49edb6f93c09', 'symbol': 'DIAUSDT', 'closed_qty': 371.0, 'remainder': 371.0, 'order_id': '00dff7fa-ad3c-454e-bd48-6cefa1495fd3'}
2026-07-26 13:38:14 | INFO | trading.strategy2_live:_check_tp_trailing:2436 | S2Live: TP1 hit — trailing activated | {'trade_id': 'fa6bab6a-1e6d-435a-9228-49edb6f93c09', 'symbol': 'DIAUSDT', 'peak': 0.1364, 'trailing_stop': 0.13547143}
2026-07-26 13:38:19 | DEBUG | trading.strategy2_live:_check_tp_trailing:2454 | S2Live: trailing peak updated | {'trade_id': 'fa6bab6a-1e6d-435a-9228-49edb6f93c09', 'new_peak': 0.1365, 't_stop': 0.13557143}
2026-07-26 13:40:08 | DEBUG | trading.strategy2_live:_check_tp_trailing:2454 | S2Live: trailing peak updated | {'trade_id': 'fa6bab6a-1e6d-435a-9228-49edb6f93c09', 'new_peak': 0.1367, 't_stop': 0.13577143}
2026-07-26 13:42:07 | DEBUG | trading.strategy2_live:_check_tp_trailing:2454 | S2Live: trailing peak updated | {'trade_id': 'fa6bab6a-1e6d-435a-9228-49edb6f93c09', 'new_peak': 0.1369, 't_stop': 0.13597143}
2026-07-26 13:42:17 | DEBUG | trading.strategy2_live:_check_tp_trailing:2454 | S2Live: trailing peak updated | {'trade_id': 'fa6bab6a-1e6d-435a-9228-49edb6f93c09', 'new_peak': 0.1375, 't_stop': 0.13657143}
2026-07-26 13:42:32 | DEBUG | trading.strategy2_live:_check_tp_trailing:2454 | S2Live: trailing peak updated | {'trade_id': 'fa6bab6a-1e6d-435a-9228-49edb6f93c09', 'new_peak': 0.1378, 't_stop': 0.13687143}
2026-07-26 13:42:53 | DEBUG | trading.strategy2_live:_check_tp_trailing:2454 | S2Live: trailing peak updated | {'trade_id': 'fa6bab6a-1e6d-435a-9228-49edb6f93c09', 'new_peak': 0.1381, 't_stop': 0.13717143}
2026-07-26 13:44:26 | INFO | trading.strategy2_live:_check_tp_trailing:2461 | S2Live: trailing stop hit | {'trade_id': 'fa6bab6a-1e6d-435a-9228-49edb6f93c09', 'symbol': 'DIAUSDT', 'trailing_stop': 0.13717143, 'current_price': 0.1368}
2026-07-26 13:44:28 | INFO | trading.strategy2_live:_limit_then_market_sell:909 | S2Live[H1]: limit close placed | {'trade_id': 'fa6bab6a-1e6d-435a-9228-49edb6f93c09', 'symbol': 'DIAUSDT', 'attempt': 1, 'price': 0.13672, 'qty': 371.0, 'reason': 'trailing_stop'}
2026-07-26 13:44:30 | WARNING | trading.bybit_client:cancel_order:247 | bybit cancel_order unexpected response | {'symbol': 'DIAUSDT', 'order_id': 'b972f7bf-6630-42f7-b808-ecf6698557d5', 'resp': {'retCode': 110001, 'retMsg': 'order not exists or too late to cancel', 'result': {}, 'retExtInfo': {}, 'time': 1785073470227}}
2026-07-26 13:44:32 | WARNING | trading.strategy2_live:_realized_pnl_from_executions:1888 | S2Live: buy/sell qty mismatch on close — PnL booked on matched qty only, remainder left for reconcile | {'trade_id': 'fa6bab6a-1e6d-435a-9228-49edb6f93c09', 'symbol': 'DIAUSDT', 'buy_qty': 742.0, 'sell_qty': 371.0, 'matched_qty': 371.0}
2026-07-26 13:44:33 | DEBUG | trading.live_price_tracker:track_post_exit_price:74 | live_post_exit_tracker started | {'trade_id': 'fa6bab6a-1e6d-435a-9228-49edb6f93c09', 'symbol': 'DIAUSDT', 'exit_time': 1785073472.9749403, 'deadline': 1785075272.9749403}
2026-07-26 13:45:39 | DEBUG | trading.strategy2_signal_filter:check:563 | S2 skip: p_bounce below group floor | {'symbol': 'AKEUSDT', 'group': 'g1', 'p_bounce': 0.441, 'floor': 0.6, 'approach_count': 1, 'touches': 'unknown(no-count)'}
2026-07-26 13:47:28 | DEBUG | trading.strategy2_signal_filter:check:563 | S2 skip: p_bounce below group floor | {'symbol': 'AKEUSDT', 'group': 'g1', 'p_bounce': 0.441, 'floor': 0.6, 'approach_count': 1, 'touches': 'unknown(no-count)'}
2026-07-26 13:47:38 | DEBUG | trading.strategy2_signal_filter:check:563 | S2 skip: p_bounce below group floor | {'symbol': 'AKEUSDT', 'group': 'g1', 'p_bounce': 0.441, 'floor': 0.6, 'approach_count': 1, 'touches': 0}
2026-07-26 13:47:43 | DEBUG | trading.strategy2_signal_filter:check:563 | S2 skip: p_bounce below group floor | {'symbol': 'AKEUSDT', 'group': 'g1', 'p_bounce': 0.441, 'floor': 0.6, 'approach_count': 1, 'touches': 0}
2026-07-26 13:47:43 | DEBUG | trading.strategy2_signal_filter:check:563 | S2 skip: p_bounce below group floor | {'symbol': 'AKEUSDT', 'group': 'g1', 'p_bounce': 0.441, 'floor': 0.6, 'approach_count': 1, 'touches': 'unknown(no-count)'}
2026-07-26 13:47:48 | DEBUG | trading.strategy2_signal_filter:check:563 | S2 skip: p_bounce below group floor | {'symbol': 'AKEUSDT', 'group': 'g1', 'p_bounce': 0.441, 'floor': 0.6, 'approach_count': 1, 'touches': 0}
2026-07-26 13:47:53 | DEBUG | trading.strategy2_signal_filter:check:563 | S2 skip: p_bounce below group floor | {'symbol': 'AKEUSDT', 'group': 'g1', 'p_bounce': 0.441, 'floor': 0.6, 'approach_count': 1, 'touches': 0}
2026-07-26 13:47:59 | DEBUG | trading.strategy2_signal_filter:check:563 | S2 skip: p_bounce below group floor | {'symbol': 'AKEUSDT', 'group': 'g1', 'p_bounce': 0.441, 'floor': 0.6, 'approach_count': 1, 'touches': 0}
2026-07-26 13:47:59 | DEBUG | trading.strategy2_signal_filter:check:563 | S2 skip: p_bounce below group floor | {'symbol': 'AKEUSDT', 'group': 'g1', 'p_bounce': 0.441, 'floor': 0.6, 'approach_count': 1, 'touches': 'unknown(no-count)'}
2026-07-26 13:48:04 | DEBUG | trading.strategy2_signal_filter:check:563 | S2 skip: p_bounce below group floor | {'symbol': 'AKEUSDT', 'group': 'g1', 'p_bounce': 0.441, 'floor': 0.6, 'approach_count': 1, 'touches': 0}
2026-07-26 13:48:09 | DEBUG | trading.strategy2_signal_filter:check:563 | S2 skip: p_bounce below group floor | {'symbol': 'AKEUSDT', 'group': 'g1', 'p_bounce': 0.441, 'floor': 0.6, 'approach_count': 1, 'touches': 0}
2026-07-26 13:48:14 | DEBUG | trading.strategy2_signal_filter:check:563 | S2 skip: p_bounce below group floor | {'symbol': 'AKEUSDT', 'group': 'g1', 'p_bounce': 0.441, 'floor': 0.6, 'approach_count': 1, 'touches': 0}
2026-07-26 13:48:14 | DEBUG | trading.strategy2_signal_filter:check:563 | S2 skip: p_bounce below group floor | {'symbol': 'AKEUSDT', 'group': 'g1', 'p_bounce': 0.441, 'floor': 0.6, 'approach_count': 0, 'touches': 'unknown(no-count)'}
2026-07-26 13:48:19 | DEBUG | trading.strategy2_signal_filter:check:563 | S2 skip: p_bounce below group floor | {'symbol': 'AKEUSDT', 'group': 'g1', 'p_bounce': 0.441, 'floor': 0.6, 'approach_count': 1, 'touches': 0}
2026-07-26 13:48:25 | DEBUG | trading.strategy2_signal_filter:check:563 | S2 skip: p_bounce below group floor | {'symbol': 'AKEUSDT', 'group': 'g1', 'p_bounce': 0.441, 'floor': 0.6, 'approach_count': 1, 'touches': 0}
2026-07-26 13:48:30 | DEBUG | trading.strategy2_signal_filter:check:563 | S2 skip: p_bounce below group floor | {'symbol': 'AKEUSDT', 'group': 'g1', 'p_bounce': 0.441, 'floor': 0.6, 'approach_count': 1, 'touches': 0}
2026-07-26 13:48:30 | DEBUG | trading.strategy2_signal_filter:check:563 | S2 skip: p_bounce below group floor | {'symbol': 'AKEUSDT', 'group': 'g1', 'p_bounce': 0.441, 'floor': 0.6, 'approach_count': 1, 'touches': 'unknown(no-count)'}
2026-07-26 13:48:35 | DEBUG | trading.strategy2_signal_filter:check:563 | S2 skip: p_bounce below group floor | {'symbol': 'AKEUSDT', 'group': 'g1', 'p_bounce': 0.441, 'floor': 0.6, 'approach_count': 1, 'touches': 0}
2026-07-26 13:48:40 | DEBUG | trading.strategy2_signal_filter:check:563 | S2 skip: p_bounce below group floor | {'symbol': 'AKEUSDT', 'group': 'g1', 'p_bounce': 0.441, 'floor': 0.6, 'approach_count': 1, 'touches': 0}
2026-07-26 13:48:46 | DEBUG | trading.strategy2_signal_filter:check:563 | S2 skip: p_bounce below group floor | {'symbol': 'AKEUSDT', 'group': 'g1', 'p_bounce': 0.441, 'floor': 0.6, 'approach_count': 1, 'touches': 0}
2026-07-26 13:48:46 | DEBUG | trading.strategy2_signal_filter:check:563 | S2 skip: p_bounce below group floor | {'symbol': 'AKEUSDT', 'group': 'g1', 'p_bounce': 0.441, 'floor': 0.6, 'approach_count': 1, 'touches': 'unknown(no-count)'}
2026-07-26 13:48:51 | DEBUG | trading.strategy2_signal_filter:check:563 | S2 skip: p_bounce below group floor | {'symbol': 'AKEUSDT', 'group': 'g1', 'p_bounce': 0.441, 'floor': 0.6, 'approach_count': 1, 'touches': 0}
2026-07-26 13:48:56 | DEBUG | trading.strategy2_signal_filter:check:563 | S2 skip: p_bounce below group floor | {'symbol': 'AKEUSDT', 'group': 'g1', 'p_bounce': 0.441, 'floor': 0.6, 'approach_count': 1, 'touches': 0}
2026-07-26 13:49:01 | DEBUG | trading.strategy2_signal_filter:check:563 | S2 skip: p_bounce below group floor | {'symbol': 'AKEUSDT', 'group': 'g1', 'p_bounce': 0.441, 'floor': 0.6, 'approach_count': 1, 'touches': 0}
2026-07-26 13:49:01 | DEBUG | trading.strategy2_signal_filter:check:563 | S2 skip: p_bounce below group floor | {'symbol': 'AKEUSDT', 'group': 'g1', 'p_bounce': 0.441, 'floor': 0.6, 'approach_count': 1, 'touches': 'unknown(no-count)'}
2026-07-26 13:49:06 | DEBUG | trading.strategy2_signal_filter:check:563 | S2 skip: p_bounce below group floor | {'symbol': 'AKEUSDT', 'group': 'g1', 'p_bounce': 0.441, 'floor': 0.6, 'approach_count': 1, 'touches': 0}
2026-07-26 13:49:12 | DEBUG | trading.strategy2_signal_filter:check:563 | S2 skip: p_bounce below group floor | {'symbol': 'AKEUSDT', 'group': 'g1', 'p_bounce': 0.441, 'floor': 0.6, 'approach_count': 1, 'touches': 0}
2026-07-26 13:49:17 | DEBUG | trading.strategy2_signal_filter:check:563 | S2 skip: p_bounce below group floor | {'symbol': 'AKEUSDT', 'group': 'g1', 'p_bounce': 0.441, 'floor': 0.6, 'approach_count': 1, 'touches': 0}
2026-07-26 13:49:17 | DEBUG | trading.strategy2_signal_filter:check:563 | S2 skip: p_bounce below group floor | {'symbol': 'AKEUSDT', 'group': 'g1', 'p_bounce': 0.441, 'floor': 0.6, 'approach_count': 0, 'touches': 'unknown(no-count)'}
2026-07-26 13:49:22 | DEBUG | trading.strategy2_signal_filter:check:563 | S2 skip: p_bounce below group floor | {'symbol': 'AKEUSDT', 'group': 'g1', 'p_bounce': 0.441, 'floor': 0.6, 'approach_count': 1, 'touches': 0}
2026-07-26 13:49:27 | DEBUG | trading.strategy2_signal_filter:check:563 | S2 skip: p_bounce below group floor | {'symbol': 'AKEUSDT', 'group': 'g1', 'p_bounce': 0.441, 'floor': 0.6, 'approach_count': 1, 'touches': 0}
2026-07-26 13:49:32 | DEBUG | trading.strategy2_signal_filter:check:563 | S2 skip: p_bounce below group floor | {'symbol': 'AKEUSDT', 'group': 'g1', 'p_bounce': 0.441, 'floor': 0.6, 'approach_count': 1, 'touches': 0}
2026-07-26 13:49:32 | DEBUG | trading.strategy2_signal_filter:check:563 | S2 skip: p_bounce below group floor | {'symbol': 'AKEUSDT', 'group': 'g1', 'p_bounce': 0.441, 'floor': 0.6, 'approach_count': 0, 'touches': 'unknown(no-count)'}
2026-07-26 13:49:37 | DEBUG | trading.strategy2_signal_filter:check:563 | S2 skip: p_bounce below group floor | {'symbol': 'AKEUSDT', 'group': 'g1', 'p_bounce': 0.441, 'floor': 0.6, 'approach_count': 1, 'touches': 0}
2026-07-26 13:49:43 | DEBUG | trading.strategy2_signal_filter:check:563 | S2 skip: p_bounce below group floor | {'symbol': 'AKEUSDT', 'group': 'g1', 'p_bounce': 0.441, 'floor': 0.6, 'approach_count': 1, 'touches': 0}
2026-07-26 13:49:48 | DEBUG | trading.strategy2_signal_filter:check:563 | S2 skip: p_bounce below group floor | {'symbol': 'AKEUSDT', 'group': 'g1', 'p_bounce': 0.441, 'floor': 0.6, 'approach_count': 1, 'touches': 'unknown(no-count)'}
2026-07-26 13:49:58 | DEBUG | trading.strategy2_signal_filter:check:563 | S2 skip: p_bounce below group floor | {'symbol': 'AKEUSDT', 'group': 'g1', 'p_bounce': 0.441, 'floor': 0.6, 'approach_count': 1, 'touches': 0}
2026-07-26 13:50:03 | DEBUG | trading.strategy2_signal_filter:check:563 | S2 skip: p_bounce below group floor | {'symbol': 'AKEUSDT', 'group': 'g1', 'p_bounce': 0.441, 'floor': 0.6, 'approach_count': 1, 'touches': 0}
2026-07-26 13:50:03 | DEBUG | trading.strategy2_signal_filter:check:563 | S2 skip: p_bounce below group floor | {'symbol': 'AKEUSDT', 'group': 'g1', 'p_bounce': 0.441, 'floor': 0.6, 'approach_count': 1, 'touches': 'unknown(no-count)'}
2026-07-26 13:50:08 | DEBUG | trading.strategy2_signal_filter:check:563 | S2 skip: p_bounce below group floor | {'symbol': 'AKEUSDT', 'group': 'g1', 'p_bounce': 0.441, 'floor': 0.6, 'approach_count': 1, 'touches': 0}
2026-07-26 13:50:14 | DEBUG | trading.strategy2_signal_filter:check:563 | S2 skip: p_bounce below group floor | {'symbol': 'AKEUSDT', 'group': 'g1', 'p_bounce': 0.441, 'floor': 0.6, 'approach_count': 1, 'touches': 0}
2026-07-26 13:50:19 | DEBUG | trading.strategy2_signal_filter:check:563 | S2 skip: p_bounce below group floor | {'symbol': 'AKEUSDT', 'group': 'g1', 'p_bounce': 0.441, 'floor': 0.6, 'approach_count': 1, 'touches': 0}
2026-07-26 13:50:19 | DEBUG | trading.strategy2_signal_filter:check:563 | S2 skip: p_bounce below group floor | {'symbol': 'AKEUSDT', 'group': 'g1', 'p_bounce': 0.441, 'floor': 0.6, 'approach_count': 0, 'touches': 'unknown(no-count)'}
2026-07-26 13:50:24 | DEBUG | trading.strategy2_signal_filter:check:563 | S2 skip: p_bounce below group floor | {'symbol': 'AKEUSDT', 'group': 'g1', 'p_bounce': 0.441, 'floor': 0.6, 'approach_count': 1, 'touches': 0}
2026-07-26 13:50:29 | DEBUG | trading.strategy2_signal_filter:check:563 | S2 skip: p_bounce below group floor | {'symbol': 'AKEUSDT', 'group': 'g1', 'p_bounce': 0.441, 'floor': 0.6, 'approach_count': 1, 'touches': 0}
2026-07-26 13:50:34 | DEBUG | trading.strategy2_signal_filter:check:563 | S2 skip: p_bounce below group floor | {'symbol': 'AKEUSDT', 'group': 'g1', 'p_bounce': 0.441, 'floor': 0.6, 'approach_count': 1, 'touches': 0}
2026-07-26 13:50:34 | DEBUG | trading.strategy2_signal_filter:check:563 | S2 skip: p_bounce below group floor | {'symbol': 'AKEUSDT', 'group': 'g1', 'p_bounce': 0.441, 'floor': 0.6, 'approach_count': 0, 'touches': 'unknown(no-count)'}
2026-07-26 13:50:39 | DEBUG | trading.strategy2_signal_filter:check:563 | S2 skip: p_bounce below group floor | {'symbol': 'AKEUSDT', 'group': 'g1', 'p_bounce': 0.441, 'floor': 0.6, 'approach_count': 1, 'touches': 0}
2026-07-26 13:50:45 | DEBUG | trading.strategy2_signal_filter:check:563 | S2 skip: p_bounce below group floor | {'symbol': 'AKEUSDT', 'group': 'g1', 'p_bounce': 0.441, 'floor': 0.6, 'approach_count': 1, 'touches': 0}
2026-07-26 13:50:50 | DEBUG | trading.strategy2_signal_filter:check:563 | S2 skip: p_bounce below group floor | {'symbol': 'AKEUSDT', 'group': 'g1', 'p_bounce': 0.441, 'floor': 0.6, 'approach_count': 1, 'touches': 0}
2026-07-26 13:50:50 | DEBUG | trading.strategy2_signal_filter:check:563 | S2 skip: p_bounce below group floor | {'symbol': 'AKEUSDT', 'group': 'g1', 'p_bounce': 0.441, 'floor': 0.6, 'approach_count': 1, 'touches': 'unknown(no-count)'}
2026-07-26 13:50:55 | DEBUG | trading.strategy2_signal_filter:check:563 | S2 skip: p_bounce below group floor | {'symbol': 'AKEUSDT', 'group': 'g1', 'p_bounce': 0.441, 'floor': 0.6, 'approach_count': 1, 'touches': 0}
2026-07-26 13:51:00 | DEBUG | trading.strategy2_signal_filter:check:563 | S2 skip: p_bounce below group floor | {'symbol': 'AKEUSDT', 'group': 'g1', 'p_bounce': 0.441, 'floor': 0.6, 'approach_count': 1, 'touches': 0}
2026-07-26 13:51:05 | DEBUG | trading.strategy2_signal_filter:check:563 | S2 skip: p_bounce below group floor | {'symbol': 'AKEUSDT', 'group': 'g1', 'p_bounce': 0.441, 'floor': 0.6, 'approach_count': 1, 'touches': 0}
2026-07-26 13:51:05 | DEBUG | trading.strategy2_signal_filter:check:563 | S2 skip: p_bounce below group floor | {'symbol': 'AKEUSDT', 'group': 'g1', 'p_bounce': 0.441, 'floor': 0.6, 'approach_count': 1, 'touches': 'unknown(no-count)'}
2026-07-26 13:51:11 | DEBUG | trading.strategy2_signal_filter:check:563 | S2 skip: p_bounce below group floor | {'symbol': 'AKEUSDT', 'group': 'g1', 'p_bounce': 0.441, 'floor': 0.6, 'approach_count': 1, 'touches': 0}
2026-07-26 13:51:16 | DEBUG | trading.strategy2_signal_filter:check:563 | S2 skip: p_bounce below group floor | {'symbol': 'AKEUSDT', 'group': 'g1', 'p_bounce': 0.441, 'floor': 0.6, 'approach_count': 1, 'touches': 0}
2026-07-26 13:51:21 | DEBUG | trading.strategy2_signal_filter:check:563 | S2 skip: p_bounce below group floor | {'symbol': 'AKEUSDT', 'group': 'g1', 'p_bounce': 0.441, 'floor': 0.6, 'approach_count': 1, 'touches': 0}
2026-07-26 13:51:21 | DEBUG | trading.strategy2_signal_filter:check:563 | S2 skip: p_bounce below group floor | {'symbol': 'AKEUSDT', 'group': 'g1', 'p_bounce': 0.441, 'floor': 0.6, 'approach_count': 0, 'touches': 'unknown(no-count)'}
2026-07-26 13:51:26 | DEBUG | trading.strategy2_signal_filter:check:563 | S2 skip: p_bounce below group floor | {'symbol': 'AKEUSDT', 'group': 'g1', 'p_bounce': 0.441, 'floor': 0.6, 'approach_count': 1, 'touches': 0}
2026-07-26 13:51:31 | DEBUG | trading.strategy2_signal_filter:check:563 | S2 skip: p_bounce below group floor | {'symbol': 'AKEUSDT', 'group': 'g1', 'p_bounce': 0.441, 'floor': 0.6, 'approach_count': 1, 'touches': 0}
2026-07-26 13:51:36 | DEBUG | trading.strategy2_signal_filter:check:563 | S2 skip: p_bounce below group floor | {'symbol': 'AKEUSDT', 'group': 'g1', 'p_bounce': 0.441, 'floor': 0.6, 'approach_count': 1, 'touches': 0}
2026-07-26 13:51:36 | DEBUG | trading.strategy2_signal_filter:check:563 | S2 skip: p_bounce below group floor | {'symbol': 'AKEUSDT', 'group': 'g1', 'p_bounce': 0.441, 'floor': 0.6, 'approach_count': 0, 'touches': 'unknown(no-count)'}
2026-07-26 13:51:42 | DEBUG | trading.strategy2_signal_filter:check:563 | S2 skip: p_bounce below group floor | {'symbol': 'AKEUSDT', 'group': 'g1', 'p_bounce': 0.441, 'floor': 0.6, 'approach_count': 1, 'touches': 0}
2026-07-26 13:51:47 | DEBUG | trading.strategy2_signal_filter:check:563 | S2 skip: p_bounce below group floor | {'symbol': 'AKEUSDT', 'group': 'g1', 'p_bounce': 0.441, 'floor': 0.6, 'approach_count': 1, 'touches': 0}
2026-07-26 13:51:52 | DEBUG | trading.strategy2_signal_filter:check:563 | S2 skip: p_bounce below group floor | {'symbol': 'AKEUSDT', 'group': 'g1', 'p_bounce': 0.441, 'floor': 0.6, 'approach_count': 1, 'touches': 0}
2026-07-26 13:51:52 | DEBUG | trading.strategy2_signal_filter:check:563 | S2 skip: p_bounce below group floor | {'symbol': 'AKEUSDT', 'group': 'g1', 'p_bounce': 0.441, 'floor': 0.6, 'approach_count': 1, 'touches': 'unknown(no-count)'}
2026-07-26 13:51:57 | DEBUG | trading.strategy2_signal_filter:check:563 | S2 skip: p_bounce below group floor | {'symbol': 'AKEUSDT', 'group': 'g1', 'p_bounce': 0.441, 'floor': 0.6, 'approach_count': 1, 'touches': 0}
2026-07-26 13:52:02 | DEBUG | trading.strategy2_signal_filter:check:563 | S2 skip: p_bounce below group floor | {'symbol': 'AKEUSDT', 'group': 'g1', 'p_bounce': 0.441, 'floor': 0.6, 'approach_count': 1, 'touches': 0}
2026-07-26 13:52:08 | DEBUG | trading.strategy2_signal_filter:check:563 | S2 skip: p_bounce below group floor | {'symbol': 'AKEUSDT', 'group': 'g1', 'p_bounce': 0.441, 'floor': 0.6, 'approach_count': 1, 'touches': 0}
2026-07-26 13:52:08 | DEBUG | trading.strategy2_signal_filter:check:563 | S2 skip: p_bounce below group floor | {'symbol': 'AKEUSDT', 'group': 'g1', 'p_bounce': 0.441, 'floor': 0.6, 'approach_count': 0, 'touches': 'unknown(no-count)'}
2026-07-26 13:52:13 | DEBUG | trading.strategy2_signal_filter:check:563 | S2 skip: p_bounce below group floor | {'symbol': 'AKEUSDT', 'group': 'g1', 'p_bounce': 0.441, 'floor': 0.6, 'approach_count': 1, 'touches': 0}
2026-07-26 13:52:18 | DEBUG | trading.strategy2_signal_filter:check:563 | S2 skip: p_bounce below group floor | {'symbol': 'AKEUSDT', 'group': 'g1', 'p_bounce': 0.441, 'floor': 0.6, 'approach_count': 1, 'touches': 0}
2026-07-26 13:52:23 | DEBUG | trading.strategy2_signal_filter:check:563 | S2 skip: p_bounce below group floor | {'symbol': 'AKEUSDT', 'group': 'g1', 'p_bounce': 0.441, 'floor': 0.6, 'approach_count': 1, 'touches': 0}
2026-07-26 13:52:23 | DEBUG | trading.strategy2_signal_filter:check:563 | S2 skip: p_bounce below group floor | {'symbol': 'AKEUSDT', 'group': 'g1', 'p_bounce': 0.441, 'floor': 0.6, 'approach_count': 0, 'touches': 'unknown(no-count)'}
2026-07-26 13:52:28 | DEBUG | trading.strategy2_signal_filter:check:563 | S2 skip: p_bounce below group floor | {'symbol': 'AKEUSDT', 'group': 'g1', 'p_bounce': 0.441, 'floor': 0.6, 'approach_count': 1, 'touches': 0}
2026-07-26 13:52:33 | DEBUG | trading.strategy2_signal_filter:check:563 | S2 skip: p_bounce below group floor | {'symbol': 'AKEUSDT', 'group': 'g1', 'p_bounce': 0.441, 'floor': 0.6, 'approach_count': 1, 'touches': 0}
2026-07-26 13:52:39 | DEBUG | trading.strategy2_signal_filter:check:563 | S2 skip: p_bounce below group floor | {'symbol': 'AKEUSDT', 'group': 'g1', 'p_bounce': 0.441, 'floor': 0.6, 'approach_count': 1, 'touches': 0}
2026-07-26 13:52:39 | DEBUG | trading.strategy2_signal_filter:check:563 | S2 skip: p_bounce below group floor | {'symbol': 'AKEUSDT', 'group': 'g1', 'p_bounce': 0.441, 'floor': 0.6, 'approach_count': 1, 'touches': 'unknown(no-count)'}
2026-07-26 13:52:44 | DEBUG | trading.strategy2_signal_filter:check:563 | S2 skip: p_bounce below group floor | {'symbol': 'AKEUSDT', 'group': 'g1', 'p_bounce': 0.441, 'floor': 0.6, 'approach_count': 1, 'touches': 0}
2026-07-26 13:52:49 | DEBUG | trading.strategy2_signal_filter:check:563 | S2 skip: p_bounce below group floor | {'symbol': 'AKEUSDT', 'group': 'g1', 'p_bounce': 0.441, 'floor': 0.6, 'approach_count': 1, 'touches': 0}
2026-07-26 13:52:54 | DEBUG | trading.strategy2_signal_filter:check:563 | S2 skip: p_bounce below group floor | {'symbol': 'AKEUSDT', 'group': 'g1', 'p_bounce': 0.441, 'floor': 0.6, 'approach_count': 1, 'touches': 0}
2026-07-26 13:52:54 | DEBUG | trading.strategy2_signal_filter:check:563 | S2 skip: p_bounce below group floor | {'symbol': 'AKEUSDT', 'group': 'g1', 'p_bounce': 0.441, 'floor': 0.6, 'approach_count': 1, 'touches': 'unknown(no-count)'}
2026-07-26 13:52:59 | DEBUG | trading.strategy2_signal_filter:check:563 | S2 skip: p_bounce below group floor | {'symbol': 'AKEUSDT', 'group': 'g1', 'p_bounce': 0.441, 'floor': 0.6, 'approach_count': 1, 'touches': 0}
2026-07-26 13:53:05 | DEBUG | trading.strategy2_signal_filter:check:563 | S2 skip: p_bounce below group floor | {'symbol': 'AKEUSDT', 'group': 'g1', 'p_bounce': 0.441, 'floor': 0.6, 'approach_count': 1, 'touches': 0}
2026-07-26 13:53:10 | DEBUG | trading.strategy2_signal_filter:check:563 | S2 skip: p_bounce below group floor | {'symbol': 'AKEUSDT', 'group': 'g1', 'p_bounce': 0.441, 'floor': 0.6, 'approach_count': 1, 'touches': 0}
2026-07-26 13:53:10 | DEBUG | trading.strategy2_signal_filter:check:563 | S2 skip: p_bounce below group floor | {'symbol': 'AKEUSDT', 'group': 'g1', 'p_bounce': 0.441, 'floor': 0.6, 'approach_count': 0, 'touches': 'unknown(no-count)'}
2026-07-26 13:53:15 | DEBUG | trading.strategy2_signal_filter:check:563 | S2 skip: p_bounce below group floor | {'symbol': 'AKEUSDT', 'group': 'g1', 'p_bounce': 0.441, 'floor': 0.6, 'approach_count': 1, 'touches': 0}
2026-07-26 13:53:20 | DEBUG | trading.strategy2_signal_filter:check:563 | S2 skip: p_bounce below group floor | {'symbol': 'AKEUSDT', 'group': 'g1', 'p_bounce': 0.441, 'floor': 0.6, 'approach_count': 1, 'touches': 0}
2026-07-26 13:53:25 | DEBUG | trading.strategy2_signal_filter:check:563 | S2 skip: p_bounce below group floor | {'symbol': 'AKEUSDT', 'group': 'g1', 'p_bounce': 0.441, 'floor': 0.6, 'approach_count': 1, 'touches': 0}
2026-07-26 13:53:25 | DEBUG | trading.strategy2_signal_filter:check:563 | S2 skip: p_bounce below group floor | {'symbol': 'AKEUSDT', 'group': 'g1', 'p_bounce': 0.441, 'floor': 0.6, 'approach_count': 1, 'touches': 'unknown(no-count)'}
2026-07-26 13:53:30 | DEBUG | trading.strategy2_signal_filter:check:563 | S2 skip: p_bounce below group floor | {'symbol': 'AKEUSDT', 'group': 'g1', 'p_bounce': 0.441, 'floor': 0.6, 'approach_count': 1, 'touches': 0}
2026-07-26 13:53:36 | DEBUG | trading.strategy2_signal_filter:check:563 | S2 skip: p_bounce below group floor | {'symbol': 'AKEUSDT', 'group': 'g1', 'p_bounce': 0.441, 'floor': 0.6, 'approach_count': 1, 'touches': 0}
2026-07-26 13:53:41 | DEBUG | trading.strategy2_signal_filter:check:563 | S2 skip: p_bounce below group floor | {'symbol': 'AKEUSDT', 'group': 'g1', 'p_bounce': 0.441, 'floor': 0.6, 'approach_count': 1, 'touches': 0}
2026-07-26 13:53:41 | DEBUG | trading.strategy2_signal_filter:check:563 | S2 skip: p_bounce below group floor | {'symbol': 'AKEUSDT', 'group': 'g1', 'p_bounce': 0.441, 'floor': 0.6, 'approach_count': 1, 'touches': 'unknown(no-count)'}
2026-07-26 13:53:46 | DEBUG | trading.strategy2_signal_filter:check:563 | S2 skip: p_bounce below group floor | {'symbol': 'AKEUSDT', 'group': 'g1', 'p_bounce': 0.441, 'floor': 0.6, 'approach_count': 1, 'touches': 0}
2026-07-26 13:53:51 | DEBUG | trading.strategy2_signal_filter:check:563 | S2 skip: p_bounce below group floor | {'symbol': 'AKEUSDT', 'group': 'g1', 'p_bounce': 0.441, 'floor': 0.6, 'approach_count': 1, 'touches': 0}
2026-07-26 13:53:56 | DEBUG | trading.strategy2_signal_filter:check:563 | S2 skip: p_bounce below group floor | {'symbol': 'AKEUSDT', 'group': 'g1', 'p_bounce': 0.441, 'floor': 0.6, 'approach_count': 1, 'touches': 0}
2026-07-26 13:53:56 | DEBUG | trading.strategy2_signal_filter:check:563 | S2 skip: p_bounce below group floor | {'symbol': 'AKEUSDT', 'group': 'g1', 'p_bounce': 0.441, 'floor': 0.6, 'approach_count': 1, 'touches': 'unknown(no-count)'}
2026-07-26 13:54:01 | DEBUG | trading.strategy2_signal_filter:check:563 | S2 skip: p_bounce below group floor | {'symbol': 'AKEUSDT', 'group': 'g1', 'p_bounce': 0.441, 'floor': 0.6, 'approach_count': 1, 'touches': 0}
2026-07-26 13:54:07 | DEBUG | trading.strategy2_signal_filter:check:563 | S2 skip: p_bounce below group floor | {'symbol': 'AKEUSDT', 'group': 'g1', 'p_bounce': 0.441, 'floor': 0.6, 'approach_count': 1, 'touches': 0}
